Frame,Home_13_x,Home_13_y,Home_1209_x,Home_1209_y,Home_3197_x,Home_3197_y,Home_4275_x,Home_4275_y,Home_11031_x,Home_11031_y,Home_11032_x,Home_11032_y,Home_11033_x,Home_11033_y,Home_11034_x,Home_11034_y,Home_11035_x,Home_11035_y,Home_15849_x,Home_15849_y,ball_x,ball_y,Period,Time [s]
0,32.01871068418082,-0.29130977554925236,23.162790858002708,6.6012494595728715,28.869110283766172,17.517226157390255,33.343930275197806,4.7188158107874765,37.13605442176871,-7.142857142857147,35.40544217687076,-1.4285714285714333,37.42448979591837,5.714285714285719,35.40544217687076,11.285714285714286,36.70340136054422,18.999999999999996,35.56316617227525,7.653986689373421,25.573330357773237,16.602925903303287,1,0.0
1,31.904613247335853,-0.3446926558862637,22.866037235192252,6.487896683985657,28.872008868950385,17.720788202119426,33.10699820463691,4.798851439287351,36.98862465020251,-7.110762023648419,35.34652799264874,-1.3728245589086188,37.22022850361843,5.741897747354428,35.2529856012136,11.444783411537422,36.52635124978599,19.26324261531599,35.6043124455557,7.617286395398227,25.643204541557026,15.956921415952102,1,0.05
2,31.779073304714316,-0.3982839003338927,22.568397636048225,6.376122060880764,28.859340704970503,17.91805095838846,32.87413808551469,4.871168000490207,36.83679001046177,-7.084582481159917,35.28191250775932,-1.3203861927166105,37.01487188781319,5.761216653404655,35.0968619972946,11.596697469015767,36.34782412885097,19.51547135090047,35.63566754588302,7.581462749606629,25.711257052020592,15.327758758811163,1,0.1
3,31.642316104919153,-0.4521830958103797,22.26990126858162,6.265834316785508,28.8314035336079,18.109115264260474,32.64517329733531,4.9359334443051,36.6806046464374,-7.064222041437952,35.21169719093345,-1.2711970047155932,36.808438751319734,5.77238407383873,34.93711697581177,11.74158473784784,36.16782162453058,19.75687683439986,35.65738379314008,7.546505194535166,25.7774878891639,14.715437931880507,1,0.15000000000000002
4,31.49456689655352,-0.506489829233912,21.970577340803466,6.156942178227128,28.788495096643864,18.294081957798596,32.41992721960312,4.993315720641051,36.5201227020205,-7.049584230528967,35.13598351090218,-1.2251976696258042,36.60094789695535,5.77554165005899,34.77379614746345,11.879573497732148,35.986345363616216,19.98764969346053,35.669613507209775,7.512403172720343,25.84189705298695,14.119958935160115,1,0.2
5,31.336050928220573,-0.5613036875227445,21.670455060724706,6.0493543717329,28.73091313585967,18.47305187706594,32.1982232318224,5.043482779407153,36.35539832110191,-7.040572574479304,35.05487293639646,-1.1823288621674342,36.392418127537205,5.770831023467776,34.60694512294768,12.010792028367243,35.80339697289921,20.20798055572888,35.672509007974895,7.479146126698745,25.90448454348975,13.54132176865002,1,0.25
6,31.166993448523332,-0.6167242575950741,21.36956363635634,5.942979623830091,28.658955393036592,18.646125860125636,31.97988471349742,5.0866025705124365,36.18648564757271,-7.037090599335324,34.96846693614739,-1.1425312570606627,36.18286824588251,5.758393835467435,34.43660951296273,12.135368609451634,35.618978079171,20.41806004885128,35.66622261531827,7.446723499006882,25.96525036067232,12.97952643235017,1,0.30000000000000004
7,30.987619706064958,-0.6728511263691459,21.06793227570946,5.837726661045989,28.572919609955964,18.813404745040827,31.764735044132422,5.122843043865963,36.01343882532386,-7.039041831143469,34.87686697888589,-1.105745529025718,35.972317054808556,5.738371727460281,34.26283492820676,12.253431520683831,35.433090309223026,20.618078800474162,35.6509066491228,7.415124732181289,26.02419450453465,12.434572926260607,1,0.35000000000000003
8,30.798154949448545,-0.729783880763152,20.765590186794924,5.7335042099078315,28.473103528399076,18.97498936987462,31.552597603231703,5.152372149376764,35.8363119982463,-7.046329795950045,34.78017453334308,-1.0719123527827998,35.76078335713245,5.710906340848687,34.085666979377955,12.365109041762402,35.245735289846614,20.808227438243893,35.62671342927135,7.384339268758499,26.08131697507671,11.906461250381327,1,0.4
9,30.59882442727718,-0.7876221076953427,20.462566577623804,5.630220996942915,28.35980489014722,19.13098057269012,31.343295770299516,5.1753578369539275,35.65515931023104,-7.0588580198014865,34.67849106824987,-1.0409724030521168,35.548285955671446,5.676139317034967,33.90515127717448,12.470529452385819,35.05691464783318,20.988696589806885,35.59379527564666,7.354356551275072,26.136617772298525,11.395191404712303,1,0.45
10,30.38985338815397,-0.8464653940839051,20.158890656207113,5.527785748678523,28.233321436981665,19.281479191550506,31.136652924840146,5.191968056506482,35.47003490516905,-7.076530028744117,34.57191805233732,-1.01286635455382,35.3348436532427,5.634212297421474,33.721333432294514,12.569821032252657,34.86663000997408,21.159676882809507,35.55230450813167,7.325166022267513,26.190096896200103,10.900763389253557,1,0.5
11,30.171467080681985,-0.9064133268470794,19.854591630555817,5.426107191641886,28.093950910683787,19.42658606451886,30.93249244635794,5.202370757943478,35.280992926951335,-7.099249348824383,34.46055695433641,-0.9875348820081765,35.120475252663454,5.585266923410533,33.534259055436266,12.663112061061412,34.67488300306076,21.321358944898176,35.50239344660923,7.296757124272368,26.241754346781406,10.423177204005084,1,0.55
12,29.94389075346434,-0.9675654929030967,19.549698708680907,5.325094052360284,27.94199105303486,19.566402029658317,30.73063771435704,5.2067338911739975,35.08808751946884,-7.126919506088583,34.344509242978155,-0.9649186601353713,34.90519955675093,5.529444836404495,33.343973757297896,12.750530818510619,34.48167525388462,21.47393340371927,35.44421441096212,7.269119299826185,26.2915901240425,9.962432848966888,1,0.6000000000000001
13,29.707349655104245,-1.030021479170168,19.244241098593378,5.2246550573610016,27.77773960581606,19.701027925032008,30.53091210834182,5.205225406107056,34.89137282661257,-7.159444026583136,34.22387638699363,-0.9449583636555988,34.689035368322365,5.466887677805698,33.15052314857756,12.832205584298796,34.28700838923702,21.617590886919174,35.37791972107327,7.242241991465475,26.339604227983322,9.51853032413897,1,0.65
14,29.462069034204614,-1.093880872566505,18.938248008304285,5.124698933171298,27.60149431080886,19.83056458870305,30.333139007816513,5.198013252651716,34.690902992273465,-7.196726436354446,34.098759855113734,-0.9275946672890535,34.4720014901949,5.39773708901646,32.95395283997347,12.908264638124477,34.09088403590933,21.752522022144284,35.303661696825515,7.216114641726799,26.38579665860392,9.091469629521338,1,0.7000000000000001
15,29.208274139368676,-1.1592432600103382,18.63174864582455,5.025134406318442,27.41355290979447,19.955112858734594,30.13714179228543,5.185265380717039,34.48673216034254,-7.238670261448826,33.96926111606962,-0.9127682457559493,34.254116725185774,5.322134711439144,32.75430844218385,12.978836259686188,33.89330382069301,21.87891743704104,35.22159265810164,7.190726693146694,26.43016741590423,8.681250765113953,1,0.75
16,28.94619021919951,-1.226208228419884,18.324772219165197,4.925870203329698,27.21421314455416,20.07477357318972,29.94274384125284,5.167149740212068,34.27891447471078,-7.285179027912711,33.8354816385922,-0.9004197737765048,34.03539987611222,5.240222186476082,32.55163556590681,13.044048728682432,33.694269370379395,21.99696775925575,35.13186492478457,7.166067588261661,26.472716499884314,8.287873730916848,1,0.8
17,28.676042522300186,-1.2948753647133537,18.01734793633719,4.826815050732368,27.003772756869264,20.189647570131584,29.74976853422297,5.14383428104587,34.06750407926915,-7.336156261792464,33.69752289141248,-0.8904899260708761,33.815869745791346,5.152141155529613,32.34597982184058,13.104030324811765,33.49378231175992,22.106863616434868,35.03463081675703,7.142126769608276,26.51344391054413,7.911338526930027,1,0.8500000000000001
18,28.39805629727384,-1.3653442558089928,17.709505005351637,4.727877675053684,26.78252948852112,20.299835687623304,29.55803925070009,5.115486953127486,33.85255511790863,-7.391505489134446,33.55548634326152,-0.8829193773593298,33.59554513704049,5.058033260002073,32.137386820683325,13.158909327772687,33.291844271626,22.208795636224767,34.93004265390206,7.1188936797230475,26.55234964788373,7.551645153153477,1,0.9
19,28.112456792723524,-1.4377144886250024,17.40127263421944,4.628966802820928,26.550781081290932,20.40543876372803,29.367379370188544,5.08227570636597,33.6341217345202,-7.451130235985037,33.40947346287032,-0.877648802361993,33.37444485267678,4.958040141295806,31.925902173133192,13.208814017263741,33.08845687676891,22.30295444627184,34.81825275610238,7.096357761142539,26.589433711903062,7.208793609587189,1,0.9500000000000001
20,27.81946925725245,-1.512085650079614,17.092680030951577,4.529991160561365,26.3088252769601,20.506557636508838,29.177612272192558,5.04436849067038,33.412258072994824,-7.514934028390621,33.25958571896986,-0.8746188757991232,33.15258769551742,4.8523034408131345,31.711571489888385,13.25387267298344,32.88362175398017,22.3895306742225,34.69941344324077,7.074508456403259,26.624696102602165,6.882783896231171,1,1.0
21,27.519318939463563,-1.5885573270910431,16.783756403559117,4.430859474802288,26.05695981730983,20.60329314402889,28.988561336216442,5.0019332559497665,33.18701827722354,-7.582820392397576,33.10592458029113,-0.8737702723909243,32.929992468379716,4.740964799956427,31.494440381647138,13.294213574630332,32.67734053005113,22.4687149477231,34.573677035200255,7.053335208041755,26.65813681998098,6.573616013085433,1,1.05
22,27.21223108796008,-1.6672291065775116,16.474530960052988,4.33148047207093,25.795482444121404,20.695746124351302,28.800049941764417,4.955137952113182,32.958456491097245,-7.654692854052289,32.94859151556526,-0.8750436668575813,32.706677974080755,4.624165860127994,31.274554459107566,13.329965001902927,32.46961483177317,22.540697894420063,34.44119585186357,7.03282745859457,26.68975586403956,6.281289960149975,1,1.1
23,26.89843095134511,-1.7482005754572398,16.165032908444275,4.231762878894599,25.524690899176246,20.784017415539196,28.611901468340868,4.904150529069671,32.72662685850698,-7.730454939401113,32.787687993523114,-0.8783797339192887,32.48266301543782,4.502048262730206,31.051959332967847,13.361255234499724,32.260446285937654,22.605670141959777,34.302122213113634,7.012974650598217,26.71955323477793,6.0058057374247875,1,1.1500000000000001
24,26.578143778221662,-1.8315713206484587,15.855291456743878,4.13161542180051,25.24488292425562,20.86820785565569,28.423939295449955,4.849138936728288,32.49158352334368,-7.810010174490454,32.62331548289589,-0.8837191482962603,32.25796639526803,4.37475364916535,30.826700613926228,13.388212552119287,32.04983651933607,22.663822317988622,34.15660843883321,6.993766226589259,26.747528932196037,5.747163344909871,1,1.2000000000000002
25,26.25159481719291,-1.9174409290693557,15.545335812962845,4.030946827316002,24.956356261140698,20.948418282763924,28.235986802595978,4.790271124998101,32.25338062949839,-7.893262085366665,32.455575452414365,-0.8910025847086908,32.03260691638874,4.242423660835816,30.598823912680825,13.410965234460114,31.83778715875972,22.715345050153005,34.00480684890517,6.975191629104206,26.77368295629386,5.505362782605235,1,1.25
26,25.919009316861906,-2.005908987638195,15.235195185112195,3.929665821968301,24.65940865161287,21.024749534927015,28.047867369283214,4.727715043788165,32.012072320861996,-7.980114198076136,32.28456937080967,-0.9001707178767938,31.80660338161698,4.105199939143921,30.36837483992984,13.429641561220759,31.62429983100003,22.760428966099315,33.84686976321241,6.9572403006796275,26.79801530707149,5.280404050510868,1,1.3
27,25.580612525831803,-2.0970750832731695,14.924898781202849,3.8276811322846904,24.354337837453464,21.097302450208105,27.859404375015966,4.661638643007503,31.767712741325543,-8.070470038665256,32.110398706812866,-0.9111642225207786,31.579974593770096,3.963224125492,30.135399006371472,13.44436981209971,31.409376162848446,22.799264693473948,33.682949501637715,6.939901683852034,26.82052598452882,5.072287148626772,1,1.35
28,25.236629692705687,-2.191038802892504,14.614475809245883,3.724901484792432,24.041441560443726,21.166177866670292,27.670421199298524,4.592209872565186,31.520356034780026,-8.164233133180362,31.93316492915494,-0.9239237733608393,31.352739355665268,3.8166378612824006,29.8999420227039,13.455278266795535,31.193017781096245,22.83204285992329,33.51319838406403,6.923165221157955,26.84121498866592,4.881012076952957,1,1.4000000000000001
29,24.887286066086638,-2.2878997334144198,14.303955477252252,3.62123560601878,23.72101756236497,21.2314766223767,27.480741221635082,4.51959668237026,31.270056345116384,-8.261307007667895,31.752969506566814,-0.9383900451171564,31.124916470119665,3.6655827879174674,29.662049499625255,13.462495205006725,30.97522631253495,22.858954093093743,33.33776873037412,6.907020355133955,26.860082319482796,4.706578835489412,1,1.4500000000000002
30,24.53280689457778,-2.3877574617571384,13.993366993232977,3.5165922224910378,23.39336358499847,21.29329955539049,27.290187821529983,4.443967022331797,31.01686781622559,-8.361595188174178,31.569913907779565,-0.954503712509958,30.896524739950554,3.5102005467995228,29.4217670478338,13.466148906431819,30.756003383955846,22.880189020631676,33.1568128604508,6.89145652831655,26.877127976979384,4.548987424236119,1,1.5
31,24.1734174267822,-2.490711574838891,13.682739565199014,3.4108800607364658,23.058777370125533,21.351747503774746,27.098584378487487,4.3654888423588245,30.760844591998634,-8.465001200745611,31.384099601524248,-0.9722054502594676,30.667582967975047,3.3506327793309074,29.17914027802765,13.466367650769353,30.535350622150396,22.89593827018351,32.97048309417706,6.876463183242269,26.892351961155764,4.408237843193134,1,1.55
32,23.809342911303027,-2.5968616595779066,13.372102401161408,3.304007847282339,22.717556659527506,21.406921305592626,26.90575427201185,4.28433009236041,30.502040816326527,-8.571428571428566,31.195628056531778,-0.9914359330858363,30.43810995701043,3.187021126913981,28.934214800904996,13.463279717717814,30.31326965390997,22.906392469395616,32.77893175143561,6.862029762447657,26.90575427201185,4.28433009236041,1,1.6
33,23.440808596743295,-2.7063073028923643,13.0614847091311,3.1958843086558737,22.36999919498561,21.458921798907234,26.711520881607374,4.200658722245601,30.24051063310021,-8.68078082626942,31.004600741533242,-1.0121358357092876,30.20812450987386,3.0195072309510524,28.687036227164075,13.457013386975776,30.089762106025955,22.91174224591441,32.58231115210935,6.848145708469253,26.194693646745673,3.7216705894166786,1,1.6500000000000001
34,23.068039731706172,-2.819148091700514,12.75091569711913,3.0864181713844165,22.01640271828116,21.507849821781708,26.51570758677833,4.114642681923463,29.976308186210677,-8.792961491314546,30.811119125259598,-1.0342458328500355,29.977645429382605,2.8482327328444903,28.437650167503,13.44769693824172,29.864829605289696,22.912178227386253,32.380773616081086,6.83480046384361,25.49256113695364,3.166075869469537,1,1.7000000000000002
35,22.691261564794743,-2.935483612920581,12.440424573136518,2.97551816199519,21.657064971195478,21.55380621227917,26.318137767028972,4.026449921303018,29.709487619548916,-8.907874092610337,30.61528467644191,-1.0577065992282837,29.746691518353856,2.673339273996597,28.186102232619962,13.435458651214205,29.638473778492692,22.907891041457592,32.17447146323374,6.821983471107227,24.79935674263577,2.617545932519014,1,1.75
36,22.310699344612125,-3.0554134534707864,12.130040545194188,2.8630930070154914,21.292283695509894,21.59689180846274,26.118634801863593,3.936248390293344,29.440103077005894,-9.02542215620317,30.41719886381116,-1.0824588095642078,29.51528157960478,2.4949684958097524,27.93243803321316,13.420426805591742,29.41069625242633,22.899071315774755,31.963557013450146,6.8096841727966755,24.115080463792136,2.076080778565095,1,1.8
37,21.92657831976141,-3.179037200269323,11.81979282130321,2.7490514329725633,20.92235663300565,21.63720744839554,25.91702207078651,3.8442060388034838,29.16820870247263,-9.145509208139396,30.21696315609831,-1.108443138578046,29.283434415952637,2.3132620396862693,27.67670317998078,13.40272968107286,29.181498653881878,22.88590967798416,31.74818258661316,6.797892011448451,23.439732300422712,1.5416804076077808,1,1.85
38,21.53912373884564,-3.306454440234426,11.509710609474528,2.6333021663936695,20.547581525464036,21.674853970140717,25.71312295330185,3.750490816742517,28.89385863983999,-9.268038774465424,30.014679022034432,-1.135600260989973,29.051168830214575,2.1283615470284922,27.418943283620987,13.382495557356075,28.95088260965086,22.868596755732213,31.52850050260551,6.786596429599121,22.773312252527464,1.0143448196470657,1,1.9000000000000001
39,21.148560850467987,-3.43776476028434,11.19982311771917,2.515753933806119,20.16825611466639,21.70993221176137,25.506760828914057,3.655270674019443,28.61710703299908,-9.392914381227616,29.810447930350605,-1.163870851520203,28.818503625207857,1.940408659238763,27.15920395483203,13.359852714139931,28.71884974652461,22.847323176665313,31.304663081310224,6.775786869785208,22.115820320106426,0.49407401468296,1,1.9500000000000002
40,20.75511490323158,-3.5730677473372627,10.890159554048108,2.3963154617371414,19.784678142393986,21.74254301132062,25.29775907712736,3.5587135605433615,28.338008025840846,-9.520039554472353,29.604371349777683,-1.1931955848889544,28.585457603749695,1.7495450177194032,26.897530804311995,13.334929431122927,28.485401691294527,22.822279568429817,31.076822642610043,6.76545277454325,21.467256503159547,-0.019132007284565586,1,2.0
41,20.3590111457394,-3.71246298831141,10.580749126472348,2.2748954767140424,19.39714535042806,21.772787206881638,25.08594107744598,3.4609874262233,28.056615762256214,-9.649317820246017,29.396550749046792,-1.2235151358163978,28.352049568657236,1.5559122638727974,26.63396944275907,13.30785398800361,28.250540070752002,22.793656558672126,30.8451315063878,6.75558358640979,20.827620801686898,-0.5252732462554723,1,2.0500000000000003
42,19.960474826594663,-3.8560500701250175,10.271621043002881,2.151402705264071,19.00595548055007,21.800765636507503,24.87113020937423,3.3622602209683286,27.772984386136237,-9.780652704594969,29.187087596888908,-1.2547701790227421,28.118298322747748,1.3596520391012232,26.368565480871503,13.278754664480502,28.01426651168844,22.761644775038683,30.609741992526413,6.746168747921381,20.19691321568845,-1.0243497022297845,1,2.1
43,19.55973119440042,-4.003928579696307,9.96280451165077,2.0257458739144933,18.611406274541217,21.82657913826135,24.653149852416334,3.2626998946874703,27.48716804137187,-9.913947733565621,28.976083362035023,-1.2869013892282206,27.884222668838383,1.160905984807066,26.101364529347464,13.2477597402521,27.776582640895214,22.7264348451758,30.370806420908664,6.737197701614497,19.575133745164123,-1.5163613752074874,1,2.15
44,19.157005497759783,-4.156198103943474,9.654328740426887,1.8978337091925928,18.213795474182746,21.850328550206317,24.431823386076665,3.162474397289811,27.199220871853996,-10.0491064332043,28.763639513216184,-1.3198494411530035,27.649841409746386,0.9598157423926517,25.832412198885063,13.214997495016977,27.537490085163743,22.688217396729943,30.128477111417475,6.728659890025745,18.962282390114062,-2.001308265188581,1,2.2
45,18.75252298527583,-4.312958229784758,9.346222937342306,1.7675749376256202,17.813420821256017,21.87211471040552,24.206974189859466,3.0617516786843826,26.909197021473755,-10.186032329557417,28.549857519163396,-1.3535550095173048,27.415173348288988,0.7565229532602925,25.561754100182526,13.180596208473618,27.296990471285415,22.647183057347462,29.882906383935637,6.720544755691609,18.358359150538163,-2.4791903721730755,1,2.25
46,18.346508905551723,-4.474308544138394,9.038516310408063,1.6348782857408595,17.41058005754232,21.892038456922084,23.978425643268928,2.960699688780269,26.617150634122005,-10.324628948671327,28.334838848607614,-1.3879587690413189,27.180237287283337,0.551169258812368,25.289435843938065,13.144684160320576,27.055085426051594,22.60352245467477,29.634246558346003,6.712841741148654,17.76336402643649,-2.9500076961609705,1,2.3000000000000003
47,17.9391885071905,-4.640348633922585,8.731238067635093,1.4996524800655757,17.005570924822948,21.910200627819137,23.746001125809443,2.859486377486471,26.32313585368984,-10.464799816592455,28.11868497027997,-1.423001394445279,26.945052029546705,0.3438963004512047,25.01550304084983,13.107389630256352,26.81177657625372,22.55742621635824,29.382649954531455,6.705540288933408,17.17729701780901,-3.413760237152261,1,2.35
48,17.530787038795268,-4.811178086055543,8.424417417034398,1.361806247127039,16.598691164879163,21.92670206115981,23.50952401698521,2.7582796947120816,26.027206824068145,-10.606448459367128,27.90149735291134,-1.4586235604493507,26.709636377896214,0.13484571957912436,24.740001301615997,13.06884089797949,26.567065548683168,22.509084970044285,29.128268892374802,6.698629841582403,16.600158124655707,-3.870447995146957,1,2.4000000000000004
49,17.121529748969188,-4.986896487455499,8.11808356661695,1.2212483134525283,16.190238519492336,21.94164359500722,23.26881769630051,2.6572475903661497,25.7294176891479,-10.749478403041746,27.683377465232795,-1.4947659417737575,26.474009135149203,-0.07584084240151753,24.4629762369348,13.029166243188513,26.3209539701313,22.45868934337929,28.87125569175888,6.69209984163219,16.03194734697658,-4.320070970145043,1,2.45
50,16.711641886315306,-5.167603425040689,7.812265724393818,1.077887405569304,15.780510730443714,21.955126067424498,23.023705543259666,2.556558014357705,25.429822592820106,-10.893793173662681,27.464426775975337,-1.5313692131386842,26.23818910412271,-0.28802174408837516,24.18447345750429,12.98849394558194,26.073443467389566,22.40642996400962,28.6117626725666,6.685939731619275,15.47266468477168,-4.762629162146516,1,2.5
51,16.301348699436765,-5.353398485729323,7.50699309837596,0.9316322500046263,15.36980553951461,21.967250316474765,22.774010937366945,2.456378916595816,25.12847567897583,-11.039296297276339,27.244746753870064,-1.5683740492643494,26.002195087634096,-0.5015553440791414,23.904538574022816,12.946952284858291,25.824535667249314,22.352497459581734,28.349942154680804,6.680138954080229,14.922310138040984,-5.1981225711514085,1,2.5500000000000003
52,15.89087543693661,-5.544381256439589,7.202294896574376,0.7823915732857794,14.95842068848634,21.978117180221123,22.519557258126515,2.356878246989532,24.82543109150589,-11.18589129992905,27.024438867647834,-1.6057211248709575,25.766045888500514,-0.7163000009714509,23.62321719718844,12.904669540716112,25.574232196501917,22.297082457741965,28.085946457984264,6.674686951551565,14.380883706784452,-5.626551197159682,1,2.6
53,15.48044734741797,-5.740651324089778,6.898200327000047,0.6300741019400232,14.546653919140194,21.987827496726744,22.26016788504284,2.2582239554479013,24.520742974301328,-11.333481707667211,26.80360458603978,-1.643351114678698,25.52976030953912,-0.9321140733629725,23.3405549376994,12.86177399285389,25.322534681938883,22.240375586136725,27.81992790235987,6.669573166569817,13.84838539100213,-6.047915040171362,1,2.6500000000000004
54,15.070289679483976,-5.942308275598044,6.594738597663981,0.4745885624946518,14.134802973257365,21.99648210405472,21.995666197619972,2.1605839918800083,24.21446547125319,-11.481971046537218,26.582345377776832,-1.681204693407785,25.2933571535672,-1.148855919851365,23.056597406253815,12.818393920970188,25.069444750351494,22.182567472412412,27.552038807690508,6.664787041671542,13.324815190693997,-6.462214100186418,1,2.7
55,14.660627681737681,-6.149451697882644,6.291938916577188,0.3158436814768916,13.723165592619322,22.00418184026819,21.72587557536238,2.064126306194848,23.906652726252425,-11.631262842585416,26.36076271159007,-1.7192225357784177,25.056855223401925,-1.3663838990342922,22.771390213549964,12.774657604763506,24.814964028531133,22.1238487442154,27.282431493859,6.66031801939326,12.810173105860052,-6.869448377204887,1,2.75
56,14.251686602782229,-6.362181177861791,5.989830491750663,0.1537481854140509,13.312039519007252,22.011027543430277,21.450619397774247,1.9690188483015323,23.59735888318994,-11.781260621858207,26.138958056210434,-1.7573453165108,24.82027332186053,-1.584556369509404,22.484978970285958,12.730693323932396,24.559094143269284,22.064410029192107,27.01125828074818,6.656155542271497,12.304459136500322,-7.269617871226744,1,2.8000000000000003
57,13.843691691220675,-6.580596302453689,5.6884425311953475,-0.011789199166624655,12.901722494202485,22.017120051604103,21.169721044359854,1.875429568109067,23.286638085956803,-11.931867910401971,25.91703288036899,-1.7955137103251317,24.58363025176014,-1.8032316898744023,22.197409287159978,12.686629358175358,24.30183672135727,22.00444195498892,26.738671488240893,6.652289052842807,11.807673282614775,-7.6627225822520195,1,2.85
58,13.436868195656174,-6.804796658576595,5.387804242922332,-0.18085974573786046,12.492512259986274,22.02256020285279,20.883003894623506,1.7835264155265305,22.974544478443903,-12.082988234263047,25.695088652796734,-1.8336683919416024,24.34694481591805,-2.0222682187268735,21.90872677487024,12.642593987190928,24.04319338958652,21.944135149252222,26.464823436220016,6.648707993643725,11.319815544203426,-8.048762510280673,1,2.9000000000000004
59,13.031441364691773,-7.034881833148689,5.087944834942546,-0.3535547277723674,12.084706558139981,22.02744883523948,20.590291328069412,1.6934773404629668,22.661132204542348,-12.234525119487854,25.473226842224644,-1.8717500360804307,24.110235817151455,-2.24152431466455,21.618977044114907,12.598715490677627,23.78316577474841,21.88368023962842,26.189866444568374,6.645401807210775,10.84088592126625,-8.42773765531273,1,2.95
60,12.627636446930627,-7.270951413088238,4.788893515267027,-0.529965418742924,11.678603130444877,22.03188678682727,20.291406724201934,1.6054502928274346,22.346455408143015,-12.386382092122783,25.251548917383815,-1.9096993174618253,23.873522058277544,-2.4608583362850798,21.328205705592154,12.555122148333986,23.521755503634346,21.82326785376387,25.91395283316883,6.642359936080504,10.370884413803283,-8.799648017348185,1,3.0
61,12.225678690975798,-7.513104985313398,4.490679491906724,-0.7101830921221832,11.27449971868225,22.035974895679306,19.986173462525286,1.5196132225289978,22.030568233136883,-12.538462678214149,25.030156347005175,-1.9474569108059814,23.636822342113476,-2.680128642186079,21.036458370000155,12.511942239858534,23.258964203035696,21.76308861930501,25.637234921904202,6.6395718227894465,9.909811021814525,-9.164493596387029,1,3.0500000000000003
62,11.825793345430405,-7.761442136742435,4.19333197287267,-0.8942990213829334,10.872694064633414,22.039813999858712,19.67441492254376,1.4361340794766617,21.713524823414993,-12.69067040380837,24.809150599819787,-1.9849634908330833,23.40015547147661,-2.89919359096526,20.743780648037117,12.46930404494978,22.99479349974387,21.70333316389822,25.359865030657378,6.6370269098741534,9.457665745299959,-9.522274392429289,1,3.1
63,11.428171712936543,-8.015977519429768,3.896852537685993,-1.0823559302620616,10.473418649741381,22.04347816559724,19.356027692843398,1.355145858234175,21.39540462803838,-12.842912927141507,24.588615543810352,-2.022170655598369,23.163537976513233,-3.1179275900503898,20.45023835664438,12.42731225053015,22.729280019961216,21.644166762685472,25.08199547931118,6.634714639871108,9.01444858425958,-9.872990405474921,1,3.1500000000000004
64,11.032869312292117,-8.276386045974547,3.6011322519084925,-1.2742023435529677,10.076644914096068,22.046934371801186,19.031201198337406,1.2766417319837056,21.076388316748357,-12.995114435208263,24.368564643966632,-2.0590736964970313,22.926977296686836,-3.3362692421898053,20.155978137735836,12.385977172417522,22.462600387533506,21.585653280791135,24.803778587748496,6.632624455316897,8.58015953869339,-10.216641635523965,1,3.2
65,10.639907716334136,-8.542257694112166,3.306034552612027,-1.4696382363132574,9.682279037449113,22.050122825545472,18.70019807302057,1.2005799185621198,20.756681864456326,-13.14720324719307,24.148993764530026,-2.0956788282592678,22.69047859879015,-3.5541731989619567,19.86116683946863,12.345285533653714,22.194966225717643,21.527831230835158,24.525366675852105,6.630745798748043,8.15479860860139,-10.553228082576412,1,3.25
66,10.249308497899506,-8.813182441577963,3.011422876868545,-1.6684635836005262,9.290227199552191,22.052983733904995,18.363280950887887,1.126918635806275,20.43649124607377,-13.299107682280308,23.92989876974196,-2.1319922656153243,22.454047049615795,-3.7715941119453036,19.565971309999842,12.305224057280487,21.926589157770366,21.470739125437497,24.2469120635049,6.629068112701071,7.738365793983586,-10.882749746632255,1,3.3000000000000003
67,9.861093229825162,-9.088750266107327,2.7171606617499497,-1.8704783604723842,8.900395580156928,22.055457303954714,18.02071246593423,1.0556161015530048,20.11602243651204,-13.450756059654436,23.71127552384393,-2.168020223295384,22.21768781595646,-3.9884866327183217,19.270558397486496,12.265779466339657,21.65768080694847,21.414415477218114,23.968567070589742,6.627580839712532,7.3308610948399995,-11.205206627691483,1,3.35
68,9.475283484948122,-9.36855114543564,2.4231113443281593,-2.075482541986413,8.512690359014968,22.05748374276952,17.672755252154545,0.9866305336391421,19.795481410682605,-13.602076698499841,23.4931198910774,-2.2037689160296865,21.981406064604855,-4.20480541285944,18.97509495008579,12.22693848387298,21.38845279650883,21.358898798796943,23.69048401698946,6.626273422318956,6.932284511170592,-11.52059872575411,1,3.4000000000000004
69,9.091900836105207,-9.652175057298232,2.1291383616750856,-2.283276103200184,8.127017715877965,22.059003257424337,17.31967194354369,0.9199201499015922,19.475074143496812,-13.752997918000881,23.275427735683706,-2.2392445585484313,21.74520696235367,-4.42050510394713,18.679747815954748,12.188687832922291,21.119116749708134,21.304227602793954,23.412815222586843,6.625135303056881,6.54263604297539,-11.828926040820136,1,3.45
70,8.71096685613344,-9.93921197943049,1.835105150862647,-2.493659019171307,7.743283830497558,22.059956054994107,16.96172517409665,0.8554431681771546,19.155006609866128,-13.903448037342041,23.058194921904388,-2.27445336558181,21.50909567599551,-4.6355403575598695,18.384683843250514,12.151014236529326,20.849884289803235,21.250440401829078,23.135713007264876,6.624155924462819,6.161915690254368,-12.130188572889551,1,3.5
71,8.332503117869742,-10.22925188956779,1.5408751489627162,-2.7064312649573825,7.361394882625411,22.060282342553744,16.599177577808284,0.7931578063026867,18.83548478470199,-14.053355375707678,22.841417313980877,-2.3094015518600735,21.273077372323115,-4.849865825276094,18.090069880130095,12.113904417735876,20.580967040050908,21.197575708522297,22.85932969090632,6.623324729073343,5.790123453007538,-12.424386321962391,1,3.5500000000000003
72,7.956531194151062,-10.521884765445508,1.2463117930472496,-2.9213928156159734,6.981257052013127,22.059922327178157,16.232291788673493,0.7330222821150456,18.516714642915755,-14.202648252282208,22.625090776154543,-2.344095332113428,21.037157218129185,-5.0634361586742545,17.796072774750662,12.077345099583772,20.31257662370797,21.145672035493547,22.583817593394024,6.622631159424973,5.4272593312349,-12.711519288038591,1,3.6
73,7.583072657814348,-10.81670058479894,0.9512785201881434,-3.138343646204674,6.602776518412362,22.058816215942283,15.861330440687198,0.6749948134510888,18.19890215941883,-14.351254986250037,22.409211172666936,-2.378540921072044,20.801340380206284,-5.276206009332811,17.50285937526929,12.041323005114783,20.044924664031193,21.094767895362782,22.309329034610784,6.622064658054245,5.073323324936471,-12.991587471118219,1,3.6500000000000004
74,7.212149081696528,-11.113289325363576,0.6556387674573383,-3.3570837317811053,6.225859461574805,22.056904215921033,15.48655616784437,0.6190336181476394,17.882253309122703,-14.499103896795601,22.193774367759396,-2.4127445334661943,20.565632025347256,-5.488130028830266,17.21059652984306,12.005824857370667,19.778222784277414,21.044901800749948,22.03601633443955,6.621614667497707,4.728315434112227,-13.264590871201229,1,3.7
75,6.843782038634543,-11.411240964874661,0.3592559719267079,-3.5774130474028385,5.850412061252056,22.054126534189326,15.108231604139796,0.5650969140415646,17.56697406693872,-14.646123303103288,21.97877622567343,-2.446712384026044,20.330037320344644,-5.6991628687450415,16.91945108662904,11.97083737939324,19.512682607703358,20.99611226427502,21.76403181276318,6.621270630291864,4.392235658762191,-13.53052948828764,1,3.75
76,6.477993101465363,-11.710145481067677,0.06199357066819317,-3.799131568127469,5.476340497195812,22.05042337782209,14.72661938356848,0.5131429189697119,17.253270407778317,-14.79224152435749,21.76421261065046,-2.4804506874818086,20.094561431991238,-5.9092591806555825,16.629589893784363,11.936347294224287,19.24851575756588,20.94843779855791,21.493527789464395,6.621021988973268,4.065083998886347,-13.789403322377447,1,3.8000000000000003
77,6.114803843025902,-12.009592851677892,-0.23628499924631752,-4.0220392690125735,5.103550949157622,22.04573495389425,14.341982140125321,0.4631298507689192,16.941348306552953,-14.937386879742638,21.550079386931948,-2.5139656585637353,19.85920952707962,-6.118373616140378,16.341179799466104,11.902341324905601,18.985933857121758,20.90191691621863,21.22465658442617,6.620858186078477,3.746860454484697,-14.041212373470655,1,3.85
78,5.754235836153114,-12.30917305444074,-0.5357163007449057,-4.245936125115762,4.731949596889248,22.04000146948071,13.954582507805222,0.4150159272760536,16.631413738173983,-15.081487688443136,21.336372418759325,-2.5472635120020204,19.62398677240254,-6.326460826777858,16.054387651831355,11.868806194478939,18.725148529627766,20.85658812987709,20.957570517531295,6.620768664143985,3.4375650255572245,-14.285956641567248,1,3.9000000000000004
79,5.396310653683942,-12.608476067091571,-0.8364368967556302,-4.470622111494635,4.361442620142263,22.03316313165641,13.564683120603064,0.3687593663279432,16.32367267755285,-15.224472269643384,21.123087570374018,-2.5803504625268814,19.388898334752675,-6.533475464146516,15.769380299037214,11.835728625986114,18.466371398340755,20.81248995215324,20.69242190866263,6.620742865706345,3.1371977121039745,-14.523636126667258,1,3.95
80,5.0410498684553,-12.907091867365732,-1.138583350206633,-4.695897203206744,3.9919361986683026,22.025160147496276,13.1725466125138,0.32431838576145994,16.018331099600935,-15.366268942527801,20.91022070601749,-2.613232724868501,19.153949380922654,-6.739372179824766,15.486324589240764,11.803095342468932,18.209814086517433,20.76966089566707,20.429363077703,6.620770233302123,2.8457585141248956,-14.754250828770644,1,4.0
81,4.688475053304163,-13.20461043299861,-1.4422922240259424,-4.921561375309711,3.623336512219073,22.0159327240752,12.778435617532338,0.2816512034134223,15.715594979229722,-15.506806026280792,20.697767689931197,-2.6459165137571294,18.919145077705164,-6.944105625391104,15.205387370599103,11.77089306696913,17.95568821741471,20.728139473038492,20.168546344535294,6.620840209467815,2.563247431620039,-14.977800747877428,1,4.05
82,4.338607781067497,-13.500621741725586,-1.7477000811416932,-5.147414602861136,3.255549740546196,22.00542106846813,12.382612769653559,0.24071603712069248,15.415670291350578,-15.646011840086757,20.485724386356534,-2.6784080439229654,18.684490591892924,-7.147630452423966,14.926735491269357,11.73910852252854,17.704205414289305,20.687964196887492,19.910124029042322,6.620942236739972,2.289664464589353,-15.194285883987622,1,4.1000000000000005
83,3.9914696245821464,-13.794715771281988,-2.054943484481951,-5.373256860918569,2.8884820634012716,21.993565387749975,11.985340702872367,0.20147110472013735,15.118763010874895,-15.783814703130103,20.274086659534994,-2.7107135300962004,18.449991090278623,-7.349901312501832,14.650535799408527,11.707728432188919,17.45557730039797,20.64917357983398,19.65424845110696,6.621065757655128,2.025009613032852,-15.403706237101215,1,4.15
84,3.647082156685164,-14.086482499403235,-2.3641589969747914,-5.598888124539651,2.522039660536013,21.98030588899567,11.586882051183725,0.1638746240485901,14.825079112714148,-15.920142934595258,20.062850373707988,-2.7428391870070854,18.215651739654902,-7.550872857203138,14.376955143173799,11.676739518992079,17.210015498997628,20.611806134497957,19.401071930612055,6.621200214749816,1.769282876950589,-15.606061807218188,1,4.2
85,3.3054669502134413,-14.375511903824654,-2.675483181548309,-5.8241083687819435,2.156128711702019,21.965582779280112,11.187499448582503,0.12788481294289822,14.534824571779701,-16.054924853666595,19.85201139311697,-2.7747912293858032,17.981477706814445,-7.750499738106367,14.106160370722232,11.64612850597979,16.967731633344947,20.57590037349934,19.150746787440426,6.621335050560585,1.5224842563424739,-15.801352594338578,1,4.25
86,2.9666455780039174,-14.661393962281641,-2.9890526011305942,-6.048717568703032,1.7906553966509422,21.949336265678255,10.787455529063603,0.09345988923990461,14.248205362982993,-16.188088779528538,19.64156558200338,-2.806575871962586,17.74747415854994,-7.948736606789922,13.838318330210884,11.615882116193852,16.728937326696816,20.54149480945812,18.90342534147496,6.621459707623966,1.2846137512085667,-15.989578598462359,1,4.3
87,2.6306396128935656,-14.94371865250954,-3.305003818649758,-6.2725156993605475,1.4255258951344283,21.931506555264985,10.387012926621967,0.06055807077646165,13.965427461235446,-16.319563031365526,19.43150880460869,-2.8381993294676304,17.5136462616541,-8.145538114832329,13.573595869796844,11.585987072676046,16.493844202309962,20.50862795499421,18.659259912598458,6.621563628476494,1.055671361548867,-16.170739819589528,1,4.3500000000000005
88,2.2974706277192887,-15.222075952243738,-3.6234733970338673,-6.495302735812016,1.060646386904137,21.912033855115244,9.986434275252464,0.02913757538944111,13.686696841448446,-16.44927592836192,19.22183692517431,-2.8696678166311442,17.27999918291954,-8.340858913812019,13.312159837637298,11.556430098468162,16.262663883441228,20.47733832272758,18.418402820693824,6.621636255654682,0.8356570873633458,-16.344836257720104,1,4.4
89,1.9671601953180593,-15.496055839219606,-3.9445978992109723,-6.7168786531151135,0.6959230517117356,21.890858372303956,9.585982208950082,-0.0008433790843432121,13.412219478533498,-16.577155789702175,19.01254580794169,-2.900987548183387,17.046538089138984,-8.534653655307451,13.05417708188926,11.527197916611966,16.03560799334739,20.447664425278187,18.181006385643883,6.621667031695092,0.624570928652032,-16.511867912854072,1,4.45
90,1.639729888526736,-15.765248291172458,-4.268513888109217,-6.937043426327345,0.3312620693088168,21.867920313906033,9.185919361709637,-0.029426574808024384,13.142201347401869,-16.703130934570623,18.803631317152274,-2.932164738854518,16.813268147105106,-8.72687699089709,12.79981445070982,11.498277250149302,15.81288815528525,20.41964477526599,17.947222927331453,6.6216453991342625,0.4224128854149038,-16.671834784991436,1,4.5
91,1.3152012801824258,-16.029243285837733,-4.595357926656673,-7.155597030506372,-0.03343038055295963,21.84315988699639,8.786508367526107,-0.05665379394473547,12.876848422965061,-16.827129682151767,18.595089317047474,-2.963205603374768,16.58019452361055,-8.917483572159377,12.549238792256102,11.4696548221219,15.594715992511587,20.393317885310914,17.717204765639398,6.621560800508735,0.2291829576519683,-16.824736874132206,1,4.55
92,0.9935959431219499,-16.287630800950765,-4.92526657778143,-7.372339440709716,-0.3982481181219336,21.81651729864997,8.388011860394371,-0.08256681865766752,12.616366680134526,-16.949080351629934,18.386915671868785,-2.9941163564743496,16.34732238544807,-9.106428050672775,12.30261695468517,11.441317355571568,15.381303128283209,20.368722268032933,17.491104220450612,6.621402678355002,0.04488114536323323,-16.970574180276362,1,4.6000000000000005
93,0.674935450182265,-16.540000814246955,-5.258376404411548,-7.587070631995027,-0.7632849636464676,21.78793275594169,7.990692474309317,-0.10720743110995358,12.360962093821605,-17.06891126218961,18.179106245857653,-3.0249032128834847,16.114656899410306,-9.293665078015756,12.060115786154139,11.413251573540098,15.172861185856918,20.345896436052,17.269073611647883,6.621160475209634,-0.1304925514512864,-17.109346703423927,1,4.65
94,0.3592413742003504,-16.785943303461618,-5.5948239694751525,-7.799590579419885,-1.1286347373748868,21.757346465946437,7.594812843265962,-0.13061741346473638,12.110840638937734,-17.18655073301512,17.971656903255454,-3.0555723873323744,15.882203232289896,-9.479149305766777,11.821902134820098,11.385444199069271,14.969601788489522,20.32487890198806,17.05126525911411,6.620823633609164,-0.29693813279164327,-17.241054443574875,1,4.7
95,0.046535288013087386,-17.025048246330172,-5.934745835900289,-8.009699258041866,-1.494391259555576,21.72469863573918,7.200635601259068,-0.15283854788518283,11.866208290394347,-17.301927083290913,17.764563508303723,-3.0861300945512515,15.64996655087961,-9.662835385504286,11.588142848840139,11.357881955200872,14.77173655943778,20.305708178461067,16.837831482732113,6.62038159609012,-0.45445559865777724,-17.36569740072924,1,4.75
96,-0.2631612355424996,-17.256905620587936,-6.278278566615089,-8.21719664291858,-1.8606483504369207,21.68992947239482,6.8084233822836495,-0.1739126165344308,11.627271023102823,-17.4149686322014,17.5578219252438,-3.116582549270283,15.417952021972068,-9.844677968806744,11.359004776371346,11.330551564976687,14.579477121958506,20.288422778090986,16.628924602384735,6.619823805189054,-0.6030449490497334,-17.483275574886978,1,4.800000000000001
97,-0.5698266236295366,-17.481105403970314,-6.625558724547576,-8.421882709107592,-2.227499830267215,21.65297918298827,6.418438820334568,-0.19388140157564238,11.394234811974627,-17.52560369893101,17.351428018317208,-3.1469359662197114,15.186164812359948,-10.02463170725259,11.134654765570808,11.303439751438532,14.393035099308497,20.27306121349775,16.424696937954828,6.619139703442477,-0.7427061839675118,-17.593788966048123,1,4.8500000000000005
98,-0.8734393034110521,-17.69723757421266,-6.976722872625899,-8.623557431666525,-2.5950395192948377,21.613787974594455,6.030944549406799,-0.21278668517196025,11.167305631921122,-17.633760602664125,17.14537765176538,-3.177196560129777,14.954610088835977,-10.202651252420326,10.91525966459561,11.27653323762816,14.212622114744548,20.25966199730135,16.22530080932524,6.618318733386955,-0.8734393034110521,-17.69723757421266,1,4.9
99,-1.1740433278189566,-17.904969128323394,-7.33190978747799,-8.822057671336559,-2.9633368439712306,21.572316734644485,5.64609096227262,-0.23067515030587205,10.946630475417688,-17.73938576251803,16.939672840935255,-3.2073666523185906,14.723296275473524,-10.378695356611338,10.700934832382583,11.249821543542943,14.038375400068409,20.24824468052907,16.030831907372907,6.617353021306033,-1.8606704645961492,-17.61357258064321,1,4.95
100,-1.4719452528603205,-18.10427514040318,-7.691267100531089,-9.017367831593479,-3.3323636555599454,21.52860907199417,5.263579486814493,-0.2476130832371578,10.732120405195111,-17.8424979973417,16.734340205596006,-3.237432990456215,14.492244825469344,-10.552739175018873,10.491589670987398,11.223305377002546,13.870134621261696,20.238752967837865,15.841159406950966,6.616245428471456,-2.8337839176539488,-17.53110402211969,1,5.0
101,-1.7675172603111646,-18.295207703825646,-8.054944656912317,-9.209509201596669,-3.702067411527743,21.482729275855515,4.882999309692199,-0.2636716710449474,10.523627501548157,-17.94313422591703,16.529412516622273,-3.2673784288005683,14.261480449300835,-10.724761963559146,10.287082093245424,11.19698824278219,13.707665052851025,20.231111602292028,15.656095853906708,6.615001499901979,-3.7927796625845187,-17.449831898642124,1,5.050000000000001
102,-2.06113153194742,-18.47781891196453,-8.423092301748794,-9.398503070505475,-4.072395569341263,21.43474163544051,4.503939617565559,-0.27892210080836094,10.321003844771596,-18.041331367025826,16.324922544888757,-3.2971858216096748,14.031027857445409,-10.89474297814832,10.087270011992093,11.170873645657089,13.550731969362998,20.225245326955843,15.475453794087338,6.613626780616343,-4.737657699387814,-17.369756210210475,1,5.1000000000000005
103,-2.353160249545038,-18.652160858193497,-8.795859880167662,-9.584370727479318,-4.44329558646719,21.384710439961147,4.125989597094474,-0.29343555960651857,10.124101515160168,-18.137126339449946,16.1209030612701,-3.326838023141452,13.800911760380533,-11.062661474702617,9.892011340062751,11.144965090402488,13.399100645324156,20.221078884893657,15.299045773340124,6.612126815633316,-5.668418028063842,-17.290876956824768,1,5.15
104,-2.643975594879988,-18.818285635886244,-9.173397237295983,-9.767133461677524,-4.814714920372209,21.332699978629424,3.748738434938701,-0.30728323451855005,9.932772593008625,-18.230556061971285,15.91738683664098,-3.356317887653896,13.571156868583584,-11.228496709138257,9.70116399029286,11.119266081793617,13.252536355261096,20.218537019169727,15.126684337512339,6.610507149971696,-6.585060648612593,-17.213194138484983,1,5.2
105,-2.93394974972823,-18.97624533841643,-9.55585421826095,-9.946812562259526,-5.186601028523036,21.278774540657363,3.371775317758123,-0.3205363126235417,9.746869158611723,-18.32165745337166,15.714406641876105,-3.3856082694049436,13.341787892532082,-11.392227937371427,9.51458587551773,11.093780124605699,13.110804373700429,20.217544472848367,14.958182032451163,6.608773328650195,-7.487585561034102,-17.136707755191164,1,5.25
106,-3.223454895865695,-19.126092059157767,-9.943380668189599,-10.123429318384687,-5.558901368386309,21.222998415256924,2.994689432212532,-0.33326598100065724,9.566243292264232,-18.41046743243294,15.51199524785008,-3.4146920226525954,13.112829542703402,-11.553834415318294,9.332134908572783,11.06851072361396,12.973669975168704,20.218025988993908,14.79335140400395,6.606930896687601,-8.375992765328341,-17.06141780694326,1,5.300000000000001
107,-3.512863215068387,-19.267877891483923,-10.336126432209099,-10.297005019212376,-5.93156339742872,21.165435891640122,2.6170699649618197,-0.34554342672898286,9.390747074260904,-18.497022917937002,15.310185425437625,-3.4435520016547936,12.884306529574985,-11.713295398895072,9.153669002293437,11.04346138359363,12.840898434192589,20.219906310670613,14.632004998017797,6.6049853991026755,-9.250282261495308,-16.98732429374131,1,5.3500000000000005
108,-3.80254688911223,-19.40165492876861,-10.734241355446557,-10.467560953902002,-6.304534573116962,21.10615125901896,2.238506102665748,-0.35743983688765807,9.220232584896443,-18.581360828665655,15.109009945513383,-3.4721710606695093,12.65624356362429,-11.87059014401798,8.979046069515071,11.018635609319949,12.712255025298571,20.223110180942786,14.473955360340042,6.602942380914157,-10.110454049535036,-16.914427215585285,1,5.4
109,-4.092878099773177,-19.527475264385487,-11.137875283029075,-10.635118411612895,-6.677762352917721,21.04520880660542,1.8585870319842082,-0.3690263985558079,9.054551904465644,-18.663518083400803,14.908501578952025,-3.5005320539547333,12.428665355328707,-12.025697906603217,8.808124023073056,10.994036905568118,12.587505023013314,20.227562342874762,14.319015036817962,6.600807387140823,-10.956508129447489,-16.842726572475193,1,5.45
110,-4.384229028827225,-19.645390991708275,-11.547178060083802,-10.799698681504482,-7.0511941942976675,20.982672823611527,1.4769019395770222,-0.3803742988125427,8.893557113263192,-18.743531600924257,14.708693096628208,-3.5286178357683737,12.201596615165716,-12.178597942566954,8.6407607758028,10.969668777113382,12.466413701863384,20.233187539530807,14.166996573298729,6.5985859628014225,-11.788444501232636,-16.772222364411064,1,5.5
111,-4.676971858050276,-19.755454204110617,-11.96229953173781,-10.961323052736114,-7.424777554723505,20.918607599249228,1.0930400121040056,-0.3915547247369875,8.737100291583957,-18.82143830001791,14.509617269416662,-3.5564112603684643,11.975062053612696,-12.329269507825414,8.476814240539703,10.94553472873098,12.34874633637535,20.23991051397525,14.017712515629638,6.596283652914745,-12.60626316489056,-16.702914591392855,1,5.550000000000001
112,-4.971478769218327,-19.85771699496624,-12.383389543118255,-11.12001281446719,-7.798459891661885,20.85307742273056,0.7065904362250337,-0.4026388634082431,8.585033519722579,-18.89727509946362,14.311306868191984,-3.583895182012938,11.749086381147167,-12.477691858294788,8.316142330119137,10.921638265196142,12.234268201075809,20.247656009272376,13.87097540965787,6.59390600249952,-13.409964120421234,-16.634803253420568,1,5.6000000000000005
113,-5.26812194410733,-19.952231457648807,-12.810597939352249,-11.275789255857081,-8.172188662579511,20.786146583267513,0.3171423985998847,-0.41369790190546835,8.437208877973891,-18.971078918043183,14.113794663828902,-3.6110524549597707,11.52369430824648,-12.623844249891286,8.158602957376512,10.89798289128406,12.122744570491328,20.256348768486507,13.726597801230756,6.591458556574534,-14.199547367824618,-16.56788835049424,1,5.65
114,-5.567273564493233,-20.03904968553199,-13.244074565566862,-11.42867366606516,-8.545911324943072,20.717879370072072,-0.07571491411159642,-0.42480302730773983,8.29347844663258,-19.042886674538536,13.917113427202013,-3.63786593346692,11.298910545388114,-12.76770593853109,8.00405403514721,10.874572111770005,12.013940719148575,20.26591353468193,13.584392236195482,6.588946860158527,-14.975012907100743,-16.50216988261385,1,5.7
115,-5.869305812152001,-20.118223771989506,-13.683969266889267,-11.578687334250823,-8.919575336219213,20.64834007235626,-0.47239231524953396,-0.43602542669420674,8.153694305993419,-19.1127352877315,13.72129592918607,-3.664318471792346,11.074759803049485,-12.909256180130402,7.852353476266625,10.85140943142918,11.907621921574076,20.276275050922944,13.44417126039937,6.586376458270275,-15.73636073824962,-16.43764784977937,1,5.75
116,-6.174590868859575,-20.189805810395022,-14.130431888446553,-11.72585154957344,-9.293128153874662,20.577592979332053,-0.8733006181541504,-0.44743628714400363,8.0177085363512,-19.18066167640393,13.526374940655714,-3.69039292419402,10.851266791708039,-13.048474230605452,7.703359193570155,10.828498355036835,11.803553452294405,20.287358060273853,13.305747419689535,6.583752895928509,-16.483590861271203,-16.37432225199087,1,5.800000000000001
117,-6.48350091639195,-20.253847894122245,-14.583612275365857,-11.870187601192407,-9.666517235376062,20.50570238021144,-1.2788506361655552,-0.459106795736212,7.885373218000594,-19.246702759337683,13.332383232485611,-3.7160721449299197,10.628456221841214,-13.185339345872375,7.556929099893207,10.805842387368159,11.701500585836165,20.29908730579896,13.168933259913352,6.58108171815203,-17.21670327616555,-16.312193089248264,1,5.8500000000000005
118,-6.796408136525042,-20.310402116544832,-15.043660272774257,-12.011716778267086,-10.039690038190129,20.432732564206432,-1.6894531826239476,-0.47110813954998093,7.756540431236458,-19.31089545531462,13.139353575550413,-3.741338988258024,10.406352803926453,-13.319830781847465,7.412921108071156,10.783445033198408,11.601228596725981,20.311387530562584,13.033541326917991,6.578368469959558,-17.93569798293262,-16.2512603615516,1,5.9
119,-7.113684711034814,-20.359520571036487,-15.510725725798913,-12.15046036995684,-10.41259401978353,20.358747820529004,-2.105519070869513,-0.4835115056643968,7.631062256353421,-19.373276683116572,12.947318740724775,-3.7661763084362865,10.18498124844115,-13.451927794446826,7.271193130939358,10.761309797302829,11.502502759490373,20.32418347762901,12.899384166550728,6.5756186963699,-18.640574981572417,-16.191524068900907,1,5.95
120,-7.435702821697254,-20.401255350970885,-15.984958479566941,-12.286439665421089,-10.785176637622964,20.283812438391205,-2.527459114242353,-0.49638808115862815,7.50879077364631,-19.433883361525425,12.756311498883424,-3.7905669597226437,9.964366265862765,-13.581609639586691,7.131603081333264,10.739440184456615,11.40508834865599,20.33739989006256,12.76627432465881,6.572837942401776,-19.331334272084973,-16.13298421129613,1,6.0
121,-7.762834650288293,-20.435658549721744,-16.466508379205408,-12.419675953819198,-11.157385349175094,20.207990707004985,-2.955684126082705,-0.5098090531117659,7.389578063409888,-19.492752409323028,12.566364620901027,-3.8144937963750856,9.74453256666874,-13.708855573183312,6.994008872088242,10.717839699435018,11.308750638749407,20.3509615109275,12.634024347089483,6.570031753073977,-20.007975854470256,-16.0756407887373,1,6.050000000000001
122,-8.0954523785839,-20.46278226066272,-16.95552526984148,-12.550190524310526,-11.5291676119066,20.131346915582355,-3.390604919730686,-0.5238456086029402,7.27327620593887,-19.54992074529123,12.377510877652199,-3.837939672651599,9.525504861336515,-13.833644851152796,6.858268416039699,10.696511847013266,11.213254904297196,20.36479308328815,12.502446779689944,6.567205673405246,-20.67049972872827,-16.019493801224396,1,6.1000000000000005
123,-8.433928188360024,-20.482678577167505,-17.452158996602254,-12.678004666054475,-11.900470883284171,20.0539453533353,-3.8326323085264957,-0.5385689347112516,7.1597372815280265,-19.605425288211894,12.189783040011648,-3.8608874428101254,9.307307860343434,-13.955956729411396,6.7242396260229755,10.675460131966545,11.118366419825932,20.37881935020881,12.371354168307501,6.564365248414341,-21.318905894859018,-15.964543248757426,1,6.15
124,-8.778634261392632,-20.495399592609765,-17.956559404614858,-12.803139668210434,-12.271242620774487,19.975850309475852,-4.282177105810273,-0.554050218515849,7.048813370472101,-19.659302956866856,12.003213878854012,-3.8833199611086457,9.089966274167065,-14.075770463875301,6.591780414873522,10.654688059070153,11.023850459862222,20.392965054753788,12.240559058789378,6.5615160231200385,-21.95319435286253,-15.910789131336404,1,6.2
125,-9.129942779457664,-20.500997400363243,-18.46887633900639,-12.925616819937764,-12.641430281844238,19.897126073215958,-4.739650124922189,-0.5703606470958482,6.940356553065858,-19.711590670038017,11.817836165054004,-3.9052200818051315,8.873504813284772,-14.19306531046074,6.460748695426716,10.634199133099262,10.929472298932676,20.407154939987407,12.10987399698282,6.558663542541082,-22.573365102738734,-15.85823144896131,1,6.25
126,-9.488225924331083,-20.499524093801583,-18.98925964490397,-13.045457410395853,-13.010981323960111,19.81783693376766,-5.205462179202437,-0.5875714075303498,6.834218909604005,-19.762325346507204,11.633682669486294,-3.9265706591575396,8.657948188174014,-14.307820525083864,6.331002380517939,10.613996858829124,10.834997211563868,20.421313748973915,11.979111528735082,6.555813351696241,-23.179418144487705,-15.80687020163215,1,6.300000000000001
127,-9.853855877788884,-20.491031766298462,-19.517859167434732,-13.162682728744093,-13.379843204588768,19.73804718034293,-5.680024081991137,-0.605753686898498,6.730252520381344,-19.811543905056254,11.450786163025516,-3.947354547423807,8.443321109312201,-14.420015363660886,6.202399382982592,10.594084741034969,10.740190472282336,20.435366224777667,11.848084199893385,6.552970995604287,-23.771353478109404,-15.75670538934893,1,6.3500000000000005
128,-10.227204821606971,-20.475572511227586,-20.0548247517258,-13.277314064141834,-13.747963381196923,19.65782110215377,-6.163746646628514,-0.6249786722793792,6.628309465692593,-19.859283264467063,11.26917941654634,-3.9675546008619436,8.2296482871768,-14.529629082108029,6.07479761565606,10.574466284492017,10.644817355614752,20.44923711046294,11.716604556305025,6.550142019283964,-24.349171103603837,-15.707737012111656,1,6.4
129,-10.608644937561333,-20.45319842196265,-20.600306242904246,-13.389372705748475,-14.115289311251221,19.577222988412185,-6.657040686454686,-0.6453175507521715,6.528241825832541,-19.90558034352144,11.088895200923481,-3.987153673729892,8.016954432245171,-14.636640936341474,5.948054991373732,10.55514499397551,10.548643136087641,20.462851149094035,11.584485143817195,6.547331967754041,-24.912871020971014,-15.659965069920316,1,6.45
130,-10.998548407427903,-20.423961591877312,-21.154453486097225,-13.498879942723397,-14.481768452218382,19.49631712833015,-7.160317014809799,-0.6668415093959564,6.429901681095917,-19.950472061001307,10.909966287031573,-4.006134620285632,7.805264254994864,-14.741030182277422,5.822029422971024,10.536124374260654,10.451433088227631,20.47613308373527,11.451538508277164,6.544546386033253,-25.462453230210926,-15.613389562774904,1,6.5
131,-11.397090676079983,-20.387954920523853,-21.717171755523513,-13.605817357052205,-14.847348261565058,19.415167811119673,-7.673769197048376,-0.6895873170566995,6.333159957799108,-19.99399421359784,10.732414880724738,-4.024485487969834,7.5945972105942765,-14.842784347643821,5.696600390621841,10.51740622770092,10.352996278627227,20.489021697924017,11.317612168321908,6.541789784621989,-25.99791773132356,-15.568010490675436,1,6.550000000000001
132,-11.80366024078015,-20.345434532168817,-22.28738804176855,-13.710007702025358,-15.211976196757933,19.33383932599278,-8.19672180658201,-0.7134540696478834,6.237962966345059,-20.03617810963975,10.556220927774877,-4.042215096953904,7.384951732975917,-14.941924047415553,5.571733643854223,10.49898554696272,10.253316942142664,20.501511937089944,11.182693533747035,6.539062535946841,-26.51926452430894,-15.52382785362191,1,6.6000000000000005
133,-12.217448861888332,-20.29669735725733,-22.863784764509465,-13.81123402375958,-15.575599715263724,19.25239596216142,-8.728282168836605,-0.7383064448498121,6.144275863158414,-20.07705393536512,10.381353808933333,-4.059337460592015,7.176321000763452,-15.038478168379298,5.447416499534771,10.480855622290642,10.152423105696215,20.513612787135852,11.046804987138069,6.536363977916022,-27.026493609167062,-15.480841651614309,1,6.65
134,-12.6376482997644,-20.242040326234473,-23.445044343423355,-13.909279368371585,-15.938166274549083,19.17090200883763,-9.267557609238064,-0.7640091203427798,6.0520638046637405,-20.11665187701201,10.207782904951467,-4.075866592238299,6.968698192580469,-15.13247559732163,5.323636274530032,10.463009743929367,10.05034279620999,20.5253332339645,10.909968911080323,6.533693448437745,-27.519604985897914,-15.439051884652647,1,6.7
135,-13.063450314768275,-20.18176036954539,-24.029849198187375,-14.003926781978032,-16.299623332080678,19.089421755233378,-9.813655453212302,-0.7904267738071001,5.961291947285629,-20.155002120818498,10.035477596580595,-4.091816505246884,6.7620764870505035,-15.223945221029243,5.200380285706643,10.445441202123483,9.94710404060626,20.536682263478667,10.772207688159249,6.531050285420225,-27.99859865450151,-15.398458552736933,1,6.75
136,-13.494046667259878,-20.116154417635194,-24.616881748478598,-14.094959310695662,-16.659918345325263,19.008019490560667,-10.36568302618527,-0.8174240829230917,5.871925447448694,-20.192134853022658,9.86440726457208,-4.107201212971912,6.556449062797213,-15.31291592628876,5.077635849931143,10.428143287117628,9.842734865807124,20.54766886158112,10.633543700960198,6.528433826771655,-28.463474614977837,-15.359061655867153,1,6.800000000000001
137,-13.928629117599094,-20.045519400949033,-25.20482441397415,-14.18216000064119,-17.018998771749423,18.926759504031516,-10.922747653582858,-0.8448657253710679,5.7839294615775625,-20.228080259862622,9.694541289677286,-4.12203472876751,6.351809098444166,-15.399416599886855,4.955390284070118,10.41110928915643,9.737263298734916,20.55830201417461,10.493999332068643,6.525843410400249,-28.914232867326902,-15.320861194043312,1,6.8500000000000005
138,-14.366389426145853,-19.970152249931964,-25.79235961435118,-14.265311897931259,-17.3768120688199,18.845706084857902,-11.483956660830898,-0.872616378831323,5.697269146096744,-20.26286852757636,9.52584905264753,-4.136331065987822,6.148149772614879,-15.483476128610153,4.833630904990129,10.39433249848451,9.630717366311764,20.56859070716193,10.353596964069935,6.523278374214225,-29.350873411548687,-15.283857167265401,1,6.9
139,-14.806519353260047,-19.89034989502914,-26.378169769286764,-14.344198048682642,-17.733305694003363,18.764923522251838,-12.04841737335541,-0.9005407209841804,5.6119096574309335,-20.296529842402016,9.358299934234179,-4.150104237987009,5.945464263933035,-15.565123399245275,4.712345029557845,10.377806205346507,9.523125095459868,20.578543926445832,10.212358979549514,6.5207380561217745,-29.77339624764323,-15.248049575533406,1,6.95
140,-15.248210659301543,-19.806409266685705,-26.960937298458038,-14.418601499012027,-18.08842710476651,18.684476105425276,-12.615237116582268,-0.9285034295099583,5.527816152004705,-20.329094390577666,9.191863315188609,-4.163368258119203,5.743745751022207,-15.644387298578886,4.591519974639736,10.361523699987035,9.414514513101398,20.588170657929105,10.070307761092785,6.518221794031127,-30.181801375610505,-15.21343841884739,1,7.0
141,-15.690655104630345,-19.71862729534671,-27.53934462154213,-14.488305295036067,-18.442123758576013,18.60442812359026,-13.18352321593736,-0.9563691820889368,5.444953786242609,-20.360592358341318,9.026508576262088,-4.176137139738499,5.542987412505969,-15.72129671339763,4.471143057102449,10.345478272650748,9.304913646158631,20.59747988751451,9.927465691285128,6.51572892585045,-30.57608879545051,-15.180023697207286,1,7.050000000000001
142,-16.133044449606285,-19.627300911457333,-28.112074158216124,-14.553092482871532,-18.794343112898535,18.52484386595878,-13.75238299684663,-0.9840026564014633,5.36328771656933,-20.39105393193113,8.86220509820603,-4.1884248961990735,5.343182427007916,-15.795880530488136,4.351201593812544,10.329663213582231,9.19435052155367,20.60648060110481,9.783855152711919,6.513258789487991,-30.956258507163252,-15.147805410613119,1,7.1000000000000005
143,-16.57457045458929,-19.53272704546265,-28.677808328157173,-14.612746108635083,-19.145032625200777,18.44578762174281,-14.32092378473595,-1.011268530127827,5.282783099409375,-20.420509297585124,8.698922261771738,-4.200245540855042,5.144323973151616,-15.868167636637043,4.2316829016366135,10.314071813026148,9.082853166208785,20.615181784602782,9.639498527958622,6.510810722851939,-31.322310510748732,-15.116783559064906,1,7.15
144,-17.01442487993926,-19.435202627807808,-29.23522955104235,-14.667049218443445,-19.49413975294941,18.36732368015436,-14.888252905031251,-1.0380314809483417,5.203405091187406,-20.448988641541394,8.53662944771061,-4.211613087060584,4.9464052295607095,-15.938186918631006,4.1125742974412285,10.298697361227111,8.970449607046143,20.6235924239112,9.494418199610614,6.508384063850511,-31.674244806206953,-15.086958142562626,1,7.2
145,-17.451799486016114,-19.335024588937923,-29.783020246548823,-14.715784858413306,-19.841611953611153,18.289516330405437,-15.453477683158452,-1.0641561865433113,5.125118848328021,-20.476522150038033,8.375296036773943,-4.222541548169784,4.749419374858726,-16.005967263256643,3.993863098092966,10.283533148429733,8.857167870987961,20.631721504932816,9.348636550253268,6.5059781503919085,-32.0120613935379,-15.058329161106268,1,7.25
146,-17.885886033179755,-19.23248985929809,-30.319862834353657,-14.758736074661387,-20.187396684652644,18.21242986170802,-16.01570544454348,-1.0895073245930542,5.047889527255762,-20.503140009313068,8.214891409713097,-4.233044937536804,4.553359587669247,-16.071537557300633,3.875536620458433,10.26857246487868,8.743035984956414,20.6395780135704,9.202175962472037,6.503592320384331,-32.33576027274158,-15.03089661469585,1,7.300000000000001
147,-18.315876281790086,-19.12789536933344,-30.84443973413401,-14.795685913304343,-20.531441403540597,18.13612856327414,-16.574043514612217,-1.1139495727778839,4.971682284395284,-20.528872405604588,8.055384947279396,-4.243137268515797,4.358219046615966,-16.134926687549594,3.757582181404146,10.253808600818546,8.628081975873721,20.647170935726763,9.055058818852324,6.501225911736003,-32.64534144381801,-15.004660503331372,1,7.3500000000000005
148,-18.740961992207026,-19.021538049489088,-31.355433365566974,-14.826417420458936,-20.873693567741665,18.060676724315762,-17.127599218790586,-1.137347608778095,4.896462276171153,-20.55374952515067,7.896746030224243,-4.252832554460882,4.16399093032236,-16.196163540790167,3.6399870977967583,10.239234846493982,8.512333870662054,20.65450925730462,8.907307501979462,6.4988782623551264,-32.94080490676717,-14.979620827012825,1,7.4
149,-19.16033492479045,-18.913714830210147,-31.851526148329672,-14.850713642241859,-21.21410063472255,17.98613863404488,-17.675479882504476,-1.1595661102740056,4.82219465900802,-20.577801554189424,7.738944039298963,-4.262144808726202,3.9706684174120923,-16.255277003809027,3.5227386865028536,10.224844492149593,8.39581969624367,20.661601964206795,8.758944394438952,6.496548710149899,-33.222150661589076,-14.955777585740234,1,7.45
150,-19.573186839900288,-18.804722641941794,-32.331400502099235,-14.868357624769788,-21.55261006194994,17.9125785816735,-18.216792831179838,-1.180469754945939,4.748844589330401,-20.601058678958868,7.581948355254897,-4.271088044665877,3.778244686508715,-16.312295963392774,3.405824264388958,10.210630828030014,8.27856747954069,20.66845804233602,8.609991878816123,6.494236593028545,-33.48937870828371,-14.933130779513554,1,7.5
151,-19.978709497896475,-18.69485841512903,-32.793738846552756,-14.879132414159459,-21.889169306890487,17.84006085641362,-18.750645390242532,-1.1999232204741803,4.6763772235629695,-20.623551085697102,7.425728358843348,-4.279676275634086,3.586712916235809,-16.367249306328063,3.2892311483216394,10.196587144379878,8.160605247475356,20.675086477595073,8.46047233769643,6.491941248899264,-33.74248904685108,-14.91168040833284,1,7.550000000000001
152,-20.37609465913886,-18.58441908021707,-33.237223601367376,-14.882821056527549,-22.223725827010917,17.76864974747724,-19.276144885118516,-1.217791184539057,4.604757718130278,-20.64530896064224,7.270253430815749,-4.287923514984937,3.3960662852170382,-16.420165919401537,3.172946655167566,10.182706731443808,8.041961026969886,20.681496255886717,8.310408153665243,6.489662015670245,-33.98148167729118,-14.89142647219805,1,7.6000000000000005
153,-20.764534083987403,-18.47370156765099,-33.66053718622018,-14.879206597990764,-22.55622707977789,17.698409544076352,-19.79239864123366,-1.233938324820878,4.533951229456964,-20.666362490032256,7.115492951923347,-4.295843776072551,3.2062979720758493,-16.47107468939986,3.0569581017932483,10.168982879466435,7.9226628449464345,20.687696363113744,8.159821709307979,6.487398231249733,-34.206356599604035,-14.872368971109198,1,7.65
154,-21.143219532801982,-18.36300280787591,-34.0623620207883,-14.868072084665815,-22.886620522658085,17.629404535422967,-20.298513984013937,-1.248229318999952,4.4639229139676,-20.686741860105315,6.96141630291757,-4.3034510722510975,3.017401155436004,-16.520004503109647,2.941252805065284,10.155408878692379,7.8027387283271885,20.693695785178885,8.00873538721002,6.485149233545915,-34.41711381378961,-14.85450790506628,1,7.7
155,-21.51134276594251,-18.252619731336953,-34.441380524748865,-14.849200562669411,-23.21485361311819,17.561699010729065,-20.793598238885192,-1.2605288447565834,4.394637928086789,-20.706477257099465,6.807992864549749,-4.310759416874718,2.8293690139209478,-16.566984247317542,2.825818081850268,10.14197801936629,7.682216704034414,20.699503507984957,7.857171569956801,6.4829143604669905,-34.61375331984792,-14.837843274069302,1,7.75
156,-21.868095543768888,-18.142849268479253,-34.79627511777899,-14.822375078118252,-23.54087380862488,17.495357259206635,-21.27675873127336,-1.270701579771095,4.326061428239132,-20.725598867252767,6.655192017571195,-4.317782823297542,2.6421947261543384,-16.612042808810187,2.7106412490147753,10.128683591732743,7.561124798990234,20.705128517434705,7.705152640133709,6.480692949921182,-34.79627511777899,-14.822375078118252,1,7.800000000000001
157,-22.21284559175183,-18.033932142947265,-35.12612903467594,-14.787405506451753,-23.864632313780536,17.43042658893984,-21.747390330310875,-1.278635278117324,4.258158570849231,-20.744136876803296,6.502983142733287,-4.324535304873664,2.4558714707597638,-16.655209074374227,2.5957096234253765,10.11551888603643,7.4394910401169225,20.7105797994309,7.552700980326133,6.478484339816698,-35.046914007356975,-14.613401242801618,1,7.8500000000000005
158,-22.545664495805195,-17.92588425118294,-35.431628770717815,-14.74420904040034,-24.1860953217302,17.36688638350139,-22.206038079956233,-1.2843099994432532,4.190894512341696,-20.762121471989147,6.351335620787351,-4.331030874957296,2.270392426360851,-16.69651193079634,2.4810105219486784,10.102477192521924,7.317343454336624,20.715866339876317,7.399838973119515,6.476287868061723,-35.28799174038432,-14.41239916142076,1,7.9
159,-22.866799806953672,-17.818665282827578,-35.71386163630288,-14.692729702017072,-24.50523277275465,17.304699045336125,-22.653534567874445,-1.2877288797903885,4.124234409141067,-20.77958283904837,6.200218832484735,-4.33728354690254,2.0857507715810835,-16.73598026486312,2.366531261451229,10.089551801433904,7.19471006857153,20.720997124673715,7.246589001099263,6.474102872564511,-35.51950831686101,-14.219368833975686,1,7.95
160,-23.17649907622192,-17.71223492752246,-35.97391494182935,-14.632911513355099,-24.822014607134648,17.243826976888926,-23.09071238173053,-1.2888950552002416,4.058143417672026,-20.79655116421906,6.049602158576841,-4.343307334063518,1.901939685044148,-16.77364296336122,2.252259158799605,10.076736003016956,7.071618909743929,20.725981139725878,7.092973446850718,6.4719286912332,-35.74146373678705,-14.0343102604664,1,8.0
161,-23.475009854634667,-17.606552874908928,-36.212875997695484,-14.564698496467456,-25.13641076515091,17.184232580604647,-23.518404109189532,-1.2878116617143422,3.992586694359124,-20.81305663373927,5.899454979814934,-4.34911624979438,1.7189523453735804,-16.80952891307727,2.138181530860413,10.06402308751572,6.948098004775876,20.730827370935568,6.939014692959311,6.4697646619760825,-35.9538580001624,-13.85722344089292,1,8.05
162,-23.76257969321651,-17.50157881462826,-36.43183211429953,-14.488034673407315,-25.448391187084212,17.125878258928108,-23.937442337916423,-1.284481835374197,3.927529395626976,-20.829129433847097,5.7497466769503855,-4.354724307449266,1.5367819311930155,-16.843667000797947,2.0242856945002314,10.051406345174836,6.824175380589687,20.735544804205563,6.784735122010453,6.467610122701282,-36.156691106987104,-13.688108375255196,1,8.1
163,-24.039456142992183,-17.39727243632174,-36.631870602039754,-14.402864066227764,-25.757925813215312,17.068726414304223,-24.348659655576267,-1.2789087122213163,3.862936677900171,-20.844799750780602,5.600446630734581,-4.360145520382337,1.3554216211259815,-16.87608611330988,1.9105589665856293,10.038879066238913,6.699879064107498,20.740142425438616,6.630157116589591,6.465464411317067,-36.34996305726115,-13.526965063553273,1,8.15
164,-24.30588675498632,-17.293593429630686,-36.81407877131438,-14.309130696981907,-26.064984583824952,17.01273944917781,-24.752888649834038,-1.2710954282972167,3.798773697603293,-20.860097770777834,5.4515242219188025,-4.365393901947691,1.1748645937961355,-16.906815137399708,1.7969886639832213,10.026434540952577,6.5752370822515545,20.744629220537515,6.4753030592820515,6.463326865731619,-36.533673850984535,-13.373793505787132,1,8.200000000000001
165,-24.562119080223592,-17.190501484196417,-36.97954393252167,-14.206778587722873,-26.36953743919388,16.957879765993738,-25.150961908354777,-1.2610451196434138,3.735005611160979,-20.87505368007692,5.302948831254458,-4.3704834654994915,0.9951040278270359,-16.935882959854073,1.683562103559555,10.014066059560475,6.450277461944028,20.74901417540501,6.3201953326733005,6.461196823853151,-36.70782348815727,-13.228593701956761,1,8.25
166,-24.80840066972872,-17.087956289660184,-37.12935339605989,-14.095751760503715,-26.671554319602862,16.904109767196882,-25.543712018803507,-1.2487609223014042,3.6715975749977954,-20.889697664915886,5.15468983949285,-4.375428224391836,0.8161331018422342,-16.963318467459594,1.5702666021811926,10.001766912307225,6.325028230107078,20.75330627594389,6.16485631934867,6.459073623589872,-36.87241196877933,-13.091365652062187,1,8.3
167,-25.04497907452633,-16.985917535663347,-37.26459447232726,-13.9759942373776,-26.971005165332635,16.85139185523208,-25.93197156884524,-1.2342459723127375,3.608514745538402,-20.90405991153286,5.006716627385373,-4.380242191978947,0.6379449944654021,-16.98915054700297,1.4570894767147635,9.989530389437434,6.199517413662969,20.757514508056904,6.009308401893636,6.456956602849981,-37.02743929285073,-12.962109356103399,1,8.35
168,-25.27210184564113,-16.88434491184715,-37.38635447172204,-13.847450040397614,-27.26785991666397,16.79968843254418,-26.316573146144968,-1.2175034057188858,3.5457222792073058,-20.91817060616586,4.858998575683286,-4.38493938161488,0.4605328843200684,-17.013408085270783,1.34401804402683,9.97734978119576,6.073773039533894,20.761647857646864,5.853573962893574,6.454845099541708,-37.17290546037149,-12.840824814080385,1,8.4
169,-25.490016534097755,-16.783198107852947,-37.495720704642494,-13.710063191616884,-27.562088513877605,16.748961901578056,-26.698349338367724,-1.1985363585614186,3.4831853324291515,-20.932059935053005,4.711505065138041,-4.389533806653818,0.28388995002985196,-17.036119969049714,1.2310396209839545,9.965218377826824,5.947823134641997,20.765715310616486,5.697675384933886,6.452738451573225,-37.30881047134159,-12.727512025993168,1,8.450000000000001
170,-25.698970690920916,-16.682436813321992,-37.59378048148687,-13.563777713088452,-27.853660897254315,16.699174664778585,-27.078132733178563,-1.177347966881779,3.4208690616285278,-20.945758084432317,4.564205476500912,-4.394039480449857,0.10800937021831929,-17.057315085126376,1.1181415244527138,9.953129469575263,5.821695725909514,20.769725852868586,5.541635050599956,6.45063599685278,-37.43515432576101,-12.622170991841735,1,8.5
171,-25.899211867135268,-16.582020717895613,-37.681621112653396,-13.408537626865503,-28.142547007074818,16.650289124590586,-27.456755918242443,-1.1539413667215361,3.35873862323008,-20.959295240541902,4.417069190523286,-4.398470416357197,-0.06711567649093325,-17.077022320287433,1.0053110712997535,9.94107634668567,5.695418840258643,20.7736884703059,5.38547534247722,6.448537073288549,-37.551937023629776,-12.52480171162607,1,8.55
172,-26.09098761376549,-16.481909511215118,-37.76032990854035,-13.244286955001128,-28.428716783619873,16.60226768345893,-27.835051481224422,-1.1283196941221818,3.2967591736583457,-20.972701589619856,4.270065587956472,-4.402840627729912,-0.241492011474279,-17.095270561319523,0.8925355783915823,9.929052299402684,5.569020504611606,20.77761214883122,5.229218643151081,6.44644101878875,-37.65915856494789,-12.435404185346206,1,8.6
173,-26.274545481836252,-16.38206288292177,-37.83099417954597,-13.07096971954838,-28.712140167170272,16.555072743828486,-28.2138520097895,-1.1004860851252412,3.2348958693379677,-20.986007317904214,4.123164049551821,-4.407164127922166,-0.4151264561081969,-17.11208869500928,0.779802362594793,9.917050617970952,5.442528745890517,20.781505874347296,5.0728873352069295,6.4443471712615965,-37.75681894971534,-12.35397841300211,1,8.65
174,-26.45013302237224,-16.28244052265692,-37.89470123606848,-12.888529942560409,-28.992787098006715,16.508666708144105,-28.593990091602702,-1.0704436757722062,3.1731138666935,-20.99924261163307,3.9763339560607474,-4.411454930288128,-0.5880258317690301,-17.127505608143384,0.6670987407760303,9.905064592635082,5.315971591017648,20.785378632756917,4.9165038012301885,6.442254868615307,-37.84491817793212,-12.280524394593831,1,8.700000000000001
175,-26.617997786398124,-16.18300212006182,-37.95253838850617,-12.696911646090335,-29.270627516409988,16.463011978850645,-28.97629831432903,-1.0381956021046215,3.1113783221495694,-21.012437657044476,3.8295446882345097,-4.415727048181878,-0.7601969598332425,-17.141550187508415,0.5544120298017736,9.89308751363972,5.189377066915187,20.789239409962846,4.76009042380619,6.440163448758052,-37.92345624959827,-12.215042130121306,1,8.75
176,-26.778387324938553,-16.0837073647778,-38.00559294725727,-12.496058852191265,-29.545631362660842,16.41807095839295,-29.36160926563351,-1.003745000163989,3.0496543921307833,-21.02562264037656,3.682765626824479,-4.419994494957588,-0.931646661677215,-17.154251319891024,0.44172954653867547,9.881112671229458,5.062773200505379,20.793097191867826,4.603669585520408,6.438072249598059,-37.99243316471374,-12.157531619584582,1,8.8
177,-26.93154918901822,-15.984515946446145,-38.054952222720026,-12.285915582916259,-29.817768577040002,16.3738060492159,-29.750755533181174,-0.9670950059917948,2.9879072330617245,-21.038827747867348,3.5359661525820414,-4.4242712839694,-1.1023817586773437,-17.165637892077903,0.32903860785331307,9.869133355648962,4.936188018710322,20.7969609643747,4.447263668958229,6.435980609043545,-38.05184892327854,-12.107992862983636,1,8.85
178,-27.0777309296618,-15.885387554708165,-38.1017035252927,-12.066425860318462,-30.087009099828265,16.33017965376435,-30.14456970463702,-0.9282487556295891,2.9261020013669987,-21.052083165754908,3.3891156462584937,-4.42857142857143,-1.2724090722101074,-17.175738790855675,0.2163265306122484,9.857142857142858,4.8096495484522706,20.800839713386157,4.290895056705075,6.433887865002721,-38.1017035252927,-12.066425860318462,1,8.9
179,-27.217180097893966,-15.78628187920519,-38.146730088132244,-11.8376813927732,-30.353322871306336,16.28715417448315,-30.543650160639487,-0.8872257574428618,2.864203853471219,-21.065419080277362,3.242183488605243,-4.432908942117829,-1.4417354236518038,-17.184582903010973,0.10358063168206642,9.845134465955743,4.683185816653417,20.804742424805006,4.134586131346339,6.431793355383777,-38.146730088132244,-11.8376813927732,1,8.950000000000001
180,-27.350144244739397,-15.687158609578457,-38.1900988354305,-11.600364633944524,-30.616679831755004,16.244692013817144,-30.947658453720763,-0.8441110090930922,2.802177945798946,-21.07886567767271,3.0951390603735485,-4.437297837962742,-1.6103676343789504,-17.19219911533044,-0.00921177207067089,9.833101472332276,4.5568248502359445,20.80867808453401,3.97835927546739,6.429696418094905,-38.1900988354305,-11.600364633944524,1,9.0
181,-27.476870921222766,-15.58797743546932,-38.23167261413796,-11.355305723818772,-30.877049921455004,16.20275557421121,-31.35602192938639,-0.7990058805657286,2.7399894347748086,-21.09245314417912,2.947951742314819,-4.441752129460277,-1.7783125257678665,-17.198616314600695,-0.12206336377934107,9.821037166517053,4.430594676122073,20.812655678475952,3.8222368716536494,6.427596391044369,-38.23167261413796,-11.355305723818772,1,9.05
182,-27.597607678368718,-15.488698046519039,-38.2713142712052,-11.10333480238224,-31.13440308068709,16.161307258110202,-31.76816793314196,-0.7520117418462101,2.677603476823405,-21.106211666034575,2.800590915180395,-4.446285829964618,-1.945576919195055,-17.2038633876084,-0.23498682657740458,9.80893483875474,4.304523321234002,20.816684192533586,3.6662413024905494,6.425492612140322,-38.2713142712052,-11.10333480238224,1,9.1
183,-27.71260206720197,-15.389280132368944,-38.30888665358274,-10.845282009621238,-31.388709249732024,16.120309467958975,-32.183523810493064,-0.7032299629200187,2.6149852283693025,-21.120171429477214,2.6530259597215946,-4.450912952829871,-2.11216763603685,-17.20796922114021,-0.34799484359825417,9.796787779289918,4.178638812493905,20.820772612609677,3.5103949505634504,6.423384419291009,-38.30888665358274,-10.845282009621238,1,9.15
184,-27.822101638747153,-15.289683382660362,-38.3442526082211,-10.581977485522058,-31.639938368870546,16.07972460620239,-32.60151690694525,-0.652761913772637,2.5520998458371826,-21.134362620745094,2.505226256689812,-4.455647511410177,-2.2780914976697177,-17.21096270198278,-0.4611000979752899,9.78458927836724,4.0529691768240195,20.824929924606998,3.354720198457814,6.42127115040461,-38.3442526082211,-10.581977485522058,1,9.200000000000001
185,-27.926353944028982,-15.18986748703452,-38.37727498207082,-10.314251370071005,-31.888060378383425,16.039515075285294,-33.021574568004134,-0.6007089643894409,2.488912485651524,-21.148815426076254,2.3571611868363433,-4.460503519059662,-2.443355325470036,-17.212872716922696,-0.5743152728419798,9.77233262623136,3.9275424411464908,20.82916511442834,3.199239428758979,6.41915214338935,-38.37727498207082,-10.314251370071005,1,9.25
186,-28.02560653407212,-15.089792135132758,-38.40781662208246,-10.042933803254364,-32.1330452185514,15.999643277652554,-33.443124139175275,-0.5471724847559272,2.4253883042370368,-21.163560031708812,2.208800130912566,-4.465494989132516,-2.6079659408142186,-17.213728152746654,-0.6876530513317317,9.760011113126874,3.8023866323835467,20.833487167976454,3.0439750240523837,6.4170267361534306,-38.40781662208246,-10.042933803254364,1,9.3
187,-28.120106959901218,-14.989417016596393,-38.435740375206514,-9.768854925058507,-32.37486282965521,15.960071615749028,-33.86559296596425,-0.4922538448576074,2.361492458018229,-21.17862662388085,2.060112469669807,-4.470635934982812,-2.7719301650786754,-17.213557896241273,-0.8011261165779457,9.747618029298403,3.6775297774573783,20.837905071154115,2.888949366923427,6.41489426660507,-38.435740375206514,-9.768854925058507,1,9.35
188,-28.210102772540978,-14.888701821066697,-38.46090908839353,-9.492844875469665,-32.61348315197564,15.920762492019565,-34.288408393876644,-0.43605441467987194,2.2971901034197524,-21.19404538883038,1.9110675838594224,-4.475940369964714,-2.935254819639833,-17.212390834193183,-0.9147471517140597,9.735146664990573,3.5529999032902584,20.842427809864077,2.7341848399574937,6.412754072652443,-38.46090908839353,-9.492844875469665,1,9.4
189,-28.29584152301604,-14.787606238185004,-38.48318560859404,-9.21573379447417,-32.848876125793424,15.881678308909038,-34.710997768418025,-0.37867556420822723,2.2324463968662194,-21.20984651279555,1.7616348542328053,-4.481422307432371,-3.0979467258740714,-17.21025585338907,-1.0285288398734513,9.722590310448028,3.428825036804288,20.84706437000914,2.5797038257400677,6.410605492203781,-38.48318560859404,-9.21573379447417,1,9.450000000000001
190,-28.377570762351116,-14.686089957592579,-38.50243278275861,-8.938351822058301,-33.08101169138933,15.84278146886229,-35.132788435094,-0.3202186634280784,2.1672264947821986,-21.226060182014365,1.6117836615411836,-4.487095760739914,-3.260012705157817,-17.20718184061552,-1.1424838641895887,9.709942255915408,3.3050332049216875,20.851823737492065,2.4255287068564124,6.4084478631673045,-38.50243278275861,-8.938351822058301,1,9.5
191,-28.455538041570858,-14.584112668930745,-38.51851345783773,-8.661529098208362,-33.30985978904408,15.804034374324191,-35.553207739410134,-0.26078508232490777,2.1014955535922804,-21.242716582724942,1.4614833865360117,-4.492974743241465,-3.4214595788674895,-17.203197682659216,-1.2566249077958718,9.697195791637311,3.181652434564617,20.8567148982156,2.271681865892041,6.406280523451217,-38.51851345783773,-8.661529098208362,1,9.55
192,-28.52999091169994,-14.481634061840785,-38.531290480781955,-8.386095762910735,-33.53539035903845,15.765399427739592,-35.971683026871986,-0.2004761908841783,2.035218729721101,-21.25984590116538,1.3107034099686303,-4.499073268291185,-3.5822941683794913,-17.198332266306767,-1.3709646538257232,9.684344207858366,3.058710752655373,20.861746838082535,2.118185685432331,6.404102810963703,-38.531290480781955,-8.386095762910735,1,9.600000000000001
193,-28.601176923763045,-14.378613825964015,-38.54062669854181,-8.112881956151632,-33.75757334165319,15.726839031553348,-36.38764164298515,-0.13939335909134826,1.9683611795932288,-21.277478323573675,1.1594131125902978,-4.505405349243206,-3.742523295070234,-17.192614478344822,-1.4855157854125436,9.671380794823232,2.9362361861160786,20.866928542995634,1.9650625480626365,6.4019140636129706,-39.683078879404945,-7.490231535788003,1,9.65
194,-28.669343628784823,-14.275011650941735,-38.54638495806783,-7.842717817917397,-33.976378677169045,15.68831558821032,-36.80051093325521,-0.07763795693187092,1.900888059633269,-21.295644036187994,1.0075818751524679,-4.511984999451652,-3.9021537803161057,-17.18607320556008,-1.6002909856897705,9.658298842776501,2.814256761868992,20.872268998857656,1.8123348363684781,6.399713619307253,-40.7909298459279,-6.628541965830745,1,9.700000000000001
195,-28.734738577789976,-14.17078722641525,-38.54842810631055,-7.576433488194312,-34.191776305866775,15.649791500155352,-37.20971824318776,-0.015311354391189979,1.8327645262658276,-21.31437322524631,0.8551790784064286,-4.518826232270667,-4.061192445493555,-17.178737334739107,-1.7153029377908122,9.645091641962825,2.692800506836281,20.877777191571397,1.6600249329351204,6.3975008159547455,-41.85484338035078,-5.801027053038911,1,9.75
196,-28.79760932180318,-14.065900242025831,-38.546618990220516,-7.314859106968688,-34.40373616802713,15.61122916983334,-37.61469091828835,0.04748507854521705,1.7639557359154807,-21.333696076986758,0.7021741031035214,-4.525943061054381,-4.219646111978994,-17.17063575266859,-1.8305643248491208,9.631752482626817,2.5718954479400766,20.88346210703962,1.5081552203480386,6.395274991463655,-42.87481948267361,-5.007686797412531,1,9.8
197,-28.85820341184909,-13.96031038741483,-38.54082045674824,-7.058824814226842,-34.61222820393086,15.572590999689103,-38.01485630406256,0.11064997189190649,1.694426845006886,-21.35364277764744,0.5485363299950945,-4.533349499156986,-4.377521601148765,-17.16179734613515,-1.9460878299980593,9.618274655013094,2.4515696121026886,20.889332731165066,1.35674808119264,6.393035483742197,-43.85085815289637,-4.2485211989516,1,9.850000000000001
198,-28.91676839895239,-13.853977352223472,-38.530895352844276,-6.80916074995505,-34.81722235385873,15.533839392167515,-38.409641746015986,0.17408195566341533,1.6241430099645748,-21.37424351346636,0.3942351398325114,-4.541059559932528,-4.534825734379369,-17.15225100192544,-2.0618861363711183,9.604651449366328,2.331851026246227,20.89539804985054,1.2058258980543246,6.3907816306985685,-44.78295939101907,-3.523530257656089,1,9.9
199,-28.973551834137737,-13.746860826093148,-38.516706525459135,-6.566697054139649,-35.018688558091476,15.494936749713428,-38.79847458965421,0.23767965987427575,1.5530693872131827,-21.39552847068163,0.23923991336712833,-4.5490872567352145,-4.691565333047151,-17.142025606826117,-2.1779719271016225,9.590876155931102,2.2127677172929703,20.901667048998785,1.055411053518462,6.388512770240975,-45.671123197041716,-2.8327139735260407,1,9.950000000000001
200,-29.028801268429817,-13.638920498665097,-38.49811682154338,-6.332263866766925,-35.21659675690985,15.455845474771698,-39.18078218048279,0.30134171453903913,1.4811711331772925,-21.41752783553134,0.0835200313502861,-4.5574466029191765,-4.847747218528545,-17.131150047623787,-2.294357885323063,9.576942064952023,2.0943477121650886,20.908148714512595,0.9055259301705122,6.386228240277625,-46.5153495709643,-2.1760723465614316,1,10.0
201,-29.082764252853327,-13.530116059580664,-38.47498908804752,-6.106691327823189,-35.410916890594635,15.41652796978719,-39.55599186400731,0.36496674967227166,1.4084134042815109,-21.44027179425354,-0.07295512546666671,-4.566151611838517,-5.003378212199959,-17.11965321110512,-2.411056694168824,9.562842466673791,1.9766190377847634,20.91485203229474,0.7561929105958454,6.383927378716732,-47.31563851278682,-1.553605376762262,1,10.05
202,-29.13568833843289,-13.420407198481096,-38.44718617192209,-5.890809577294714,-35.60161889942654,15.376946637204759,-39.923530985733365,0.4284533952884618,1.3347613569504577,-21.46379053308629,-0.23021617633241176,-4.575216296847405,-5.158465135437767,-17.10756398405675,-2.5280810367723747,9.548570651340988,1.859609721074149,20.92178598824796,0.6074343773798687,6.381609523466505,-48.07199002250928,-0.9653130641285506,1,10.100000000000001
203,-29.187821076193227,-13.309753605007694,-38.41457092011765,-5.685448755167837,-35.788672723686346,15.337063879469275,-40.28282689116653,0.49170028140221433,1.2601801476086565,-21.48811423826769,-0.3882937404956307,-4.5846546712999565,-5.3130148096184815,-17.094911253265266,-2.645443596267084,9.534119909198253,1.7433477889555258,20.92895956827506,0.45927271310792955,6.379274012435162,-48.78440410013168,-0.41119540866026877,1,10.15
204,-29.23941001715899,-13.198114968801812,-38.3770061795847,-5.4914390014288434,-35.9720483036548,15.296842099025575,-40.63330692581237,0.5546060380280372,1.184634932680796,-21.513273096035803,-0.5472184372048696,-4.594480748550314,-5.467034056118411,-17.08172390551743,-2.7631570557863983,9.519483530490199,1.6278612683510616,20.936381758278785,0.31173030036554816,6.376920183530882,-49.452880745654035,0.10874758964254966,1,10.200000000000001
205,-29.290702712354847,-13.085450979504738,-38.33435479727379,-5.30961045606406,-36.15171557961264,15.256243698318526,-40.97439843517647,0.6170692951804577,1.1080908685914514,-21.53929729262873,-0.7070208857088551,-4.604708541952646,-5.620529696314016,-17.068030827599788,-2.8812340984636866,9.504654805461465,1.51317818618294,20.944061544161908,0.16482952173804918,6.374547374661905,-50.07741995907631,0.5945159307799386,1,10.25
206,-29.341946712805484,-12.971721326757757,-38.28647962013545,-5.140793259059763,-36.32764449184064,15.215231079792964,-41.305528764764425,0.6789886828740467,1.0305131117651989,-21.566217014284526,-0.8677317052562241,-4.6153520648610495,-5.773508551581675,-17.053860906299015,-2.9996874074324174,9.489627024356675,1.3993265693734118,20.952007911827195,0.018592759810870094,6.372154923736408,-50.65802174039854,1.0461096147518836,1,10.3
207,-29.393389569535575,-12.856885700202163,-38.23324349512022,-4.985817550402256,-36.499804980619544,15.173766645893798,-41.626125260081785,0.740262831123346,0.9518668186266437,-21.594062447241203,-1.0293815150956802,-4.62642533062968,-5.925977443297837,-17.039243028401746,-3.1185296658260144,9.474393477420474,1.286334444844592,20.960229847177448,-0.12695760283062685,6.369742168662612,-51.194686089620696,1.4635286415583895,1,10.350000000000001
208,-29.445278833569798,-12.740903789479265,-38.174509269178635,-4.845513470077858,-36.668166986230105,15.131812799065843,-41.93561526663415,0.8007903699428732,0.8721171456003921,-21.622863777736942,-1.192000934475785,-4.637942352612684,-6.077943192838884,-17.024206080694622,-3.2377735567778836,9.458947454897453,1.1742298395187243,20.96873633611541,-0.271799183601004,6.36730844734873,-51.6874130067428,1.846773011199432,1,10.4
209,-29.4978620559328,-12.623735284230362,-38.11013978926122,-4.720711158072862,-36.832700448953084,15.089331941753965,-42.2334261299271,0.8604699293472138,0.7912292491110422,-21.65265119200974,-1.3556205826452579,-4.649917144164152,-6.229412621581225,-17.008778949964288,-3.3574317634214186,9.44328224703227,1.0630407803180293,20.977536364543848,-0.41590959991488413,6.364853097702959,-52.13620249176484,2.1958427236750446,1,10.450000000000001
210,-29.55138678764929,-12.505339874096764,-38.039997902318504,-4.6122407543735795,-36.9933753090692,15.046286476403035,-42.518985195466215,0.9192001393508659,0.7091682855831998,-21.683454876297738,-1.5202710788527347,-4.662363718638299,-6.380392550901272,-16.9929905229974,-3.477516968890073,9.427391144069533,0.9527952941646674,20.98663891836554,-0.5592664691868298,6.36237545763352,-52.54105454468682,2.5107377789851997,1,10.5
211,-29.606100579743913,-12.385677248719766,-37.96394645530103,-4.520932398966291,-37.15016150685925,15.002638805457886,-42.79171980875706,0.9768796299683955,0.6258994114414405,-21.71530501683895,-1.6859830423468598,-4.675296089389221,-6.5308898021754604,-16.97686968658057,-3.5980418563172534,9.411267436253894,0.8435214079808518,20.99605298348326,-0.701847408831471,6.35987486504862,-52.90196916550874,2.791458177129939,1,10.55
212,-29.66225098324135,-12.264707097740661,-37.88184829515934,-4.4476162318373405,-37.30302898260395,14.95835133136341,-43.051057315305215,1.0334070312143495,0.5413877831103853,-21.748231799871473,-1.8527870923762924,-4.68872826977105,-6.680911196780154,-16.960445327500462,-3.7190191088363758,9.394904413829947,0.7352471486887886,21.005787545799752,-0.8436300362633552,6.35735065785644,-53.2189463542306,3.038003918109215,1,10.600000000000001
213,-29.7200855491663,-12.142389110800751,-37.793566268843946,-4.393122392973012,-37.45194767658408,14.913386456564437,-43.29642506061627,1.0886809731032405,0.4555985570146171,-21.782265411633368,-2.020713848189691,-4.7026742731379265,-6.830463556091817,-16.943746332543736,-3.840461409580877,9.378295367042352,0.6280005432106606,21.015851591217835,-0.9845919688971505,6.354802173965221,-53.49198611085241,3.250375001923033,1,10.65
214,-29.779851828543393,-12.018682977541339,-37.698963223305405,-4.358281022359584,-37.596887529080384,14.86770658350582,-43.5272503901958,1.1426000856496492,0.3684968895787496,-21.817436038362732,-2.189793929035738,-4.717148112843981,-6.97955370148683,-16.926801588496964,-3.962381441684128,9.36143358613571,0.521809618468666,21.026254105640234,-1.1247108241473889,6.352228751283164,-53.72108843537415,3.4285714285714257,1,10.700000000000001
215,-29.84179737239733,-11.89354838760375,-37.59790200549423,-4.3439222599834055,-37.73781848037361,14.821274114632434,-43.74296064954939,1.1950629988681027,0.28004793722738086,-21.85377386629763,-2.3600579541630013,-4.732163802243384,-7.128188454341591,-16.909639982146878,-4.084791888279613,9.344312361354673,0.4167024013850255,21.037004074969737,-1.263964219428693,6.349629727718452,-53.72108843537415,3.4285714285714257,1,10.75
216,-29.90616973175279,-11.766945030629257,-37.490245462360974,-4.350876245830747,-37.87471047074452,14.774051452389145,-43.942983184182616,1.2459683427731187,0.19021685638510916,-21.891309081676134,-2.531536542820253,-4.747735354690242,-7.276374636032539,-16.892290400280057,-4.207705432500699,9.326924982943844,0.3127069188819298,21.048110485109127,-1.4023297721556713,6.347004441179319,-53.72108843537415,3.4285714285714257,1,10.8
217,-29.973216457634432,-11.638832596259158,-37.37585644085615,-4.379973119887907,-38.00753344047384,14.7260009992208,-44.12674533960104,1.295214747379297,0.09896880347652526,-21.930071870736313,-2.7042603142560324,-4.763876783538709,-7.424119067936055,-16.87478172968318,-4.331134757480811,9.309264741147873,0.20985119788156212,21.05958232196113,-1.5397850997429303,6.344352229573964,-53.72108843537415,3.4285714285714257,1,10.850000000000001
218,-30.043185101066943,-11.509170774134766,-37.25459778793031,-4.432043022141209,-38.13625732984235,14.677085157572238,-44.29367446131025,1.3427008427011313,0.006268934926234948,-21.970092419716245,-2.878259887719043,-4.780602102142915,-7.571428571428583,-16.857142857142858,-4.455092546353409,9.291324926211368,0.10816326530612798,21.071428571428566,-1.6763078196050332,6.34167243081061,-53.72108843537415,3.4285714285714257,1,10.9
219,-30.043185101066943,-11.509170774134766,-37.25459778793031,-4.432043022141209,-38.13625732984235,14.677085157572238,-44.29367446131025,1.3427008427011313,0.006268934926234948,-21.970092419716245,-2.878259887719043,-4.780602102142915,-7.571428571428583,-16.857142857142858,-4.455092546353409,9.291324926211368,0.10816326530612798,21.071428571428566,-1.6763078196050332,6.34167243081061,-53.72108843537415,3.4285714285714257,1,10.950000000000001
220,-30.043185101066943,-11.509170774134766,-37.25459778793031,-4.432043022141209,-38.13625732984235,14.677085157572238,-44.29367446131025,1.3427008427011313,0.006268934926234948,-21.970092419716245,-2.878259887719043,-4.780602102142915,-7.571428571428583,-16.857142857142858,-4.455092546353409,9.291324926211368,0.10816326530612798,21.071428571428566,-1.6763078196050332,6.34167243081061,-53.72108843537415,3.4285714285714257,1,11.0
221,-30.043185101066943,-11.509170774134766,-37.25459778793031,-4.432043022141209,-38.13625732984235,14.677085157572238,-44.29367446131025,1.3427008427011313,0.006268934926234948,-21.970092419716245,-2.878259887719043,-4.780602102142915,-7.571428571428583,-16.857142857142858,-4.455092546353409,9.291324926211368,0.10816326530612798,21.071428571428566,-1.6763078196050332,6.34167243081061,-53.72108843537415,3.4285714285714257,1,11.05
222,-30.043185101066943,-11.509170774134766,-37.25459778793031,-4.432043022141209,-38.13625732984235,14.677085157572238,-44.29367446131025,1.3427008427011313,0.006268934926234948,-21.970092419716245,-2.878259887719043,-4.780602102142915,-7.571428571428583,-16.857142857142858,-4.455092546353409,9.291324926211368,0.10816326530612798,21.071428571428566,-1.6763078196050332,6.34167243081061,-53.72108843537415,3.4285714285714257,1,11.100000000000001
223,-30.043185101066943,-11.509170774134766,-37.25459778793031,-4.432043022141209,-38.13625732984235,14.677085157572238,-44.29367446131025,1.3427008427011313,0.006268934926234948,-21.970092419716245,-2.878259887719043,-4.780602102142915,-7.571428571428583,-16.857142857142858,-4.455092546353409,9.291324926211368,0.10816326530612798,21.071428571428566,-1.6763078196050332,6.34167243081061,-53.72108843537415,3.4285714285714257,1,11.15
224,-30.043185101066943,-11.509170774134766,-37.25459778793031,-4.432043022141209,-38.13625732984235,14.677085157572238,-44.29367446131025,1.3427008427011313,0.006268934926234948,-21.970092419716245,-2.878259887719043,-4.780602102142915,-7.571428571428583,-16.857142857142858,-4.455092546353409,9.291324926211368,0.10816326530612798,21.071428571428566,-1.6763078196050332,6.34167243081061,-53.72108843537415,3.4285714285714257,1,11.200000000000001
