Frame,Home_13_x,Home_13_y,Home_65_x,Home_65_y,Home_1848_x,Home_1848_y,Home_2067_x,Home_2067_y,Home_2937_x,Home_2937_y,Home_5326_x,Home_5326_y,Home_8101_x,Home_8101_y,Home_9623_x,Home_9623_y,Home_9626_x,Home_9626_y,Home_9627_x,Home_9627_y,ball_x,ball_y,Period,Time [s]
0,26.355600852231078,-7.703142478304549,29.440810719764258,-27.970416632482742,29.063640467978605,1.6526040656113596,33.58211848041906,17.063947226404654,32.07054985852442,-7.44768081962427,34.9744132833398,-4.675265404813835,6.129251700680264,-8.857142857142854,12.042176870748296,12.714285714285715,3.9659863945578255,2.2857142857142922,15.35918367346939,22.42857142857143,32.07054985852442,-7.44768081962427,1,0.0
1,26.355600852231078,-7.703142478304549,29.440810719764258,-27.970416632482742,29.063640467978605,1.6526040656113596,33.58211848041906,17.063947226404654,32.07054985852442,-7.44768081962427,34.9744132833398,-4.675265404813835,6.129251700680264,-8.857142857142854,12.042176870748296,12.714285714285715,3.9659863945578255,2.2857142857142922,15.35918367346939,22.42857142857143,32.07054985852442,-7.44768081962427,1,0.05
2,26.355600852231078,-7.703142478304549,29.440810719764258,-27.970416632482742,29.063640467978605,1.6526040656113596,33.58211848041906,17.063947226404654,32.07054985852442,-7.44768081962427,34.9744132833398,-4.675265404813835,6.129251700680264,-8.857142857142854,12.042176870748296,12.714285714285715,3.9659863945578255,2.2857142857142922,15.35918367346939,22.42857142857143,32.07054985852442,-7.44768081962427,1,0.1
3,26.355600852231078,-7.703142478304549,29.440810719764258,-27.970416632482742,29.063640467978605,1.6526040656113596,33.58211848041906,17.063947226404654,32.07054985852442,-7.44768081962427,34.9744132833398,-4.675265404813835,6.129251700680264,-8.857142857142854,12.042176870748296,12.714285714285715,3.9659863945578255,2.2857142857142922,15.35918367346939,22.42857142857143,32.07054985852442,-7.44768081962427,1,0.15000000000000002
4,26.355600852231078,-7.703142478304549,29.440810719764258,-27.970416632482742,29.063640467978605,1.6526040656113596,33.58211848041906,17.063947226404654,32.07054985852442,-7.44768081962427,34.9744132833398,-4.675265404813835,6.129251700680264,-8.857142857142854,12.042176870748296,12.714285714285715,3.9659863945578255,2.2857142857142922,15.35918367346939,22.42857142857143,32.07054985852442,-7.44768081962427,1,0.2
5,26.355600852231078,-7.703142478304549,29.440810719764258,-27.970416632482742,29.063640467978605,1.6526040656113596,33.58211848041906,17.063947226404654,32.07054985852442,-7.44768081962427,34.9744132833398,-4.675265404813835,6.129251700680264,-8.857142857142854,12.042176870748296,12.714285714285715,3.9659863945578255,2.2857142857142922,15.35918367346939,22.42857142857143,32.07054985852442,-7.44768081962427,1,0.25
6,26.355600852231078,-7.703142478304549,29.440810719764258,-27.970416632482742,29.063640467978605,1.6526040656113596,33.58211848041906,17.063947226404654,32.07054985852442,-7.44768081962427,34.9744132833398,-4.675265404813835,6.129251700680264,-8.857142857142854,12.042176870748296,12.714285714285715,3.9659863945578255,2.2857142857142922,15.35918367346939,22.42857142857143,32.07054985852442,-7.44768081962427,1,0.30000000000000004
7,26.643669267375707,-7.47962537692889,29.561009978096525,-27.89742228636869,29.285947532389176,1.6780457628254248,33.68005858753612,17.11149849096759,32.33414972371434,-7.633251434596372,35.25557700122597,-4.560943016576022,6.129251700680264,-8.857142857142868,12.099863945578235,12.67402597402598,3.965986394557818,2.2857142857142922,15.452269635126775,22.39740259740259,32.33414972371434,-7.633251434596372,1,0.35000000000000003
8,26.931830662560703,-7.262003245735716,29.6939019771942,-27.821552191794556,29.51031191213546,1.7047569714911393,33.78103038151201,17.14872233746742,32.58711728780631,-7.808799699185215,35.530802472940316,-4.454032417213122,6.129251700680264,-8.857142857142854,12.157551020408164,12.633766233766234,3.9659863945578255,2.2857142857142922,15.545355596784146,22.366233766233766,32.58711728780631,-7.808799699185215,1,0.4
9,27.220042815758447,-7.050122349004371,29.839106652604578,-27.742917275949218,29.736682584927582,1.732598277339771,33.88499203790639,17.175904876140237,32.829713007875874,-7.974565098954605,35.800251049260595,-4.3543513799411295,6.129251700680264,-8.857142857142854,12.215238095238096,12.593506493506489,3.965986394557818,2.2857142857142922,15.638441558441547,22.33506493506495,32.829713007875874,-7.974565098954605,1,0.45
10,27.50826350494135,-6.843828951014307,29.996243939874887,-27.66162846602157,29.9650085284756,1.7614302661026506,33.99190173227899,17.193332217222206,33.06219734099866,-8.130787119468309,36.06408408096462,-4.261717677976051,6.129251700680287,-8.85714285714285,12.272925170068053,12.553246753246762,3.96598639455784,2.2857142857143016,15.731527520098963,22.303896103896108,33.06219734099866,-8.130787119468309,1,0.5
11,27.7964505080818,-6.642969316044919,30.164933774552434,-27.577796689200557,30.195238720489684,1.7911135235110172,34.10171764018948,17.201290470949417,33.284830744250286,-8.277705246290175,36.322462918830155,-4.175949084533957,6.129251700680287,-8.85714285714285,12.330612244897956,12.51298701298701,3.9659863945578255,2.2857142857142922,15.824613481756346,22.27272727272727,33.284830744250286,-8.277705246290175,1,0.55
12,28.084561603152192,-6.447389708375659,30.34479609218448,-27.49153287267499,30.427322138679898,1.8215086352962258,34.214397937197546,17.200065747558003,33.49787367470635,-8.415558964984015,36.575548913635025,-4.09686337283086,6.129251700680264,-8.85714285714285,12.388299319727885,12.472727272727274,3.9659863945578255,2.2857142857142922,15.917699443413717,22.241558441558443,33.49787367470635,-8.415558964984015,1,0.6000000000000001
13,28.372554568124958,-6.256936392285855,30.535450828318314,-27.402947943633823,30.661207760756408,1.852476187189549,34.32990079886288,17.18994415728411,33.701586589442485,-8.544587761113618,36.823503416156996,-4.0242783160827225,6.129251700680264,-8.85714285714285,12.445986394557824,12.432467532467538,3.9659863945578255,2.2857142857142922,16.01078540507112,22.210389610389612,33.701586589442485,-8.544587761113618,1,0.65
14,28.660387180972467,-6.071455632054992,30.736517918501217,-27.312152829265937,30.896844564429248,1.883876764922255,34.44818440074518,17.171211810363868,33.89622994553425,-8.665031120242805,37.066487777173855,-3.9580116875056284,6.129251700680264,-8.857142857142854,12.503673469387753,12.392207792207792,3.965986394557818,2.2857142857142922,16.103871366728505,22.179220779220778,33.89622994553425,-8.665031120242805,1,0.7000000000000001
15,28.948017219667133,-5.890793691962455,30.94761729828047,-27.219258456760194,31.134181527408597,1.9155709542256987,34.5692069184041,17.144154817033403,34.08206420005727,-8.777128527935325,37.30466334746338,-3.8978812603155473,6.129251700680287,-8.85714285714285,12.561360544217685,12.351948051948058,3.9659863945578255,2.2857142857142922,16.196957328385906,22.148051948051943,34.08206420005727,-8.777128527935325,1,0.75
16,29.23540246218136,-5.714796836287658,31.16836890320332,-27.12437575330552,31.37316762740457,1.9474193408311333,34.69292652739938,17.109059287528833,34.259349810087194,-8.881119469755056,37.53819147780337,-3.8437048077285367,6.129251700680287,-8.857142857142854,12.619047619047628,12.311688311688313,3.9659863945578255,2.2857142857142922,16.290043290043293,22.116883116883116,34.259349810087194,-8.881119469755056,1,0.8
17,29.52250068648755,-5.543311329310011,31.398392668817063,-27.027615646090833,31.613751842127257,1.9792825104698708,34.8193014032907,17.0662113320863,34.428347232699565,-8.977243431265785,37.76723351897161,-3.7953001029606144,6.129251700680264,-8.857142857142854,12.676734693877552,12.271428571428567,3.965986394557818,2.2857142857142922,16.38312925170069,22.08571428571429,34.428347232699565,-8.977243431265785,1,0.8500000000000001
18,29.809269670558106,-5.376183435308932,31.637308530668992,-26.929089062304968,31.85588314928674,2.0110210488732125,34.9482897216377,17.015897060941935,34.58931692497001,-9.065739898031316,37.99195082174591,-3.7524849192277645,6.129251700680287,-8.85714285714285,12.734421768707502,12.231168831168842,3.965986394557818,2.2857142857142922,16.476215213358074,22.05454545454546,34.58931692497001,-9.065739898031316,1,0.9
19,30.095667192365397,-5.213259418563815,31.88473642430638,-26.82890692913686,32.09951052659317,2.0424955417724506,35.07984965800012,16.95840258433184,34.74251934397415,-9.146848355615402,38.212504736903995,-3.7150770297460682,6.129251700680287,-8.857142857142854,12.792108843537413,12.190909090909097,3.9659863945578255,2.2857142857142922,16.56930117501546,22.023376623376624,34.74251934397415,-9.146848355615402,1,0.9500000000000001
20,30.381651029881862,-5.054385543354088,32.140296285276456,-26.727180173775412,32.34458295175663,2.0735665748988485,35.21393938793765,16.894014012492168,34.88821494678759,-9.22080828958196,38.42905661522371,-3.682894207731486,6.129251700680264,-8.857142857142868,12.849795918367349,12.150649350649353,3.965986394557818,2.2857142857142825,16.662387136672848,21.992207792207797,34.88821494678759,-9.22080828958196,1,1.0
21,30.6671789610799,-4.899408073959155,32.40360804912653,-26.624019723409475,32.591049402487286,2.1040947339837563,35.35051708700994,16.82301745565904,35.02666419048591,-9.287859185494696,38.64176780748282,-3.655754226400084,6.129251700680287,-8.857142857142854,12.90748299319728,12.110389610389607,3.965986394557818,2.2857142857142825,16.755473098330235,21.961038961038966,35.02666419048591,-9.287859185494696,1,1.05
22,30.95220876393189,-4.748173274658431,32.6742916514039,-26.519536505227975,32.83885885649517,2.1339406047584517,35.48954093077673,16.745699024068607,35.15812753214474,-9.348240528917458,38.850799664459124,-3.6334748589678507,6.129251700680264,-8.857142857142854,12.96517006802721,12.07012987012987,3.9659863945578255,2.2857142857142922,16.84855905998762,21.92987012987014,35.15812753214474,-9.348240528917458,1,1.1
23,31.236698216410257,-4.6005274097313436,32.951967027655826,-26.413841446419763,33.08796029149046,2.162964772954236,35.630969094797656,16.662344827956954,35.28286542883967,-9.402191805414056,39.05631353693041,-3.615873878650815,6.129251700680287,-8.857142857142854,13.022857142857148,12.029870129870126,3.9659863945578255,2.2857142857142922,16.94164502164505,21.898701298701294,35.28286542883967,-9.402191805414056,1,1.1500000000000001
24,31.52060509648738,-4.4563167434572675,33.236254113429574,-26.30704547417383,33.33830268518327,2.191027824302387,35.77475975463244,16.57324097756024,35.401138337646316,-9.449952500548294,39.25847077567443,-3.602769058665028,6.129251700680264,-8.857142857142854,13.080544217687084,11.989610389610382,3.9659863945578255,2.2857142857142922,17.034730983302417,21.867532467532477,35.401138337646316,-9.449952500548294,1,1.2000000000000002
25,31.803887182135675,-4.315387540115636,33.52677284427243,-26.19925951567895,33.58983501528362,2.2179903445342166,35.92087108584078,16.478673583114606,35.51320671564027,-9.491762099883953,39.45743273146901,-3.5939781722264743,6.129251700680264,-8.857142857142868,13.138231292517002,11.949350649350645,3.965986394557818,2.2857142857142922,17.127816944959818,21.836363636363636,35.833723872955915,-10.066856967382723,1,1.25
26,32.086502251327516,-4.177586063985869,33.823143155731685,-26.090594498124094,33.842506259501725,2.2437129193810215,36.06926126398232,16.37892875485614,35.61933101989718,-9.527860088984879,39.653360755091924,-3.589318992551162,6.129251700680264,-8.857142857142868,13.195918367346945,11.909090909090912,3.9659863945578255,2.2857142857142922,17.22090290661719,21.80519480519482,36.25629916447326,-10.669485958951563,1,1.3
27,32.36840808203539,-4.0427585793473595,34.124984983354594,-25.981161348698144,34.096265395547675,2.2680561345740937,36.21988846461684,16.27429260302099,35.71977170749262,-9.558485953414838,39.84641619732099,-3.588609292855144,6.129251700680287,-8.857142857142854,13.25360544217687,11.868831168831175,3.9659863945578255,2.2857142857142922,17.313988868274578,21.774025974025975,36.66886421219831,-11.257839475254837,1,1.35
28,32.64956245223158,-3.9107513504795217,34.431918262688434,-25.87107099459,34.35106140113151,2.2908805758447253,36.37271086330389,16.165051237845304,35.814789235502175,-9.583879178737666,40.036760408933915,-3.591666846354409,6.129251700680264,-8.85714285714285,13.311292517006805,11.82857142857143,3.965986394557818,2.2857142857142922,17.40707482993196,21.74285714285716,37.07141901613104,-11.831917516292522,1,1.4000000000000001
29,32.92992313988855,-3.7814106416617883,34.74356292928048,-25.760434362988534,34.60684325396343,2.312046828924228,36.527686635603295,16.051490769565188,35.90464406100149,-9.604279250517198,40.224554740708605,-3.5983094262650317,6.129251700680264,-8.857142857142868,13.368979591836721,11.788311688311685,3.965986394557818,2.2857142857142922,17.500160791589344,21.711688311688306,37.46396357627148,-12.391720082064625,1,1.4500000000000002
30,33.209447922978704,-3.6545827171735406,35.05953891867802,-25.649362381082646,34.86355993175352,2.3314154795438746,36.68477395707469,15.933897308416787,35.989596641066164,-9.619925654317157,40.40996054342272,-3.6083548058029886,6.129251700680264,-8.857142857142868,13.426666666666671,11.74805194805194,3.965986394557818,2.2857142857142922,17.593246753246746,21.68051948051947,37.84649789261965,-12.937247172571102,1,1.5
31,33.48809457947442,-3.5301138412942104,35.379466166428344,-25.537965976061226,35.12116041221186,2.3488471134349904,36.84393100327774,15.812556964636213,36.069907432771785,-9.63105787570139,40.5931391678541,-3.621620758184292,6.129251700680287,-8.857142857142854,13.484353741496614,11.707792207792215,3.9659863945578255,2.2857142857142922,17.686332714904133,21.649350649350655,38.21902196517553,-13.46849878781199,1,1.55
32,33.765820887348134,-3.407850278303212,35.702964608078695,-25.426356075113173,35.37959367304861,2.3642023163288592,37.005115949772154,15.687755848459606,36.14583689319397,-9.637915400233739,40.77425196478059,-3.6379250566250088,6.129251700680287,-8.857142857142854,13.542040816326532,11.66753246753247,3.965986394557818,2.2857142857142922,17.779418676561534,21.61818181818181,38.581535793939146,-13.985474927787317,1,1.6
33,34.042584624572214,-3.2876382924799348,36.02965417917637,-25.314643605427403,35.63880869197386,2.377341673956758,37.168286972117606,15.559780070123079,36.21764547940832,-9.640737713477984,40.95346028497989,-3.6570854743411085,6.129251700680264,-8.857142857142868,13.599727891156466,11.627272727272732,3.9659863945578255,2.2857142857142922,17.87250463821892,21.587012987012987,38.93403937891045,-14.488175592497042,1,1.6500000000000001
34,34.31834356911905,-3.1693241481038217,36.35915481526865,-25.20293949419279,35.89875444669767,2.3881257720500217,37.33340224587383,15.42891573986278,36.28559364849044,-9.639764300997909,41.13092547922984,-3.678919784548633,6.129251700680287,-8.857142857142854,13.657414965986407,11.587012987012978,3.9659863945578255,2.2857142857142922,17.96559059987632,21.55584415584416,39.276532720089456,-14.976600781941166,1,1.7000000000000002
35,34.5930554989611,-3.052754109454248,36.69108645190279,-25.091354668598196,36.15937991493025,2.3964151963399236,37.5004199466005,15.295448967914828,36.34994185751595,-9.635234648357327,41.30680889830822,-3.7032457604636067,6.129251700680301,-8.85714285714285,13.71510204081634,11.546753246753253,3.9659863945578255,2.2857142857142922,18.058676561533705,21.52467532467533,39.609015817476184,-15.450750496119706,1,1.75
36,34.86667819207069,-2.937774440810637,37.025069024626106,-24.98000005583258,36.420634074381624,2.4020705325577563,37.669298249857285,15.159665864515356,36.41095056356044,-9.627388241120094,41.48127189299279,-3.7298811753020704,6.129251700680264,-8.857142857142854,13.772789115646267,11.506493506493507,3.965986394557818,2.2857142857142922,18.151762523191106,21.493506493506494,39.9314886710706,-15.910624735032654,1,1.8
37,35.139169426420295,-2.8242314064524314,37.36072246898585,-24.868986583084805,36.68246590276196,2.404952366434836,37.8399953312039,15.021852539900486,36.468880223699536,-9.616464564849954,41.65447581406135,-3.7586438022799937,6.129251700680264,-8.857142857142854,13.830476190476178,11.466233766233763,3.9659863945578255,2.2857142857142922,18.24484848484849,21.46233766233767,40.24395128087278,-16.356223498680013,1,1.85
38,35.410486979982295,-2.711971270658992,37.69766672052929,-24.758425177543756,36.944824377781345,2.4049212837024343,38.012469366199994,14.882295104306362,36.52399129500879,-9.602703105110736,41.82658201229171,-3.7893514146134253,6.129251700680264,-8.857142857142854,13.888163265306137,11.425974025974028,3.9659863945578255,2.2857142857142922,18.337934446505876,21.431168831168833,40.546403646882624,-16.787546787061775,1,1.9000000000000001
39,35.68058863072904,-2.6008402977097855,38.035521714803714,-24.648426766398327,37.207658477149906,2.4018378700918834,38.18667853040526,14.741279667969103,36.576544234563876,-9.586343347466256,41.997751838461625,-3.8218217855183965,6.129251700680287,-8.857142857142854,13.945850340136047,11.385714285714283,3.9659863945578255,2.2857142857142922,18.431020408163263,21.4,40.83884576910022,-17.20459460017798,1,1.9500000000000002
40,35.94943215663297,-2.4906847518841726,38.37390738735638,-24.53910227683744,37.47091717857776,2.395562711334451,38.362580999379425,14.599092341124832,36.626799499440395,-9.56762477748032,42.168146643348905,-3.855872688210921,6.129251700680287,-8.857142857142854,14.003537414966003,11.345454545454547,3.9659863945578255,2.2857142857142922,18.52410636982068,21.368831168831175,41.12127764752551,-17.607366938028566,1,2.0
41,36.216975335666525,-2.3813508974615964,38.71244367373461,-24.430562636049974,37.73454945977498,2.385956393161424,38.54013494868218,14.45601923400969,36.67501754671391,-9.546786880716736,42.337927777731316,-3.891321895907002,6.129251700680264,-8.857142857142868,14.061224489795913,11.305194805194802,3.965986394557818,2.2857142857142922,18.617192331478048,21.337662337662323,41.3936992821585,-17.99586380061355,1,2.0500000000000003
42,36.483175945802024,-2.272684998721442,39.05075050948561,-24.3229187712248,37.99850429845171,2.3728795013041335,38.71929855387319,14.312346456859782,36.721458833460055,-9.524069142739274,42.50725659238668,-3.927987181822673,6.129251700680287,-8.857142857142868,14.118911564625847,11.264935064935067,3.9659863945578255,2.2857142857142922,18.710278293135417,21.306493506493506,41.65611067299917,-18.370085187932965,1,2.1
43,36.747991765011946,-2.1645333199431414,39.388447830156764,-24.216281609550837,38.26273067231805,2.3561926214938618,38.90002999051213,14.168360119911267,36.76638381675443,-9.499711049111776,42.676294438092754,-3.9656863191739413,6.129251700680287,-8.857142857142854,14.176598639455774,11.224675324675323,3.965986394557818,2.2857142857142922,18.803364254792832,21.27532467532469,41.908511820047615,-18.73003109998679,1,2.15
44,37.01138057126863,-2.0567421254060996,39.72515557129524,-24.11076207821698,38.52717755908412,2.3357563394619056,39.08228743415876,14.02434633340027,36.81005295367263,-9.473952085398047,42.84520266562734,-4.004237081176836,6.129251700680287,-8.857142857142854,14.234285714285717,11.184415584415577,3.9659863945578255,2.2857142857142922,18.89645021645022,21.244155844155845,42.15090272330376,-19.075701536775004,1,2.2
45,37.27330014254453,-1.949157679389759,40.060493668448366,-24.006471104412118,38.791793936460024,2.3114312409395334,39.26602906037265,13.88059120756288,36.85272670129027,-9.447031737161907,43.01414262576823,-4.043457241047427,6.129251700680287,-8.857142857142868,14.291972789115643,11.14415584415584,3.9659863945578255,2.2857142857142922,18.989536178107606,21.212987012987,42.38328338276757,-19.407096498297626,1,2.25
46,37.533708256812,-1.8416262461734656,40.39408205716341,-23.903519615325145,39.056528782155866,2.2830779116580904,39.4512130447136,13.737380852635274,36.89466551668295,-9.419189489967115,43.18327566929316,-4.083164572001656,6.129251700680287,-8.857142857142868,14.349659863945577,11.103896103896098,3.965986394557818,2.2857142857142922,19.082622139765007,21.181818181818187,42.605653798439135,-19.724215984554686,1,2.3000000000000003
47,37.792562692043475,-1.733994090036682,40.725540672987634,-23.802018538144917,39.32133107388178,2.2505569373488448,39.637797562741255,13.595001378853587,36.936129856926314,-9.3906648293775,43.35276314697998,-4.123176847255584,6.129251700680287,-8.857142857142854,14.407346938775504,11.06363636363636,3.9659863945578255,2.2857142857142922,19.17570810142241,21.150649350649342,42.81801397031838,-20.027059995546146,1,2.35
48,38.049821226211314,-1.626107475258807,41.05448945146835,-23.70207880006041,39.58614978934785,2.2137289037430974,39.825740790015296,13.453738896453897,36.97738017909591,-9.361697240956893,43.52276640960647,-4.1633118400251865,6.129251700680264,-8.857142857142854,14.465034013605443,11.023376623376626,3.9659863945578255,2.2857142857142922,19.268794063079774,21.11948051948052,43.02036389840534,-20.315628531272008,1,2.4000000000000004
49,38.305441637287984,-1.5178126661192402,41.38054832815282,-23.60381132826045,39.850933906264196,2.172454396572155,40.01500090209543,13.313879515672362,37.0186769402674,-9.33252621026906,43.69344680795039,-4.203387323526553,6.129251700680301,-8.857142857142854,14.522721088435379,10.98311688311688,3.9659863945578255,2.2857142857142922,19.361880024737175,21.08831168831168,43.212703582700065,-20.58992159173228,1,2.45
50,38.55938170324584,-1.408955926897405,41.703337238588325,-23.507327049933963,40.11563240234095,2.126594001567311,40.205536074541335,13.175709346745107,37.060280597516346,-9.30339122287785,43.86496569278955,-4.243221070975665,6.129251700680287,-8.857142857142854,14.580408163265304,10.942857142857127,3.9659863945578255,2.2857142857142922,19.454965986394562,21.057142857142846,43.39503302320244,-20.849939176926963,1,2.5
51,38.8115992020573,-1.2993835218727154,42.02247611832209,-23.41273689226984,40.38019425528819,2.0760083044598376,40.397304482912695,13.039514499908272,37.102451607918354,-9.27453176434704,44.03748441490172,-4.282630855588557,6.129251700680287,-8.857142857142868,14.63809523809524,10.9025974025974,3.9659863945578255,2.2857142857142922,19.54805194805195,21.025974025974023,43.56735221991255,-21.095681286856056,1,2.5500000000000003
52,39.06205191169474,-1.1889417153245896,42.33758490290148,-23.32015178245696,40.64456844281607,2.0205578909810598,40.590264302769235,12.905581085397971,37.145450428549054,-9.246187320240443,44.21116432506471,-4.321434450581239,6.129251700680264,-8.857142857142868,14.695782312925164,10.862337662337664,3.9659863945578255,2.2857142857142922,19.641137909709336,20.9948051948052,43.72966117283042,-21.327147921519547,1,2.6
53,39.31069761013058,-1.0774767715324076,42.64828352787371,-23.22968264768423,40.908703942634666,1.9601033468622615,40.7843737096706,12.774195213450334,37.189537516484044,-9.218597376121867,44.38616677405625,-4.35944962916972,6.129251700680301,-8.857142857142854,14.7534693877551,10.822077922077918,3.9659863945578255,2.2857142857142922,19.73422387136672,20.963636363636372,43.88195988195594,-21.544339080917485,1,2.6500000000000004
54,39.55749407533723,-0.9648349547756078,42.954191928786074,-23.141440415140533,41.17254973245415,1.8945052578347532,40.97959087917649,12.645642994301495,37.234973328798944,-9.192001417555119,44.56265311265421,-4.396494164570046,6.129251700680287,-8.857142857142868,14.811156462585034,10.781818181818194,3.9659863945578255,2.2857142857142922,19.82730983302412,20.93246753246754,44.02424834728918,-21.74725476504978,1,2.7
55,39.80239908528707,-0.8508625293336035,43.254930041185865,-23.055536012014766,41.436054789984546,1.8236242096298174,41.175873986846646,12.520210538187593,37.282018322569314,-9.166638930103993,44.74078469163633,-4.4323858299982355,6.129251700680301,-8.857142857142854,14.868843537414975,10.741558441558448,3.9659863945578255,2.2857142857142922,19.920395794681518,20.901298701298703,44.15652656883013,-21.935894973916522,1,2.75
56,40.045370417952526,-0.7354057594857798,43.55011780062032,-22.972080365495827,41.699168092935984,1.7473207879787567,41.37318120824066,12.398183955344734,37.330932954870825,-9.142749399332317,44.92072286178039,-4.466942398670273,6.129251700680301,-8.857142857142854,14.926530612244909,10.701298701298713,3.9659863945578255,2.2857142857142922,20.013481756338905,20.87012987012987,44.2787945465788,-22.110259707517667,1,2.8000000000000003
57,40.28636585130599,-0.6183109095115841,43.83937514263675,-22.89118440277265,41.96183861901861,1.6654555786128622,41.57147071891828,12.27984935600906,37.381977682779024,-9.120572310803896,45.10262897386417,-4.499981643802229,6.129251700680264,-8.857142857142868,14.984217687074826,10.66103896103896,3.9659863945578255,2.2857142857142922,20.106567717996292,20.838961038961035,44.39105228053516,-22.270348965853216,1,2.85
58,40.525343163319846,-0.4994242436904014,44.12232200278242,-22.812959051034067,42.22401534594253,1.5778891672634412,41.770700694439206,12.165492850416697,37.43541296336955,-9.10034715008252,45.286664378665506,-4.531321338610094,6.129251700680287,-8.857142857142868,15.04190476190476,10.620779220779214,3.9659863945578255,2.2857142857142922,20.199653679653665,20.807792207792218,44.49329977069928,-22.41616274892318,1,2.9000000000000004
59,40.762260131966514,-0.3785920263016502,44.398578316604585,-22.737515237468983,42.485647251417845,1.4844821396617762,41.97082931036313,12.055400548803773,37.49149925371801,-9.082313402731984,45.47299042696218,-4.560779256309885,6.129251700680301,-8.857142857142854,15.099591836734696,10.580519480519488,3.9659863945578255,2.2857142857142922,20.29273964131108,20.776623376623377,44.58553701707106,-22.54770105672754,1,2.95
60,40.99707453521839,-0.2556605216247587,44.667764019650576,-22.66496388926632,42.74668331315467,1.385095081539183,42.1718147422497,11.94985856140642,37.55049701089997,-9.066710554316138,45.66176846953192,-4.588173170117649,6.129251700680264,-8.857142857142854,15.157278911564644,10.540259740259742,3.9659863945578255,2.2857142857142922,20.385825602968463,20.74545454545454,44.667764019650576,-22.66496388926632,1,3.0
61,41.22968865568424,-0.13057956381051694,44.929579373490625,-22.59536103410437,43.00693680621855,1.279710949535635,42.373472037136914,11.849043926538945,37.61253259353647,-9.053675301139116,45.852951263805735,-4.613447614694552,6.129251700680264,-8.857142857142854,15.214965986394562,10.499999999999998,3.9659863945578255,2.2857142857142922,20.478911564625847,20.714285714285715,44.654342092743455,-20.785652970520054,1,3.0500000000000003
62,41.459782794518325,-0.0037132664954947357,45.18404594378706,-22.52854310161919,43.26567819509664,1.1688021839259404,42.57504372797587,11.75269739482835,37.67719596642998,-9.042933182466532,46.04565719382701,-4.637054170482568,6.129251700680287,-8.857142857142854,15.272653061224482,10.459740259740263,3.9659863945578255,2.2857142857142922,20.571997526283248,20.68311688311689,44.64135313122047,-18.96696498463657,1,3.1
63,41.68698175751125,0.12447068681234753,45.43126562222515,-22.46429162193621,43.522042241631574,1.0529635958935737,42.77562921919593,11.660450644979871,37.74394299592832,-9.034106948304451,46.238796050292464,-4.659571179368815,6.129251700680287,-8.857142857142854,15.330340136054417,10.419480519480517,3.9659863945578255,2.2857142857142922,20.665083487940635,20.651948051948057,44.628797135081555,-17.20889993161589,1,3.1500000000000004
64,41.91091035045365,0.25350461260506874,45.67134030049018,-22.402388125180906,43.77516370766603,0.9327899966220241,42.97432791522639,11.57193535569868,37.81222954837934,-9.026819348658783,46.43127762389875,-4.681576983240428,6.129251700680287,-8.857142857142868,15.388027210884351,10.37922077922078,3.965986394557818,2.2857142857142922,20.75816944959802,20.620779220779223,44.61667410432675,-15.51145781145798,1,3.2
65,42.13119337913616,0.38292082737473265,45.904371870267454,-22.34261414147871,44.02417735504255,0.8088761972947904,43.170239220496775,11.48678320568997,37.881511490130954,-9.020693133535541,46.62201170534239,-4.703649923984522,6.129251700680287,-8.857142857142868,15.445714285714283,10.338961038961038,3.9659863945578255,2.2857142857142825,20.851255411255423,20.589610389610375,44.60498403895604,-13.874638624162838,1,3.25
66,42.347455649349364,0.512251647613345,46.1304622232423,-22.2847512009551,44.2682179456038,0.6818170090953279,43.36246253943632,11.404625873658937,37.951244687530966,-9.01535105294073,46.809908085320096,-4.726368343488223,6.129251700680287,-8.857142857142868,15.503401360544217,10.298701298701292,3.9659863945578255,2.2857142857142922,20.944341372912806,20.55844155844156,44.59372693896946,-12.298442369730505,1,3.3000000000000003
67,42.55932196688392,0.6410293898129646,46.349713251099956,-22.228580833735478,44.506420241192394,0.55220724320715,43.55009727647445,11.32509503831079,38.02088500692726,-9.01041585688033,46.99387655452852,-4.750310583638686,6.129251700680264,-8.857142857142868,15.561088435374137,10.258441558441547,3.965986394557818,2.2857142857142825,21.037427334570175,20.527272727272717,44.582902804366974,-10.78286904816093,1,3.35
68,42.76641713753045,0.7687863704656698,46.5622268455258,-22.173884569945354,44.73791900365095,0.42064171081376484,43.73224283604059,11.247822378350726,38.089888314667675,-9.005510295360326,47.17282690366423,-4.776054986322991,6.129251700680264,-8.857142857142854,15.618775510204086,10.21818181818182,3.9659863945578255,2.2857142857142922,21.13051329622759,20.496103896103904,44.57251163514856,-9.327918659454147,1,3.4000000000000004
69,42.968365967079535,0.8950549060634663,46.76810489820503,-22.120443939710192,44.961848994822034,0.2877152230985942,43.907998622563994,11.172439572483915,38.15771047710005,-9.000257118386694,47.3456689234239,-4.804179893428306,6.129251700680264,-8.857142857142868,15.676462585034004,10.177922077922076,3.965986394557818,2.2857142857142825,21.223599257884977,20.46493506493507,44.56255343131426,-7.93359120361016,1,3.45
70,43.16479326132184,1.0193673130984031,46.96744930082301,-22.068040473155392,45.17734497654831,0.1540225912451899,44.07646404047412,11.09857829941562,38.22380736057229,-8.99427907596547,47.51131240450413,-4.835263646841746,6.129251700680287,-8.857142857142854,15.734149659863968,10.137662337662341,3.9659863945578255,2.2857142857142922,21.316685219542393,20.433766233766235,44.55302819286408,-6.5998866806289325,1,3.5
71,43.35532382604794,1.1412559080625444,47.16036194506502,-22.016455700406443,45.383541710672425,0.02015862643699762,44.23673849420032,11.025870237850956,38.2876348314322,-8.987198918102607,47.66866713760159,-4.869884588450437,6.129251700680287,-8.857142857142854,15.791836734693872,10.097402597402604,3.9659863945578255,2.2857142857142825,21.409771181199766,20.402597402597397,44.54393591979795,-5.326805090510505,1,3.5500000000000003
72,43.539582467048504,1.2602530074479104,47.3469447226163,-21.965471151588805,45.579573959036956,-0.11328186014246455,44.387921388171904,10.953947066495175,38.34864875602767,-8.978639394804087,47.816642913412906,-4.908621060141505,6.129251700680287,-8.857142857142854,15.849523809523808,10.057142857142871,3.9659863945578255,2.2857142857142922,21.50285714285715,20.371428571428574,44.53527661211596,-4.114346433254837,1,3.6
73,43.71719399011414,1.375890927746569,47.52729952516224,-21.914868356827913,45.76457648348455,-0.24570405730975098,44.52911212681835,10.882440464053452,38.40630500070654,-8.968223256075945,47.95414952263468,-4.952051403802088,6.129251700680287,-8.857142857142854,15.90721088435374,10.016883116883115,3.9659863945578255,2.2857142857142825,21.595943104514532,20.34025974025974,44.527050269818055,-2.962510708861976,1,3.6500000000000004
74,43.88778320103542,1.4877019854505509,47.701528244388086,-21.864428846249254,45.93768404585778,-0.37651315388131934,44.65941011456894,10.810982109230988,38.46005943181665,-8.955573251924143,48.08009675596358,-5.000753961319322,6.129251700680264,-8.857142857142854,15.964897959183673,9.97662337662337,3.965986394557818,2.2857142857142825,21.68902906617192,20.309090909090905,44.519256892904245,-1.8712979173318807,1,3.7
75,44.05097490560307,1.5952184970519048,47.86973277197913,-21.813934149978238,46.098031407999294,-0.5051143386737482,44.77791475585309,10.739203680732997,38.50936791570588,-8.940312132354654,48.193394404096225,-5.0553070745802895,6.129251700680264,-8.857142857142854,16.02258503401361,9.936363636363634,3.965986394557818,2.2857142857142825,21.78211502782932,20.27792207792209,44.51189648137454,-0.8407080586645832,1,3.75
76,44.20639390960764,1.6979727790426704,48.03201499962064,-21.763165798140342,46.24475333175172,-0.6309128005034904,44.88372545510016,10.666736857264643,38.5536863187221,-8.92206264737348,48.2929522577292,-5.116289085472162,6.129251700680287,-8.857142857142854,16.08027210884354,9.8961038961039,3.9659863945578255,2.2857142857142825,21.875200989486707,20.246753246753244,44.50496903522894,0.12925886713993975,1,3.8000000000000003
77,44.353665018839756,1.7954971479148971,48.18847681899796,-21.711905320860986,46.37698457895766,-0.7533137281871004,44.975941616739505,10.593213317531147,38.592470507213136,-8.900447546986626,48.37768010755924,-5.184278335882056,6.129251700680287,-8.857142857142854,16.137959183673473,9.855844155844155,3.9659863945578255,2.2857142857142922,21.968286951144094,20.21558441558442,44.49847455446745,1.0386028600816692,1,3.85
78,44.49241303909003,1.8873239201606342,48.33922012179638,-21.6599342482657,46.49385991145973,-0.8717223105410647,45.05366264520049,10.518264740237704,38.625176347526825,-8.875089581200065,48.44648774428289,-5.259853167697081,6.129251700680264,-8.857142857142854,16.195646258503395,9.815584415584409,3.9659863945578255,2.2857142857142922,22.061372912801477,20.184415584415575,44.49241303909003,1.8873239201606342,1,3.9000000000000004
79,44.62236874680483,1.9731320013852849,48.48434679970117,-21.607034110479887,46.594824333424285,-0.985614527952882,45.116325457725516,10.441620300808967,38.651395741263215,-8.845716409888716,48.498628985146034,-5.343364021268069,6.129251700680264,-8.857142857142854,16.25333333333333,9.775324675324663,3.9659863945578255,2.2857142857142825,22.154458874458893,20.15324675324675,44.62236874680483,1.9731320013852849,1,3.95
80,44.74368680105311,2.053186653647714,48.62395874439764,-21.552986437629002,46.680563818312336,-1.094749527093914,45.16471702280872,10.363399161547429,38.67126473103085,-8.81247533240323,48.53473375359141,-5.434249730800445,6.129251700680264,-8.857142857142854,16.311020408163262,9.735064935064939,3.9659863945578255,2.2857142857142922,22.247544836116294,20.122077922077928,44.74368680105311,2.053186653647714,1,4.0
81,44.85662783155966,2.127899728120173,48.75815784757108,-21.49757275983852,46.752074581908616,-1.1989572462064908,45.19996182175734,10.28381798147506,38.68505539469042,-8.775618557963098,48.55577599961089,-5.531721228963353,6.129251700680287,-8.857142857142854,16.368707482993194,9.694805194805193,3.9659863945578255,2.2857142857142922,22.340630797773663,20.090909090909093,44.85662783155966,2.127899728120173,1,4.05
82,44.96145246804915,2.197683075974867,48.88704600090684,-21.44057460723387,46.8103528399979,-1.2980676235329616,45.22318433587848,10.203093419613774,38.6930398101027,-8.735398295787919,48.5627296731965,-5.63498944842593,6.129251700680287,-8.857142857142854,16.42639455782313,9.654545454545458,3.9659863945578255,2.2857142857142825,22.43371675943105,20.059740259740266,44.96145246804915,2.197683075974867,1,4.1000000000000005
83,45.05842134024638,2.2629485483840615,49.010725096090056,-21.381773509940523,46.856394808364925,-1.3919105973156471,45.23550904647937,10.121442134985568,38.69549005512835,-8.692066755097263,48.55656872434019,-5.743265321857292,6.129251700680264,-8.857142857142854,16.484081632653066,9.614285714285703,3.9659863945578255,2.2857142857142922,22.526802721088437,20.028571428571432,45.05842134024638,2.2629485483840615,1,4.15
84,45.147795077876054,2.3241079965199476,49.12929702480623,-21.320950998083955,46.89119670279445,-1.480316105796877,45.23806043486718,10.039080786612358,38.692678207628106,-8.645876145110627,48.53826710303382,-5.855759781926565,6.129251700680287,-8.857142857142854,16.541768707482998,9.574025974025988,3.9659863945578255,2.2857142857142922,22.619888682745838,19.997402597402598,45.147795077876054,2.3241079965199476,1,4.2
85,45.22983431066287,2.381573271554797,49.24286367874053,-21.25788860178956,46.915754739071204,-1.5631140872190203,45.23196298234913,9.956226033516138,38.68487634546268,-8.597078675047602,48.50879875926944,-5.971683761302917,6.129251700680287,-8.857142857142854,16.59945578231293,9.533766233766233,3.9659863945578255,2.2857142857142922,22.712974644403236,19.966233766233763,45.22983431066287,2.381573271554797,1,4.25
86,45.304799668331576,2.435756224660793,49.35152694957824,-21.192367851182862,46.93106513297994,-1.6401344798244022,45.218341170232335,9.873094534718827,38.67235654649278,-8.545926554127737,48.46913764303889,-6.090248192655434,6.129251700680264,-8.857142857142868,16.657142857142865,9.493506493506493,3.965986394557818,2.2857142857142825,22.80606060606059,19.93506493506493,45.304799668331576,2.435756224660793,1,4.3
87,45.3729517806069,2.487068707010252,49.45538872900477,-21.12417027638926,46.938124100305366,-1.7112072218553045,45.19831947982397,9.7899029492424,38.65539088857911,-8.492671991570543,48.420257704334134,-6.210664008653254,6.129251700680264,-8.857142857142854,16.7148299319728,9.453246753246761,3.9659863945578255,2.2857142857142922,22.899146567718006,19.903896103896102,45.3729517806069,2.487068707010252,1,4.3500000000000005
88,45.43455127721355,2.5359225697753103,49.55455090870526,-21.053077407534243,46.93792785683234,-1.776162251554139,45.17302239243125,9.706867936108802,38.634251449582415,-8.437567196595625,48.36313289314721,-6.332142141965512,6.129251700680264,-8.857142857142854,16.772517006802733,9.412987012987012,3.9659863945578255,2.2857142857142922,22.992232529375393,19.872727272727268,45.43455127721355,2.5359225697753103,1,4.4
89,45.48985878787627,2.5827296641282635,49.64911538036511,-20.97887077474325,46.93147261834546,-1.8348295071632021,45.143574389361355,9.62420615433998,38.60921030736339,-8.3808643784225,48.29873715946995,-6.453893525261365,6.129251700680264,-8.857142857142854,16.830204081632637,9.372727272727271,3.9659863945578255,2.2857142857142825,23.08531849103278,19.84155844155845,45.48985878787627,2.5827296641282635,1,4.45
90,45.53913494231982,2.6279018412413344,49.739184035669595,-20.90133190814174,46.91975460062962,-1.8870389269248244,45.11109995192145,9.542134262957909,38.580539539782755,-8.32281574627072,48.22804445329435,-6.5751290912098765,6.129251700680287,-8.85714285714285,16.8878911564626,9.332467532467541,3.9659863945578255,2.2857142857142922,23.17840445269018,19.81038961038962,45.53913494231982,2.6279018412413344,1,4.5
91,45.58264037026884,2.671850952286734,49.824858766304,-20.820242337855163,46.90377001946945,-1.9326204490813739,45.076723561418724,9.460868920984524,38.548511224701194,-8.263673509359876,48.152028724612386,-6.6950597724802385,6.129251700680264,-8.857142857142854,16.945578231292522,9.29220779220779,3.9659863945578255,2.2857142857142922,23.271490414347564,19.779220779220793,45.58264037026884,2.671850952286734,1,4.55
92,45.620635701448144,2.714988848436693,49.90624146395361,-20.73538359400897,46.88451509064973,-1.9714040118751617,45.04156969916034,9.380626787441773,38.51339743997944,-8.20368987690949,48.07166392341593,-6.812896501741548,6.129251700680264,-8.857142857142854,17.003265306122437,9.25194805194806,3.965986394557818,2.2857142857142825,23.364576376004948,19.748051948051952,45.620635701448144,2.714988848436693,1,4.6000000000000005
93,45.65338156558239,2.757727380863484,49.98343402030374,-20.64653720672865,46.86298602995522,-2.003219553548508,45.006762846453476,9.301624521351634,38.475470263478215,-8.143117058139083,47.98792399969694,-6.927850211662967,6.129251700680264,-8.857142857142854,17.060952380952386,9.21168831168832,3.9659863945578255,2.2857142857142922,23.45766233766235,19.716883116883125,45.65338156558239,2.757727380863484,1,4.65
94,45.68113859239639,2.800478400739302,50.05653832703971,-20.55348470613961,46.84017905317067,-2.0278970123437965,44.97342748460529,9.22407878173604,38.43500177305825,-8.082207262268255,47.9017829034474,-7.039131834913591,6.129251700680264,-8.857142857142875,17.118639455782308,9.17142857142857,3.965986394557818,2.2857142857142825,23.550748299319736,19.68571428571428,45.68113859239639,2.800478400739302,1,4.7
95,45.7041674116148,2.8436537592363895,50.12565627584675,-20.456007622367327,46.817090376080834,-2.045266326503318,44.942688094923014,9.14820622761695,38.39226404658023,-8.021212698516536,47.81421458465925,-7.145952304162527,6.129251700680264,-8.857142857142854,17.176326530612258,9.131168831168845,3.9659863945578255,2.2857142857142922,23.643834260977123,19.654545454545445,45.7041674116148,2.8436537592363895,1,4.75
96,45.72272865296236,2.8876653075269836,50.190889758410215,-20.35388748553727,46.79471621447039,-2.0551574342694265,44.91566915871381,9.074223518016336,38.347529161904845,-7.9603855761034845,47.72619299332437,-7.247522552078949,6.129251700680264,-8.857142857142854,17.234013605442172,9.09090909090909,3.9659863945578255,2.2857142857142922,23.73692022263449,19.623376623376622,45.72272865296236,2.8876653075269836,1,4.800000000000001
97,45.73708294616379,2.932924896783318,50.252340666415364,-20.246905825774856,46.77405278412419,-2.0574002738844674,44.89349515728485,9.002347311956115,38.30106919689285,-7.899978104248663,47.638692079434776,-7.343053511331998,6.129251700680264,-8.857142857142854,17.291700680272122,9.050649350649358,3.9659863945578255,2.2857142857142922,23.83000618429189,19.592207792207798,46.66539248446088,2.143251692201089,1,4.8500000000000005
98,45.74749092094388,2.9798443781776167,50.31011089154749,-20.134844173205565,46.75609630082689,-2.0518247835907557,44.87729057194329,8.932794268458274,38.25315622940496,-7.840242492171617,47.5526857929824,-7.431756114590777,6.129251700680264,-8.857142857142868,17.349387755102043,9.01038961038962,3.965986394557818,2.2857142857142922,23.923092145949262,19.56103896103896,47.55092517465649,1.4439540535616415,1,4.9
99,45.75421320702729,3.028835602882131,50.36430232549194,-20.017484057954853,46.7418429803633,-2.0382609016306414,44.868179883996326,8.865781046544754,38.204062337301856,-7.781430949091866,47.46914808395915,-7.512841294524406,6.129251700680264,-8.857142857142868,17.40707482993196,8.970129870129874,3.9659863945578255,2.2857142857142825,24.016178107606677,19.529870129870126,48.379326723549106,0.7897723916085826,1,4.95
100,45.757510434138716,3.080310422069056,50.41501685993391,-19.894607010148178,46.73228903851809,-2.016538566246463,44.867287574751145,8.801524305237502,38.15405959844427,-7.723795684229,47.389052902357,-7.58551998380203,6.129251700680264,-8.857142857142868,17.46476190476191,8.929870129870128,3.965986394557818,2.2857142857142825,24.10926406926408,19.498701298701285,49.15059713113884,0.18070670634194613,1,5.0
101,45.75764323200299,3.1346806869106576,50.462356386558795,-19.76599455991097,46.728430691076056,-1.9864877156805276,44.87573812551493,8.740240703558486,38.10342009069293,-7.667588906802543,47.31337419816787,-7.649003115092775,6.129251700680264,-8.857142857142868,17.52244897959183,8.889610389610395,3.9659863945578255,2.2857142857142825,24.202350030921465,19.467532467532468,49.864736397425595,-0.3832430022382727,1,5.050000000000001
102,45.75487223034477,3.19235824857917,50.50642279705184,-19.6314282373687,46.731264153821996,-1.9479382881752036,44.89465601759484,8.682146900529641,38.052415891908524,-7.613062826032079,47.243085921383724,-7.702501621065768,6.129251700680264,-8.857142857142854,17.58013605442178,8.849350649350658,3.9659863945578255,2.2857142857142922,24.295435992578852,19.436363636363645,50.52174452240941,-0.9020767341320641,1,5.1000000000000005
103,45.74945805888879,3.253754958246802,50.54731798309835,-19.490689572646822,46.7417856425406,-1.9007202219728063,44.92516573229804,8.627459555172944,38.00131907995178,-7.560469651137125,47.17916202199652,-7.745226434390131,6.129251700680264,-8.857142857142854,17.6378231292517,8.80909090909092,3.9659863945578255,2.2857142857142922,24.38852195423625,19.40519480519481,51.121621506090285,-1.3757944893394474,1,5.15
104,45.74166134735983,3.319282667085792,50.58514383638361,-19.343560095870814,46.76099137301658,-1.84466345531569,44.96839175093176,8.57639532651033,37.950401732683396,-7.510061591337255,47.12257644999815,-7.7763884877350264,6.129251700680264,-8.857142857142854,17.695510204081614,8.768831168831182,3.9659863945578255,2.2857142857142922,24.481607915893633,19.374025974025983,51.66436734846823,-1.8043962678603938,1,5.2
105,45.73174272548252,3.389353226268385,50.620002248592925,-19.18982133716608,46.78987756103472,-1.7795979264461896,45.02545855480313,8.529170873563755,37.89993592796411,-7.462090855852019,47.07430315538061,-7.795198713769554,6.129251700680264,-8.857142857142854,17.753197278911564,8.728571428571437,3.9659863945578255,2.2857142857142922,24.574693877551034,19.34285714285715,52.14998204954323,-2.187882069694956,1,5.25
106,45.719962822981685,3.464378486966817,50.651995111411615,-19.029254826658118,46.82944042237977,-1.705353573606616,45.097490625219315,8.486002855355189,37.85019374365462,-7.41680965390098,47.0353160881358,-7.8008680451628365,6.129251700680264,-8.857142857142854,17.8108843537415,8.688311688311702,3.9659863945578255,2.2857142857142922,24.667779839208393,19.311688311688325,52.57846560931532,-2.5262518948430817,1,5.300000000000001
107,45.70658226958196,3.5447703003533055,50.681224316524954,-18.861642094472337,46.88067617283647,-1.6217603350393235,45.18561244348758,8.447107930906578,37.801447257615635,-7.374470194703647,47.00658919825569,-7.792607414584027,6.129251700680264,-8.857142857142854,17.868571428571435,8.648051948051952,3.9659863945578255,2.2857142857142922,24.760865800865822,19.28051948051948,52.949818027784424,-2.8195057433047945,1,5.3500000000000005
108,45.69186169500815,3.6309405176000884,50.707791755618196,-18.68676467073426,46.944581028189624,-1.5286481489866512,45.290948490915014,8.412702759239856,37.75396854770791,-7.335324687479599,46.98909643573225,-7.7696277547022365,6.129251700680264,-8.857142857142854,17.92625850340138,8.607792207792215,3.9659863945578255,2.2857142857142922,24.853951762523195,19.249350649350664,53.26403930495062,-3.0676436150800943,1,5.4
109,45.67606172898496,3.723300989879393,50.731799320376695,-18.504404085569288,47.022151204223846,-1.4258469536909297,45.414623248808866,8.38300399937698,37.70802969179208,-7.2996253414484045,46.98381175055738,-7.731139998186624,6.129251700680264,-8.857142857142868,17.983945578231285,8.567532467532477,3.9659863945578255,2.2857142857142922,24.94703772418056,19.218181818181808,53.52112944081385,-3.2706655101689663,1,5.45
110,45.65944300123709,3.822263568363469,50.75334890248572,-18.31434186910288,47.11438291672399,-1.3131866873944888,45.55776119847626,8.35822831033995,37.66390276772893,-7.267624365829587,46.99170909272302,-7.676355077706273,6.129251700680264,-8.857142857142854,18.04163265306122,8.527272727272722,3.9659863945578255,2.2857142857142922,25.040123685837962,19.187012987012977,53.72108843537416,-3.4285714285714213,1,5.5
111,45.642266141489266,3.928240104224533,50.77254239363058,-18.116359551460494,47.22227238147473,-1.1904972883396736,45.72148682122438,8.338592351150664,37.62185985337916,-7.239573969842699,47.01376241222115,-7.604483925930351,6.129251700680301,-8.857142857142854,18.09931972789117,8.487012987013001,3.96598639455784,2.2857142857142922,25.133209647495363,19.15584415584416,53.72108843537416,-3.4285714285714213,1,5.550000000000001
112,45.62479177946627,4.0416424486348,50.78948168549657,-17.910238662767625,47.34681581426093,-1.0576086947688037,45.906924598360405,8.324312780831082,37.58217302660341,-7.215726362707297,47.050945659043734,-7.514737475527977,6.129251700680264,-8.857142857142854,18.157006802721085,8.446753246753252,3.9659863945578255,2.2857142857142922,25.226295609152764,19.12467532467532,53.72108843537416,-3.4285714285714213,1,5.6000000000000005
113,45.60728054489279,4.16288245276655,50.804268669768916,-17.695760733149665,47.48900943086718,-0.9143508449242629,46.11519901119155,8.3156062584032,37.54511436526251,-7.196333753642985,47.10423278318259,-7.406326659168261,6.129251700680264,-8.857142857142868,18.21469387755102,8.406493506493506,3.9659863945578255,2.2857142857142922,25.319381570810165,19.09350649350648,53.72108843537416,-3.4285714285714213,1,5.65
114,45.58999306749355,4.292371967791984,50.817005238133056,-17.47270729273212,47.64984944707835,-0.7605536770483036,46.34743454102497,8.312689442888948,37.510955947217084,-7.181648351869209,47.174597734629806,-7.27846240952035,6.129251700680264,-8.85714285714285,18.272380952380956,8.366233766233771,3.9659863945578255,2.2857142857142922,25.412467532467538,19.06233766233767,53.72108843537416,-3.4285714285714213,1,5.7
115,45.57318997699326,4.430522844883348,50.82779328227411,-17.2408598716404,47.83033207867913,-0.596047129383343,46.60475566916782,8.315778993310253,37.47996985032789,-7.171922366605611,47.263014463377274,-7.1303556592533885,6.129251700680264,-8.857142857142854,18.330068027210874,8.325974025974034,3.9659863945578255,2.2857142857142922,25.505553494124904,19.03116883116883,53.72108843537416,-3.4285714285714213,1,5.75
116,45.55713190311672,4.577746935212843,50.83673469387751,-17.0,48.031453541454276,-0.42066114017167733,46.88828687692733,8.325091568689109,37.45242815245563,-7.167408007071704,47.37045691941693,-6.961217341036497,6.129251700680264,-8.857142857142854,18.38775510204082,8.285714285714285,3.9659863945578255,2.2857142857142922,25.59863945578229,18.999999999999996,53.72108843537416,-3.4285714285714213,1,5.800000000000001
117,45.55713190311672,4.577746935212843,50.83673469387751,-17.0,48.031453541454276,-0.42066114017167733,46.88828687692733,8.325091568689109,37.45242815245563,-7.167408007071704,47.37045691941693,-6.961217341036497,6.129251700680264,-8.857142857142854,18.38775510204082,8.285714285714285,3.9659863945578255,2.2857142857142922,25.59863945578229,18.999999999999996,53.72108843537416,-3.4285714285714213,1,5.8500000000000005
118,45.55713190311672,4.577746935212843,50.83673469387751,-17.0,48.031453541454276,-0.42066114017167733,46.88828687692733,8.325091568689109,37.45242815245563,-7.167408007071704,47.37045691941693,-6.961217341036497,6.129251700680264,-8.857142857142854,18.38775510204082,8.285714285714285,3.9659863945578255,2.2857142857142922,25.59863945578229,18.999999999999996,53.72108843537416,-3.4285714285714213,1,5.9
119,45.55713190311672,4.577746935212843,50.83673469387751,-17.0,48.031453541454276,-0.42066114017167733,46.88828687692733,8.325091568689109,37.45242815245563,-7.167408007071704,47.37045691941693,-6.961217341036497,6.129251700680264,-8.857142857142854,18.38775510204082,8.285714285714285,3.9659863945578255,2.2857142857142922,25.59863945578229,18.999999999999996,53.72108843537416,-3.4285714285714213,1,5.95
120,45.55713190311672,4.577746935212843,50.83673469387751,-17.0,48.031453541454276,-0.42066114017167733,46.88828687692733,8.325091568689109,37.45242815245563,-7.167408007071704,47.37045691941693,-6.961217341036497,6.129251700680264,-8.857142857142854,18.38775510204082,8.285714285714285,3.9659863945578255,2.2857142857142922,25.59863945578229,18.999999999999996,53.72108843537416,-3.4285714285714213,1,6.0
121,45.55713190311672,4.577746935212843,50.83673469387751,-17.0,48.031453541454276,-0.42066114017167733,46.88828687692733,8.325091568689109,37.45242815245563,-7.167408007071704,47.37045691941693,-6.961217341036497,6.129251700680264,-8.857142857142854,18.38775510204082,8.285714285714285,3.9659863945578255,2.2857142857142922,25.59863945578229,18.999999999999996,53.72108843537416,-3.4285714285714213,1,6.050000000000001
122,45.55713190311672,4.577746935212843,50.83673469387751,-17.0,48.031453541454276,-0.42066114017167733,46.88828687692733,8.325091568689109,37.45242815245563,-7.167408007071704,47.37045691941693,-6.961217341036497,6.129251700680264,-8.857142857142854,18.38775510204082,8.285714285714285,3.9659863945578255,2.2857142857142922,25.59863945578229,18.999999999999996,53.72108843537416,-3.4285714285714213,1,6.1000000000000005
123,45.55713190311672,4.577746935212843,50.83673469387751,-17.0,48.031453541454276,-0.42066114017167733,46.88828687692733,8.325091568689109,37.45242815245563,-7.167408007071704,47.37045691941693,-6.961217341036497,6.129251700680264,-8.857142857142854,18.38775510204082,8.285714285714285,3.9659863945578255,2.2857142857142922,25.59863945578229,18.999999999999996,53.72108843537416,-3.4285714285714213,1,6.15
124,45.55713190311672,4.577746935212843,50.83673469387751,-17.0,48.031453541454276,-0.42066114017167733,46.88828687692733,8.325091568689109,37.45242815245563,-7.167408007071704,47.37045691941693,-6.961217341036497,6.129251700680264,-8.857142857142854,18.38775510204082,8.285714285714285,3.9659863945578255,2.2857142857142922,25.59863945578229,18.999999999999996,53.72108843537416,-3.4285714285714213,1,6.2
