Frame,Away_379_x,Away_379_y,Away_380_x,Away_380_y,Away_381_x,Away_381_y,Away_382_x,Away_382_y,Away_1330_x,Away_1330_y,Away_7027_x,Away_7027_y,Away_8231_x,Away_8231_y,Away_9233_x,Away_9233_y,Away_9624_x,Away_9624_y,Away_9625_x,Away_9625_y,Away_10267_x,Away_10267_y,ball_x,ball_y,Period,Time [s]
0,35.67401777319628,4.511363935345968,38.17123006508347,-0.25778294668595353,36.47620189674126,-6.008808578605486,36.12829233420646,-14.695219844584454,28.395787907549263,-14.43909221701473,28.56696817646417,-8.299157048603195,26.326216134343156,-4.866446832344419,22.38859649293176,18.708156254276854,15.791836734693872,12.714285714285715,9.590476190476178,-1.4285714285714333,50.46839892190323,-0.9002042072847257,32.07054985852442,-7.44768081962427,1,0.0
1,35.67401777319628,4.511363935345968,38.17123006508347,-0.25778294668595353,36.47620189674126,-6.008808578605486,36.12829233420646,-14.695219844584454,28.395787907549263,-14.43909221701473,28.56696817646417,-8.299157048603195,26.326216134343156,-4.866446832344419,22.38859649293176,18.708156254276854,15.791836734693872,12.714285714285715,9.590476190476178,-1.4285714285714333,50.46839892190323,-0.9002042072847257,32.07054985852442,-7.44768081962427,1,0.05
2,35.67401777319628,4.511363935345968,38.17123006508347,-0.25778294668595353,36.47620189674126,-6.008808578605486,36.12829233420646,-14.695219844584454,28.395787907549263,-14.43909221701473,28.56696817646417,-8.299157048603195,26.326216134343156,-4.866446832344419,22.38859649293176,18.708156254276854,15.791836734693872,12.714285714285715,9.590476190476178,-1.4285714285714333,50.46839892190323,-0.9002042072847257,32.07054985852442,-7.44768081962427,1,0.1
3,35.67401777319628,4.511363935345968,38.17123006508347,-0.25778294668595353,36.47620189674126,-6.008808578605486,36.12829233420646,-14.695219844584454,28.395787907549263,-14.43909221701473,28.56696817646417,-8.299157048603195,26.326216134343156,-4.866446832344419,22.38859649293176,18.708156254276854,15.791836734693872,12.714285714285715,9.590476190476178,-1.4285714285714333,50.46839892190323,-0.9002042072847257,32.07054985852442,-7.44768081962427,1,0.15000000000000002
4,35.67401777319628,4.511363935345968,38.17123006508347,-0.25778294668595353,36.47620189674126,-6.008808578605486,36.12829233420646,-14.695219844584454,28.395787907549263,-14.43909221701473,28.56696817646417,-8.299157048603195,26.326216134343156,-4.866446832344419,22.38859649293176,18.708156254276854,15.791836734693872,12.714285714285715,9.590476190476178,-1.4285714285714333,50.46839892190323,-0.9002042072847257,32.07054985852442,-7.44768081962427,1,0.2
5,35.67401777319628,4.511363935345968,38.17123006508347,-0.25778294668595353,36.47620189674126,-6.008808578605486,36.12829233420646,-14.695219844584454,28.395787907549263,-14.43909221701473,28.56696817646417,-8.299157048603195,26.326216134343156,-4.866446832344419,22.38859649293176,18.708156254276854,15.791836734693872,12.714285714285715,9.590476190476178,-1.4285714285714333,50.46839892190323,-0.9002042072847257,32.07054985852442,-7.44768081962427,1,0.25
6,35.67401777319628,4.511363935345968,38.17123006508347,-0.25778294668595353,36.47620189674126,-6.008808578605486,36.12829233420646,-14.695219844584454,28.395787907549263,-14.43909221701473,28.56696817646417,-8.299157048603195,26.326216134343156,-4.866446832344419,22.38859649293176,18.708156254276854,15.791836734693872,12.714285714285715,9.590476190476178,-1.4285714285714333,50.46839892190323,-0.9002042072847257,32.07054985852442,-7.44768081962427,1,0.30000000000000004
7,35.673511551453004,4.4272755641850345,38.371488064636544,-0.42806308366931406,36.508057392823886,-6.1549103722342755,36.12277321682734,-14.325003432744966,28.512102835744205,-14.397320341511474,28.848118945076255,-8.22931445321468,26.579164750363116,-4.836161511646019,22.50836940019036,18.675639282102633,15.877056277056285,12.663636363636364,9.590476190476178,-1.4285714285714333,50.491604700265896,-0.861896537874178,32.33414972371434,-7.633251434596372,1,0.35000000000000003
8,35.683673617682516,4.34699522939701,38.570232073235154,-0.5912637674632635,36.54880554168917,-6.293292441241207,36.125252887315746,-13.971914107449122,28.63792179600048,-14.360304245804638,29.120923997351746,-8.168037677494185,26.82956374569628,-4.804742667007982,22.632947674301924,18.641626239497512,15.962275819418666,12.612987012987015,9.590476190476178,-1.4285714285714333,50.51460225182512,-0.8282432752277444,32.58711728780631,-7.808799699185215,1,0.4
9,35.70424097159388,4.270355435994705,38.76746957009494,-0.7475598751142923,36.59823485645099,-6.424165268873586,36.13549557745933,-13.635599794285673,28.773026182196293,-14.32789594624673,29.38561737826034,-8.115045825649666,27.077522712687436,-4.772259010021467,22.76221915068982,18.606150222486857,16.04749536178108,12.562337662337654,9.590476190476178,-1.4285714285714333,50.5373994248305,-0.7990976398367272,32.829713007875874,-7.974565098954605,1,0.45
10,35.7349506128962,4.197188688990917,38.96320803443153,-0.89712628366892,36.656133850223114,-6.5477393383787765,36.15326551904585,-13.315708418843379,28.917197388209875,-14.299947459190195,29.64243313277164,-8.070058001889084,27.32315124368145,-4.738779252277595,22.896071664777416,18.5692443270962,16.132714904143477,12.511688311688314,9.59047619047621,-1.4285714285714333,50.560004067531715,-0.7743128521923511,33.06219734099866,-8.130787119468309,1,0.5
11,35.77553954129848,4.127327493398464,39.15745494546049,-1.040137870173676,36.72229103611947,-6.6642251330041145,36.17832694386306,-13.011887906710989,29.07021680791945,-14.276310800987499,29.89160530585525,-8.032793310420402,27.566558931023117,-4.7043721053675105,23.034393051988097,18.53094164935088,16.21793444650588,12.461038961038964,9.590476190476178,-1.4285714285714333,50.5824240281783,-0.7537421327859525,33.284830744250286,-8.277705246290175,1,0.55
12,35.825744756509835,4.060604354230154,39.350217782397465,-1.1767695116750847,36.796494927253775,-6.773833135996952,36.21044408369865,-12.723786183477314,29.231865835203184,-14.256837987991124,30.13336794248078,-8.002970855451583,27.807855367057282,-4.669106280882304,23.177071147745252,18.49127528527639,16.30315398886826,12.410389610389615,9.590476190476178,-1.4285714285714333,50.60466715501992,-0.7372387021087606,33.49787367470635,-8.415558964984015,1,0.6000000000000001
13,35.88530325823935,3.996851776498813,39.54150402445805,-1.307196085219646,36.878534036739985,-6.87677383060462,36.24938117034033,-12.451051174731026,29.401925863939322,-14.241381036553552,30.367955087617915,-7.9803097411905775,28.047150144128803,-4.633050490413155,23.32399378747225,18.450278330898144,16.38837353123067,12.359740259740263,9.590476190476178,-1.4285714285714333,50.62674129630619,-0.7246557806520684,33.701586589442485,-8.544587761113618,1,0.65
14,35.953952046196115,3.935902265217227,39.73132115085788,-1.431592467853928,36.96819687769181,-6.973257700074455,36.29490243557582,-12.193330806060988,29.580178288006078,-14.229791963027209,30.59560078623621,-7.964529071845376,28.284552854582483,-4.596273445551166,23.47504880659247,18.40798388224157,16.473593073593072,12.309090909090905,9.590476190476178,-1.4285714285714333,50.648654300286665,-0.7158465889071585,33.89622994553425,-8.665031120242805,1,0.7000000000000001
15,36.031428120089146,3.877588325398228,39.91967664081253,-1.550133536624402,37.065271963223154,-7.063495227653792,36.34677211119288,-11.950273003055878,29.76640450128164,-14.221922783764606,30.81653908330534,-7.9553479516239,28.52017309076314,-4.5588438578874255,23.630124040529303,18.364425035332108,16.558812615955468,12.258441558441564,9.590476190476178,-1.4285714285714333,50.670414015210994,-0.7106643473652797,34.08206420005727,-8.777128527935325,1,0.75
16,36.117468479627554,3.8217424620546048,40.106577973537654,-1.6629941685776117,37.16954780644783,-7.147696896589995,36.40475442897914,-11.721525691304471,29.960385897644233,-14.217625515118186,31.031004023794885,-7.952485484734145,28.754120445015644,-4.520830439013128,23.7891073247061,18.319634886195168,16.644032158317884,12.207792207792215,9.590476190476178,-1.4285714285714333,50.6920282893288,-0.7089622765177251,34.259349810087194,-8.881119469755056,1,0.8
17,36.211810124520404,3.768197180199194,40.29203262824882,-1.7703492407601007,37.28081292047964,-7.226073190130389,36.46861362072244,-11.506736796395556,30.161903870972065,-14.216752173440476,31.2392296526745,-7.9556607753840405,28.986504509684814,-4.4823019005193565,23.951886494546248,18.27364653085622,16.729251700680265,12.157142857142864,9.590476190476178,-1.4285714285714333,50.713504970889666,-0.710593596855753,34.428347232699565,-8.977243431265785,1,0.8500000000000001
18,36.314190054476796,3.716784984844774,40.47604808416166,-1.8723736302183451,37.398855818432494,-7.2988345915223185,36.53811391821043,-11.305554243917886,30.370739815143377,-14.21915477508387,31.441450014913826,-7.964592927781596,29.217434877115476,-4.4433269539972535,24.118349385473163,18.226493065340673,16.814471243042675,12.106493506493514,9.590476190476178,-1.4285714285714333,50.7348519081432,-0.7154115288706461,34.58931692497001,-9.065739898031316,1,0.9
19,36.42434526920576,3.6673383810041575,40.65863182049182,-1.969242213998932,37.523465013420136,-7.366191584013146,36.613019553230814,-11.117625959460177,30.58667512403633,-14.224685336400851,31.637899155482437,-7.9790010461347185,29.447021139652442,-4.40397431103796,24.28838383291017,18.178207585673956,16.89969078540506,12.055844155844163,9.590476190476178,-1.4285714285714333,50.75607694933904,-0.7232692930537118,34.74251934397415,-9.146848355615402,1,0.9500000000000001
20,36.54201276841639,3.619689873690191,40.83979131645484,-2.0611298691483233,37.65442901855643,-7.428354650850202,36.69309475757136,-10.942599868611259,30.809491191529144,-14.233195873743956,31.82881111934997,-7.99860423465143,29.67537288964056,-4.364312683232587,24.461877672280675,18.128823187881512,16.98491032776746,12.005194805194803,9.590476190476178,-1.4285714285714333,50.77718794272675,-0.7340201098961748,34.88821494678759,-9.22080828958196,1,1.0
21,36.66692955181776,3.5736719679156574,41.019534051266426,-2.1482114727130814,37.7915363469552,-7.485534275280809,36.778103763019764,-10.780123896959832,31.038969411500066,-14.2445384034656,32.01441995148608,-8.023121597539623,29.902599719424693,-4.324410782172254,24.638718739008077,18.078372967988784,17.070129870129854,11.954545454545462,9.590476190476178,-1.4285714285714333,50.79819273655597,-0.7475171998893276,35.02666419048591,-9.287859185494696,1,1.05
22,36.798832619118954,3.529117168693374,41.19786750414208,-2.230661901739698,37.934575511730316,-7.537940940552313,36.867810801363774,-10.629845970094678,31.27489117782728,-14.258564941918246,32.194959696860366,-8.052272239007323,30.12881122134965,-4.284337319448123,24.818794868515724,18.026890022021167,17.15534941249227,11.903896103896104,9.590476190476178,-1.4285714285714333,50.8190991790763,-0.7636137835244629,35.15812753214474,-9.348240528917458,1,1.1
23,36.93745897002902,3.4858579810361636,41.374799154297484,-2.3086560332747013,38.083335025995545,-7.585785129912074,36.96198010439106,-10.491414013604574,31.517037884388987,-14.27512750545439,32.37066440044248,-8.085775263262452,30.354116987760232,-4.244161006651272,25.001993896226992,17.97440744600415,17.240568954854666,11.853246753246763,9.590476190476178,-1.4285714285714333,50.83991511853744,-0.7821630812928149,35.28286542883967,-9.402191805414056,1,1.1500000000000001
24,37.08254560425708,3.443726909956795,41.55033648094821,-2.38236874436464,38.23760340286474,-7.629277326607426,37.06037590388937,-10.364475953078248,31.76519092506344,-14.294078110426495,32.541768107201996,-8.123349774512976,30.578626611001297,-4.203950555372872,25.188203657565268,17.9209583359631,17.325788497217083,11.802597402597403,9.590476190476178,-1.4285714285714333,50.860648403188826,-0.8030183136857102,35.401138337646316,-9.449952500548294,1,1.2000000000000002
25,37.23382952151215,3.4025564604681047,41.724486963309964,-2.4519749120560244,38.39716915545176,-7.668628013885717,37.162762431646414,-10.248679714104469,32.019131693728816,-14.315268773187036,32.70850486210858,-8.16471487696689,30.802449683417677,-4.163774677204039,25.377311987953938,17.866575787923484,17.411008039579464,11.751948051948053,9.590476190476178,-1.4285714285714333,50.88130688128018,-0.8260327011944074,35.833723872955915,-10.066856967382723,1,1.25
26,37.39104772150333,3.3621791375829146,41.897258080598235,-2.5176494133953735,38.56182079687042,-7.704047674994274,37.26890391944994,-10.14367322227201,32.27864158426331,-14.338551510088465,32.87110871013183,-8.209589674832117,31.02569579735421,-4.123702083735892,25.569206722816375,17.81129289791076,17.49622758194186,11.701298701298704,9.590476190476178,-1.4285714285714333,50.901898401061096,-0.8510594643101411,36.25629916447326,-10.669485958951563,1,1.3
27,37.55393720393969,3.322427446314018,42.068657312028705,-2.5795671254291737,38.73134684023454,-7.735746793180439,37.37856459908764,-10.049104403169629,32.54350199054521,-14.36377833748327,33.02981369624138,-8.257693272316635,31.248474545155698,-4.083801486559557,25.763775697575973,17.755142761950317,17.581447124304276,11.650649350649362,9.590476190476178,-1.4285714285714333,50.9224308107812,-0.8779518235242327,36.66886421219831,-11.257839475254837,1,1.35
28,37.722234968530316,3.283133891674218,42.238692136816965,-2.6379029252040116,38.90553579865797,-7.763935851691588,37.49150870234725,-9.96462118238609,32.813494306452625,-14.39080127172393,33.18485386540686,-8.308744773628401,31.470895519166987,-4.044141597266175,25.96090674765608,17.69815847606761,17.666666666666657,11.600000000000001,9.590476190476178,-1.4285714285714333,50.94291195869005,-0.9065629993279362,37.07141901613104,-11.831917516292522,1,1.4000000000000001
29,37.89567801498428,3.24413097867636,42.40737003417861,-2.6928316897663733,39.084176185254506,-7.788825333774988,37.60750046101647,-9.88987148551013,33.088399925863826,-14.41947232916288,33.33646326259789,-8.362463282975384,31.69306831173294,-4.004791127446875,26.160487708480105,17.640373136288044,17.75188620902904,11.549350649350643,9.590476190476178,-1.4285714285714333,50.963349693037344,-0.9367462122125247,37.46396357627148,-12.391720082064625,1,1.4500000000000002
30,38.07400334301065,3.205251212333219,42.57469848332932,-2.744528296162817,39.26705651313802,-7.810625722678069,37.72630410688305,-9.824503238130523,33.36800024265701,-14.449643526152634,33.48487593278406,-8.418567904565553,31.915102515198367,-3.965818788692787,26.362406415471412,17.5818198386371,17.837105751391455,11.4987012987013,9.590476190476178,-1.4285714285714333,50.98375186207252,-0.9683546826692907,37.84649789261965,-12.937247172571102,1,1.5
31,38.256947952318505,3.1663270976576166,42.7406849634846,-2.793167621439789,39.45396529542232,-7.829547501648123,37.8476838717347,-9.768164365835997,33.65207665071041,-14.481166879045619,33.630325920935064,-8.476777742606828,32.13710772190808,-3.9272932925950035,26.566550704053352,17.522531679140176,17.92232529375388,11.448051948051942,9.590476190476178,-1.4285714285714333,51.00412631404544,-1.001241631189488,38.21902196517553,-13.46849878781199,1,1.55
32,38.44424884261689,3.1271911396623606,42.90533695386014,-2.838924542643897,39.64469104522123,-7.845801153932495,37.97140398735912,-9.72050279421537,33.94041054390222,-14.51389440419433,33.77304727202046,-8.536811901307251,32.35919352420692,-3.889283350744697,26.772808409649347,17.462541753822705,18.007544836116246,11.397402597402602,9.590476190476178,-1.4285714285714333,51.02448089720548,-1.0352602782644142,38.581535793939146,-13.985474927787317,1,1.6
33,38.63564301361493,3.0876758433602536,43.06866193367155,-2.8819739368216166,39.83902227564859,-7.859597162778543,38.09722868554404,-9.681166448857375,34.23278331611065,-14.547678117951248,33.91327403100993,-8.598389484874698,32.581469514439725,-3.8518576747329845,26.981067367682783,17.40188315871013,18.092764378478662,11.346753246753243,9.590476190476178,-1.4285714285714333,51.04482345980242,-1.0702638443853087,38.93403937891045,-14.488175592497042,1,1.6500000000000001
34,38.83086746502166,3.047613713764142,43.23066738213442,-2.9224906810194717,40.03674749981824,-7.871146011433591,38.224922198077195,-9.649803255350774,34.52897636121391,-14.582370036668808,34.05124024287306,-8.661229597517163,32.804045284951336,-3.815084976150971,27.19121541357698,17.340588989827864,18.177983920841058,11.2961038961039,9.590476190476178,-1.4285714285714333,51.06516185008573,-1.106105550043483,39.276532720089456,-14.976600781941166,1,1.7000000000000002
35,39.02965919654616,3.00683725588679,43.391360778464374,-2.9606496522840025,40.237655230843984,-7.8806581831449884,38.354248756746294,-9.62606113928429,34.82877107309021,-14.617822176699518,34.187179952579434,-8.725051343442646,33.02703042808656,-3.7790339665897963,27.40314038275537,17.278692343201385,18.263203463203457,11.245454545454551,9.590476190476178,-1.4285714285714333,51.08550391630511,-1.1426386157301816,39.609015817476184,-15.450750496119706,1,1.75
36,39.2317552078975,2.9651789747410198,43.55074960187699,-2.996625727661712,40.4415339818397,-7.888344161160088,38.48497259333906,-9.609588026246753,35.13194884561778,-14.653886554395822,34.32132720509874,-8.789573826859058,33.25053453619026,-3.7437733576406202,27.616730110641313,17.21622631485607,18.34842300556587,11.194805194805202,9.590476190476178,-1.4285714285714333,51.1058575067102,-1.1797162619367256,39.9314886710706,-15.910624735032654,1,1.8
37,39.43689249878479,2.9224713753396774,43.70884133158791,-3.0305937841991506,40.64817226591918,-7.894414428726218,38.61685793964321,-9.60003184182688,35.438291072674794,-14.690415186110211,34.453916045400625,-8.854516151974392,33.474667201607254,-3.7093718608945294,27.831872432658194,17.15322400081739,18.433642547928265,11.14415584415584,9.590476190476178,-1.4285714285714333,51.12623046955044,-1.2171917091543452,40.24395128087278,-16.356223498680013,1,1.85
38,39.64480806891706,2.8785469626955367,43.86564344681275,-3.062728698942808,40.857358596196256,-7.89907946909072,38.74966902744647,-9.597040511613425,35.74757914813947,-14.727260088195125,34.585180518454635,-8.919597422996592,33.69953801668234,-3.6758981879426584,28.04845518422937,17.08971849711075,18.518862090290668,11.09350649350649,9.590476190476178,-1.4285714285714333,51.146630653075654,-1.2549181778743084,40.546403646882624,-16.787546787061775,1,1.9000000000000001
39,39.855238918003394,2.833238241821396,44.02116342676712,-3.0932053489392235,41.06888148578478,-7.902549765500929,38.883170088536545,-9.600261961195168,36.059594465890086,-14.764273277003062,34.715354669230464,-8.984536744133607,33.925256573760386,-3.6434210503761566,28.266366200778258,17.02574289976162,18.604081632653063,11.042857142857141,9.590476190476178,-1.4285714285714333,51.167065905535345,-1.2927488885879324,40.83884576910022,-17.20459460017798,1,1.9500000000000002
40,40.06792204575289,2.7863777177300917,44.175408750666584,-3.1221986112349263,41.28252944779855,-7.905035801204207,39.01712535470118,-9.609344116160843,36.37411841980476,-14.801306768886496,34.844672542697666,-9.049053219593437,34.15193246518624,-3.612009159786117,28.4854933177282,16.961330304795393,18.689301175015462,10.9922077922078,9.590476190476178,-1.4285714285714282,51.18754407517912,-1.330537061786451,41.12127764752551,-17.607366938028566,1,2.0
41,40.28259445187461,2.7377978954344213,44.32838689772683,-3.1498833628764307,41.49809099535142,-7.906748059447903,39.15129905772807,-9.623934902099242,36.69093240376177,-14.83821258019789,34.973368183825905,-9.112865953584018,34.37967528330467,-3.581731227763725,28.705724370502587,16.89651380823752,18.774520717377847,10.94155844155844,9.590476190476178,-1.4285714285714333,51.208073010256584,-1.3681359179611763,41.3936992821585,-17.99586380061355,1,2.0500000000000003
42,40.49899313607761,2.687331279947232,44.48010534716343,-3.176434480910256,41.7153546415572,-7.907897023479322,39.28545542940494,-9.643682244599106,37.009817811639294,-14.874842727289685,35.10167563758481,-9.175694050313325,34.608594620460565,-3.5526559659000267,28.926947194524804,16.83132650611342,18.859740259740256,10.890909090909082,9.590476190476178,-1.4285714285714333,51.22866055901741,-1.405398677603353,41.65611067299917,-18.370085187932965,1,2.1
43,40.71685509807099,2.6348103762812682,44.630571578192004,-3.2020268423829226,41.93410889952977,-7.908693176545823,39.419358701519535,-9.668234069249182,37.33055603731554,-14.91104922651438,35.229828948944004,-9.237256613989299,34.838800068998765,-3.524852085786209,29.14904962521824,16.765801494448553,18.944959802102673,10.840259740259741,9.590476190476178,-1.4285714285714282,51.24931456971113,-1.4421785612042728,41.908511820047615,-18.73003109998679,1,2.15
44,40.935917337563815,2.5800676894494057,44.779793070028155,-3.2268353243409695,42.154142282382935,-7.909347001894743,39.55277310585959,-9.697238301638244,37.652928474668755,-14.946684094224457,35.35806216287309,-9.297272748819926,35.070401221264035,-3.498388299013397,29.371919498006246,16.69997186926833,19.03017934446507,10.7896103896104,9.590476190476178,-1.4285714285714333,51.27004289058742,-1.478328789255195,42.15090272330376,-19.075701536775004,1,2.2
45,41.155916854265115,2.522935724464393,44.9277773018875,-3.25103480383092,42.37524330323051,-7.910068982773452,39.685462874212746,-9.73034286735507,37.97671651757712,-14.981599346772361,35.48660932434171,-9.355461559013175,35.303507669601245,-3.473333317172706,29.59544464831222,16.633870726598197,19.115398886827464,10.73896103896104,9.590476190476178,-1.4285714285714333,51.29085336989581,-1.5137025822474024,42.38328338276757,-19.407096498297626,1,2.25
46,41.376590647884036,2.4632469863390773,45.07453175298564,-3.274800157899265,42.59720047518634,-7.911069602429268,39.81719223836677,-9.767195691988388,38.30170155991884,-15.015647000510583,35.615704478319465,-9.41154214877697,35.53822900635525,-3.4497558518552673,29.819512911559542,16.567531162463567,19.200618429189852,10.68831168831169,9.590476190476178,-1.4285714285714333,51.311753855885975,-1.5481531606721777,42.605653798439135,-19.724215984554686,1,2.3000000000000003
47,41.59767571812961,2.400833980086285,45.22006390253819,-3.2983062635925537,42.81980231136421,-7.91255934410952,39.9477254301094,-9.807444701126967,38.62766499557214,-15.04867907179156,35.74558166977602,-9.465233622319296,35.77467482387085,-3.427724614652201,30.044012123171555,16.50098627288989,19.28583797155226,10.637662337662341,9.590476190476178,-1.4285714285714333,51.33275219680752,-1.581533745020794,42.81801397031838,-20.027059995546146,1,2.35
48,41.81890906471093,2.335529210718786,45.36438122976076,-3.321727997957286,43.04283732487804,-7.914748691061572,40.07682668122833,-9.850737820359596,38.954388218415225,-15.080547576967808,35.876474943680954,-9.516255083848108,36.012954714492906,-3.4073083171546523,30.268830118571675,16.434269153902566,19.371057513914643,10.58701298701298,9.590476190476178,-1.4285714285714333,51.35385624091003,-1.6136975557845294,43.02036389840534,-20.315628531272008,1,2.4000000000000004
49,42.040027687337044,2.2671651832494115,45.50749121386901,-3.3452402380400104,43.26609402884156,-7.917848126532757,40.20426022351128,-9.896722975274985,39.28165262232633,-15.111104532391726,36.00861834500395,-9.56432563757139,36.25317827056621,-3.3885756709537067,30.493854733183294,16.367412901527086,19.45627705627706,10.536363636363639,9.590476190476178,-1.4285714285714282,51.37507383644313,-1.644497813454638,43.212703582700065,-20.58992159173228,1,2.45
50,42.26076858571706,2.195574402690964,45.649401334078505,-3.3690178608872605,43.489360936368705,-7.922068133770405,40.32979028874601,-9.945048091461937,39.60923960118362,-15.14020195441588,36.14224591871454,-9.609164387697078,36.49545508443561,-3.371595387640544,30.718973802429765,16.300450611788825,19.541496598639455,10.48571428571428,9.590476190476178,-1.4285714285714282,51.39641283165641,-1.6737877385224023,43.39503302320244,-20.849939176926963,1,2.5
51,42.48086875956003,2.1205893740562662,45.79011906960488,-3.393235743545513,43.7124265605732,-7.927619196021894,40.453181108720194,-9.99536109450918,39.936930548865384,-15.167691859392692,36.277591709782435,-9.650490438433147,36.73989474844594,-3.356436178806283,30.944075161734464,16.233415380713257,19.62671614100184,10.435064935064938,9.590476190476178,-1.4285714285714333,51.41788107479954,-1.7014205514791152,43.56735221991255,-21.095681286856056,1,2.5500000000000003
52,42.700065208575005,2.0420426023581064,45.929651899663654,-3.418068763061336,43.935079414568946,-7.934711796534541,40.57419691522156,-10.047309910005493,40.26450685924973,-15.193426263674613,36.414889763177214,-9.688022893987545,36.98660685494205,-3.343166756042036,31.16904664652076,16.166340304325786,19.71193568336424,10.38441558441558,9.590476190476178,-1.4285714285714282,51.439486414122086,-1.7272494728160206,43.72966117283042,-21.327147921519547,1,2.6
53,42.91809493247112,1.9597665926093257,46.06800730347059,-3.443691796481214,44.15710801146978,-7.943556418555663,40.69260194003783,-10.10054246353963,40.591749926214945,-15.217257183614132,36.554374123868506,-9.721480858568256,37.23570099626872,-3.3318558309389235,31.393776092212075,16.099258478651876,19.797155225726662,10.333766233766239,9.59047619047621,-1.4285714285714282,51.461236697873595,-1.7511277230244304,43.88195988195594,-21.544339080917485,1,2.6500000000000004
54,43.13469493095741,1.8735938498226836,46.20519276024117,-3.4702797208516825,44.37830086438948,-7.954363545332665,40.80816041495675,-10.154706680700345,40.91844114363923,-15.239036635563746,36.696278836825954,-9.750583436383216,37.48728676477082,-3.32257211508808,31.618151334231747,16.03220299971691,19.882374768089065,10.28311688311688,9.590476190476178,-1.4285714285714333,51.48313977430381,-1.7729085225955838,44.02424834728918,-21.74725476504978,1,2.7
55,43.34960220374296,1.783356879011065,46.34121574919107,-3.4980074132192938,44.59844648644194,-7.967343660112826,40.92063657176601,-10.209450487076403,41.24436190540077,-15.25861663587586,36.840837947019146,-9.7750497316404,37.74147375279321,-3.315384320080645,31.84206020800316,15.965206963546374,19.967594310451446,10.232467532467538,9.590476190476178,-1.4285714285714282,51.50520349166222,-1.7924450920207737,44.15652656883013,-21.935894973916522,1,2.75
56,43.56255375053683,1.6888881851872197,46.476083749535924,-3.52704975063052,44.81733339074093,-7.982707246143544,41.02979464225336,-10.264421808256579,41.56929360537779,-15.275849200903005,36.98828549941773,-9.794598848547784,37.998371552680645,-3.310361157507735,32.065390548949715,15.898303466165663,20.05281385281386,10.181818181818189,9.590476190476178,-1.4285714285714282,51.52743569819854,-1.8095906517912683,44.2787945465788,-22.110259707517667,1,2.8000000000000003
57,43.77328657104807,1.5900202733639792,46.6098042404913,-3.557581610131928,45.03475009040032,-8.000664786672116,41.135398858206464,-10.319268569829616,41.89301763744851,-15.290586346997623,37.13885553899135,-9.80894989131333,38.25808975677801,-3.3075713389604946,32.28803019249476,15.831525603600234,20.138033395176244,10.13116883116884,9.590476190476178,-1.4285714285714282,51.5498442421623,-1.8241984223983505,44.39105228053516,-22.270348965853216,1,2.85
58,43.981537664985844,1.4865856485541373,46.742384701272805,-3.5897778687700286,45.2504850985339,-8.021426764945886,41.23721345141311,-10.37363869738426,42.215315395491096,-15.302680090512208,37.292782110709595,-9.817821964144976,38.520737957430136,-3.3070835760300437,32.509866974061694,15.76490647187551,20.223252937538653,10.080519480519477,9.590476190476178,-1.4285714285714333,51.57243697180314,-1.836121624333303,44.49329977069928,-22.41616274892318,1,2.9000000000000004
59,44.187044032059134,1.3784168157705299,46.873832611096084,-3.6238134035912974,45.46432692825554,-8.045203664212217,41.335002653660965,-10.427180116509291,42.53596827338382,-15.311982447799197,37.45029925954213,-9.820934171250666,38.78642574698184,-3.3089665803074935,32.730788729073915,15.698479167016906,20.308472479901052,10.029870129870128,9.590476190476178,-1.4285714285714282,51.59522173537069,-1.8452134780873508,44.58553701707106,-22.54770105672754,1,2.95
60,44.38954267197706,1.26534628002596,47.00415544917673,-3.659863091642346,45.676064092679084,-8.07220596771845,41.42853069673778,-10.479540752793481,42.85475766500489,-15.318345435211091,37.61164103045849,-9.818005616838441,39.05526271777796,-3.313289063384003,32.95068329295475,15.632276785049875,20.39369202226345,9.979220779220778,9.590476190476178,-1.4285714285714333,51.61820638111449,-1.8513272041518538,44.667764019650576,-22.66496388926632,1,3.0
61,44.588777771319535,1.1474372867837894,47.13326151057785,-3.697993363720065,45.885441980443005,-8.102473067137868,41.517613655415154,-10.530443855127553,43.17134118791883,-15.321700186730657,37.77688356495845,-9.80888225108676,39.3272097776866,-3.3199864754827395,33.16947736514832,15.566327468436148,20.478911564625847,9.928571428571429,9.59047619047621,-1.4285714285714333,51.64137844443638,-1.8543059624094187,44.654342092743455,-20.785652970520054,1,3.0500000000000003
62,44.784522264150034,1.025676043309696,47.260662353752714,-3.737836865623228,46.092033482284435,-8.135359987847618,41.602274976400004,-10.579913965610467,43.48488135443551,-15.322294306862018,37.945471390661865,-9.793917408056519,39.60163309666918,-3.3284612213553353,33.38725310118138,15.500639545382649,20.56413110698825,9.877922077922078,9.590476190476178,-1.4285714285714282,51.66464420934669,-1.8539526703082925,44.64135313122047,-18.96696498463657,1,3.1
63,44.97655627140285,0.9012794973199214,47.385770353002,-3.7789177969010264,46.295368364465354,-8.17005066365077,41.68258994938322,-10.62805094964309,43.7944169005511,-15.320454517739622,38.116691131718675,-9.773591267779189,39.87775016021033,-3.337982444385487,33.6041315206015,15.435216390532604,20.64935064935066,9.827272727272737,9.590476190476178,-1.4285714285714333,51.68788964700788,-1.8500601846881475,44.628797135081555,-17.20889993161589,1,3.1500000000000004
64,45.16465991401229,0.7754645965306591,47.50799788262645,-3.8207603571026545,46.494976393247555,-8.205729028350408,41.75863386405565,-10.674954672626306,44.09898656226188,-15.316507541497877,38.28982941227885,-9.748384010286221,40.154778453794684,-3.3478192879568147,33.820233642956126,15.370061378529241,20.73457019171304,9.776623376623379,9.590476190476178,-1.4285714285714333,51.711000728582505,-1.8424213623886074,44.61667410432675,-15.51145781145798,1,3.2
65,45.34861331291266,0.6494482886581698,47.62675731692678,-3.862888745777303,46.6903873348929,-8.24157901574965,41.83048201010813,-10.720724999961037,44.397629075563984,-15.310780100271204,38.46417285649231,-9.718775815609023,40.43193546290695,-3.3572408954530277,34.035680487792796,15.305177884015825,20.819789734075442,9.725974025974018,9.590476190476178,-1.4285714285714333,51.733863425233,-1.8308290602493014,44.60498403895604,-13.874638624162838,1,3.25
66,45.528196589038295,0.524447521418681,47.74146103020373,-3.9048271624741226,46.88113095566328,-8.27678455965155,41.89820967723155,-10.76546179704819,44.68938317645368,-15.303598916194074,38.63900808850905,-9.685246863779069,40.70843867303177,-3.365516410257797,34.250593074659044,15.24056928163555,20.905009276437838,9.675324675324678,9.590476190476178,-1.4285714285714333,51.75636370812196,-1.8150761351098819,44.59372693896946,-12.298442369730505,1,3.3000000000000003
67,45.70318986332346,0.4016792425284243,47.851521396758024,-3.9460998067423496,47.0667370218205,-8.310529593859199,41.96189215511666,-10.809264929288666,44.97328760092715,-15.295290711400895,38.813621732478964,-9.648277334827817,40.98350556965377,-3.3719149757547875,34.4650924231023,15.17623894603164,20.990228818800237,9.624675324675318,9.590476190476178,-1.4285714285714333,51.778387548411835,-1.7949554438100213,44.582902804366974,-10.78286904816093,1,3.35
68,45.87337325670253,0.28236039970363663,47.95635079089038,-3.986230878131161,47.24673529962646,-8.341998052175697,42.02160473345437,-10.852234262083343,45.248381084980565,-15.286182208026108,38.98730041255202,-9.608347408786688,41.2563536382577,-3.3757057353276894,34.679299552670116,15.112190251847348,21.075448361162636,9.574025974025979,9.590476190476178,-1.4285714285714333,51.79982091726514,-1.7702598431893,44.57251163514856,-9.327918659454147,1,3.4000000000000004
69,46.03852689010973,0.16770794066050654,48.05536158690155,-4.024744576189725,47.42065555534306,-8.370373868404114,42.077422701935525,-10.89446966083317,45.51370236461016,-15.276600128204132,39.159330752878205,-9.565937265687166,41.52620036432813,-3.3761578323602057,34.89333548291001,15.048426573725875,21.160667903525045,9.523376623376627,9.590476190476178,-1.4285714285714333,51.820549785844385,-1.7407821900874094,44.56255343131426,-7.93359120361016,1,3.45
70,46.19843088447942,0.058938813115314306,48.14796615909224,-4.06116510046726,47.588027555232095,-8.394840976347549,42.12942135025096,-10.936070990938985,45.768290175812155,-15.266871194069399,39.32899937760745,-9.521527085560662,41.79226323334978,-3.372540410235964,35.10732123336944,14.984951286310489,21.245887445887448,9.47272727272727,9.590476190476178,-1.4285714285714333,51.840460125312056,-1.7063153413439591,44.55302819286408,-6.5998866806289325,1,3.5
71,46.35286536074591,-0.042730035215717804,48.233576881763156,-4.095016650512944,47.748381065555414,-8.414583309809078,42.17767596809152,-10.977138117801754,46.01118325458274,-15.257322127756355,39.495592910889634,-9.47559704843869,42.05375973080728,-3.364122612338688,35.3213778235959,14.921767764244372,21.331106988249843,9.422077922077927,9.590476190476178,-1.4285714285714333,51.85943790683063,-1.6666521537986163,44.54393591979795,-5.326805090510505,1,3.5500000000000003
72,46.5016104398435,-0.13608165661638194,48.31160612921507,-4.125823425875949,47.901245852574924,-8.428784802591807,42.22226184514803,-11.017770906822351,46.24142033691813,-15.248279651399447,39.658397976874795,-9.42862733435262,42.30990734218532,-3.3501735820520175,35.53562627313698,14.858879382170823,21.416326530612256,9.371428571428572,9.590476190476178,-1.4285714285714333,51.87736910156265,-1.6215854842909854,44.53527661211596,-4.114346433254837,1,3.6
73,46.64444624270652,-0.21989910337042687,48.38146627574865,-4.153109626105511,48.04615168255252,-8.436629388498806,42.26325427111136,-11.05806922340168,46.4580401588145,-15.240070487133071,39.81670119971283,-9.381098123333949,42.55992355296853,-3.329962462759644,35.75018760154011,14.796289514732997,21.501546072974655,9.320779220779231,9.590476190476178,-1.4285714285714333,51.89413968067057,-1.5709081896607584,44.527050269818055,-2.962510708861976,1,3.6500000000000004
74,46.781152890269254,-0.29296542776163986,48.442569695664695,-4.176399450750796,48.18262832174996,-8.43730100133317,42.300728535672384,-11.098132932940672,46.660081456268074,-15.233021357091687,39.969789203553745,-9.333489595414099,42.803025848641596,-3.3027583978452704,35.9651828283528,14.734001536574151,21.586765615337065,9.270129870129868,9.590476190476178,-1.4285714285714333,51.909635615317,-1.5144131267475442,44.519256892904245,-1.8712979173318807,1,3.7
75,46.91151050346599,-0.3540636820737746,48.49432876326392,-4.195217099360975,48.310205536429166,-8.429983574897967,42.33475992852189,-11.13806190084017,46.8465829652751,-15.227458983409713,40.116948612547425,-9.286281930624554,43.03843171468917,-3.2678305306925144,36.180732973122595,14.672018822337527,21.671985157699435,9.219480519480527,9.590476190476178,-1.4285714285714333,51.92374287666433,-1.4518931523909717,44.51189648137454,-0.8407080586645832,1,3.75
76,47.035299203231105,-0.40197691859059403,48.536155852847045,-4.209086771485256,48.428413092852,-8.413861042996308,42.36542373935073,-11.17795599250111,47.01658342183167,-15.223710088221587,40.25746605084383,-9.239955308996743,43.26535863659591,-3.224448004685118,36.39695905539697,14.610344746666359,21.757204700061834,9.168831168831181,9.590476190476178,-1.4285714285714333,51.936347435875106,-1.3831411234307227,44.50496903522894,0.12925886713993975,1,3.8000000000000003
77,47.152299110498845,-0.43548818959588087,48.567463338714724,-4.217532666672803,48.53678075728034,-8.388117339431272,42.392795257849784,-11.217915073324408,47.169121561934105,-15.222101393661722,40.390628142592945,-9.194989910562109,43.4830240998465,-3.1718799632067185,36.61398209472345,14.548982684203855,21.842424242424244,9.118181818181826,9.590476190476178,-1.4285714285714333,51.94733526411186,-1.3079498967064067,44.49847455446745,1.0386028600816692,1,3.85
78,47.262290346203535,-0.453380547373408,48.587663595167804,-4.220078984472855,48.63483829597602,-8.351936398005922,42.416949773709895,-11.258039008710972,47.303236121578564,-15.2229596218646,40.51572151194468,-9.151865915352099,43.69064558992558,-3.1093955496410093,36.83192311064949,14.487936009593263,21.927643784786646,9.067532467532477,9.590476190476178,-1.4285714285714333,51.95659233253701,-1.2261123290576672,44.49241303909003,1.8873239201606342,1,3.9000000000000004
79,47.36512467676654,-0.454788146848249,48.59640453161917,-4.216359935820209,48.72227436192785,-8.30472694597454,42.43798216442978,-11.298379078484801,47.418290485773426,-15.226516799515156,40.6322199248951,-9.110945961942022,43.88762393973212,-3.036489315913618,37.050845400714444,14.427190388450272,22.012863327149027,9.016883116883122,9.590476190476178,-1.4285714285714333,51.96403648745392,-1.137536552654583,44.62236874680483,1.9731320013852849,1,3.95
80,47.46094045055681,-0.4402495535106954,48.59427619793118,-4.206449777192397,48.79941315503262,-8.246796884396055,42.45606565873993,-11.338792220162286,47.514946635575555,-15.232626171500549,40.7403457148245,-9.072122523082431,44.07409337182225,-2.9535574481179787,37.27058137442501,14.366660650280624,22.098082869511423,8.966233766233762,9.590476190476178,-1.4285714285714333,51.969713075729075,-1.0425918009889203,44.74368680105311,2.053186653647714,1,4.0
81,47.54994766143057,-0.41065443549236846,48.58210417907833,-4.190532776452553,48.86673776191394,-8.178678907780508,42.47139307317873,-11.379086785683002,47.594191201054095,-15.241046287258538,40.84050835695935,-9.035170530067758,44.25037145616641,-2.8612215408895088,37.490905719279596,14.30624391556247,22.18330241187384,8.915584415584416,9.590476190476178,-1.4285714285714333,51.97369931936978,-0.9417625828828483,44.85662783155966,2.127899728120173,1,4.05
82,47.63235630324387,-0.36689246092489924,48.56071406003509,-4.168793201463832,48.92473126919553,-8.100905710638024,42.48415722428451,-11.419071126986527,47.65701081227809,-15.251535696226783,40.93311732652609,-8.999864914192418,44.416775762735064,-2.7601031888636225,37.711593122776705,14.245837304773993,22.26852195423625,8.864935064935075,9.590476190476178,-1.4285714285714333,51.97607244038326,-0.8355334071585784,44.96145246804915,2.197683075974867,1,4.1000000000000005
83,47.70837636985282,-0.30985329793985583,48.53093142577603,-4.141415320089389,48.973876763501124,-8.01400998747868,42.49455092859561,-11.45855359601234,47.70439209931664,-15.263852947843025,41.01858209875109,-8.965980606750826,44.573623861498625,-2.6508239866756886,37.93241827241481,14.18533793839343,22.353741496598634,8.814285714285731,9.590476190476178,-1.4285714285714333,51.976909660776876,-0.7243887826383036,45.05842134024638,2.2629485483840615,1,4.15
84,47.77821785511345,-0.2404266146688886,48.49358186127567,-4.108583400192358,49.01465733145439,-7.918524432812538,42.502767002650465,-11.497342544700016,47.737321692238794,-15.27775659154497,41.09731214886086,-8.933292539037422,44.72123332242753,-2.534005528961093,38.15315585569233,14.124642936898884,22.438961038961033,8.763636363636374,9.590476190476178,-1.4285714285714333,51.976288202557825,-0.6088132181441828,45.147795077876054,2.3241079965199476,1,4.2
85,47.842090752881944,-0.15950207924362358,48.44949095150852,-4.070481709635912,49.047556059678996,-7.814981741149715,42.508998262987404,-11.535246324989101,47.75678622111366,-15.293005176770343,41.169716952081714,-8.901575642346597,44.859921715492234,-2.41026941035529,38.373580560107804,14.063649420768606,22.524180581323442,8.712987012987016,9.590476190476178,-1.4285714285714333,51.97428528773352,-0.48929122249844714,45.22983431066287,2.381573271554797,1,4.25
86,47.90020505701436,-0.06796935979563386,48.39948428144915,-4.027294516283181,49.0730560347987,-7.703914607000299,42.51343752614481,-11.572073288819114,47.76377231601029,-15.309357252956833,41.23620598364022,-8.870604847972787,44.99000661066318,-2.2802372254936576,38.59346707315966,14.002254510480721,22.609400123685845,8.662337662337656,9.590476190476178,-1.4285714285714333,51.97097813831112,-0.3663073045232605,45.304799668331576,2.435756224660793,1,4.3
87,47.952770761366786,0.033281875543468974,48.34438743607206,-3.9792060879973397,49.091640343437106,-7.585855724874325,42.51627760866104,-11.607631788129602,47.75926660699779,-15.32657136954215,41.29718871876266,-8.84015508721038,45.11180557791081,-2.144530569011558,38.81259008234641,13.940355326513497,22.69461966604824,8.611688311688324,9.590476190476178,-1.4285714285714282,51.96644397629802,-0.24034597304079627,45.3729517806069,2.487068707010252,1,4.3500000000000005
88,47.99999785979524,0.14336195864202012,48.28502600035178,-3.9264006926415127,49.10379207221795,-7.461337789281924,42.51771132707451,-11.641730174860117,47.74425572414524,-15.344406075964026,41.353074632675586,-8.810001291353837,45.22563618720554,-2.0037710355444447,39.03072427516651,13.877848989345061,22.779839208410635,8.561038961038966,9.590476190476178,-1.4285714285714333,51.960760023701404,-0.11189173687328094,45.43455127721355,2.5359225697753103,1,4.4
89,48.04209634615594,0.26138122136842723,48.2222255592628,-3.8690625980789015,49.109994307764985,-7.3308934947332025,42.51793149792349,-11.674176800950196,47.71972629752166,-15.362619921660192,41.40427320060534,-8.779918391697542,45.331816008517826,-1.8585802197276913,39.247644339118395,13.814632619453597,22.865058750773024,8.510389610389616,9.590476190476178,-1.4285714285714333,51.95400350252868,0.01857089515711692,45.48985878787627,2.5827296641282635,1,4.45
90,48.079276214304905,0.3864499955911464,48.15681169777969,-3.8073760721725844,49.110730136701754,-7.195055535738195,42.51713093774642,-11.704780018339365,47.686664957196186,-15.380971456068291,41.451193897778396,-8.74968131953593,45.43066261181816,-1.7095797161967032,39.4631249617006,13.750603337317328,22.950278293135447,8.45974025974027,9.590476190476178,-1.4285714285714282,51.94625163478702,0.15055741422819494,45.53913494231982,2.6279018412413344,1,4.5
91,48.111747458098236,0.5176786131784692,48.08961000087698,-3.7415253827857726,49.10648264565211,-7.0543566068070085,42.51550246308165,-11.733348178967185,47.64605833323788,-15.399219228626087,41.49424619942116,-8.719065006163412,45.52249356707685,-1.5573911195868675,39.676940830411525,13.68565826341439,23.035497835497832,8.409090909090914,9.590476190476178,-1.4285714285714333,51.93758164248378,0.28358331151777977,45.58264037026884,2.671850952286734,1,4.55
92,48.139720071392055,0.6541774059988228,48.02144605352917,-3.6716947977816017,49.097734921239635,-6.90932940244972,42.51323889046754,-11.759689634773189,47.59889305571584,-15.41712178877131,41.53383958076009,-8.68784438287441,45.60762644426446,-1.4026360245335996,39.88886663274972,13.619694518223007,23.120717377860245,8.35844155844157,9.590476190476178,-1.4285714285714333,51.92807074762624,0.41716407820364965,45.620635701448144,2.714988848436693,1,4.6000000000000005
93,48.1634040480424,0.79505670592061,47.953145440710806,-3.59806858502322,49.0849700500881,-6.760506617176428,42.51053303644248,-11.783612737696942,47.54615575469906,-15.434437685941598,41.570383517021575,-8.655794380963336,45.68637881335138,-1.2459360256722962,40.0986770562136,13.55260922222137,23.205936920222626,8.307792207792223,9.590476190476178,-1.4285714285714282,51.917796172221635,0.5508152054636603,45.65338156558239,2.757727380863484,1,4.65
94,48.1830093819054,0.9394268448121755,47.88553374739643,-3.5208310123737827,49.06867111882114,-6.608420945497223,42.50757771754481,-11.80492583967793,47.48883306025671,-15.450925469574766,41.60428748343205,-8.622689931724608,45.75906824430806,-1.0879127176383632,40.306146788301675,13.484299495887637,23.291156462585025,8.257142857142854,9.590476190476178,-1.4285714285714333,51.906835138277316,0.6840521844755656,45.68113859239639,2.800478400739302,1,4.7
95,48.19874606683712,1.0863981545419612,47.819436558560476,-3.440166347696429,49.04932121406251,-6.453605081922169,42.50456575031293,-11.82343729265572,47.42791160245784,-15.466343689108404,41.635960955217975,-8.588305966452632,45.82601230710491,-0.9291876950671781,40.511050516512384,13.414662459699999,23.37637600494744,8.206493506493509,9.590476190476178,-1.4285714285714282,51.89526486780053,0.8163905064172505,45.7041674116148,2.8436537592363895,1,4.75
96,48.21082409669371,1.2350809669783211,47.755679459177585,-3.3562588588542983,49.02740342243583,-6.296591720961377,42.50168995128517,-11.838955448569877,47.364378011371514,-15.480450893980343,41.66581340760575,-8.552417416441873,45.88752857171241,-0.770382552594161,40.71316292834421,13.343595234136641,23.461595547309834,8.155844155844154,9.590476190476178,-1.4285714285714333,51.88316258279862,0.9473456624664496,45.72272865296236,2.8876653075269836,1,4.800000000000001
97,48.219453465331206,1.38458561398962,47.69508803422224,-3.269292813710594,49.00340083056483,-6.137913557124914,42.49914313699992,-11.85128865935991,47.29921891706686,-15.493005633628211,41.69425431582179,-8.51479921298669,45.94393460810098,-0.6121188848546941,40.91225871129564,13.27099493967576,23.54681508967225,8.10519480519481,9.590476190476178,-1.4285714285714282,51.870605505278846,1.0764331438010186,46.66539248446088,2.143251692201089,1,4.8500000000000005
98,48.224844166605706,1.5340224274442844,47.63848786866898,-3.1794524801284347,48.977796525073195,-5.978103284922885,42.497118123995556,-11.86024527696539,47.23342094961289,-15.503766457489753,41.721693155092574,-8.475226287381526,45.99554798624105,-0.4550182864842174,41.10811255286513,13.196758696795538,23.63203463203463,8.054545454545455,9.590476190476178,-1.4285714285714333,51.85767085724845,1.203168441598731,47.55092517465649,1.4439540535616415,1,4.9
99,48.2272061943733,1.6825017392106885,47.586704547492246,-3.0869221259709625,48.95107359258464,-5.817693598865348,42.495807728810426,-11.865633653325807,47.167970739078704,-15.512491915002675,41.74853940064444,-8.433473570920798,46.04268627610311,-0.2997023521180788,41.30049914055115,13.120783625974136,23.717254174397013,8.003896103896109,9.590476190476178,-1.4285714285714333,51.84443586071477,1.3270670470374517,48.379326723549106,0.7897723916085826,1,4.95
100,48.2267495424901,1.8291338811572349,47.540563655666695,-2.9918860191013437,48.92371511972282,-5.657217193462381,42.49540476798293,-11.867262140380772,47.103854915533375,-15.5189405556047,41.775202527703925,-8.389315994898926,46.08566704765751,-0.14679267639171825,41.489193161852214,13.042966847689776,23.80247371675943,7.953246753246749,9.590476190476178,-1.4285714285714333,51.830977737685096,1.4476444512949596,49.15059713113884,0.18070670634194613,1,5.0
101,48.22368420481222,1.973029185152283,47.50089077816676,-2.894528427382729,48.89620419311142,-5.497206763224127,42.496102058051385,-11.864939090069756,47.04206010904601,-15.522870928733521,41.80209201149736,-8.342528490610341,46.124807870874776,0.003089146059487007,41.67396930426671,12.963205482420626,23.887693259121825,7.9025974025974035,9.590476190476178,-1.4285714285714333,51.81737371016667,1.5644161455490326,49.864736397425595,-0.3832430022382727,1,5.050000000000001
102,48.218220175195704,2.113297983064231,47.46851149996705,-2.7950336186782576,48.86902389937424,-5.338195002660611,42.49809241555419,-11.85847285433237,46.98357294968567,-15.524041583826866,41.82961732725125,-8.29288598934943,46.16042631572531,0.1493215206001358,41.85460225529317,12.881396650644879,23.972912801484206,7.851948051948063,9.590476190476178,-1.4285714285714282,51.80370100016683,1.6768976209775552,50.52174452240941,-0.9020767341320641,1,5.1000000000000005
103,48.210567447496665,2.2490506067614815,47.44425140604203,-2.6935858608510888,48.842657325134816,-5.180714606281942,42.50156865702971,-11.847671785108085,46.92938006752141,-15.522211070322431,41.85818795019197,-8.240163422410621,46.1928399521796,0.2912828525948171,42.03086670243005,12.79743747284071,24.058132343846637,7.801298701298708,9.59047619047621,-1.4285714285714137,51.790036829692816,1.7846043687582869,51.121621506090285,-1.3757944893394474,1,5.15
104,48.200936015571216,2.37939738811238,47.42893608136617,-2.5903694217643767,48.81758755701697,-5.025298268598234,42.506723599016325,-11.832344234336508,46.88046809262235,-15.517137937657944,41.88821335554598,-8.184135721088348,46.22236635020798,0.4283515474081347,42.20253733317581,12.711225069486309,24.143351886209032,7.750649350649353,9.590476190476178,-1.4285714285714282,51.77645842075197,1.8870518800690201,51.66436734846823,-1.8043962678603938,1,5.2
105,48.189535873275375,2.5034486589853575,47.42339111091413,-2.485568569281294,48.79429768164432,-4.872478684119536,42.51375005805234,-11.81229855395713,46.83782365505749,-15.5085807352711,41.92010301853964,-8.124577816677043,46.24932307978099,0.5599060104046822,42.36938883502897,12.622656561059864,24.228571428571435,7.700000000000003,9.590476190476178,-1.4285714285714282,51.763042995351526,1.9837556460876105,52.14998204954323,-2.187882069694956,1,5.25
106,48.17657701446528,2.620314751248783,47.42844207966039,-2.3793675712649525,48.77327078564062,-4.722788547355933,42.52284085067625,-11.787343095909511,46.80243338489603,-15.496298012599638,41.9542664143995,-8.061264640471046,46.274027710868985,0.6853246469490779,42.531195895487954,12.531629068039571,24.313790970933844,7.6493506493506525,9.590476190476178,-1.4285714285714282,51.74986777549882,2.074231157991841,52.57846560931532,-2.5262518948430817,1,5.300000000000001
107,48.162269432997086,2.7291059967710463,47.444914572579385,-2.2719506955785302,48.75498995562943,-4.576760552817523,42.53418879342629,-11.757286212133181,46.775283912206966,-15.480048319081241,41.99111301835187,-7.993971123764865,46.296797813442495,0.8039858624059155,42.68773320205125,12.438039710903576,24.39901051329623,7.598701298701312,9.590476190476178,-1.4285714285714137,51.73700998320111,2.1579939069595433,52.949818027784424,-2.8195057433047945,1,5.3500000000000005
108,48.146823122726765,2.828932727420534,47.47363417464577,-2.1635022100851664,48.73993827823462,-4.434927395014406,42.547986702840916,-11.72193625456771,46.757361867059316,-15.459590204153647,42.03105230562326,-7.9224721978528825,46.3179509574719,0.9152680621397843,42.83877544221732,12.341785610130101,24.484230055658657,7.548051948051947,9.590476190476178,-1.4285714285714282,51.72454684046569,2.2345593841685054,53.26403930495062,-3.0676436150800943,1,5.4
109,48.130448077510486,2.9189052750656206,47.51542647083405,-2.0542063826480152,48.728598840079776,-4.297821768456636,42.564427395458445,-11.681101575152615,46.749653879522334,-15.43468221725455,42.07449375144003,-7.846542794029511,46.337804712927685,1.0185496515152828,42.98409730348463,12.242763886197318,24.569449598021023,7.497402597402602,9.590476190476178,-1.4285714285714333,51.71255556929981,2.303443080796535,53.52112944081385,-3.2706655101689663,1,5.45
110,48.11335429120432,2.9981339715747146,47.57111704611862,-1.9442474811302364,48.721454727788625,-4.165976367654302,42.58370368781728,-11.634590525827411,46.75314657966494,-15.405082907821662,42.121846831028684,-7.76595784358915,46.3566766497802,1.113209035897039,43.12347347335173,12.140871659583434,24.654669140383422,7.446753246753247,9.590476190476178,-1.4285714285714282,51.701113391710855,2.364160488021467,53.72108843537416,-3.4285714285714213,1,5.5
111,48.09575175766438,3.0657291488161933,47.64153148547422,-1.8338097733949834,48.71898902798485,-4.039923887117517,42.60600839645575,-11.582211458531704,46.76882659755632,-15.370550825292685,42.17352101961559,-7.6804922778262315,46.37488433800002,1.1986246206496274,43.256678639317,12.036006050766606,24.73988868274585,7.396103896103907,9.590476190476178,-1.4285714285714282,51.690297529706,2.416227097021086,53.72108843537416,-3.4285714285714213,1,5.550000000000001
112,48.07785047074674,3.120801138658431,47.72749537387517,-1.723077527305372,48.72168482729214,-3.9201970213563673,42.63153433791223,-11.523772725205005,46.797680563265416,-15.330844519105375,42.229925792427196,-7.589921028035198,46.392745347557444,1.274174811137656,43.38348748887893,11.928064180225014,24.82510822510825,7.3454545454545475,9.590476190476178,-1.4285714285714333,51.68018520529262,2.4591583989732277,53.72108843537416,-3.4285714285714213,1,5.6000000000000005
113,48.059860424307466,3.162460272969841,47.8298342962961,-1.6122350107245997,48.73002521233416,-3.80732846488092,42.66047432872514,-11.459082677786826,46.84069510686144,-15.285722538697415,42.29147062468991,-7.494019025510463,46.410577248423,1.3392380127257095,43.503674709536,11.816943168436872,24.91032776747062,7.294805194805202,9.590476190476178,-1.4285714285714333,51.67085364047797,2.4924698850556655,53.72108843537416,-3.4285714285714213,1,5.65
114,48.0419916122027,3.1898168836188057,47.94937383771154,-1.501466491515792,48.74449326973466,-3.701850912201236,42.69302118543278,-11.387949668216747,46.89885685841341,-15.234943433506475,42.35856499163018,-7.392561201546414,46.428697610567106,1.393192630778425,43.6170149887867,11.702540135880367,24.99554730983303,7.244155844155852,9.590476190476178,-1.4285714285714282,51.66238005726934,2.51567704644626,53.72108843537416,-3.4285714285714213,1,5.7
115,48.024454028288496,3.2019813024736856,48.086939583096054,-1.3909562375421074,48.765572086117345,-3.6042970578274485,42.72936772457358,-11.31018204843428,46.97315244799042,-15.178265752970344,42.43161836847444,-7.285322487437475,46.447424003960236,1.435417070660368,43.72328301412945,11.58475220303364,25.080766852195428,7.193506493506501,9.590476190476178,-1.4285714285714282,51.654841677674014,2.5282953743227794,53.72108843537416,-3.4285714285714213,1,5.75
116,48.00745766642095,3.1980638614028827,48.24335711742406,-1.28088851666671,48.793744748105816,-3.5151995962696314,42.76970676268583,-11.22558817037901,47.06456850566155,-15.115448046526687,42.511040230449076,-7.172077814478097,46.46707399857274,1.4652897377361414,43.82225347306279,11.463476490374935,25.165986394557812,7.142857142857147,9.590476190476178,-1.4285714285714333,51.648315723699234,2.529840359863037,53.72108843537416,-3.4285714285714213,1,5.800000000000001
117,48.00745766642095,3.1980638614028827,48.24335711742406,-1.28088851666671,48.793744748105816,-3.5151995962696314,42.76970676268583,-11.22558817037901,47.06456850566155,-15.115448046526687,42.511040230449076,-7.172077814478097,46.46707399857274,1.4652897377361414,43.82225347306279,11.463476490374935,25.165986394557812,7.142857142857147,9.590476190476178,-1.4285714285714333,51.648315723699234,2.529840359863037,53.72108843537416,-3.4285714285714213,1,5.8500000000000005
118,48.00745766642095,3.1980638614028827,48.24335711742406,-1.28088851666671,48.793744748105816,-3.5151995962696314,42.76970676268583,-11.22558817037901,47.06456850566155,-15.115448046526687,42.511040230449076,-7.172077814478097,46.46707399857274,1.4652897377361414,43.82225347306279,11.463476490374935,25.165986394557812,7.142857142857147,9.590476190476178,-1.4285714285714333,51.648315723699234,2.529840359863037,53.72108843537416,-3.4285714285714213,1,5.9
119,48.00745766642095,3.1980638614028827,48.24335711742406,-1.28088851666671,48.793744748105816,-3.5151995962696314,42.76970676268583,-11.22558817037901,47.06456850566155,-15.115448046526687,42.511040230449076,-7.172077814478097,46.46707399857274,1.4652897377361414,43.82225347306279,11.463476490374935,25.165986394557812,7.142857142857147,9.590476190476178,-1.4285714285714333,51.648315723699234,2.529840359863037,53.72108843537416,-3.4285714285714213,1,5.95
120,48.00745766642095,3.1980638614028827,48.24335711742406,-1.28088851666671,48.793744748105816,-3.5151995962696314,42.76970676268583,-11.22558817037901,47.06456850566155,-15.115448046526687,42.511040230449076,-7.172077814478097,46.46707399857274,1.4652897377361414,43.82225347306279,11.463476490374935,25.165986394557812,7.142857142857147,9.590476190476178,-1.4285714285714333,51.648315723699234,2.529840359863037,53.72108843537416,-3.4285714285714213,1,6.0
121,48.00745766642095,3.1980638614028827,48.24335711742406,-1.28088851666671,48.793744748105816,-3.5151995962696314,42.76970676268583,-11.22558817037901,47.06456850566155,-15.115448046526687,42.511040230449076,-7.172077814478097,46.46707399857274,1.4652897377361414,43.82225347306279,11.463476490374935,25.165986394557812,7.142857142857147,9.590476190476178,-1.4285714285714333,51.648315723699234,2.529840359863037,53.72108843537416,-3.4285714285714213,1,6.050000000000001
122,48.00745766642095,3.1980638614028827,48.24335711742406,-1.28088851666671,48.793744748105816,-3.5151995962696314,42.76970676268583,-11.22558817037901,47.06456850566155,-15.115448046526687,42.511040230449076,-7.172077814478097,46.46707399857274,1.4652897377361414,43.82225347306279,11.463476490374935,25.165986394557812,7.142857142857147,9.590476190476178,-1.4285714285714333,51.648315723699234,2.529840359863037,53.72108843537416,-3.4285714285714213,1,6.1000000000000005
123,48.00745766642095,3.1980638614028827,48.24335711742406,-1.28088851666671,48.793744748105816,-3.5151995962696314,42.76970676268583,-11.22558817037901,47.06456850566155,-15.115448046526687,42.511040230449076,-7.172077814478097,46.46707399857274,1.4652897377361414,43.82225347306279,11.463476490374935,25.165986394557812,7.142857142857147,9.590476190476178,-1.4285714285714333,51.648315723699234,2.529840359863037,53.72108843537416,-3.4285714285714213,1,6.15
124,48.00745766642095,3.1980638614028827,48.24335711742406,-1.28088851666671,48.793744748105816,-3.5151995962696314,42.76970676268583,-11.22558817037901,47.06456850566155,-15.115448046526687,42.511040230449076,-7.172077814478097,46.46707399857274,1.4652897377361414,43.82225347306279,11.463476490374935,25.165986394557812,7.142857142857147,9.590476190476178,-1.4285714285714333,51.648315723699234,2.529840359863037,53.72108843537416,-3.4285714285714213,1,6.2
