Frame,Away_1847_x,Away_1847_y,Away_1848_x,Away_1848_y,Away_1849_x,Away_1849_y,Away_2606_x,Away_2606_y,Away_9526_x,Away_9526_y,Away_9940_x,Away_9940_y,Away_9941_x,Away_9941_y,Away_9942_x,Away_9942_y,Away_15027_x,Away_15027_y,Away_15028_x,Away_15028_y,Away_15029_x,Away_15029_y,ball_x,ball_y,Period,Time [s]
0,9.638455958573527,21.407239198975887,1.5236015316401132,7.883059219105772,3.657413794587198,-7.742505190841697,-42.048573046435614,-3.0767944344745803,19.3970986802799,2.8478448807155514,27.19510329746437,-1.5841102611600542,31.484303968027774,4.743184385763296,28.895390436150898,19.409372108591477,41.92535007359669,22.623177944862153,42.58126898197873,8.295598997493734,40.00291312408004,-4.181346700083551,28.059544004187963,5.190687308190024,1,0.0
1,9.37891733658654,21.18541300946095,1.381380084795448,7.7806161152816555,3.5605456720566564,-7.802514470850759,-42.04808602593242,-3.0769928985570387,19.171360782392625,2.7339506501907884,26.909569834982356,-1.5856037725076897,31.104994056157256,4.759077306461964,28.523553940970647,19.401677690057014,41.58491785353108,22.57849604273844,42.20922257146624,8.230890284922838,39.77893378998874,-4.200468506793292,27.571166895341808,5.1689693635551235,1,0.05
2,9.122558802950298,20.965574668727267,1.238149333234987,7.681340054172985,3.4666310823898407,-7.859341558689483,-42.04782197867165,-3.0771004995655944,18.949039078838098,2.6177152768932523,26.622707786435654,-1.5840776334669937,30.722485064281123,4.775869509594615,28.150992102838817,19.39517014324891,41.24781653381575,22.534388603086665,41.841146475210564,8.167352592006328,39.555675655303666,-4.219509299564692,27.09100889116653,5.148145580303137,1,0.1
3,8.86931198987093,20.7476522435764,1.0939623982595648,7.585064349321012,3.375514576488682,-7.9131539381562925,-42.04776916921951,-3.0771220197673195,18.729979906827715,2.4991721826818174,26.334587077406617,-1.5796907730058003,30.336945365031255,4.79351366450686,27.777743097700323,19.38978700123423,40.914016285492345,22.49085048146683,41.47700513815868,8.104975432001053,39.33313226152263,-4.238469803895707,26.618873452203516,5.128128480490598,1,0.15000000000000002
4,8.619108529554513,20.531573800810055,0.9488724011700156,7.491622314267042,3.287040705255007,-7.964119093049643,-42.04791586214215,-3.0770622414292257,18.514029603572922,2.378354789415317,26.045277633477546,-1.572602120091891,29.94854333103955,4.811962440544265,27.40384510149994,19.385465797079995,40.58348727960254,22.44787653343886,41.1167630052575,8.043748318163832,39.11129715014353,-4.257350745284259,26.154564038994366,5.108830586174104,1,0.2
5,8.371880054207047,20.317267407229874,0.8029324632671364,7.40084726255238,3.2010540195908215,-8.012404507167952,-42.04825032200579,-3.0769259468183843,18.301034506285088,2.255296518952653,25.754849380230787,-1.5629706036930844,29.55744733493784,4.831168507052427,27.029336290182457,19.382144063853243,40.2561996871879,22.40546161456271,40.76038452145401,7.983660763751484,38.890163862664224,-4.276152849228347,25.697884112080338,5.090164419410216,1,0.25
6,8.127558196034652,20.104661129637467,0.6561957058518146,7.312572507718326,3.117399070397959,-8.05817766430969,-42.0487608133766,-3.076717918201823,18.09084095217565,2.1300307931526543,25.463372243248767,-1.5509551527771719,29.163825749358,4.851084533376902,26.654254839692708,19.379759334621006,39.93212367929016,22.363600580398362,40.407834131695175,7.924702282020838,38.66972594058244,-4.294876841225864,25.248637132003026,5.072042502255545,1,0.30000000000000004
7,7.886074587243428,19.89368303483451,0.508715250224832,7.226631363306141,3.035920408578404,-8.101606048273261,-42.049435600820786,-3.076442937846617,17.88329527845603,2.002591033874209,25.170916148113733,-1.5367146963119829,28.767846946931954,4.871663188863276,26.278638925975503,19.378249142450294,39.611229426950835,22.32228828650573,40.05907628092787,7.866862386228728,38.44997692539619,-4.3135234467748305,24.806626559303844,5.054377356766614,1,0.35000000000000003
8,7.6473608600394,19.684261189622603,0.3605442176870832,7.142857142857147,2.9564625850340045,-8.142857142857146,-42.05026294890452,-3.0761057880197753,17.678243822337613,1.8730106629761405,24.877551020408156,-1.520408163265293,28.369679300291548,4.89285714285714,25.902526724975694,19.377551020408163,39.29348710121169,22.281519588444795,39.71407541409916,7.810130589631979,38.23091035860328,-4.332093391373167,24.371655854524285,5.037081505000044,1,0.4
9,7.411348646628678,19.476323660803438,0.21173572953932762,7.0610831599126165,2.8788701506667067,-8.182098431859744,-42.05123112219399,-3.075711250988382,17.475532921031913,1.741323102317337,24.58334678571434,-1.5021944826049465,27.969491182068634,4.914619064704062,25.52595641263808,19.37760250156164,38.97886687311428,22.24128934177549,39.37279597615593,7.754496405487405,38.01251978170155,-4.350587400518844,23.68017995486381,4.303857396243875,1,0.45
10,7.1779695792173195,19.269798515178596,0.0623429070824524,6.981142728013856,2.8029876563783906,-8.219497399079518,-42.05232838525539,-3.0752641090194843,17.275008911750234,1.6075617737566419,24.288373369614618,-1.4822325832987189,27.56745096489512,4.936901623749606,25.14896616490747,19.37834111897776,38.667338913700306,22.20159240205778,39.03520241204516,7.699949347051834,37.79479873618886,-4.369006199709789,23.002196267879647,3.58494009936588,1,0.5
11,6.9471552900114055,19.06461381954978,-0.08758112838274557,6.902869160702177,2.7286596530710017,-8.255221528314912,-42.05354300265492,-3.074769144380067,17.076518131704052,1.4717600991529374,23.992700697691348,-1.460681394314416,27.163727021402863,4.9596574893393806,24.771594157728686,19.379704405723572,38.358873394011354,22.162423624851613,38.70125916671376,7.64647892758211,37.57774076356305,-4.38735051444401,22.33770479357174,2.880329614366034,1,0.55
12,6.718837411217016,18.860697640718612,-0.2379832555554543,6.826095771518825,2.6557306916464034,-8.28943830336431,-42.054863238958745,-3.0742311393372574,16.879906918104744,1.3339515003650824,23.696398695526888,-1.4376998446198572,26.7584877242237,4.982839330818961,24.393878567046514,19.381629894866055,38.0534404850891,22.123777865716917,38.37093068510878,7.594074660335047,37.36133940532201,-4.40562107021941,21.686705531940184,2.1900259412443814,1,0.6000000000000001
13,6.492947575040221,18.657978045486725,-0.3888103531347866,6.750655874005142,2.58404532300652,-8.32231520802624,-42.05627735873308,-3.0736548761580695,16.685021608163822,1.1941693992518718,23.39953728870364,-1.413446863182867,26.35190144598959,5.006399817533889,24.015857568805806,19.384055119472304,37.75101035797516,22.085649980213688,38.04418141217705,7.542726058567471,37.145588202963566,-4.423818592533966,21.049198482984913,1.514029080000869,1,0.65
14,6.26941741368711,18.456383100655756,-0.540009299819908,6.6763827817024115,2.5134480980532903,-8.354019726099093,-42.05777362654408,-3.0730451371095593,16.491708539092592,1.0524472176722557,23.102186402803895,-1.388081378971207,25.94413655933235,5.030291618829771,23.637569338951415,19.38691761260931,37.451553183711155,22.048034823901855,37.720975792865616,7.492422635536209,36.930480697985566,-4.4419438068856305,20.425183646705968,0.8523390306355497,1,0.7000000000000001
15,6.048178559363709,18.255840873027363,-0.691526974310059,6.6031098081518955,2.443783567688601,-8.384719341381285,-42.05934030695797,-3.0724067044587495,16.299814048102533,0.9088183774850491,22.80441596341,-1.3617623209527066,25.535361436883868,5.054467404052198,23.259052053428093,19.390154907344126,37.15503913333879,22.01092725234138,37.40127827212142,7.443153904498076,36.716010431885906,-4.459997438772363,19.81466102310332,0.20495579314839943,1,0.75
16,5.8291626442761615,18.056279429403173,-0.8433102553043451,6.53067026689493,2.374896282814382,-8.4145815376713,-42.0609656645409,-3.071744360472721,16.109184472405047,0.7633163005491057,22.506295896104366,-1.3346486180952044,25.125744451276006,5.078879842546711,22.880343888180704,19.39370453674377,36.86143837789963,21.974322121092204,37.08505329489134,7.394909378709936,36.50217094616237,-4.477980213692131,19.21763061217697,-0.4281206324605867,1,0.8
17,5.612301300630491,17.857626836584846,-0.9953060215019693,6.458897471472785,2.3066307943324906,-8.443773798767543,-42.062637963859096,-3.071062887418481,15.919666149211531,0.6159744087233073,22.207896126469322,-1.306899199366448,24.715453975140655,5.103481603658913,22.501483019154023,19.397504033875304,36.570721088435334,21.93821428571428,36.77226530612245,7.347678571428571,36.28895578231292,-4.49589285714285,18.6340924139269,-1.0468902461914087,1,0.8500000000000001
18,5.397526160632786,17.659811161374012,-1.147461151602105,6.387624735426752,2.2388316531448575,-8.472463608468475,-42.06434546947871,-3.070367067563101,15.731105415733415,0.4668261238665031,21.909286580087205,-1.2786729937342711,24.304658381109668,5.128225356734389,22.12250762229288,19.40149093180573,36.28285743598766,21.902598601767583,36.462878750761604,7.301450995910824,36.07635848183536,-4.513736094622511,18.064046428353144,-1.6513530480440568,1,0.9
19,5.184768856489136,17.462760470572317,-1.2997225243038564,6.316685372298143,2.17134341015346,-8.50081845057252,-42.066076445965955,-3.0696616831736416,15.543348609182189,0.31590486783755095,21.610537182540355,-1.2501289301664988,23.893526041814944,5.153063771118705,21.743455873542093,19.405602763602072,35.99781759159804,21.867469924812028,36.156858073755835,7.256216165413536,35.864372586227454,-4.531510651629067,17.50749265545567,-2.2415090380185405,1,0.9500000000000001
20,4.9739610204055875,17.266402830981413,-1.452037018306473,6.245912695628225,2.1040106162601235,-8.529005808878152,-42.06781915788701,-3.0689515165171217,15.356242066769155,0.1632440624953142,21.31171785941119,-1.2214259376309116,23.48222532988833,5.177949516157443,21.364365948846533,19.409777062331422,35.71557172630827,21.8328231104076,35.854167720052025,7.211963593193513,35.652991636987196,-4.549217253660461,16.964431095234556,-2.817358216114841,1,1.0
21,4.7650342845882445,17.070666309402906,-1.6043515123090515,6.175140018958313,2.0366778223668014,-8.557193167183765,-42.06956186980807,-3.068241349860611,15.16963212570581,0.008877129698655893,21.012898536282027,-1.192722945095329,23.070924617961772,5.202835261196174,20.98527602415094,19.413951361060736,35.436090011159905,21.798653014114233,35.55477213459716,7.168682792507586,35.442209175612376,-4.566856626214645,16.434861747689705,-3.378900582332982,1,1.05
22,4.557920281243181,16.87547897263847,-1.756612885010826,6.104200655829698,1.9691895793753738,-8.585548009287825,-42.07129284629532,-3.067535965471152,14.983365123203527,-0.1471625086935754,20.71414913873521,-1.164178881527547,22.659792278667027,5.227673675580501,20.60622427540017,19.41806319285709,35.159342617194596,21.764954491491892,35.25863576233816,7.1263632766125875,35.23201874360083,-4.5844294947895925,15.91878461282115,-3.926136136672954,1,1.1
23,4.352550642576437,16.680768887489744,-1.9087680151109687,6.0329279197836705,1.9013904381877562,-8.614237818988743,-42.073000351914935,-3.0668401456157817,14.797287396473711,-0.30484143082251647,20.41553959235305,-1.1359526758953704,22.24899668463604,5.252417428655992,20.22724887853904,19.422050090787522,34.88529971545404,21.731722398100523,34.965723048222074,7.08499455876534,35.022413882450486,-4.601936584883263,15.416199690628895,-4.459064879134767,1,1.1500000000000001
24,4.148857000794125,16.486464120758384,-2.0607637813085855,5.9611551243615155,1.8331249497058797,-8.643430080085018,-42.07467265123312,-3.0661586725615417,14.611245282727884,-0.464126214829285,20.117139822717988,-1.1082032571666236,21.838706208500696,5.277019189768178,19.848388009512373,19.425849587919032,34.613931476979815,21.69895158950008,34.67599843719572,7.044566152222657,34.81338813365913,-4.6193786219935795,14.927106981112983,-4.9776868097184055,1,1.2000000000000002
25,3.946770988102308,16.292492739246008,-2.212547062302857,5.88871558310455,1.7642376648316382,-8.67329227637499,-42.07629800881606,-3.0654963285754984,14.425085119177334,-0.6249834388550614,19.81901975541235,-1.0810895543090924,21.42908922289282,5.30143162826271,19.46967984426496,19.429399217318693,34.3452080728136,21.666636921250497,34.38942637420618,7.0050675702413985,34.604935038724655,-4.6367563316185105,14.451506484273336,-5.482001928423856,1,1.25
26,3.7462242367070577,16.098782809754244,-2.364064736793008,5.815442609554053,1.694573134466956,-8.703991891657203,-42.07786468922994,-3.0648578959246935,14.238653243033578,-0.7873796810409533,19.521249316018515,-1.0547704962906306,21.020314100444338,5.325607413485124,19.091162558741644,19.432636512053502,34.07909967399701,21.634773248911756,34.10597130420038,6.966488326078349,34.39704813914486,-4.654070439256042,13.989398200109973,-5.972010235251157,1,1.3
27,3.547148378814434,15.905262399084794,-2.5152636834781594,5.741169517251304,1.6239759095137112,-8.735696409730046,-42.079360957040954,-3.0642481568761735,14.051795991507932,-0.9512815195281124,19.223898430118755,-1.0294050120789657,20.6125492137871,5.349499214781024,18.71287432888721,19.43549900519051,33.81557645157172,21.60335542804379,33.82559767212517,6.928817932990376,34.18972097641767,-4.671321670404079,13.54078212862294,-6.447711730200284,1,1.35
28,3.3494750466305607,15.71185957403921,-2.666090781057491,5.665729619737611,1.5522905408738352,-8.768573314391965,-42.08077507681528,-3.0636718936969807,13.864359701811923,-1.1166555324577043,18.927037023295462,-1.0051520306419466,20.205962935552975,5.373059701495943,18.33485333064652,19.43792422979676,33.554608576579284,21.572378314206567,33.54826992292763,6.892045904234275,33.98294709204089,-4.6885107505606065,13.105658269812231,-6.909106413271257,1,1.4000000000000001
29,3.1531358723614424,15.51850240141922,-2.8164929082301624,5.588956230554274,1.4793615794492447,-8.802790089441404,-42.08209531311911,-3.063133888654186,13.67619071115687,-1.2834682979707985,18.63073502113103,-0.982170480947407,19.800723638373846,5.396241542975499,17.957137739964395,19.439849718939257,33.29616622006141,21.541836762960042,33.27395250155464,6.856161753066879,33.77672002751237,-4.7056384052235645,12.68402662367778,-7.356194284464021,1,1.4500000000000002
30,2.958062488213212,15.325118948026436,-2.966416943695391,5.510682663242594,1.4050335761418558,-8.838514218676776,-42.08330993051864,-3.0626389240147778,13.48713535675423,-1.4516863942085996,18.335062349207767,-0.9606192919631042,19.396999694881586,5.418997408565287,17.579765732785564,19.441213005685054,33.040219553059764,21.511725629864138,33.002609852953185,6.821154992745022,33.57103332433,-4.7227053598909565,12.275887190219677,-7.788975343778642,1,1.5
31,2.7641865263919114,15.131637280662481,-3.1158097661522586,5.430742231343833,1.3291510818535093,-8.875913185896541,-42.08440719358004,-3.0621917820458755,13.297039975815471,-1.6212763993122297,18.040088933108045,-0.940657392656872,18.99495947770805,5.441279967610832,17.202775485054957,19.441951623101176,32.786738746615924,21.48203977047883,32.73420642207018,6.7870151365255245,33.3658805239917,-4.739712340060676,11.88123996943785,-8.207449591215092,1,1.55
32,2.5714396191036437,14.93798546612902,-3.2646182543000064,5.348968248399299,1.2515586474862195,-8.91515447489915,-42.085375366869506,-3.061797245014468,13.105750905551968,-1.7922048914228355,17.745884698414212,-0.9224437119965158,18.594771359485158,5.463041889457755,16.826205172717323,19.442003104254656,32.53569397177156,21.452774040364062,32.46870665385267,6.753731697665219,33.16125516799517,-4.756660071230708,11.500084961332329,-8.611617026773382,1,1.6
33,2.3797533985544357,14.744091571227678,-3.4127892868377927,5.265194027950314,1.1721008239418278,-8.956405569483028,-42.086202714953245,-3.0614600951876305,12.913114483175121,-1.9644384486815492,17.452519570708603,-0.9061371789498258,18.19660371284477,5.484235843451618,16.45009297171748,19.441304982212532,32.287055399568246,21.423923295079813,32.20607499324751,6.72129418942091,32.95715079783838,-4.773549278899011,11.13242216590308,-9.00147765045348,1,1.6500000000000001
34,2.1890594969504438,14.549883662760102,-3.5602697424647456,5.179252883538138,1.0906221621222576,-8.999833953446604,-42.08687750239743,-3.06118511483242,12.71897704589639,-2.1379436492294976,17.160063475573615,-0.8918967224846415,17.800624910418676,5.504814498937987,16.074477058000294,19.439794790041844,32.040793201047734,21.395482390186004,31.946275885201718,6.6896921250494765,32.753560955019125,-4.790380688563513,10.778251583150166,-9.377031462255431,1,1.7000000000000002
35,1.9992895464976632,14.355289807527953,-3.7070064998800896,5.090978128704055,1.0069672129294251,-9.045607110588328,-42.08738799376824,-3.0609770862158636,12.523184930927105,-2.3126870712078325,16.868586338591562,-0.8798812715687339,17.407003324838847,5.524730525262473,15.699395607510562,19.437410060809576,31.796877547251604,21.36744618124258,31.689273774662233,6.658915017807678,32.550479181035286,-4.807155025722185,10.437573213073543,-9.738278462179196,1,1.75
36,1.810375179402213,14.160238072332854,-3.852946437782924,5.000203076989409,0.920980527265217,-9.093892524706671,-42.08772245363188,-3.060840791605027,12.325584475478792,-2.4886352927577007,16.578158085344825,-0.8702497551699179,17.015907328737143,5.543936591770624,15.324886796193079,19.434088327582824,31.555278609221485,21.339809523809528,31.435033106575947,6.62895238095238,32.34789901738474,-4.8238730158730085,10.110387055673208,-10.08521865022481,1,1.8
37,1.6222480278701426,13.964656523976453,-3.9980364348725104,4.9067610419354475,0.8325066560315716,-9.144857679599992,-42.08786914655453,-3.060781013266919,12.12602201676279,-2.665754892020243,16.288848641415733,-0.8631611022560083,16.62750529474542,5.562385367808038,14.95098879999268,19.42976712342859,31.315966557999012,21.312567273446774,31.183518325889906,6.5997937277404075,32.1458140055653,-4.840535384513912,9.796693110949217,-10.41785202639223,1,1.85
38,1.4348397241075321,13.768473229260401,-4.14222336984794,4.810485337083485,0.7413901501303906,-9.198670059066801,-42.087816337102375,-3.0608025334686437,11.92434389199055,-2.8440124471366017,16.000727932386667,-0.858774241794815,16.241965595495586,5.580029522720299,14.577739794854164,19.424383981413914,31.078911564625848,21.285714285714285,30.934693877551037,6.571428571428573,31.944217687074826,-4.857142857142854,9.496491378901492,-10.736178590681503,1,1.9000000000000001
39,1.2480819003204688,13.57161625498632,-4.285454121408401,4.711209275974791,0.6474755604635676,-9.255497146905512,-42.08755228984162,-3.0609101344771994,11.720396438373502,-3.0233745362478994,15.713865883839963,-0.8572481027541285,15.85945660361945,5.596821725852945,14.205177956722379,19.417876434605816,30.844083800143625,21.259245416172003,30.688524206506234,6.543846425273698,31.74310360341121,-4.87369615925779,9.209781859530072,-11.040198343092591,1,1.9500000000000002
40,1.0619061887150103,13.37401366795585,-4.4276755682530515,4.608766172150697,0.5506074379330563,-9.315506426914594,-42.08706526933842,-3.061108598559668,11.514025993123056,-3.203807737495297,15.428332421357995,-0.8587416141017737,15.48014669174893,5.6127146465515985,13.833341461542142,19.410182016071342,30.611453435594015,21.2331555203799,30.444973757702524,6.517036802532659,31.542465296072237,-4.890196016356679,8.936564552834955,-11.32991128362552,1,2.0
41,0.8762442214972963,13.175593534970652,-4.568834589081117,4.502989339152469,0.4506303334407131,-9.378865382892453,-42.08634354015899,-3.06140270798307,11.305078893450633,-3.3852786290198975,15.144197470523084,-0.8634137048055556,15.104204232515896,5.627660954161812,13.462268485258225,19.401238258877527,30.38099064201859,21.2074394538979,30.204006976086816,6.4909892164622045,31.34229630655588,-4.906643153937469,8.67683945881615,-11.605317412280282,1,2.0500000000000003
42,0.6910276308732568,12.976283922832373,-4.708878062591708,4.393712090521415,0.3473887978884693,-9.445741498637505,-42.085375366869506,-3.061797245014463,11.093401476567635,-3.567753788962881,14.861530956917607,-0.8714233038332501,14.731797598552207,5.64161331802919,13.091997203815472,19.390982696091392,30.152665590459033,21.182092072285975,29.965588306606126,6.465693180319227,31.142590176359867,-4.923038297498135,8.430606577473636,-11.866416729056878,1,2.1
43,0.5061880490491222,12.776012898342644,-4.847752867484001,4.280767739798829,0.24072738217824863,-9.51630225794825,-42.08414901403617,-3.0622969919208938,10.878840079685478,-3.7511997954653897,14.580402806123889,-0.8829293401526913,14.363095162489744,5.6545244074992835,12.722565793158735,19.379352860779974,29.926448451956933,21.157108231104072,29.729682194207324,6.441138207360507,30.94334044698211,-4.939382172536602,8.19786590880744,-12.1132092339553,1,2.15
44,0.32165710823092697,12.57470852830308,-4.985405882457176,4.163989600525984,0.13049063721193732,-9.590715144623077,-42.082652746225165,-3.062906730969423,10.661241040015582,-3.935583226668536,14.300882943724341,-0.8980907427316993,13.998265296960424,5.666346891917663,12.354012429232764,19.36628628601033,29.702309397554064,21.132482785912153,29.496253083837406,6.417313810842894,30.74454065992051,-4.955675504550848,7.9786174528175415,-12.345694926975549,1,2.2
45,0.13736644062466852,12.372298879515387,-5.121783986210442,4.0432109862441905,0.01652311389142156,-9.669147642460457,-42.080874828002685,-3.0636312444270932,10.440450694769346,-4.1208706607134715,14.023041295301239,-0.9170664405380594,13.637476374596057,5.677033440629949,11.986375287982444,19.35172050484944,29.48021859829189,21.108210592270154,29.26526542044335,6.394209504023225,30.54618435667281,-4.971919019038823,7.772861209503926,-12.563873808117629,1,2.25
46,-0.04675232156352806,12.168712018781147,-5.256834057442889,3.9182652104947455,-0.10133063688135976,-9.751767235258802,-42.07880352393489,-3.0644753145609216,10.216315381158246,-4.307028675741333,13.746947786437005,-0.9400153625395723,13.280896768028544,5.686536722981701,11.619692545352532,19.33559305036438,29.26014622521213,21.08428650573803,29.036683648972044,6.371814800158281,30.348265078736947,-4.988113441498477,7.580597178866622,-12.767745877381516,1,2.3000000000000003
47,-0.23076754612756775,11.963876012902022,-5.390502974853744,3.7889855868189333,-0.2232260642044301,-9.838741406816569,-42.076427098587985,-3.0654437236379843,9.98868143639367,-4.494023849893267,13.472672342713976,-0.9670964377040573,12.928694849889737,5.694809408318488,11.254002377287879,19.31784145562216,29.04206244935649,21.060705381875735,28.810472214370545,6.35011921250495,30.150776367610764,-5.004259497427771,7.4018253609056375,-12.957311134767279,1,2.35
48,-0.41474760086138557,11.75771892867968,-5.522737617142141,3.6552054287580624,-0.34931861717597856,-9.930237640932205,-42.073733816528176,-3.066541253925313,9.757395197687014,-4.681822761310416,13.200284889714464,-0.9984685949993102,12.581038992811546,5.7018041659858945,10.889342959733309,19.29840325368981,28.82593744176649,21.037462076243237,28.58659556158567,6.329112254320016,29.953711764792104,-5.020357912324659,7.236545755620942,-13.132569580274849,1,2.4000000000000004
49,-0.5987608535589017,11.550168832915721,-5.653484863007279,3.516758049853417,-0.4797637448940888,-10.02642342140414,-42.07071194232163,-3.0677726876899887,9.52230300224969,-4.8703919881339255,12.92985535302087,-1.03429076339316,12.238097569425847,5.707473665329502,10.525752468633623,19.2772159776344,28.61174137348382,21.01455144440047,28.365018135564448,6.308783438860309,29.757064811778807,-5.036409411687092,7.084758363012544,-13.293521213904244,1,2.45
50,-0.7828756720140662,11.341153792411827,-5.782691591148273,3.373476763646286,-0.6147168964567995,-10.127466232030805,-42.067349740534546,-3.0691428071990146,9.28325118729316,-5.059698108504918,12.661453658215539,-1.0747218718533733,11.90003895236448,5.711770575694863,10.16326907993368,19.254217160522924,28.399444415550125,20.9919683419074,28.145704381253903,6.2891222793826715,29.560829050068783,-5.052414721013065,6.946463183080429,-13.44016603565548,1,2.5
51,-0.9671604240208066,11.130601873969601,-5.910304680264376,3.2251948836779722,-0.7543335209622016,-10.233533556610638,-42.06363547573311,-3.0706563947194803,9.04008609002884,-5.249707700564545,12.395149730880808,-1.119920849347794,11.567031514259368,5.714647566427609,9.801930969578205,19.22934433542243,28.1890167390071,20.969707624323974,27.92861874360088,6.2701182891439196,29.364998021159845,-5.068374565800472,6.8216602158246324,-13.572504045528557,1,2.5500000000000003
52,-1.1516834773730205,10.918441144390698,-6.0362710090547065,3.0717457234897503,-0.8987690675084318,-10.344792878942094,-42.05955741248349,-3.0723182325183807,8.792654047668087,-5.440387342453938,12.131013496599024,-1.1700466248442223,11.239243627742276,5.716057306873278,9.441776313512115,19.202535035399936,27.980428514896264,20.947764147210133,27.713725667552357,6.251760981400872,29.169565266549846,-5.084289671547289,6.710349461245156,-13.690535243523462,1,2.6
53,-1.3365131998646276,10.704599670476775,-6.160537456218398,2.9129625966229393,-1.0481789851935508,-10.461411682823616,-42.0551038153519,-3.074133102862795,8.540801397422374,-5.631703612314245,11.869114880952575,-1.2252581273104584,10.916843665445235,5.7159524663774555,9.082843287680202,19.1737267935225,27.77364991425932,20.926132766125843,27.50098959805526,6.234039869410366,28.974524327736628,-5.100160763751487,6.612530919341953,-13.794259629640171,1,2.6500000000000004
54,-1.5217179592895935,10.489005519029474,-6.283050900454702,2.7486788166188028,-1.2027187231156655,-10.583557452053618,-42.05026294890452,-3.0761057880197753,8.284374476503103,-5.823623088286599,11.609523809523822,-1.2857142857142787,10.600000000000001,5.714285714285719,8.725170068027222,19.14285714285714,27.568651108137946,20.904808336631046,27.290374980056637,6.216944466429227,28.779868746218117,-5.115988567910998,6.52820459011507,-13.883677203878737,1,2.7
55,-1.7074169597009787,10.27163872540558,-6.4038605780605415,2.5788344755883013,-1.3624933755886737,-10.711282796099143,-42.045019870593606,-3.0782448115819863,8.02325971586912,-6.016107282669816,11.3522898301843,-1.351516603918678,10.288834846505942,5.711022695129693,8.368785103700894,19.109881324908198,27.365402267573696,20.883785714285715,27.081846258503376,6.200464285714293,28.585592063492076,-5.131773809523796,6.258105579432599,-14.082065260970083,1,2.75
56,-1.8939327501888288,10.052687199182532,-6.523425155724251,2.403796779920892,-1.5274066177898975,-10.84418082710156,-42.03934680941573,-3.080573662444473,7.757503921468774,-6.209097444393237,11.097380979962505,-1.422536885367104,9.983285789932008,5.706180954185175,8.01367793666033,19.074825414929283,27.163873563608274,20.86305975464978,26.875367878342445,6.184588840522359,28.391687821056415,-5.147517214087839,5.978845033098228,-14.271918288308445,1,2.8000000000000003
57,-2.0816387161021783,9.832390818492929,-6.642305657731914,2.2240397145756603,-1.6973117701123375,-10.98172978287082,-42.03321278725355,-3.083119570827956,7.487193992998034,-6.4025297565439665,10.844744918176177,-1.4985895083981529,9.683244257714783,5.699791011913982,7.6598283820674204,19.037733196611267,26.964035167283267,20.842625313283207,26.670904284520837,6.169307644110269,28.19814956040896,-5.163219507101086,5.690853716691837,-14.453425154777191,1,2.85
58,-2.2709082427902136,9.610989461469357,-6.7610631083697355,2.0400372645117444,-1.8720621529491606,-11.123407901216902,-42.026586825989675,-3.085909766953114,7.212416830152645,-6.596340402209024,10.59432930414301,-1.579488851350462,9.38860167729057,5.6918833887779625,7.307216255084069,18.998648453645096,26.76585724964038,20.822477245745933,26.468419921985404,6.154610209734852,28.004970823047593,-5.178881414061454,5.394562395793299,-14.62677472925958,1,2.9000000000000004
59,-2.462114715602053,9.388723006244405,-6.880258531923757,1.8522634146882098,-2.051511086693473,-11.268693419949729,-42.019437947506766,-3.088971481040682,6.933259332628467,-6.790465564475465,10.346081797180759,-1.665049292562597,9.099249476095942,5.682488605238931,6.955821370872272,18.957614969721668,26.569309981721233,20.80261040759794,26.26787923568319,6.140486050652942,27.81214515047018,-5.194503660466963,5.09040183598249,-14.792155880638976,1,2.95
60,-2.6556315198868363,9.165831330950672,-7.000452952680107,1.6611921500641516,-2.235511891738291,-11.417064576879298,-42.01173517368745,-3.0923319433112932,6.649808400121393,-6.9848414264303536,10.099950056607149,-1.7550852103732064,8.815079081567358,5.671637181758729,6.605623544593964,18.914676528531857,26.37436353456741,20.78301965439916,26.069246670561085,6.126924680121363,27.61966608417451,-5.210086971815505,4.77880280283928,-14.949757477798755,1,3.0
61,-2.851832040993653,8.942554313720729,-7.122207394924918,1.467297455598698,-2.423917888476758,-11.567999609815567,-42.003447526414384,-3.0960183839856703,6.36215093232717,-7.179404171160683,9.855881741739822,-1.8494109831208698,8.535981921141188,5.659359638799186,6.256602591411059,18.869876913766618,26.18098807922061,20.763699841709542,25.87248667156613,6.113915611396918,27.42752716565851,-5.225632073605061,4.4601960619434475,-15.099768389622131,1,3.0500000000000003
62,-3.051089664271725,8.719131832687204,-7.246082882944349,1.271053316250944,-2.616582397301981,-11.720976756568467,-41.9945440275702,-3.100058033284494,6.070373828941728,-7.374089981753576,9.61382451189656,-1.947840989144192,8.261849422253947,5.645686496822154,5.90873832648547,18.82325990911683,25.989153786722447,20.744645825089048,25.677563683645204,6.101448357736453,27.23572193642002,-5.241139691333605,4.135012378874916,-15.242377484992522,1,3.1
63,-3.253777775070179,8.49580376598268,-7.372640441024469,1.072933716980004,-2.813358738607028,-11.875474254947958,-41.984993699037545,-3.1044781214284667,5.774563989660837,-7.568835041296005,9.373726026395012,-2.0501896067817964,7.992573012342078,5.63064827628943,5.562010564979158,18.774869298273384,25.798830828114546,20.72585246009761,25.484442151745256,6.089512432396777,27.044243937956836,-5.256610550499047,3.803682519213522,-15.377773632793202,1,3.1500000000000004
64,-3.4602697587380877,8.272809991739729,-7.5024410934514165,0.8734126427449189,-3.0141002327850135,-12.030970342764014,-41.974765562699055,-3.109305878638286,5.474808314180406,-7.763575532875051,9.135533944552984,-2.1562712143722975,7.728044118842033,5.614275497662882,5.21639912205407,18.724748864927218,25.609989374438562,20.707314602295217,25.293086520813304,6.078097348634741,26.853086711766895,-5.272045376599393,3.466637248539163,-15.506145701907538,1,3.2
65,-3.67093900062463,8.05039038809094,-7.6360458645113205,0.6729640785048662,-3.2186602002290057,-12.186943257826599,-41.96382864043734,-3.1145685351346284,5.171193702196236,-7.958247639577813,8.899195925688137,-2.26590019025427,7.468154169190296,5.596598681404309,4.87188381287213,18.672942392769215,25.42259959673621,20.6890271072418,25.103461235796253,6.0671926197071535,26.662243799348026,-5.287444895132566,3.12430733243165,-15.627682561218815,1,3.25
66,-3.88615888607893,7.828784833168932,-7.774015778490284,0.4720620092189065,-3.426891961332149,-12.342871237945666,-41.9521519541351,-3.120293321138191,4.863807053404164,-8.152787544491233,8.664659629118212,-2.378890912766324,7.2127945908232975,5.577648347975576,4.528444452595266,18.619493665490282,25.236631666049014,20.6709848304973,24.915530741641057,6.0567877588708505,26.471708742198004,-5.302809831596537,2.7771235364708566,-15.742573079610406,1,3.3000000000000003
67,-4.106302800450145,7.6082332051062895,-7.916911859674464,0.271180419846159,-3.6386488364874587,-12.498232520931142,-41.939704525674934,-3.126507466869666,4.552735267500061,-8.347131430702422,8.43187271416092,-2.4950577602470974,6.961856811177487,5.5574550178384845,4.186060856385398,18.564446466781337,25.052055753418628,20.65318262762168,24.729259483294705,6.046872279382651,26.281475081814826,-5.318140911489248,2.42551662623665,-15.851006125965572,1,3.35
68,-4.331744129087392,7.388975382035587,-8.065295132349942,0.07079329534569895,-3.853784146088095,-12.652505344593045,-41.926455376939494,-3.13323820254977,4.238065244179735,-8.541215481298456,8.200782840133986,-2.614215111035194,6.715232257689382,5.536049211454893,3.8447128394045156,18.5078445803333,24.868842029886764,20.63561535417489,24.544611905704123,6.03743569449941,26.09153635969626,-5.333438860308664,2.0699173673089097,-15.953170569167744,1,3.4000000000000004
69,-4.562856257339821,7.171251242089439,-8.219726620802858,-0.12862537932334506,-4.072151210527156,-12.805167946741271,-41.91237352981143,-3.140512758399146,3.919883883139018,-8.734975879366287,7.971337666355077,-2.736177343469171,6.4728123577953545,5.513461449286608,3.5043802168144804,18.44973178983705,24.686960666494976,20.618277865716927,24.361552453816245,6.028467517477911,25.901886117340155,-5.348704403552746,1.7107565252674644,-16.049255278100127,1,3.45
70,-4.800012570556554,6.955300663400429,-8.380767349319322,-0.32660161920190234,-4.293603350197687,-12.955698565185848,-41.897428006173364,-3.148358364638549,3.598278084073808,-8.92834880799307,7.743484852141992,-2.860758835887699,6.234488538931922,5.489722251795489,3.165042803777294,18.390151878983502,24.506381834284937,20.601165017807684,24.180045572578027,6.019957261574985,25.712517896244368,-5.3639382667194395,1.3484648656921498,-16.139449121646162,1,3.5
71,-5.043586454086736,6.741363524101132,-8.548978342185489,-0.5226614393308395,-4.517993885492811,-13.103575437736671,-41.88158782790795,-3.1568022514886285,3.273334746679893,-9.12127045026579,7.517172056812369,-2.9877739666293355,6.000152228535525,5.464862139443343,2.8266804154548186,18.329148631463568,24.327075704298345,20.584271666007123,24.000055706936514,6.011894440047488,25.523425237906803,-5.379141175306685,0.9834731541628617,-16.223940968689067,1,3.5500000000000003
72,-5.293951293279498,6.529679702324164,-8.724920623687447,-0.7163308547510522,-4.745176136805641,-13.248276802203733,-41.864822016897826,-3.1658716491700805,2.9451407706531487,-9.313676989271475,7.292346939683989,-3.117037114032728,5.769694854042598,5.438911632691994,2.489272867009073,18.266765830968144,24.149012447576744,20.567592665875214,23.821547301838564,6.0042685661522315,25.334601683825266,-5.39431385481247,0.6162121562594962,-16.30291968811224,1,3.6
73,-5.5514804734839736,6.320489076202106,-8.909155218111316,-0.9071358805034841,-4.975003424529223,-13.389280896396986,-41.847099595025625,-3.1755937879035967,2.6137830556893986,-9.505504608097253,7.06895716007454,-3.2483626564364854,5.543007842889619,5.411901252003335,2.152799973601926,18.203047261188136,23.972162235161804,20.551122872971902,23.644484802231148,5.997069153146014,25.146040775497625,-5.4094570307347185,0.24711263756185106,-16.376574148799005,1,3.6500000000000004
74,-5.816547380049325,6.114031523867542,-9.102243149743222,-1.094602531628983,-5.20732906905671,-13.52606595812638,-41.82838958417401,-3.185995897909894,2.27934850148443,-9.69668948983008,6.846950377301731,-3.3815649721791585,5.319982622513075,5.383861517839139,1.817241550395342,18.13803670581447,23.79649523809524,20.53485714285715,23.46883265306124,5.990285714285714,24.957736054421773,-5.424571428571422,-0.12339463635020777,-16.445093219632668,1,3.7
75,-6.089423414720792,5.910490054309675,-9.304607509660833,-1.2783700839499794,-5.442023983296334,-13.658221043529672,-41.808685195033235,-3.197087725405673,1.9419240077341868,-9.88716781755708,6.626274250683295,-3.5164584395993868,5.100510620349333,5.354822950661261,1.4825774125512439,18.071777948538042,23.62198162741858,20.518790331090884,23.29455529927575,5.983907762828129,24.769681062095508,-5.439657773820499,-0.4949213549944933,-16.508691467721846,1,3.75
76,-6.369972044827988,5.709820199943906,-9.516119656107794,-1.458530856414856,-5.679029450217097,-13.785778482055868,-41.78807639352413,-3.20880908059189,1.6015964741344701,-10.07687577436525,6.406876439536943,-3.6528574370358027,4.884483263834968,5.324816070931511,1.1487873752315587,18.004314773049728,23.448591574173534,20.502917293233068,23.121617185821673,5.977924812030071,24.58186934001672,-5.454716791979956,-0.8672490282794362,-16.567686253076463,1,3.8000000000000003
77,-6.6579547540967985,5.511920624042299,-9.736513014119332,-1.6352904287534862,-5.918304345303177,-13.908881421481684,-41.766677334375146,-3.2210822896654765,1.2584528003811042,-10.265749543341666,6.188704603180394,-3.790576342826982,4.671791980406345,5.293871399111757,0.8158512535982536,17.935690963040482,23.2762952494017,20.48723288484368,22.94998275764599,5.972326375148395,24.394294429683256,-5.4697492085476815,-1.2402016212112281,-16.622420633931675,1,3.85
78,-6.953133026252995,5.316689989876857,-9.965521008730615,-1.8088543806957535,-6.1598075440386655,-14.027673009583951,-41.74460217231478,-3.2338296788234318,0.9125798861699201,-10.453725307573327,5.971706400931387,-3.9294295353115434,4.46232819749997,5.262019455663817,0.4837488628132491,17.865950302201178,23.10506282414476,20.47173196148265,22.779616459695625,5.96710196543991,24.206949872592944,-5.484755749021667,-1.613603098795994,-16.67323766852269,1,3.9000000000000004
79,-7.2552683450223405,5.124026960719627,-10.202877064976892,-1.9794282919715618,-6.403497921907834,-14.142296394139397,-41.72196506207145,-3.2469735742626873,0.5640646311967799,-10.64073925014737,5.755829492107557,-4.069231392828081,4.255983342552287,5.2292907610494925,0.1524600180384813,17.795136574222727,22.934864469444292,20.456409378709925,22.610482736917476,5.962241096161454,24.019829210243657,-5.499737138899886,-1.9872774260398884,-16.720480415084662,1,3.95
80,-7.564122194130622,4.933830199842599,-10.448314607893295,-2.1472177423108234,-6.649334354394799,-14.2528947229248,-41.69888015837364,-3.2604363021802123,0.21299393515753737,-10.82672755415075,5.5410215360267365,-4.209796293715221,4.052648842999739,5.195715835730669,-0.17803546556409855,17.72329356279606,22.765670356341957,20.441259992085467,22.442546034258577,5.957733280569844,23.83292598413326,-5.514694103680257,-2.361048567949073,-16.764491931852792,1,4.0
81,-7.879456057303682,4.745998370517831,-10.701567062515096,-2.312428311443368,-6.89727571698369,-14.359611143716942,-41.675461615949814,-3.274140188773002,-0.14054530225199116,-11.011626402670576,5.327230192006551,-4.35093861631156,3.852216126278783,5.161325200169146,-0.5077577728325997,17.65046505161204,22.597450655879427,20.42627865716924,22.27577079666584,5.9535680319219155,23.646233735759644,-5.52962736886074,-2.7347404895296643,-16.8056152770623,1,4.05
82,-8.201031418267252,4.560430136017344,-10.962367853877492,-2.4752655790991,-7.147280885158758,-14.462588804292578,-41.65182358952841,-3.2880075602379635,-0.4964661813359515,-11.195371978793833,5.1144031193647805,-4.492472738955694,3.654576619825919,5.126149374826761,-0.8367270886050862,17.576694824361613,22.430175539098386,20.411460229521158,22.110121469086238,5.949734863474478,23.459746006620556,-5.544537659939305,-3.108177155787855,-16.84419350894833,1,4.1000000000000005
83,-8.528609760747173,4.377024159613168,-11.230450407015649,-2.6359351250079315,-7.399308734404102,-14.561970852428503,-41.62808023383791,-3.3019607427720956,-0.8546818023985123,-11.377900465607654,4.902487977419105,-4.634213039986261,3.4596217510775293,5.09021888016535,-1.1649635977195838,17.502026664735695,22.26381517704032,20.396799564701215,21.945562496466707,5.946223288484388,23.273456338213947,-5.559425702413915,-3.4811825317297553,-16.88056968574607,1,4.15
84,-8.861952568469224,4.195679104577312,-11.505548146964767,-2.7946425288997125,-7.653318140203922,-14.657900435901466,-41.60434570360678,-3.3159220625723638,-1.2151052657438497,-11.559148046199029,4.691432425487234,-4.775973897741817,3.267242947470153,5.0535642366467295,-1.49248748501418,17.426504356425127,22.09833974074703,20.382291518269355,21.782058323754256,5.943022820208413,23.08735827203766,-5.5742922217825175,-3.853580582361548,-16.9150868656907,1,4.2
85,-9.200821325159161,4.016293634181817,-11.787394498760076,-2.9515933705043698,-7.909267978042362,-14.750520702488235,-41.58073415356346,-3.3298138458357225,-1.5776496716760793,-11.739050903655025,4.481184122886932,-4.917569690561035,3.077331636440185,5.016215964732749,-1.8193189353269155,17.350171683120866,21.933719401260078,20.367930945785524,21.619573395895777,5.940122971903439,22.90144534958955,-5.589137943543066,-4.225195272689328,-16.948088107017462,1,4.25
86,-9.544977514542815,3.838766411698689,-12.075722887436754,-3.1069932295517733,-8.167117123403564,-14.839974799965615,-41.557359738436425,-3.343558418759143,-1.9422281204993699,-11.917545221062658,4.271690728935877,-5.058814796782447,2.889779245424098,4.978204584885243,-2.1454781334959065,17.273072428513828,21.76992432962104,20.35371270280965,21.458072157838203,5.937513256826268,22.715711112367387,-5.603963593193506,-4.595850567719281,-16.979916467961505,1,4.3
87,-9.894182620345985,3.6629961003999894,-12.370266738030029,-3.2610476857717816,-8.426824451771761,-14.926405876110325,-41.534336612954135,-3.3570781075395666,-2.3087537125179125,-12.094567181508998,4.0628999029517745,-5.199523594744743,2.704477201858378,4.939560617566041,-2.4709852643591654,17.195250376294872,21.606924696871666,20.339631644901726,21.29751905452856,5.93518318823374,22.53014910186917,-5.6187698962317985,-4.965370432457545,-17.010915006757987,1,4.3500000000000005
88,-10.248198126294433,3.488881363557701,-12.670759475575068,-3.413962318894337,-8.688348838631054,-15.009957078699195,-41.51177893184504,-3.370295238374006,-2.677139548035853,-12.27005296808109,3.8547593042524237,-5.339510462786465,2.521316933179473,4.900314583236975,-2.7958605127547633,17.11674931015494,21.44469067405356,20.32568262762169,21.137878530913742,5.933122279382673,22.344752859592617,-5.633557578155909,-5.333578831910291,-17.041426781642144,1,4.4
89,-10.606785516113959,3.316320864443883,-12.976934525107099,-3.56594270864928,-8.951649159465656,-15.090771555508974,-41.48980084983761,-3.383132137459388,-3.0472987273573224,-12.443938763866017,3.6472165921554076,-5.478589779246237,2.340189866823787,4.86049700235987,-3.1201240635208167,17.037613013784924,21.283192432208352,20.31186050652949,20.979115031940758,5.931320043529869,22.159515927035628,-5.648327364463788,-5.700299731083604,-17.07179485084914,1,4.45
90,-10.969706273530395,3.1452132663305488,-13.288525311661314,-3.7171944347665034,-9.21668428975972,-15.168992454316406,-41.46851652166031,-3.3955111309926638,-3.4191443507865276,-12.616160751950762,3.4402194259785563,-5.616575922462673,2.160987430227822,4.820138395396565,-3.443796101495337,16.957885270875742,21.122400142377664,20.298160137185075,20.821193002556512,5.9297659939322065,21.974431845696138,-5.663079980653383,-6.0653570949837,-17.102362272614144,1,4.5
91,-11.336721882269487,2.9754572324897106,-13.605265260272907,-3.867923076975906,-9.483413104997375,-15.24476292289829,-41.4480401020416,-3.407354545170827,-3.79258951862759,-12.786655115422414,3.2337154650395066,-5.7532832707743715,1.9836010508280337,4.779269282808878,-3.76689681151641,16.877609865118295,20.962283975603178,20.284576375148397,20.664076887707974,5.928449643846457,21.789494157071893,-5.677816152222654,-6.428574888616666,-17.133472105172377,1,4.55
92,-11.707593826057025,2.8069514261934216,-13.926887795977107,-4.01833421500738,-9.751794480662827,-15.318226109031382,-41.42848574570992,-3.418584706190823,-4.167547331184688,-12.955358037368018,3.0276523686560273,-5.8885262025199685,1.807922156060924,4.737920185058652,-4.089446378422085,16.796830580203483,20.80281410292649,20.271104075979427,20.507731132342137,5.927360506529482,21.604696402660792,-5.692536604669571,-6.789777076988716,-17.16546740675902,1,4.6000000000000005
93,-12.082083588618797,2.6395945107136924,-14.253126343809072,-4.168633428590806,-10.02178729224022,-15.389525160492488,-41.409967607393746,-3.4291239402496236,-4.543930888761944,-13.12220570087463,2.82197779614589,-6.022119096038022,1.6338421733628437,4.696121622607711,-4.411464987050456,16.715591199822214,20.643960695389275,20.257738095238096,20.35212018140588,5.9264880952380965,21.420032123960695,-5.707242063492057,-7.1487876251059355,-17.198691235609235,1,4.65
94,-12.459952653680652,2.473285149322548,-14.583714328804048,-4.319026297456062,-10.293350415213741,-15.458803225058313,-41.392599841821564,-3.438894573544198,-4.921653291663585,-13.287134289029225,2.6166394068266845,-6.153876329667187,1.4612525301703392,4.653904115917932,-4.732972822239558,16.633935507665406,20.48569392403314,20.24447328848437,20.19720847984624,5.9258219232291305,21.235494862469466,-5.721933254188101,-7.505430497974497,-17.23348664995823,1,4.7
95,-12.840962504968317,2.3079220052920224,-14.918385175997201,-4.4697184013330595,-10.566442725067574,-15.526203450505689,-41.37649660372179,-3.4478189322715007,-5.300627640193699,-13.450079984918943,2.4115848600162044,-6.283612281746024,1.2900446539198218,4.61129818545108,-5.053990068827507,16.551907287423948,20.32798395989976,20.23130451127819,20.04296047261012,5.925351503759401,21.051078159684927,-5.736610902255634,-7.859529660600567,-17.27019670804119,1,4.75
96,-13.22487462620763,2.1434037418941223,-15.256872310423752,-4.62091531995166,-10.84102309728582,-15.591868984611338,-41.36177204782292,-3.455819342628484,-5.680767034656501,-13.61097897163081,2.2067618150321517,-6.4111413306131695,1.120109972047755,4.5683343516690265,-5.374536911652283,16.469550322788763,20.170800974030726,20.218226619179546,19.88934060464443,5.925066350085735,20.866775557104965,-5.7512757331926325,-8.21090907799028,-17.309164468093286,1,4.800000000000001
97,-13.611450501124361,1.979629022400915,-15.598909157118905,-4.7728226330417565,-11.117050407352721,-15.655942975152074,-41.348540328853396,-3.462818130812141,-6.061984575356103,-13.769767432251841,2.0021179311922377,-6.536277854607244,0.9513399119906484,4.5250431350336,-5.694633535552011,16.386908397450735,20.014115137467726,20.205234467748316,19.73631332089623,5.924955975464969,20.68258059622741,-5.765928472497028,-8.559392715149782,-17.350732988349694,1,4.8500000000000005
98,-14.000451613444298,1.8164965100843729,-15.944229141117827,-4.925645920333228,-11.394483530752353,-15.718568569904669,-41.336915601541676,-3.468737623019404,-6.444193362596714,-13.926381549869095,1.7976008678142177,-6.6588362320668075,0.78362590118486,4.48145505600663,-6.014300125364748,16.304025295100793,19.857896621252394,20.19232291254451,19.58384306631239,5.925009893153938,20.498486818550155,-5.780569845666786,-8.904804537085191,-17.395245327045657,1,4.9
99,-14.391639446893256,1.6539048682165545,-16.292565687455777,-5.07959076155597,-11.673281342968956,-15.77988891664583,-41.32701202061624,-3.4735001454472574,-6.827306496682435,-14.080757507569624,1.5931582842157566,-6.778630841330519,0.616859367066944,4.437600635049943,-6.33355686592858,16.220944799429834,19.70211559642633,20.17948680912808,19.431894285839924,5.9252176164094505,20.31448776557098,-5.795200578199878,-9.246968508802702,-17.443044542416313,1,4.95
100,-14.784775485196997,1.4917527600694942,-16.643652221167898,-5.234862736439889,-11.953402719486672,-15.840047163152407,-41.31894374080554,-3.477028024292666,-7.2112370779174695,-14.232831488440485,1.3887378397145653,-6.895476060736962,0.45093173707328166,4.39351039262537,-6.652423942081526,16.13771069412877,19.5467422340312,20.16672101305897,19.280431424425736,5.925568658488321,20.130576978787847,-5.8098213955942475,-9.585708595308446,-17.494473692696847,1,5.0
101,-15.179621212081324,1.3299388489151835,-16.997222167289443,-5.391667424714834,-12.234806535789668,-15.899186457201163,-41.312824916838025,-3.4792435857525947,-7.595898206605966,-14.382539675568742,1.1842871936284296,-7.009186268624718,0.2857344386403892,4.349214849194755,-6.970921538661657,16.054366762888492,19.39174670510866,20.154020379897112,19.129418927016793,5.9260525326474,19.94674799969849,-5.824433023347847,-9.92084876160855,-17.549875836122467,1,5.050000000000001
102,-15.57593811127205,1.1683617980256857,-17.353008950855582,-5.550210406110711,-12.51745166736209,-15.957449946568802,-41.30876970344217,-3.480069156023976,-7.981202983052129,-14.529818252041377,0.9797540052750141,-7.119575843332424,0.12115889920467039,4.304744525219938,-7.289069840507075,15.970956789399919,19.237099180700284,20.141379765202487,18.978821238560073,5.926658752143504,19.762994369800868,-5.839036186958624,-10.252212972709188,-17.609594030928374,1,5.1000000000000005
103,-15.973487666494933,1.0069202706729825,-17.71074599690152,-5.710697260357436,-12.801296989688115,-16.01498077903216,-41.30689225534642,-3.479427061303813,-8.36706450756001,-14.674603400945484,0.7750859339720299,-7.226459163198689,-0.04290345379738085,4.26012994116272,-7.606889032455815,15.887524557353968,19.08276983184777,20.12879402453503,18.828602804002486,5.927376830233482,19.579309630592782,-5.853631611924528,-10.57962519361648,-17.67397133534972,1,5.15
104,-16.372031361475806,0.845512930129147,-18.07016673046246,-5.873333567184837,-13.086301378251932,-16.071922102367978,-41.30730672727926,-3.477239627789047,-8.753395880433832,-14.8168313053681,0.570230639037232,-7.32965060656212,-0.20656119292928565,4.2154016174849565,-7.924399299345961,15.804113850441503,18.928728829592764,20.116258013454683,18.678728068291022,5.92819628017412,19.39568732357211,-5.868220023743554,-10.902909389336624,-17.743350807621702,1,5.2
105,-16.771330679940405,0.6840384396661751,-18.431004576573603,-6.038324906322831,-13.372423708537687,-16.128417064353048,-41.31012727396913,-3.473429181676638,-9.140110201977766,-14.956438148396275,0.3651357797882862,-7.428964551761304,-0.36992289075464796,4.170590074648481,-8.24162082601557,15.72076845235348,18.77494634497686,20.103766587521438,18.529161476372625,5.929106615222277,19.212120990236663,-5.882802147913623,-11.2218895248757,-17.8180755059795,1,5.25
106,-17.171147105614594,0.5223954625560916,-18.792992960270166,-6.205876857501324,-13.659622856029538,-16.184608812764107,-41.3154680501445,-3.467918049163591,-9.527120572495962,-15.09336011311706,0.1597490155429628,-7.524215377134862,-0.5330971198369814,4.125725833115096,-8.558573797302692,15.637532146780778,18.621392549041772,20.09131460229521,18.379867473194253,5.930097348634735,19.02860417208437,-5.897378709932713,-11.536389565239908,-17.898488488658312,1,5.300000000000001
107,-17.571242122224106,0.36048266207096025,-19.155865306587323,-6.376195000450159,-13.947857696211669,-16.240640495377974,-41.323443210533846,-3.460628556446812,-9.914340092292562,-15.227533382617514,-0.0459819943810352,-7.615217461021391,-0.6961924527398144,4.0808394133466805,-8.875278398045413,15.554448717414298,18.468037612829058,20.078896913335967,18.23081050370288,5.931157993668381,18.845130410613017,-5.911950435298762,-11.846233475435383,-17.984932813893337,1,5.3500000000000005
108,-17.97137721349474,0.19819870148274304,-19.519355040560292,-6.549484914899268,-14.237087104568232,-16.29665525997138,-41.334166909865594,-3.451483029723301,-10.301681861671717,-15.358894139984663,-0.2521095906660049,-7.701785181759522,-0.8593174620267137,4.035961335805025,-9.191754813081792,15.47156194794496,18.31485170738039,20.06650837620367,18.081955012845405,5.932278063580001,18.66169324732051,-5.926518049509744,-12.15124522046824,-18.07775153991974,1,5.4
109,-18.371313863152313,0.03544224406351816,-19.883195587224257,-6.725952180578516,-14.527269956583387,-16.35279625432111,-41.34775330286823,-3.4404037951900124,-10.689058980937649,-15.487378568305571,-0.45868611399422843,-7.783732917687829,-1.0225807202611925,3.9911221209519847,-9.50802322724989,15.388915622063678,18.16180500373742,20.05414384645823,17.933265445568807,5.933447071626431,18.47828622370463,-5.941082278063578,-12.451248765344676,-18.1772877249727,1,5.45
110,-18.770813554922597,-0.1278880469146992,-20.24712037161447,-6.905802377217767,-14.818365127741327,-16.40920662620395,-41.3643165442702,-3.4273131790438978,-11.076384550394419,-15.612922850667255,-0.6657639050479878,-7.860875047144938,-1.1860908000068546,3.9463522892493943,-9.824103825387784,15.306553523461325,18.00886767294176,20.041798179659672,17.784706246820065,5.9346545310645045,18.29490288126334,-5.955643846458235,-12.746068075070808,-18.28388442728743,1,5.5
111,-19.169637772531416,-0.29189350817988413,-20.610862818766073,-7.089241084546938,-15.110331493526205,-16.466029523396635,-41.3839707888,-3.4121335074819372,-11.463571670346285,-15.735463170156782,-0.8733953045095726,-7.93302594846946,-1.3499562738271915,3.901682361159084,-10.140016792333526,15.22451943582886,17.856009886035046,20.0294662313679,17.636241861546097,5.935889955151025,18.111536761494364,-5.9702034801916914,-13.03552711465278,-18.3978847050991,1,5.550000000000001
112,-19.567547999704523,-0.456675476460031,-20.974156353714292,-7.276473882295934,-15.403127929422155,-16.523408093675968,-41.40683019118604,-3.3947871067011,-11.850533441097344,-15.854935709861246,-1.0816326530612046,-8.0,-1.5142857142857165,3.8571428571428603,-10.455782312925166,15.142857142857142,17.703201814058943,20.017142857142844,17.48783673469388,5.937142857142853,17.92818140589568,-5.984761904761913,-13.319449849096776,-18.519631616642904,1,5.6000000000000005
113,-19.964396398613008,-0.6222165480039349,-21.33687234378362,-7.467440683280976,-15.696762578863842,-16.581392822427027,-41.432817913301314,-3.3753252340131,-12.237163708049449,-15.971274994082812,-1.2905130445897481,-8.06169565664128,-1.6791765060539878,3.8127611526725196,-10.771416360795918,15.061602761390878,17.550413628055082,20.004822912544522,17.33945531121035,5.938402750296801,17.744830355965114,-5.999319845666791,-14.502161487083574,-18.01743904423468,1,5.65
114,-20.360397845209143,-0.788024357143781,-21.699433925455665,-7.6610187326638375,-15.991440657087596,-16.639663545468373,-41.46109314559668,-3.354314871188752,-12.623279296995172,-16.08440891198454,-1.5000125857997273,-8.118347679562575,-1.844681282235223,3.7685520432596498,-11.086918064759331,14.980761740889925,17.397615499065125,19.992501253132833,17.191062036042496,5.939659147869669,17.561477153200464,-6.013878028404346,-15.654126665331836,-17.524278749394398,1,5.7
115,-20.755857893890465,-0.9534877977325655,-22.062402177501337,-7.855819608692687,-16.28741664728024,-16.697807436226825,-41.490624085667555,-3.332451931113637,-13.008677778824763,-16.194263693944762,-1.710092136600293,-8.170274906499225,-2.010841488040616,3.724527179425713,-11.402282342424137,14.900331863967851,17.244777598130682,19.980172734467747,17.042621354137232,5.94090156311831,17.37811533909963,-6.028437178472502,-16.775345383841515,-17.040150732122058,1,5.75
116,-21.151082099054523,-1.1179957636233129,-22.42633817869153,-8.05045488961563,-16.58494503262859,-16.755411668129124,-41.52037893110933,-3.3104323266733338,-13.393156724428433,-16.30076557034166,-1.9207125569005064,-8.217796175186677,-2.1776985686813912,3.6806982116922295,-11.717504111399016,14.820310913238323,17.091870096293377,19.96783221210922,16.894097710441535,5.94211950929957,17.194738455160458,-6.042998021369218,-17.865817642612644,-16.565054992417668,1,5.800000000000001
117,-21.546376015098854,-1.2809371486690335,-22.791803007797206,-8.2435361536808,-16.884280296319506,-16.81206341460224,-41.549325879517376,-3.288951970753393,-13.776513704696455,-16.403840771553472,-2.1318347066094736,-8.261230323360259,-2.345293969368729,3.637076790580721,-12.032578289292655,14.740696671314938,16.938863164594867,19.955474541617203,16.745455549902324,5.943302499670231,17.011340042880818,-6.0575612825924345,-18.92554344164519,-16.09899153028123,1,5.8500000000000005
118,-21.94204519642099,-1.4417008467227423,-23.159357743589194,-8.433674979136375,-17.18567692153973,-16.86734984907296,-41.576433128487075,-3.2687067762394135,-14.158546290519075,-16.503415527958502,-2.3434194456362483,-8.300896188755347,-2.5136691353138523,3.593674566612672,-12.347499793713759,14.66148692081129,16.785726974076795,19.943094578551637,16.596659317466624,5.944440047487142,16.82791364375854,-6.072127687640147,-19.954522780939197,-15.641960345712722,1,5.9
119,-22.3383951974185,-1.599675751637445,-23.529563464838457,-8.619482944230475,-17.489389391476145,-16.9208581449681,-41.60066887561385,-3.2503926560169614,-14.539052052786506,-16.599416069934964,-2.555427633890034,-8.33711260910735,-2.6828655117279108,3.5505031903096183,-12.662263542271035,14.582679444341066,16.63243169578081,19.930687178472496,16.447673458081304,5.945521666007115,16.644452799291464,-6.086697962010295,-20.952755660494606,-15.193961438712186,1,5.95
120,-22.735731572488934,-1.7542507572661707,-23.90298125031586,-8.799571627211257,-17.795672189315518,-16.972175475714515,-41.62100131849306,-3.2347055229715944,-14.91782856238904,-16.691768627861123,-2.7678201312798096,-8.370198422151688,-2.8529245438221364,3.5075743121930176,-12.976864452573178,14.504272024517824,16.478947500748532,19.91824719693972,16.29846241669337,5.946536868487001,16.460951050977492,-6.10127283120081,-21.920242080311482,-14.754994809279577,1,6.0
121,-23.134359876029805,-1.9048147574619156,-24.28017217879236,-8.972552606326834,-18.10477979824468,-17.02088901473907,-41.636398654720104,-3.2223412899889343,-15.29467339021687,-16.780399432115203,-2.98055779771468,-8.400472465623643,-3.023887676807724,3.464899582784424,-13.291297442228856,14.4262624439552,16.325244560021616,19.905769489513258,16.148990638249764,5.947475168183614,16.27740194031445,-6.115853020709654,-22.856982040389756,-14.325060457414917,1,6.050000000000001
122,-23.53458566243868,-2.0507566460777236,-24.66169732903882,-9.137037459825363,-18.41696670145047,-17.06658593546858,-41.64582908189037,-3.213995869954543,-15.669384107160276,-16.86523471307552,-3.193601493103813,-8.428253577258676,-3.195796355895874,3.4224906526053185,-13.605557428846792,14.348648485266828,16.171293044641693,19.89324891175306,15.999222567697423,5.948326078353777,16.093799008800204,-6.130439256034823,-23.76297554072952,-13.904158383118197,1,6.1000000000000005
123,-23.936714486113107,-2.1914653169665517,-25.048117779826146,-9.291637765954974,-18.732487382119675,-17.10885341132989,-41.64826079759924,-3.210365175753959,-16.041758284109473,-16.946200701120244,-3.406912077356239,-8.453860594792161,-3.368692026297804,3.3803591721772124,-13.919639330035709,14.271427931066306,16.017063125650395,19.880680319219113,15.849122649983345,5.949079112254328,15.910135797932604,-6.145032262674206,-24.638222581330666,-13.492288586389455,1,6.15
124,-24.3410519014506,-2.326329663981468,-25.439994609925268,-9.434965102963806,-19.051596323439128,-17.147278615749823,-41.64266199944211,-3.2121451202728077,-16.411593491954733,-17.023223626627683,-3.6204504103810566,-8.477612355959439,-3.542616133224664,3.3385167920216015,-14.233538063404252,14.194598563967274,15.862524974089359,19.868058567471312,15.69865533005449,5.949723783142056,15.726405849209485,-6.159632766125845,-25.482723162193285,-13.089451067228612,1,6.2
125,-24.747903462848743,-2.4547385809754734,-25.837888898107078,-9.56563104910004,-19.37454800859563,-17.18144872215525,-41.62800088501436,-3.2200316163966187,-16.778687301586295,-17.096229719976066,-3.8341773520873637,-8.499827698495906,-3.7176101218877076,3.2969751626600208,-14.547248546561157,14.118158166583335,15.70764876100023,19.855378512069645,15.547785052857712,5.950249604273846,15.542602704128749,-6.174241491887612,-26.29647728331731,-12.695645825635737,1,6.25
126,-25.157574724705068,-2.576080961801564,-26.24236172314251,-9.682247182611734,-19.70159692077602,-17.21095090397295,-41.603245651911394,-3.2347205770109877,-17.14283728389437,-17.16514521154366,-4.048053762384281,-8.520825460136976,-3.8937154374980767,3.2557459346139472,-14.86076569711507,14.042104521528113,15.552404657424647,19.84263500857407,15.396476263340055,5.950646088906478,15.358719904188234,-6.188859165457516,-27.079484944702784,-12.310872861610784,1,6.300000000000001
127,-25.570371241417114,-2.689745700312749,-26.653974163802438,-9.783425081747085,-20.032997543167095,-17.235372334629833,-41.56736449772858,-3.256907915001502,-17.50384100976924,-17.229896331708666,-4.2620405011808575,-8.540924478618008,-4.070973525266995,3.2148407584048964,-15.174084432674768,13.966435411415212,15.396762834404294,19.82982291254452,15.24469340644844,5.95090275029678,15.174750990885743,-6.2034865123334555,-27.831746146349705,-11.935132175153804,1,6.3500000000000005
128,-25.98659856738241,-2.7951216903620635,-27.073287298857764,-9.867776324754246,-20.369004358955674,-17.2543001875527,-41.51932562006132,-3.287289543253719,-17.861496050101145,-17.290409310849363,-4.4760984283862335,-8.56044359167435,-4.249425830405718,3.174271284554393,-15.487199670848861,13.89114861885828,15.240693462980753,19.816937079540963,15.092400927129844,5.951009101701628,14.99068950571919,-6.218124258013453,-28.553260888258055,-11.568423766264756,1,6.4
129,-26.406562256998534,-2.8915978258025175,-27.500862207079425,-9.93391248988133,-20.709871851328565,-17.2673216361684,-41.45809721650499,-3.326561374653226,-18.215599975780314,-17.346610379344053,-4.690188403909428,-8.579701637041472,-4.429113798125341,3.134049163583885,-15.800106329246107,13.816241926470918,15.084166714195673,19.80397236512333,14.939563270331226,5.950954656377786,14.806528990186395,-6.232773127995432,-29.244029170427822,-11.21074763494366,1,6.45
130,-26.830567864663013,-2.978563000487112,-27.93725996723832,-9.980445155376456,-21.055854503472617,-17.274023853903753,-41.382647484654996,-3.3754193220855857,-18.565950357697,-17.398425767570906,-4.904271287659649,-8.599017452454659,-4.610078873637143,3.094186046014961,-16.112799325475194,13.741713116866753,14.927152759090719,19.790923624851605,14.7861448809995,5.9507289275821105,14.622262985785255,-6.247433847777323,-29.90405099285904,-10.862103781190518,1,6.5
131,-27.258920944773404,-3.0554061082688566,-28.383041658105327,-10.005985899487778,-21.407206798574613,-17.273994014185615,-41.29194462210672,-3.4345592984363797,-18.912344766741427,-17.445781705908207,-5.118307939545877,-8.618709875649342,-4.792362502152271,3.054693582369063,-16.425273577144797,13.66755997265941,14.769621768707458,19.777785714285717,14.632110204081629,5.950321428571438,14.437885034013604,-6.262107142857131,-30.533326355551694,-10.522492205005307,1,6.550000000000001
132,-27.691927051727227,-3.1215160430007862,-28.83876835845138,-10.009146300463494,-21.764183219821376,-17.266819290440836,-41.18495682645554,-3.5046772165912192,-19.254580773803855,-17.488604424734245,-5.332259219477271,-8.639097744360903,-4.9760061288819575,3.0155834231677168,-16.73752400186363,13.593780276462486,14.611543914087632,19.764553488985623,14.477423684524604,5.949721672602557,14.25338867636927,-6.2767937387328026,-31.131855258505787,-10.191912906388044,1,6.6000000000000005
133,-28.12970249527904,-3.1764823468469423,-29.30455827575872,-9.989144350570433,-22.126823444386126,-17.25229626801302,-41.061245221649486,-3.586144919471001,-19.592455949774546,-17.52682015442718,-5.546093187407251,-8.660441244293164,-5.1610366749618315,2.976863136119244,-17.049547783464888,13.520375936738473,14.452889366272842,19.751221804511278,14.322049767275347,5.948919172932333,14.068767454350157,-6.291494360902252,-31.699637701721304,-9.870365885338735,1,6.65
134,-28.57160660661129,-3.2206971552156674,-29.77875813235484,-9.947623698150615,-22.494307925387627,-17.23105917991306,-40.92274263704717,-3.678037970138337,-19.925767865543694,-17.560355125365362,-5.759806703466898,-8.682765953023809,-5.347422965225341,2.938523957679258,-17.36135117067994,13.447365365345334,14.293628296304652,19.73778551642264,14.165952897280802,5.94790344281757,13.884014909454077,-6.306209734863464,-32.23667368519827,-9.557851141857347,1,6.7
135,-29.016809472263425,-3.254753251826296,-30.259271779278652,-9.88683440556478,-22.865602309931027,-17.203951671068573,-40.771974828359795,-3.7791078616911484,-20.254314092001593,-17.58913556792694,-5.973403827831599,-8.706038796098932,-5.535119300430258,2.9005530414901433,-17.67294267846465,13.374771099989841,14.133730875224831,19.724239480279643,14.009097519487948,5.946663995515098,13.699124583178923,-6.3209405861144115,-32.74296320893666,-9.254368675943926,1,6.75
136,-29.464481178774932,-3.2792434203981915,-30.744003067568993,-9.809026535173686,-23.2396722451215,-17.17181738640726,-40.61146755129861,-3.888106087227362,-20.57789220003847,-17.613087712490255,-6.186888620676754,-8.73022669906469,-5.724079981334505,2.8629375411943276,-17.98433082177484,13.302615678378851,13.973167274074896,19.71057855164227,13.85144807884374,5.945190344281753,13.514090017022529,-6.335687640153011,-33.21850627293649,-8.959918487598449,1,6.800000000000001
137,-29.91379181268521,-3.294760444650709,-31.23085584826474,-9.716450149338051,-23.615483378064237,-17.135499970856685,-40.443746561574834,-4.003784139844924,-20.89629976054456,-17.632137789433514,-6.400265142177752,-8.755296587467182,-5.914259308695932,2.825664610434202,-18.29552411556639,13.230921638219172,13.811907663896582,19.696797586070446,13.692969020295102,5.943472002374361,13.328904752482705,-6.350451622477234,-33.66330287719776,-8.674500576820913,1,6.8500000000000005
138,-30.363911460533753,-3.3018971083032502,-31.717733972404723,-9.611355310418666,-23.992001355864332,-17.09584306934461,-40.27133761489969,-4.124893512641813,-21.20933434441011,-17.646212029135018,-6.613537452510032,-8.781215386852532,-6.105611583272388,2.7887214028522087,-18.606531074795182,13.159711517217588,13.649922215731472,19.68289143912415,13.533624788789021,5.941498483049722,13.143562331057389,-6.365233258585054,-34.077353021720455,-8.398114943611322,1,6.9
139,-30.814010208859994,-3.3012461950751315,-32.20254129102784,-9.495992080776245,-24.36819182562702,-17.05369032679862,-40.096766466984434,-4.250185698715941,-21.516793522525376,-17.655236661972904,-6.826709611848982,-8.807950022766887,-6.298091105821727,2.752095072090733,-18.91736021441703,13.089007853080943,13.487181100621214,19.668854966363288,13.373379829272436,5.939259299564703,12.958056294244393,-6.380033273974395,-34.46065670650459,-8.130761587969678,1,6.95
140,-31.26325814420339,-3.293400488685716,-32.683181655172945,-9.372610522771565,-24.743020434457435,-17.00988538814636,-39.92255887354029,-4.378412191165278,-21.81847486578059,-17.659137918325555,-7.039785680369987,-8.83546742075633,-6.4916521771018,2.715772771792194,-19.228020049387837,13.018833183516017,13.323654489607462,19.654683023347843,13.21219858669228,5.936743965176103,12.77238018354156,-6.394852394143238,-34.81321393155016,-7.87244050989597,1,7.0
141,-31.71082535310339,-3.278952772854397,-33.15755891587889,-9.243460698765345,-25.115452829460704,-16.965271898315496,-39.75124059027847,-4.508324483087715,-22.114175945065995,-17.657842028571125,-7.252769718248474,-8.863734506367003,-6.686249097870484,2.679741655599015,-19.538519094663453,12.949210046229656,13.159312553731862,19.640370465637773,13.050045505995545,5.933941993140745,12.586527540446788,-6.409691344589536,-35.135024696857165,-7.623151709390222,1,7.050000000000001
142,-32.15588192209944,-3.2584958313005137,-33.62357692418452,-9.110792671118352,-25.484454657742056,-16.920693502233718,-39.58533737291022,-4.638674067581255,-22.40369433127183,-17.651275223087907,-7.465665785659851,-8.892718205145043,-6.881836168885619,2.6439888771535913,-19.848865865199716,12.880160978928641,12.994125464036042,19.625912148793034,12.8868850321292,5.930842896715472,12.400491906457873,-6.424550850811233,-35.426089002425606,-7.382895186452406,1,7.1000000000000005
143,-32.59759793773099,-3.23262244774344,-34.07913953112875,-8.97685650219136,-25.848991566406575,-16.876993844828664,-39.427374977146755,-4.7682124377437995,-22.68682759528835,-17.63936373225415,-7.67847794277953,-8.92238544263654,-7.078367690905041,2.6085015900983324,-20.159068875952496,12.811708519319795,12.828063391561596,19.61130292837356,12.722681610040112,5.927436189157108,12.214266823072691,-6.439431638306282,-35.686406848255494,-7.151670941082554,1,7.15
144,-33.03514348653751,-3.201925405902526,-34.52215058775041,-8.843902254345078,-26.208029202559505,-16.835016571027936,-39.279879158699316,-4.895691086673331,-22.9633733080058,-17.622033786448092,-7.891210249782887,-8.952703144387627,-7.27579796468662,2.5732669480756507,-20.469136641877657,12.743875205109958,12.66109650735023,19.59653765993932,12.557399684675346,5.923711383722465,12.027845831789172,-6.454334432572666,-35.9159782343468,-6.929478973280611,1,7.2
145,-33.46768865505843,-3.166997489497139,-34.95051394508836,-8.714179989940254,-26.560533213305938,-16.795605325759244,-39.145375673279155,-5.019861507467758,-23.23312904031442,-17.59921161604798,-8.103866766845357,-8.983638235944447,-7.474081290988232,2.5382721047279624,-20.779077677931056,12.67668357400591,12.493194982443569,19.581611199050254,12.391003700981782,5.919657993668381,11.84122247410507,-6.469259959108285,-36.11480316069955,-6.7163192830466665,1,7.25
146,-33.89440352983322,-3.128431482246658,-35.362133454181475,-8.589939771337665,-26.905469245751085,-16.759603753950216,-39.02639027659746,-5.13947519322504,-23.495892363104442,-17.570823451432105,-8.316451554142335,-9.015157642853097,-7.67317197056773,2.503504213697685,-21.088900499068583,12.610156163714475,12.324328987883248,19.566518401266325,12.223458103906378,5.915265532251683,11.654390291518254,-6.4842089434111605,-36.282881627313735,-6.512191870380629,1,7.300000000000001
147,-34.31457406688283,-3.0867279700782486,-35.755368726384454,-8.472991429843661,-27.241989630327645,-16.7276775453485,-38.92495441816734,-5.253472725645043,-23.75152308507396,-17.536839631361186,-8.528968671849182,-9.047228290659703,-7.873024304182953,2.4689504286272226,-21.39861362024603,12.54431551194247,12.15446869471088,19.551254122147483,12.05472733839612,5.910523512729192,11.467342825526647,-6.499182110979194,-36.88827223895484,-6.65793036771857,1,7.3500000000000005
148,-34.72794970015431,-3.0420187477505674,-36.13040241431541,-8.363383872547118,-27.569993430778524,-16.69978056898173,-38.84112232270932,-5.361551040835469,-24.000129966152265,-17.497406928126107,-8.741422180141402,-9.079817104910417,-8.073592592591755,2.434597903158986,-21.708225556419332,12.479184156396661,11.983584273968116,19.535813217253658,11.884775849397933,5.9054214483577345,11.28007361762803,-6.514180187310375,-37.470568930805825,-6.7981093583460765,1,7.4
149,-35.13439573307623,-2.994343412230033,-36.48787293090832,-8.260725775482477,-27.889566394174228,-16.675688738697485,-38.77445390874575,-5.4635961635058985,-24.241884004076514,-17.452716222400287,-8.953816139194334,-9.112891011151326,-8.274831136551995,2.400433790935378,-22.01774482254431,12.414784634783933,11.811645896696614,19.52019054214483,11.713568081858787,5.899948852394138,11.092576209320299,-6.52920389790264,-38.02977170286668,-6.932728842263142,1,7.45
150,-35.53377746907712,-2.943741560483095,-36.828418689097134,-8.164625814684253,-28.200794267585206,-16.655177968343395,-38.72450909479902,-5.55949411836598,-24.476956196583863,-17.40295839485706,-9.166154609183383,-9.146416934928558,-8.476694236821572,2.366445245598838,-22.327179933576815,12.351139484811082,11.638623733938033,19.50438095238095,11.541068480725635,5.894095238095236,10.904844142101283,-6.544253968253959,-38.56588055513742,-7.061788819469769,1,7.5
151,-35.92596021158557,-2.8902527894762344,-37.15267810181582,-8.074692666186944,-28.503762798081958,-16.638024171767125,-38.6908477993915,-5.649130930125283,-24.70551754141145,-17.348324326169863,-9.37844165028395,-9.180361801788258,-8.679136194158268,2.3326194207917306,-22.636539404472725,12.288271244184877,11.46448795673395,19.488379303521967,11.36724149094541,5.887850118717839,10.716870957468856,-6.559331123862295,-39.07889548761802,-7.185289289965966,1,7.550000000000001
152,-36.3108092640301,-2.833916696175896,-37.461289581998344,-7.990535006024995,-28.798557732734963,-16.624003262816228,-38.67302994104555,-5.732392623493483,-24.927739036296447,-17.289004897012042,-9.59068132267149,-9.214692537276518,-8.882111309319992,2.298943470156514,-22.945831750187903,12.226202450612158,11.289208736126028,19.472180451127816,11.1920515574651,5.881203007518802,10.52865019692089,-6.574436090225547,-39.5688165003085,-7.3032302537517175,1,7.6000000000000005
153,-36.6881899298393,-2.7747728775485228,-37.75489154257866,-7.911761510232875,-29.085264818614686,-16.61289115533832,-38.67061543828355,-5.809165223180137,-25.143791678975983,-17.22519098805703,-9.802877686521335,-9.249376066939476,-9.085573883064585,2.2654045473355735,-23.255065485678195,12.164955641799768,11.112756243155921,19.455779250758475,11.01546312523163,5.874143417754902,10.340175401955204,-6.5895695928417615,-40.035643593208874,-7.415611710827026,1,7.65
154,-37.057967512441714,-2.7128609305605678,-38.03412239649073,-7.837980854845093,-29.3639698027916,-16.60446376318105,-38.683164209627876,-5.879334753894877,-25.353846467187196,-17.15707347997818,-10.015034802008962,-9.28437931632326,-9.289478216149899,2.231989805971323,-23.56424912589948,12.10455335545446,10.935100648865276,19.439170557973895,10.837440639191954,5.866660862683023,10.151440114069628,-6.604732357208796,-40.47937676631911,-7.522433661191888,1,7.7
155,-37.42000731526589,-2.6482204521784696,-38.299620556668536,-7.768801715896125,-29.6347584323362,-16.598497000192026,-38.7102361736009,-5.942787240347287,-25.558074398667266,-17.084843253448874,-10.227156729309742,-9.319669210973979,-9.493778609333791,2.198686399706186,-23.873391185807584,12.045018129283077,10.75621212429571,19.422349228334,10.657948544293083,5.858744855559951,9.962437874762099,-6.619925108824689,-40.90001601963922,-7.6236961048463066,1,7.75
156,-37.774174641740395,-2.5808910393687112,-38.55202443604603,-7.703832769420436,-29.89771645431894,-16.59476678021884,-38.75139124872497,-5.999408707247045,-25.756646471153292,-17.008691189142528,-10.439247528599033,-9.355212676437759,-9.698429363374117,2.1654814821825523,-24.18250018035841,11.986372500992422,10.57606084048886,19.40531011739876,10.476951285481874,5.850384909642522,9.773162225530406,-6.635148573187338,-41.297561353169215,-7.719399041790319,1,7.800000000000001
157,-38.1203347952938,-2.5109122890977313,-38.791972447557164,-7.642682691452524,-30.15292961581031,-16.593049017109102,-38.8061893535225,-6.0490851793037095,-25.949733682382444,-16.928808167732537,-10.651311260052353,-9.390976638260732,-9.903384779028755,2.132362207042841,-24.49158462450781,11.928639008289332,10.394616968486371,19.388048080728144,10.294413307705351,5.841570538187572,9.583606707872445,-6.6504034757947466,-41.67201276690908,-7.809542472023858,1,7.8500000000000005
158,-38.45835307935465,-2.438323798332002,-39.02010300413592,-7.584960158026852,-30.4004836638808,-16.59311962471046,-38.87419040651583,-6.091702681226915,-26.13750703009188,-16.845385069892252,-10.863351983845007,-9.426928021988992,-10.10859915705553,2.099315727929481,-24.80065303321161,11.871840188880592,10.21185067932991,19.37055797388208,10.110299055910465,5.832291254451916,9.393764863286044,-6.665690542144824,-42.02337026085882,-7.894126395546967,1,7.9
159,-38.78809479735149,-2.363165164037947,-39.237054518716235,-7.530273845177916,-30.64046434560087,-16.594754516870527,-38.954954326227345,-6.1271472377262635,-26.32013751201874,-16.758612776295088,-11.075373760152447,-9.463033753168704,-10.314026798212318,2.0663291984848473,-25.10971392142569,11.815998580473034,10.02773214406107,19.35283465242053,9.924572975044146,5.822536571692386,9.203630233269049,-6.681010497735568,-42.35163383501844,-7.97315081235966,1,7.95
160,-39.109425252712896,-2.2854759831820264,-39.4434654042321,-7.4782324289401645,-30.872957408040996,-16.59772960743686,-39.048041031179416,-6.15530487351138,-26.497796125900173,-16.668682167614406,-11.287380649150062,-9.499260757345954,-10.519622003256924,2.033389772351407,-25.418775804105916,11.761136720773452,9.842231533721531,19.334872971903437,9.737199510053326,5.812296003165809,9.013196359319359,-6.696364068064899,-42.65680348938793,-8.04661572246188,1,8.0
161,-39.42220974886744,-2.2052958527307007,-39.639974073617445,-7.428444585348114,-31.098048598271674,-16.60182081025715,-39.1530104398944,-6.1760616132918535,-26.670653869473323,-16.575784124523626,-11.49937671101327,-9.535575960066886,-10.72533907294731,2.0004846031715067,-25.727847196208135,11.707277147488675,9.655319019352909,19.316667787890786,9.548143105885007,5.80155906212901,8.822456782934772,-6.711751978630791,-42.9388792239673,-8.11452112585368,1,8.05
162,-39.72631358924363,-2.122664369650415,-39.82721893980628,-7.380518990436241,-31.31582366336336,-16.606804039178957,-39.269422470894696,-6.1893034817773405,-26.838881740475333,-16.480109527696126,-11.711366005917462,-9.571946286877612,-10.931132308041224,1.9676008445875943,-26.036936612688237,11.654442398325498,9.46696477199681,19.298213955942494,9.357368207486143,5.79031526183881,8.631405045613203,-6.727174954931183,-43.19786103875656,-8.176867022535035,1,8.1
163,-40.02160207727007,-2.037621130907646,-40.005838415732526,-7.334064320238991,-31.52636835038654,-16.61245520804991,-39.39683704270268,-6.194916503677415,-27.002650736643353,-16.381849257805253,-11.923352594038043,-9.608338663324254,-11.136956009296593,1.934725650242103,-26.34605256850205,11.602655010990757,9.277138962694941,19.27950633161852,9.16483925980365,5.778554115552034,8.440034688852453,-6.742633722464059,-43.43374893375567,-8.233653412505948,1,8.15
164,-40.30794051637528,-1.9502057334688283,-40.17647091433015,-7.288689250790863,-31.72976840641169,-16.61855023071765,-39.53481407384068,-6.192786703701689,-27.16213185571454,-16.28119419552447,-12.135340535550451,-9.64472001495295,-11.342764477471242,1.9018461737773746,-26.65520357860542,11.55193752319125,9.085811762488909,19.260539770478832,8.970520707784488,5.766265136525525,8.24833925415042,-6.758129006727343,-43.64654290896467,-8.284880295766428,1,8.200000000000001
165,-40.58519420998786,-1.8604577743004,-40.33975484853316,-7.244002458126356,-31.926109578509298,-16.624865021029734,-39.682913482831104,-6.182800106559807,-27.317496095426026,-16.17833522152712,-12.347333890630047,-9.68105726730978,-11.548512013323009,1.868949568835881,-26.964398157954268,11.502312472633786,8.89295334242038,19.24130912808336,8.774376996375636,5.7534378380160875,8.056312283004928,-6.773661533219016,-43.83624296438355,-8.330547672316463,1,8.25
166,-40.85322846153634,-1.7684168503688196,-40.49632863127545,-7.19961261827993,-32.11547761374982,-16.631175492833858,-39.84069518819631,-6.164842736961368,-27.468914453514977,-16.07346321648659,-12.559336719452244,-9.71731734594094,-11.754152917609808,1.836022989060022,-27.2736448215044,11.453802397025171,8.698533873530945,19.22180925999208,8.576372570524061,5.740061733280566,7.863947316913838,-6.789232027436999,-44.0028491000123,-8.370655542156074,1,8.3
167,-41.11190857444928,-1.6741225586405788,-40.646830675491024,-7.155128407286075,-32.297958259203746,-16.637257559977567,-40.00771910845867,-6.138800619615976,-27.61655792771852,-15.966769061076285,-12.771353082192462,-9.753467176392457,-11.959641491089446,1.803053588092182,-27.582952084211694,11.406429834072235,8.502523526862248,19.202035021764935,8.376471875176671,5.726126335575781,7.671237897374997,-6.804841214879297,-44.146361315850925,-8.40520390528523,1,8.35
168,-41.36109985215525,-1.5776144960820728,-40.79189939411384,-7.110158501179242,-32.47363726194155,-16.642887136308488,-40.183545162140575,-6.1045597792332265,-27.760597515773817,-15.858443635969582,-12.98338703902613,-9.78947368421053,-12.164932034519794,1.7700285195747951,-27.892328461032022,11.360217321481786,8.304892473455975,19.18198126896188,8.174639355280437,5.711621158158557,7.478177565886322,-6.820489821043837,-44.26677961189944,-8.434192761703951,1,8.4
169,-41.60066759808279,-1.4789322596597936,-40.93217320007786,-7.06431157599395,-32.64260036903373,-16.647840135674254,-40.36773326776439,-6.062006240522776,-27.90120421541801,-15.748677821839843,-13.195442650128594,-9.825303794941243,-12.369978848658697,1.7369349371502754,-28.201782466921212,11.315187396960628,8.105610884353748,19.16164285714285,7.970839455782304,5.696535714285719,7.284759863945585,-6.836178571428568,-44.89123087369683,-7.980911423210446,1,8.450000000000001
170,-41.83047711566046,-1.3781154463401992,-41.06829050631705,-7.017196307764659,-32.80493332755072,-16.651892471922473,-40.55984334385247,-6.011026028194238,-28.03854902438824,-15.6376624993605,-13.407523975675328,-9.860924434130746,-12.574736234264051,1.703759994461012,-28.511322616835155,11.27136259821558,7.904648930597147,19.141014641867834,7.765036621629251,5.680859517214089,7.090978333050683,-6.851908191531454,-45.50401014929242,-7.536102633100011,1,8.5
171,-42.05039370831682,-1.2752036530897142,-41.200889725765364,-6.968421372525863,-32.96072188456303,-16.654820058900775,-40.759435308927195,-5.951505166957173,-28.17280294042166,-15.525588549204944,-13.619635075841684,-9.896302527325137,-12.779158492093654,1.6704908451494394,-28.820957425729688,11.228765462953463,7.701976783227905,19.120091478696736,7.557195297768225,5.664582080200504,6.896826514699445,-6.867679406850462,-46.10511743868618,-7.099766391372618,1,8.55
172,-42.26028267948045,-1.170236476874801,-41.33060927135677,-6.917595446312017,-33.11005178714114,-16.656398810456718,-40.966069081510945,-5.8833296815212215,-28.304136961255413,-15.412646852046512,-13.831780010803083,-9.931405000070535,-12.983199922905406,1.637114642857961,-29.1306954085607,11.187418528881079,7.4975646132876,19.098868223189555,7.34727992914618,5.647692916501773,6.70229795038976,-6.883492942883511,-46.69455274187812,-6.671902698028306,1,8.6
173,-42.46000933257987,-1.063253514661913,-41.458087556025234,-6.864327205157611,-33.25300878235551,-16.656404640437973,-41.17930458012609,-5.806385596596015,-28.432722084626665,-15.29902828855864,-14.043962840734926,-9.966198777913098,-13.186814827457138,1.6036185412289816,-29.44054508028402,11.147344333705242,7.291382591817874,19.077339730906218,7.135254960710035,5.630181539374747,6.507386181619461,-6.8993495251286205,-47.27231605886825,-6.252511553067031,1,8.65
174,-42.64943897104367,-0.9542943634175086,-41.583962992704706,-6.808225325097125,-33.38967861727662,-16.654613462692126,-41.39870172329499,-5.720558936891151,-28.55872930827254,-15.184923739414682,-14.256187625812617,-10.000650786398914,-13.38995750650672,1.5699896939049056,-29.75051495585552,11.108565415132755,7.0834008898604095,19.055500857406685,6.921084837406816,5.612037462076242,6.312084749886429,-6.915249879083673,-47.83840738965654,-5.841592956488814,1,8.700000000000001
175,-42.828436898300374,-0.8433986201080456,-41.70887399432915,-6.748898482165035,-33.52014703897496,-16.650801191066815,-41.62382042954003,-5.625735727116233,-28.682329629930194,-15.070524085288064,-14.468458426211587,-10.034727951074117,-13.592582260812016,1.5362152545281615,-30.060613550231082,11.071104310870439,6.873589678456804,19.03334645825089,6.704734004183391,5.593250197863075,6.1163871966884615,-6.931194730246663,-48.39282673424303,-5.439146908293639,1,8.75
176,-42.996868417778586,-0.7306058816999627,-41.833458973832556,-6.685955352395853,-33.64449979452098,-16.644743739409638,-41.85422061738358,-5.521801991980879,-28.80369404733678,-14.956020206852122,-14.680779302107192,-10.068397197484835,-13.79464339113085,1.5022823767411735,-30.370849378366522,11.034983558625127,6.661919128648685,19.010871388998822,6.486166905986787,5.573809259992083,5.920287063523482,-6.947184804115551,-48.93557409262768,-5.045173408481534,1,8.8
177,-43.15459883290682,-0.6159557451597228,-41.958356344148854,-6.619004611824025,-33.762822630985205,-16.6362170215682,-42.089462205348006,-5.408643756194707,-28.922993558229418,-14.841602984780314,-14.893154313674913,-10.101625451177183,-13.996095198221115,1.468178214186321,-30.681230955217735,11.000225696103595,6.448359411477727,18.9880705052104,6.265347987763901,5.553704161720087,5.723777891889286,-6.963220826188274,-49.46664946481052,-4.659672457052491,1,8.85
178,-43.30149344711365,-0.49948780745379395,-42.084204518212026,-6.547654936484037,-33.87520129543805,-16.62499695139017,-42.32910511195569,-5.286147044467338,-29.0403991603453,-14.727463299745965,-15.105587521090108,-10.13437963769726,-14.196891982840642,1.4338899205060474,-30.99176679574056,10.96685326101268,6.232880697985566,18.964938662445586,6.0422416944616995,5.532924416303923,5.5268532232837675,-6.979303521962797,-49.986052850791545,-4.282644054006491,1,8.9
179,-43.43741756382764,-0.3812416655485808,-42.211641908956025,-6.471515002410357,-33.981721534950054,-16.610859442723097,-42.572709255729,-5.154197881508364,-29.156081851421536,-14.613792032422472,-15.318082984528154,-10.166626682591222,-14.396988045747294,1.3994046493427186,-31.302465414890882,10.934888791059176,6.015453159213815,18.94147071626436,5.816812471027201,5.511459537000403,5.329506599204785,-6.995433616937078,-50.49378425057074,-3.914088199343542,1,8.950000000000001
180,-43.56223648647733,-0.26125691641058013,-42.341306929314825,-6.3901934856375116,-34.082469096591645,-16.593580409414596,-42.819834555190305,-5.012682292027428,-29.27021262919529,-14.50078006348326,-15.530644764164487,-10.198333511405187,-14.596337687698945,1.3647095543387677,-31.613335327624533,10.904354823949912,5.796046966204148,18.91766152222663,5.5890247624072735,5.4892990370663455,5.131731561150167,-7.01161183660906,-50.98984366414812,-3.5540048930636843,1,9.0
181,-43.675815518491305,-0.13957315700624517,-42.47383799222238,-6.3032990621999145,-34.177529727433324,-16.57293576531233,-43.07004092886197,-4.861486300734115,-29.382962491403713,-14.388618273601697,-15.743276920174507,-10.229467049685258,-14.794895209453404,1.329791789136614,-31.92438504889739,10.875273897391693,5.574632289998163,18.893505935892364,5.358843013548899,5.466432429758608,4.93352165061779,-7.027838906476729,-51.474231091523684,-3.202394135166859,1,9.05
182,-43.77801996329809,-0.016229984302000275,-42.60987351061265,-6.210440408132071,-34.26698917454556,-16.54870142426387,-43.322888295266395,-4.700495932338047,-29.494502435783954,-14.277497543451139,-15.955983512733651,-10.259994222977596,-14.992614911768577,1.2946385073786857,-32.23562309366531,10.847668549091335,5.351179301637555,18.86899881282153,5.126231669399072,5.4428492283339915,4.734870409105476,-7.04411555203798,-51.94694653269741,-2.85925592565309,1,9.1
183,-43.86871512432627,0.10873300473570141,-42.7500518974196,-6.11122619946849,-34.350933184998844,-16.52065330011686,-43.57793657292592,-4.5295972115488246,-29.605003460073128,-14.16760875370502,-16.168768602017284,-10.289881956828268,-15.189451095402296,1.2592368627073487,-32.54705797688415,10.821561316755643,5.125658172163909,18.84413500857408,4.891155174904698,5.4185389460493285,4.535771378111098,-7.060442498790825,-52.407989987669325,-2.5245902645223786,1,9.15
184,-43.947766305004386,0.23527621314037275,-42.89501156557719,-6.005265112243627,-34.42944750586365,-16.48856730671889,-43.834745680362936,-4.348676163076089,-29.71463656200842,-14.059142785036691,-16.38163624820083,-10.31909717678343,-15.38535806111243,1.2235740087650315,-32.85869821350977,10.796974738091455,4.898039072618882,18.81890937870994,4.6535779750127135,5.393491096161454,4.33621809913255,-7.07682047223321,-52.85736145643943,-2.1983971517747185,1,9.200000000000001
185,-44.015038808761,0.3633600439455944,-43.0453909280194,-5.892165822491943,-34.50261788421044,-16.452219357917613,-44.092875536099804,-4.157618811629421,-29.823572739326952,-13.952290518119588,-16.594590511459675,-10.34760680838922,-15.580290109656831,1.1876370991941672,-33.170552318498046,10.773931350805533,4.668292174044126,18.793316778789084,4.413464514670146,5.3676951919271865,4.1362041136676275,-7.093250197863078,-53.2950609390077,-1.8806765874101101,1,9.25
186,-44.07039793902467,0.4929449001848744,-43.20182839768018,-5.771537006247975,-34.57053006710971,-16.4113853675606,-44.351886058658906,-3.956311181918472,-29.931982989765906,-13.847242833627043,-16.80763545196925,-10.375377777191723,-15.77420154179334,1.1514132876371415,-33.48262880680481,10.752453692604739,4.4363876474812844,18.767352064371455,4.170779238823876,5.341140746603351,3.9357229632142072,-7.109732401178383,-53.72108843537415,-1.5714285714285683,1,9.3
187,-44.11370899922396,0.6239911848917933,-43.36496238749349,-5.642987339546135,-34.63326980163192,-16.365841249495475,-44.6113371665626,-3.7446392986528267,-30.040038311062382,-13.744190612232495,-17.020775129904948,-10.402377008737087,-15.96704665827983,1.1148897277363776,-33.794936193385944,10.732564301195856,4.202295663971984,18.74101009101702,3.925486592420878,5.313817273446776,3.7347681892701794,-7.126267807677087,-53.72108843537415,-1.5714285714285683,1,9.35
188,-44.144837292787415,0.7564593010998931,-43.5354313103933,-5.506125498420942,-34.690922834847555,-16.315362917569864,-44.87078877833328,-3.5224891865420993,-30.147909700953555,-13.643324734609301,-17.234013605442172,-10.428571428571427,-16.158779759874143,1.0780535731342897,-34.10748299319729,10.714285714285708,3.9659863945578255,18.714285714285708,3.6775510204081634,5.285714285714288,3.5333333333333434,-7.142857142857147,-53.72108843537415,-1.5714285714285683,1,9.4
189,-44.144837292787415,0.7564593010998931,-43.5354313103933,-5.506125498420942,-34.690922834847555,-16.315362917569864,-44.87078877833328,-3.5224891865420993,-30.147909700953555,-13.643324734609301,-17.234013605442172,-10.428571428571427,-16.158779759874143,1.0780535731342897,-34.10748299319729,10.714285714285708,3.9659863945578255,18.714285714285708,3.6775510204081634,5.285714285714288,3.5333333333333434,-7.142857142857147,-53.72108843537415,-1.5714285714285683,1,9.450000000000001
190,-44.144837292787415,0.7564593010998931,-43.5354313103933,-5.506125498420942,-34.690922834847555,-16.315362917569864,-44.87078877833328,-3.5224891865420993,-30.147909700953555,-13.643324734609301,-17.234013605442172,-10.428571428571427,-16.158779759874143,1.0780535731342897,-34.10748299319729,10.714285714285708,3.9659863945578255,18.714285714285708,3.6775510204081634,5.285714285714288,3.5333333333333434,-7.142857142857147,-53.72108843537415,-1.5714285714285683,1,9.5
191,-44.144837292787415,0.7564593010998931,-43.5354313103933,-5.506125498420942,-34.690922834847555,-16.315362917569864,-44.87078877833328,-3.5224891865420993,-30.147909700953555,-13.643324734609301,-17.234013605442172,-10.428571428571427,-16.158779759874143,1.0780535731342897,-34.10748299319729,10.714285714285708,3.9659863945578255,18.714285714285708,3.6775510204081634,5.285714285714288,3.5333333333333434,-7.142857142857147,-53.72108843537415,-1.5714285714285683,1,9.55
192,-44.144837292787415,0.7564593010998931,-43.5354313103933,-5.506125498420942,-34.690922834847555,-16.315362917569864,-44.87078877833328,-3.5224891865420993,-30.147909700953555,-13.643324734609301,-17.234013605442172,-10.428571428571427,-16.158779759874143,1.0780535731342897,-34.10748299319729,10.714285714285708,3.9659863945578255,18.714285714285708,3.6775510204081634,5.285714285714288,3.5333333333333434,-7.142857142857147,-53.72108843537415,-1.5714285714285683,1,9.600000000000001
193,-44.144837292787415,0.7564593010998931,-43.5354313103933,-5.506125498420942,-34.690922834847555,-16.315362917569864,-44.87078877833328,-3.5224891865420993,-30.147909700953555,-13.643324734609301,-17.234013605442172,-10.428571428571427,-16.158779759874143,1.0780535731342897,-34.10748299319729,10.714285714285708,3.9659863945578255,18.714285714285708,3.6775510204081634,5.285714285714288,3.5333333333333434,-7.142857142857147,-53.72108843537415,-1.5714285714285683,1,9.65
194,-44.144837292787415,0.7564593010998931,-43.5354313103933,-5.506125498420942,-34.690922834847555,-16.315362917569864,-44.87078877833328,-3.5224891865420993,-30.147909700953555,-13.643324734609301,-17.234013605442172,-10.428571428571427,-16.158779759874143,1.0780535731342897,-34.10748299319729,10.714285714285708,3.9659863945578255,18.714285714285708,3.6775510204081634,5.285714285714288,3.5333333333333434,-7.142857142857147,-53.72108843537415,-1.5714285714285683,1,9.700000000000001
195,-44.144837292787415,0.7564593010998931,-43.5354313103933,-5.506125498420942,-34.690922834847555,-16.315362917569864,-44.87078877833328,-3.5224891865420993,-30.147909700953555,-13.643324734609301,-17.234013605442172,-10.428571428571427,-16.158779759874143,1.0780535731342897,-34.10748299319729,10.714285714285708,3.9659863945578255,18.714285714285708,3.6775510204081634,5.285714285714288,3.5333333333333434,-7.142857142857147,-53.72108843537415,-1.5714285714285683,1,9.75
196,-44.144837292787415,0.7564593010998931,-43.5354313103933,-5.506125498420942,-34.690922834847555,-16.315362917569864,-44.87078877833328,-3.5224891865420993,-30.147909700953555,-13.643324734609301,-17.234013605442172,-10.428571428571427,-16.158779759874143,1.0780535731342897,-34.10748299319729,10.714285714285708,3.9659863945578255,18.714285714285708,3.6775510204081634,5.285714285714288,3.5333333333333434,-7.142857142857147,-53.72108843537415,-1.5714285714285683,1,9.8
197,-44.144837292787415,0.7564593010998931,-43.5354313103933,-5.506125498420942,-34.690922834847555,-16.315362917569864,-44.87078877833328,-3.5224891865420993,-30.147909700953555,-13.643324734609301,-17.234013605442172,-10.428571428571427,-16.158779759874143,1.0780535731342897,-34.10748299319729,10.714285714285708,3.9659863945578255,18.714285714285708,3.6775510204081634,5.285714285714288,3.5333333333333434,-7.142857142857147,-53.72108843537415,-1.5714285714285683,1,9.850000000000001
198,-44.144837292787415,0.7564593010998931,-43.5354313103933,-5.506125498420942,-34.690922834847555,-16.315362917569864,-44.87078877833328,-3.5224891865420993,-30.147909700953555,-13.643324734609301,-17.234013605442172,-10.428571428571427,-16.158779759874143,1.0780535731342897,-34.10748299319729,10.714285714285708,3.9659863945578255,18.714285714285708,3.6775510204081634,5.285714285714288,3.5333333333333434,-7.142857142857147,-53.72108843537415,-1.5714285714285683,1,9.9
