Frame,Home_13_x,Home_13_y,Home_913_x,Home_913_y,Home_3681_x,Home_3681_y,Home_11684_x,Home_11684_y,Home_12551_x,Home_12551_y,Home_12552_x,Home_12552_y,Home_15025_x,Home_15025_y,Home_15026_x,Home_15026_y,Home_15030_x,Home_15030_y,Home_15031_x,Home_15031_y,ball_x,ball_y,Period,Time [s]
0,22.002059498333306,-5.952732019254307,14.951958915931103,20.388617630032034,28.059544004187963,5.190687308190024,31.06603337826119,21.753178529753928,38.05181139359451,2.660397261811249,37.83138969873663,8.310938495379958,41.96712091339462,11.437654135338342,40.58930392648291,14.898833751044272,37.44433954728091,-1.2221687552213976,43.1232845924335,-3.1957560568086922,28.059544004187963,5.190687308190024,1,0.0
1,21.424830856053404,-6.048741714444426,14.669629631552661,20.16870080355327,27.571166895341808,5.1689693635551235,30.702178847644287,21.777185293757803,37.719890703601415,2.6338798755951816,37.60218658892129,8.323393343362902,41.71783209653203,11.441793035219625,40.44113260406656,14.919097876269626,37.31012573601924,-1.1913126896187736,42.94465227730983,-3.1531804841049986,27.571166895341808,5.1689693635551235,1,0.05
2,20.868563468967018,-6.142003516998674,14.384008453862693,19.95102944508365,27.09100889116653,5.148145580303137,30.340386338152932,21.80411649943879,37.39020988995564,2.607643843083199,37.372983479105955,8.335744534718009,41.47065483257011,11.445666798575393,40.2929835867865,14.938979026513667,37.17596397007556,-1.161060546102077,42.76637684436655,-3.1121883656509706,27.09100889116653,5.148145580303137,1,0.1
3,20.33268085487746,-6.2328250050915806,14.095268640403967,19.73548537209638,26.618873452203516,5.128128480490598,29.980637975504926,21.833885299919878,37.06274980841494,2.581686759542782,37.1437803692906,8.347992955399379,41.225570212079894,11.449277799762578,40.14485667489527,14.958480631403072,37.04185378337239,-1.131406916413833,42.58845509764387,-3.072765521259283,26.618873452203516,5.128128480490598,1,0.15000000000000002
4,19.816606531587958,-6.321513756897691,13.8035834487192,19.521950402064704,26.154564038994366,5.108830586174104,29.62291588541817,21.866404848323988,36.73749131473698,2.5560062202414264,36.91457725947524,8.360139491361101,40.98255932563237,11.452628413138104,39.996751668645295,14.97760612056456,36.907794709832224,-1.1023463922965275,42.41088384118189,-3.034897770742644,26.154564038994366,5.108830586174104,1,0.2
5,19.319764016901885,-6.408377350591521,13.50912613635107,19.310306352461783,25.697884112080338,5.090164419410216,29.267202193610483,21.90158829777414,36.41441526467945,2.5305998204466444,36.68537414965986,8.37218502855725,40.741603263798574,11.45572101305897,39.848668368289154,14.996358923624856,36.77378628337762,-1.0738735654926956,42.23365987902084,-2.998570933913731,25.697884112080338,5.090164419410216,1,0.25
6,18.841576828622483,-6.493723364347584,13.212069960842266,19.10043504076084,25.248637132003026,5.072042502255545,28.91347902579973,21.939348801393265,36.09350251400013,2.505465155425885,36.456171039844506,8.384130452941916,40.50268311714955,11.458557973882073,39.700606574079295,15.014742470210614,36.639828037931125,-1.0459830277448043,42.056780015200914,-2.963770830585223,25.248637132003026,5.072042502255545,1,0.30000000000000004
7,18.381468484553128,-6.57785937634041,12.912588179735582,18.892218284435057,24.806626559303844,5.054377356766614,28.56172850770386,21.979599512304336,35.77473391845676,2.4805998204466566,36.22696793002921,8.395976650469159,40.26577997625643,11.461141669964375,39.5525660862683,15.03276018994857,36.50591950741516,-1.0186693707954078,41.880241053762205,-2.9304832805698533,24.806626559303844,5.054377356766614,1,0.35000000000000003
8,17.938862502496995,-6.661092964744534,12.610854050573668,18.68553790095765,24.371655854524285,5.037081505000044,28.211932765040594,22.02225358363031,35.45809033380694,2.456001410776415,35.99776482021381,8.407724507093114,40.030874931690114,11.46347447566285,39.40454670510863,15.050415512465376,36.37206022575235,-0.9919271863870214,41.70403979874497,-2.8986941036802296,24.371655854524285,5.037081505000044,1,0.4
9,17.513182400257463,-6.743731707734491,12.307040830899226,18.480275707801784,23.94352847820572,5.020067469012396,27.86407392352788,22.067224168494178,35.14355261580854,2.4316675216826757,35.76856171039848,8.419374908767821,39.797949074021744,11.465558765334402,39.256548230852815,15.067711867387766,36.23824972686523,-0.9657510662621459,41.52817305418934,-2.868389119729144,23.68017995486381,4.303857396243875,1,0.45
10,17.10385169563782,-6.826083183484813,12.001321778255004,18.27631352244075,23.52204789088966,5.00324777086025,27.51813410888357,22.114424420018864,34.83110162021917,2.4075957484329282,35.53935860058316,8.430928741447367,39.56698349382226,11.467396913335973,39.10857046375338,15.08465268434242,36.1044875446762,-0.9401356021633114,41.35263762413552,-2.8395541485292175,23.002196267879647,3.58494009936588,1,0.5
11,16.710293906441365,-6.90845497016996,11.693870150183646,18.07353316234767,23.107017553117544,4.986534932600158,27.17409544682548,22.163767491327356,34.52071820279649,2.3837836862946338,35.31015549076774,8.442386891085858,39.337959281662805,11.468991294024535,38.96061320406279,15.101241392956068,35.97077321310795,-0.9150753858330092,41.17743031262367,-2.812175009893155,22.33770479357174,2.880329614366034,1,0.55
12,16.331932550471358,-6.991154645964539,11.384859204227926,17.87181644499576,22.698240925430817,4.969841476288734,26.831940063071514,22.215166535542625,34.212383219298346,2.3602289305352975,35.080952380952375,8.45375024363737,39.11085752811438,11.470344281757015,38.812676252033604,15.117481422855379,35.837106266082905,-0.8905650090137689,41.00254792369399,-2.7862375236336567,21.686705531940184,2.1900259412443814,1,0.6000000000000001
13,15.968191145531177,-7.074489789043053,11.074462197930526,17.671045187858233,22.295521468370985,4.953079923982521,26.49165008333953,22.2685347057876,33.90607752548236,2.3369290764224036,34.851749271137024,8.465019685055953,38.88565932374798,11.471458250890374,38.66475940791832,15.13337620366706,35.703486237523634,-0.8665990634480966,40.82798726138657,-2.761727509563382,21.049198482984913,1.514029080000869,1,0.65
14,15.618493209424066,-7.1587679775800375,10.762852388834162,17.47110120840828,21.898662642479515,4.936162797738114,26.153207633347378,22.32378515518531,33.60178197710636,2.313881719223429,34.6225461613217,8.476196101295756,38.662345759134666,11.472335575781553,38.51686247196941,15.148929165017801,35.569912661352646,-0.8431721408785074,40.65374512974162,-2.738630787495051,20.425183646705968,0.8523390306355497,1,0.7000000000000001
15,15.282262259953276,-7.244296789749961,10.450203034481547,17.271866324119156,21.50746790829774,4.9190026196120975,25.8165948388129,22.380831036858666,33.2994774299279,2.2910844542058775,34.393343051506356,8.487280378310817,38.44089792484556,11.472978630787482,38.368985244439415,15.164143736534315,35.43638507149244,-0.820278833047546,40.47981833279943,-2.7169331772413483,19.81466102310332,0.20495579314839943,1,0.75
16,14.958921814922206,-7.3313838037274275,10.136687392415412,17.073222352463993,21.121740726367236,4.901511911661044,25.481793825453998,22.43958550393063,32.99914473970488,2.26853487663723,34.164139941691026,8.49827340205522,38.22129691145154,11.473389790265127,38.22112752558089,15.179023347843291,35.30290300186557,-0.7979137316976695,40.30620367460001,-2.696620498614949,19.21763061217697,-0.4281206324605867,1,0.8
17,14.647895392134082,-7.420336597686926,9.822478720178374,16.875051110916022,20.741284557229378,4.883603195941505,25.14878671898851,22.499961709524214,32.70076476219483,2.246230581784948,33.93493683187565,8.509176058483082,38.0035238095238,11.473571428571425,38.073289115646276,15.193571428571424,35.16946598639456,-0.7760714285714275,40.132897959183666,-2.677678571428572,18.6340924139269,-1.0468902461914087,1,0.8500000000000001
18,14.348606509392202,-7.511462749802961,9.507750275313253,16.677234416948455,20.365902861425695,4.865188994510095,24.81755564513424,22.561872806762352,32.404318353155574,2.224169164916574,33.705733722060266,8.519989233548454,37.78755970963331,11.473525920063311,37.925469814888096,15.207791408345427,35.036073559001935,-0.7547465154113447,39.95989799059053,-2.660093215494878,18.064046428353144,-1.6513530480440568,1,0.9
19,14.060478684499913,-7.60506983825014,9.19267531536271,16.479654088034483,19.995399099497583,4.846181829423345,24.488082729609175,22.625231948767986,32.10978636834479,2.2023482212995216,33.47653061224492,8.530713813205432,37.57338570235109,11.47325563909775,37.77766942355885,15.221686716791986,34.90272525361019,-0.7339335839598982,39.78720057286069,-2.6438502506265578,17.50749265545567,-2.2415090380185405,1,0.9500000000000001
20,13.782935435260466,-7.701465441202912,8.877427097869424,16.282191941647298,19.62957673198651,4.826494222737866,24.160350098131072,22.689952288664095,31.817149663520226,2.1807653462013334,33.24732750242954,8.5413506834081,37.36098287824821,11.472762960031657,37.629887741911155,15.235260783537791,34.76942060414189,-0.713627225959637,39.61480251003447,-2.6289354966363385,16.964431095234556,-2.817358216114841,1,1.0
21,13.51540027947722,-7.800957136835841,8.562178880376191,16.084729795260113,19.268239219433966,4.8060386965102095,23.834339876417815,22.755946979573682,31.526389094439626,2.159418134889471,33.01812439261424,8.551900730110507,37.15033232789578,11.472050257222001,37.482124570197435,15.248517038209554,34.63615914451963,-0.6938220331530718,39.44270060615197,-2.6153347733368624,16.434861747689705,-3.378900582332982,1,1.05
22,13.257296734953352,-7.9038525033233995,8.24710392042562,15.887149466346138,18.911190022381348,4.784727772796974,23.510034190187305,22.82312917461967,31.237485516860584,2.1383041826314204,32.78892128279887,8.562364839266815,36.941415141864674,11.471119905025729,37.33437970867016,15.261458910433982,34.50294040866577,-0.674512597282689,39.27089166525331,-2.6030339005408196,15.91878461282115,-3.926136136672954,1,1.1
23,13.008048319492296,-8.010459118840162,7.932375475560487,15.689332772378581,18.55823260137018,4.762473973654739,23.187415165157375,22.891412026925025,30.95041978654091,2.11742108469469,32.559718172983516,8.572743896831057,36.73421241072606,11.46997427779977,37.18665295758191,15.274089829837758,34.36976393050298,-0.6556935100910136,39.0993724913788,-2.5920186980609423,15.416199690628895,-4.459064879134767,1,1.1500000000000001
24,12.767078550897256,-8.121084561560693,7.618166803323487,15.4911615308306,18.209170416941827,4.739189821140063,22.866464927045854,22.96070868961274,30.665172759238278,2.096766436346727,32.330515063168164,8.583038788757314,36.528705225050935,11.46861574990108,37.03894411718518,15.286413226047582,34.23662924395364,-0.6373593633205755,38.92813988856853,-2.5822749857098835,14.927106981112983,-4.9776868097184055,1,1.2000000000000002
25,12.533810946971567,-8.236036409659448,7.30465116125733,15.292517559175451,17.863806929637825,4.714787837309542,22.54716560157062,23.030932315805753,30.38172529071045,2.076337832855065,32.101311953352784,8.593250400999679,36.32487467541031,11.467046695686584,36.89125298773247,15.298432528690135,34.10353588294047,-0.6195047487138757,38.757190660862705,-2.5737885833003555,14.451506484273336,-5.482001928423856,1,1.25
26,12.307669025518543,-8.355622241310975,6.992001806904709,15.093282674886293,17.52194559999962,4.689180544219713,22.22949931444958,23.10199605862702,30.10005823671512,2.056132869487141,31.87210884353743,8.603379619512246,36.122701852375315,11.465269489513261,36.743579369476315,15.31015116739218,33.970483381385776,-0.6021242580134489,38.58652161230143,-2.566545310645039,13.989398200109973,-5.972010235251157,1,1.3
27,12.088076304341449,-8.480149634689827,6.680391997808351,14.893338695436363,17.183389888568616,4.662280463927207,21.913448191400516,23.17381307119952,29.820152453009943,2.0361491415104886,31.64290573372205,8.613427330249085,35.92216784651691,11.463286505738019,36.595923062669186,15.321572571780331,33.83747127321227,-0.5852124829617815,38.416129546924964,-2.5605309875566147,13.54078212862294,-6.447711730200284,1,1.35
28,11.874456301243598,-8.60992616797048,6.369994991510966,14.692567438298838,16.847943255886307,4.634000118488553,21.59899435814138,23.24629650664624,29.54198879535277,2.016384244192564,31.413702623906737,8.623394419164265,35.72325374840611,11.46110011871784,36.448283867563646,15.332700171481328,33.70449909234235,-0.5687640153014181,38.246011268773444,-2.5557314338477717,13.105658269812231,-6.909106413271257,1,1.4000000000000001
29,11.666232534028275,-8.745259419327517,6.060984045555241,14.490850720946934,16.515409162494144,4.604252029960342,21.286119940389945,23.319359518090117,29.2655481195012,1.9968357728008579,31.184499514091385,8.633281772211916,35.525940648614025,11.458712702809654,36.30066158441216,15.343537396121883,33.571566372698676,-0.5527734467748254,38.07616358188703,-2.55213246933122,12.68402662367778,-7.356194284464021,1,1.4500000000000002
30,11.462828520498814,-8.886456966935445,5.753532417483887,14.288070360853864,16.185591068933586,4.572948720399177,20.974807063864098,23.392915258654135,28.99081128121295,1.9775013226028744,30.955296404276034,8.643090275346077,35.33020963771167,11.456126632370406,36.15305601346724,15.354087675328673,33.438672648203635,-0.5372353691245771,37.90658329030593,-2.549719913819629,12.275887190219677,-7.788975343778642,1,1.5
31,11.263667778458437,-9.033826388968754,5.447813364839661,14.0841081754928,15.858292435746058,4.540002711861601,20.665037854281724,23.466876881461232,28.717759136245785,1.9583784888660847,30.726093294460654,8.652820814520867,35.13604180627005,11.45334428175702,36.005466954981436,15.364354438728405,33.30581745277977,-0.5221443740931258,37.737267198070356,-2.548479587125709,11.88123996943785,-8.207449591215092,1,1.55
32,11.068173825710542,-9.187675263602024,5.144000145165226,13.878845982336944,15.533316723473055,4.505326526404189,20.35679443736068,23.541157539634362,28.446372540357427,1.939464866857974,30.496890184645313,8.662474275690343,34.94341824486027,11.45036802532647,35.85789420920722,15.374341115947779,33.173000320349736,-0.5074950534230158,37.568212109220426,-2.5483973090621297,11.500084961332329,-8.611617026773382,1,1.6
33,10.875770180058318,-9.348311169009765,4.842266016003279,13.672165598859538,15.210467392656021,4.4688326860835526,20.050058938818815,23.615670386296543,28.17663234930554,1.9207580518460228,30.26768707482996,8.67205154480858,34.75232004405332,11.4472002374357,35.71033757639713,15.38405113661345,33.04022078483596,-0.4932819988568059,37.39941482779632,-2.549458899441581,11.13242216590308,-9.00147765045348,1,1.6500000000000001
34,10.685880359305138,-9.516041683366481,4.54278423489659,13.463948842533755,14.889547903836387,4.4304337129562255,19.744813484373978,23.690328574570696,27.90851941884786,1.9022556390977359,30.03848396501458,8.681553507829724,34.56272829442026,11.443843292441633,35.562796856803644,15.393487930352205,32.907478380160924,-0.4794998021369102,37.23087215783817,-2.551650178076773,10.778251583150166,-9.377031462255431,1,1.7000000000000002
35,10.497927881254288,-9.691174384846748,4.245728059387808,13.25407753083281,14.570361717555635,4.390042129078811,19.441040199744073,23.76504525757982,27.642014604742123,1.883955223880598,29.809280855199276,8.690981050707784,34.3746240865321,11.440299564701228,35.415271850679325,15.402654926790655,32.77477264024722,-0.46614305500594067,37.06258090338629,-2.5549569647803754,10.437573213073543,-9.738278462179196,1,1.75
36,10.31133626370908,-9.874016851625031,3.951270747019676,13.042433481229871,14.252712294355206,4.347570456507888,19.13872121064687,23.839733588446844,27.377098762746066,1.8658544014620666,29.580077745383893,8.700335059396876,34.18798851095994,11.436571428571419,35.26776235827664,15.411555555555553,32.642103099017426,-0.45320634920635006,36.89453786848074,-2.559365079365087,10.110387055673208,-10.08521865022481,1,1.8
37,10.125529024472755,-10.064876661875871,3.6595855553349104,12.828898511198203,13.93640309477654,4.30293121730001,18.83783864280032,23.914306720294746,27.11375274861729,1.8479507671096744,29.350874635568513,8.7096164198511,34.002802658274774,11.432661258409176,35.120268179848104,15.420193246273579,32.50946929039393,-0.44068427648068736,36.7267398571617,-2.564860341643594,9.796693110949217,-10.41785202639223,1,1.85
38,9.939929681348644,-10.264061393773835,3.3708457418761917,12.613354438210957,13.621237579361138,4.256036933511774,18.538374621922245,23.988677806246486,26.851957418113642,1.8302419160908732,29.12167152575319,8.718826018024517,33.81904761904763,11.428571428571425,34.97278911564623,15.428571428571423,32.37687074829931,-0.4285714285714295,36.55918367346939,-2.5714285714285716,9.496491378901492,-10.736178590681503,1,1.9000000000000001
39,9.753961752140075,-10.471646566647093,3.0852245641862375,12.395683079741339,13.307019208650415,4.206800127199744,18.24031127373052,24.06275999942503,26.591693626992722,1.8127254436731486,28.89246841593782,8.727964739871217,33.63670448384958,11.424304313415114,34.82532496592357,15.436693532075815,32.24430700665614,-0.41686239722112073,36.39186612144395,-2.579055588532739,9.209781859530072,-11.040198343092591,1,1.9500000000000002
40,9.567048754650298,-10.686779464438315,2.802895279807804,12.17576625326256,12.993551443185858,4.155133320420499,17.943630723943023,24.136466452953353,26.33294223101241,1.795398945124,28.66326530612247,8.737033471345283,33.45575434325161,11.419862287297187,34.67787553093262,15.444562986413404,32.11177759938692,-0.4055517741722767,36.22478400512558,-2.58772721276876,8.936564552834955,-11.32991128362552,1,2.0
41,9.37861420668263,-10.90837531224395,2.5240311462834812,11.953485776247843,12.680637743508894,4.100949035230613,17.648315098277582,24.20971031995442,26.075684085930227,1.7782600157109227,28.43406219630709,8.7460330984008,33.27617828782483,11.415247724574602,34.53044061092581,15.452183221210916,31.979282060414214,-0.39463415116737877,36.05793412855445,-2.597429263949346,8.67683945881615,-11.605317412280282,1,2.0500000000000003
42,9.18808162604036,-11.13534933516032,2.248805421156077,11.728723466170358,12.368081570160967,4.0441597936866875,17.354346522451998,24.282404753551187,25.819900047504035,1.7613062507013633,28.204859086491737,8.754964506991866,33.09795740814024,11.410462999604274,34.38302000615573,15.459557666095067,31.846819923660444,-0.3841041199489956,35.89131329577076,-2.608147561887176,8.430606577473636,-11.866416729056878,1,2.1
43,8.994874530526818,-11.366616758283852,1.9773913619683243,11.50136114050332,12.055686383683586,3.984678117845253,17.061707122184274,24.354462906866612,25.56557097149144,1.7445352453628697,27.975655976676386,8.763828583072533,32.92107279476885,11.40551048674318,34.23561351687489,15.466689750692519,31.714390723048215,-0.3739562722595846,35.72491831081459,-2.6198679263949303,8.19786590880744,-12.1132092339553,1,2.15
44,8.79841643794525,-11.601092806710902,1.709962226262874,11.271280616719931,11.743255644618152,3.922416529762915,16.770379023192163,24.425797933023656,25.31267771365024,1.7279445949628793,27.746452866861045,8.772626212596899,32.7455055382818,11.40039256034823,34.0882209433358,15.473582904629994,31.58199399250006,-0.36418519984171444,35.55874597772627,-2.632576177285323,7.9786174528175415,-12.345694926975549,1,2.2
45,8.598130866098991,-11.837692705537869,1.4466912715824432,11.038363712293403,11.430592813506141,3.8572875514962646,16.48034435119355,24.496322985145316,25.061201129738123,1.7115318947688969,27.51724975704568,8.781358281519081,32.57123672925004,11.395111594776408,33.94084208579094,15.480240557534193,31.449629265938427,-0.3547854944378423,35.39279310054586,-2.6462581343710103,7.772861209503926,-12.563873808117629,1,2.25
46,8.393441332791296,-12.075331679861101,1.1877517554696975,10.802492244696928,11.117501350889022,3.789203705101843,16.191585231906302,24.56595121635453,24.811122075512763,1.6952947400484168,27.288046647230328,8.790025675793116,32.398247458244605,11.389669964384648,33.79347674449278,15.486666139031794,31.317296077285924,-0.34575174779051765,35.22705648331352,-2.6608996174647253,7.580597178866622,-12.767745877381516,1,2.3000000000000003
47,8.183771355825549,-12.312924954777028,0.933316935467468,10.563548031403693,10.80378471730823,3.7180775126362406,15.904083791048308,24.634595779774287,24.56242140673195,1.6792307260689008,27.058843537414976,8.798629281373108,32.22651881583659,11.384070043529881,33.64612471969395,15.49286307874951,31.18499396046505,-0.3370785516422703,35.06153293006953,-2.67648644637911,7.4018253609056375,-12.957311134767279,1,2.35
48,7.968544453004946,-12.549387755381952,0.6835600691183443,10.321412889886924,10.4892463733052,3.643821496156044,15.617822154337361,24.702169828527502,24.315079979153378,1.6633374480978729,26.829640427599607,8.807169984213143,32.05603189259702,11.378314206569051,33.49878581164692,15.49883480631403,31.05272244939832,-0.3287604977355625,34.89621924485397,-2.6930044409268628,7.236545755620942,-13.132569580274849,1,2.4000000000000004
49,7.747184142132838,-12.783635306772327,0.43865441396511984,10.075968637619818,10.17368977942144,3.566348177717828,15.332782447491384,24.768586515737162,24.0690786485347,1.6476125014027552,26.600437317784237,8.815648670267292,31.886767779096864,11.372404827859127,33.35145982060412,15.504584751352064,30.920481078008283,-0.3207921778129483,34.73111223170709,-2.7104394209207125,7.084758363012544,-13.293521213904244,1,2.45
50,7.519113941012546,-13.014582834044466,0.19877322755045979,9.827097092075585,9.85691839619837,3.4855700793781446,15.048946796228202,24.833758994526264,23.824398270633687,1.6320534812510958,26.37123420796889,8.824066225489652,31.718707565907263,11.366344281757025,33.20414654681815,15.510116343490298,30.78826938021746,-0.3131681836169528,34.56620869466899,-2.728777206173321,6.946463183080429,-13.44016603565548,1,2.5
51,7.2837573674473015,-13.24114556229482,-0.03591023258290278,9.57468007072741,9.538735684177464,3.401399723193584,14.766297326265677,24.897600418017742,23.58101970120805,1.616657982910376,26.142031098153524,8.832423535834307,31.551832343599187,11.3601349426197,33.056845790541516,15.515433012355446,30.656086889948345,-0.30588310689003834,34.40150543777988,-2.7480036164973827,6.8216602158246324,-13.572504045528557,1,2.5500000000000003
52,7.0405379392404575,-13.462238716619726,-0.2652227088923253,9.318599391048494,9.218945103900131,3.313749631220747,14.484816163321694,24.96002393933456,23.338923796015507,1.6014236016480512,25.912827988338186,8.840721487255339,31.38612320274372,11.353779184804118,32.90955735202668,15.520538187574202,30.523933141123464,-0.2989315393747589,34.23699926507997,-2.7681044717055765,6.710349461245156,-13.690535243523462,1,2.6
53,6.788879174195272,-13.676777522115577,-0.4889909438350069,9.058736870512046,8.89735011590792,3.2225323255161653,14.204485433114106,25.020942711599687,23.09809141081378,1.5863479327316121,25.68362487852285,8.848960965706837,31.221561233911864,11.347279382667189,32.76228103152617,15.525435298773248,30.391807667665404,-0.2923080728136057,34.072686980609426,-2.789065591610608,6.612530919341953,-13.794259629640171,1,2.6500000000000004
54,6.52820459011507,-13.883677203878737,-0.7070416798682826,8.794974326591275,8.573754180742185,3.1276603281364537,13.925287261360756,25.08026988793608,22.858503401360544,1.5714285714285683,25.454421768707498,8.857142857142854,31.05812752767466,11.340637910565905,32.615016629292526,15.530127775579292,30.259710003496625,-0.2860072989491232,33.90856538840834,-2.8108727960251523,6.52820459011507,-13.883677203878737,1,2.7
55,6.258105579432599,-14.082065260970083,-0.9193667675434894,8.527308240158446,8.248011247604527,3.0291083174799223,13.647203962499493,25.137934701757867,22.620140623413562,1.5566631130064,25.22521865889211,8.865268047517505,30.89580317460317,11.333857142857148,32.46776394557823,15.534619047619044,30.12763968253967,-0.28002380952380745,33.74463129251697,-2.833511904761908,6.258105579432599,-14.082065260970083,1,2.75
56,5.978845033098228,-14.271918288308445,-1.1266184897881797,8.256193745682214,7.920177220336709,2.927099597311859,13.370218605847867,25.193930707643688,22.382983932730447,1.5420491527325781,24.99601554907673,8.873337422784896,30.734569265268448,11.3269394538979,32.32052278063579,15.538912544519187,29.995596238717077,-0.2743521962801836,33.5808814969755,-2.856968737633562,5.978845033098228,-14.271918288308445,1,2.8000000000000003
57,5.690853716691837,-14.453425154777191,-1.329614237623983,7.982200641030251,7.590358491440707,2.821919627739325,13.094314449443559,25.248267540463356,22.147014185069118,1.5275842858745974,24.76681243926142,8.881351868899053,30.574406890241466,11.31988721804511,32.17329293471777,15.543011695906433,29.863579205951357,-0.2689870509607428,33.417312805824075,-2.881229114452802,5.690853716691837,-14.453425154777191,1,2.85
58,5.394562395793299,-14.62677472925958,-1.5291714020724991,7.705898724070291,7.258661453418377,2.7138538688693647,12.819474751324119,25.30095483508667,21.91221223618708,1.5132661076999632,24.53760932944607,8.889312271814095,30.41529714009334,11.312702809655717,32.026074208076565,15.546919931407468,29.731588118165085,-0.26392296530801984,33.25392202310288,-2.9062788550323146,5.394562395793299,-14.62677472925958,1,2.9000000000000004
59,5.09040183598249,-14.792155880638976,-1.7261073741553048,7.427857792670019,6.925192498771634,2.6031877808089963,12.545682769527113,25.352002226383433,21.678558941842166,1.4990922134761215,24.30840621963069,8.897219517484098,30.25722110539508,11.305388603086662,31.87886640096482,15.550640680648987,29.599622509280724,-0.2591545310645108,33.090705952852076,-2.9321037791848035,5.09040183598249,-14.792155880638976,1,2.95
60,4.77880280283928,-14.949757477798755,-1.9212395448940154,7.148647644697136,6.590058020002411,2.4902068236652806,12.272921762090146,25.401419349223435,21.446035157792032,1.4850601984705871,24.079203109815353,8.905074491863145,30.100159876717694,11.297946972694886,31.73166931363496,15.554177373257708,29.46768191322082,-0.2546763399727359,32.927661399111784,-2.9586897067229536,4.77880280283928,-14.949757477798755,1,3.0
61,4.4601960619434475,-15.099768389622131,-2.1153853053102534,6.868838078019365,6.253364409612594,2.375196457545269,12.001174987050781,25.449215838476512,21.21462173979444,1.4711676579508497,23.85,8.912878080905328,29.94409454463226,11.290380292837353,31.584482746339503,15.557533438860304,29.33576586390789,-0.2504829837752155,32.76478516592236,-2.98602245745945,4.4601960619434475,-15.099768389622131,1,3.0500000000000003
62,4.135012378874916,-15.242377484992522,-2.3093620464256324,6.588998890504408,5.915218060104053,2.2584421425560213,11.730425702446652,25.495401329012438,20.984299543607094,1.4574121871843806,23.62079689018465,8.920631170564727,29.789006199709796,11.28269093787099,31.43730649933107,15.560712307083504,29.20387389526447,-0.2465690542144793,32.602074057323726,-3.0140878512069733,4.135012378874916,-15.242377484992522,1,3.1
63,3.803682519213522,-15.377773632793202,-2.503987159261799,6.309699880019963,5.57572536397875,2.1402293388045543,11.460657166315265,25.539985455701007,20.755049424987675,1.443791381438665,23.3915937803693,8.92833464679543,29.634875932521346,11.274881282152755,31.290140372861952,15.563717407553987,29.07200554121311,-0.2429291430330042,32.439524877356284,-3.0428717077782177,3.803682519213522,-15.377773632793202,1,3.1500000000000004
64,3.466637248539163,-15.506145701907538,-2.700078034840283,6.031510844433732,5.234992713738594,2.0208435063979397,11.1918526366943,25.582977853412046,20.52685223969394,1.4303028359812076,23.16239067055393,8.935989395551502,29.481684833637964,11.266953700039567,31.142984167184853,15.56655216989844,28.94016033567628,-0.23955784197334906,32.27713443006007,-3.0723598469858775,3.466637248539163,-15.506145701907538,1,3.2
65,3.12430733243165,-15.627682561218815,-2.898452064182732,5.755001581613409,4.893126501885469,1.9005701054431652,10.923995371621292,25.624388157015357,20.299688843483587,1.4169441460794885,22.933187560738574,8.943596302787054,29.329413993630727,11.258910565888417,30.995837682552242,15.569220023743577,28.808337812576532,-0.23644974277800512,32.114899519475394,-3.1025380886426484,3.12430733243165,-15.627682561218815,1,3.25
66,2.7771235364708566,-15.742573079610406,-3.099926638310728,5.480741889426748,4.5502331209212326,1.7796945960473487,10.657068629133793,25.664226001380705,20.073540092114307,1.4037129070009842,22.70398445092321,8.951156254456146,29.178044503070545,11.250754254056195,30.848700719216563,15.571724398716082,28.67653750583643,-0.23359943718945886,31.952816949642294,-3.133392252561229,2.7771235364708566,-15.742573079610406,1,3.3000000000000003
67,2.42551662623665,-15.851006125965572,-3.3053191482459177,5.209301565741409,4.206418963347838,1.658502438317513,10.391055667269452,25.702501021377927,19.848386841343867,1.390606714013179,22.474781341107857,8.958670136512872,29.027557452528562,11.242487138899886,30.70157307743047,15.574068724442695,28.544758949378448,-0.23100151695027393,31.79088352460099,-3.164908158554281,2.42551662623665,-15.851006125965572,1,3.35
68,2.0699173673089097,-15.953170569167744,-3.515446985009847,4.9412504084250815,3.8617904216672394,1.5372790923606507,10.125939744065818,25.739222851876814,19.624209946929973,1.3776231623835686,22.245578231292534,8.96613883491132,28.877933932575814,11.234111594776417,30.554454557446277,15.576256430550055,28.413001677125163,-0.22865057380292228,31.62909604839164,-3.1970716264345125,2.0699173673089097,-15.953170569167744,1,3.4000000000000004
69,1.7107565252674644,-16.049255278100127,-3.7311275396242216,4.67715821534552,3.5164538883812404,1.4163100182838806,9.861704117560471,25.774401127747193,19.40099026463026,1.3647598473796432,22.016375121477154,8.973563235605567,28.72915503378331,11.225629996042729,30.40734495951659,15.578290946664898,28.281265222999014,-0.22654119948995316,31.4674513250545,-3.2298684760145897,1.7107565252674644,-16.049255278100127,1,3.45
70,1.3484648656921498,-16.139449121646162,-3.9531782031105513,4.417594784370416,3.170515755991824,1.2958806761942006,9.59833204579105,25.808045483858837,19.178708650202537,1.352014364268888,21.787172011661802,8.980944224549702,28.581201846722077,11.217044717055792,30.26024408389393,15.580175702413927,28.149549120922575,-0.22466798575385297,31.30594615862965,-3.263284527107242,1.3484648656921498,-16.139449121646162,1,3.5
71,0.9834731541628617,-16.223940968689067,-4.182416366490532,4.16312991336745,2.8240824170008842,1.1762765261986856,9.335806786795068,25.84016555508156,18.95734595940452,1.3393843083187735,21.55796890184645,8.988282687697803,28.43405546196318,11.208358132172535,30.113151730830843,15.581914127423827,28.017852904818408,-0.2230255243371613,31.144577353157324,-3.297305599525148,0.9834731541628617,-16.223940968689067,1,3.5500000000000003
72,0.6162121562594962,-16.30291968811224,-4.419659420785676,3.914333400204367,2.477260263910285,1.057783028404358,9.074111598610148,25.87077097628514,18.736883047993857,1.3268672747967905,21.328765792031113,8.995579511003971,28.287696970077683,11.199572615749906,29.966067700579757,15.583509651321272,27.886176108609018,-0.2216084069823694,30.98334171267767,-3.331917513080931,0.6162121562594962,-16.30291968811224,1,3.6
73,0.24711263756185106,-16.376574148799005,-4.665724757017678,3.6717750427488216,2.130155689221964,0.9406856429182685,8.81322973927386,25.899871382339427,18.5173007717283,1.314460858970438,21.099562682215776,9.002835580422271,28.14210746163657,11.190690542144829,29.81899179339324,15.584965703733014,27.754518266216916,-0.22041122543199265,30.8222360412309,-3.3671060875874006,0.24711263756185106,-16.376574148799005,1,3.6500000000000004
74,-0.12339463635020777,-16.445093219632668,-4.921429766208087,3.4360246388685596,1.7828750854378084,0.8252698298474729,8.553144466823802,25.927476408114185,18.298579986365546,1.3021626561072166,20.870359572400393,9.01005178190679,27.997268027210897,11.181714285714294,29.671923809523815,15.586285714285713,27.622878911564637,-0.21942857142856098,30.661257142857103,-3.4028571428571515,-0.12339463635020777,-16.445093219632668,1,3.7
75,-0.4949213549944933,-16.508691467721846,-5.187399260277434,3.2075068722983437,1.435501454983549,0.711771218427757,8.293839039297563,25.95359568847923,18.080701547663335,1.289970261474568,20.641156462585023,9.017229001411621,27.853159757371667,11.172646220815196,29.524863549223948,15.587473112606084,27.491257578574654,-0.2186550367145898,30.500401821596576,-3.4391564987028964,-0.4949213549944933,-16.508691467721846,1,3.75
76,-0.8672490282794362,-16.567686253076463,-5.463487734741609,2.986065970241302,1.0880242399799616,0.6002261144099225,8.035296714732741,25.97823885830436,17.863646311379377,1.27788127034005,20.411953352769686,9.024368124890838,27.709763742690043,11.163488721804512,29.377810812746127,15.588531328320807,27.359653801169596,-0.21808521303258488,30.339666881489418,-3.4759899749373497,-0.8672490282794362,-16.567686253076463,1,3.8000000000000003
77,-1.2402016212112281,-16.622420633931675,-5.749357106015461,2.7714010457676514,0.7404094924717275,0.4906209926735346,7.777500751166854,26.00141555245937,17.64739513327141,1.2658932779710461,20.18275024295432,9.031470038298531,27.56706107373701,11.154244163039168,29.230765400342978,15.589463791056586,27.22806711327192,-0.2177136921250519,30.179049126575855,-3.5133433913731675,-1.2402016212112281,-16.622420633931675,1,3.85
78,-1.613603098795994,-16.67323766852269,-6.044669290513864,2.563211211947614,0.39262326450340024,0.38294232809814416,7.520434406637552,26.023135405814095,17.431928869097078,1.254003879635129,19.95354713313894,9.038535627588786,27.42503284108351,11.14491491887614,29.083727112266903,15.590273930440132,27.09649704880414,-0.217535065734516,30.018545360895992,-3.551202567823069,-1.613603098795994,-16.67323766852269,1,3.9000000000000004
79,-1.9872774260398884,-16.720480415084662,-6.349086204651581,2.361195581851373,0.04463160811963107,0.2771765955633117,7.264080939182403,26.043408053238284,17.217228374614184,1.2422106705997304,19.724344023323617,9.045565778715659,27.28366013530068,11.135503363672335,28.936695748770425,15.590965176098143,26.964943141688803,-0.21754392560348293,29.85815238849,-3.5895533240997235,-1.9872774260398884,-16.720480415084662,1,3.95
80,-2.361048567949073,-16.764491931852792,-6.662269764843438,2.1650532685491206,-0.30359942463494394,0.17331026994857834,7.008423606838972,26.062243129601782,17.00327450558038,1.2305112461323846,19.495140913508266,9.052561377633289,27.14292404695952,11.126011871784721,28.789671110106095,15.5915409576573,26.833404925848427,-0.21773486347446325,29.69786701339815,-3.6283814800158374,-2.361048567949073,-16.764491931852792,1,4.0
81,-2.7347404895296643,-16.8056152770623,-6.983881887504243,1.9744833851110892,-0.6521037817157337,0.07132982613349981,6.7534456676449,26.079650269774387,16.790048117753383,1.218903201500562,19.2659378036929,9.059523310295722,27.002805666631048,11.116442817570253,28.642652996526376,15.592004704744305,26.7018819352056,-0.21810247108999162,29.53768603966054,-3.667672855384064,-2.7347404895296643,-16.8056152770623,1,4.05
82,-3.108177155787855,-16.84419350894833,-7.313584489048889,1.7891850446074666,-1.000915411078102,-0.028778261002344152,6.499130379637716,26.09563910862588,16.57753006689093,1.2073841319717245,19.036734693877563,9.066452462657022,26.8632860848864,11.106798575385831,28.495641208283864,15.59235984698589,26.57037370368275,-0.21864134019257875,29.377606271317383,-3.7074132700171396,-3.108177155787855,-16.84419350894833,1,4.1000000000000005
83,-3.4811825317297553,-16.88056968574607,-7.651039485892149,1.6088573601084695,-1.350068260677473,-0.1270275165794027,6.245461000855041,26.11021928102609,16.365701208750735,1.1959516328133708,18.807531584062193,9.073349720671331,26.724346392296514,11.097081519588448,28.348635545630973,15.59260981400871,26.43887976520245,-0.2193460625247255,29.217624512408864,-3.7475885437277174,-3.4811825317297553,-16.88056968574607,1,4.15
84,-3.853580582361548,-16.9150868656907,-7.995908794448892,1.4331994446843153,-1.6995962784691951,-0.22343146571813946,5.992420789334416,26.123400421844803,16.154542399090527,1.1846032992930065,18.57832847424684,9.080215970292686,26.58596767943252,11.08729402453502,28.201635808820296,15.592758035439465,26.307399653687288,-0.2202112298289617,29.057737566975113,-3.7881844963285425,-3.853580582361548,-16.9150868656907,1,4.2
85,-4.225195272689328,-16.948088107017462,-8.347854331133867,1.261910411405197,-2.0495334124086027,-0.31800363353899885,5.73999300311346,26.135192165951807,15.944034493667976,1.1733367266780919,18.349125364431472,9.087052097475189,26.448131036865334,11.077438464582507,28.05464179810428,15.592807940904885,26.17593290305966,-0.22123143384777394,28.897942239056263,-3.8291869476322358,-4.225195272689328,-16.948088107017462,1,4.25
86,-4.595850567719281,-16.979916467961505,-8.706538012361953,1.0946893733413023,-2.399913610451179,-0.410757545162401,5.488160900229756,26.145604148216943,15.73415834824089,1.162149510236147,18.11992225461612,9.093858988172942,26.31081755516611,11.067517214087841,27.907653313735462,15.592762960031658,26.04447904724214,-0.22240126632370164,28.738235332692643,-3.8705817174515316,-4.595850567719281,-16.979916467961505,1,4.3
87,-4.965370432457545,-17.010915006757987,-9.071621754547934,0.9312354435628678,-2.7507708205522516,-0.5017067257088047,5.236907738720893,26.154646003509956,15.524894818566857,1.1510392452346132,17.890719144800784,9.100637528339975,26.17400832490584,11.057532647407985,27.760670155966345,15.592626522446455,25.913037620157326,-0.2237153189992506,28.578613651924343,-3.9123546255990904,-4.965370432457545,-17.010915006757987,1,4.3500000000000005
88,-5.333578831910291,-17.041426781642144,-9.442767474106684,0.7712477351400957,-3.102138990667191,-0.5908647002986592,4.986216776624429,26.162327366700715,15.31622476040367,1.1400035269410147,17.661516034985404,9.107388603930419,26.037684436655532,11.04748713889989,27.613692125049443,15.59240205777602,25.78160815572766,-0.22516818361692656,28.419074000791454,-3.9544914918876066,-5.333578831910291,-17.041426781642144,1,4.4
89,-5.700299731083604,-17.07179485084914,-9.81963708745301,0.614425361143189,-3.4540520687514054,-0.678244994052404,4.736071271977991,26.168657872658983,15.108129029509008,1.1290399506228417,17.43231292517008,9.114113100898354,25.90182698098628,11.037383062920455,27.46671902123727,15.592092995647013,25.650190187875722,-0.22675445191926913,28.25961318333428,-3.9969781361297843,-5.700299731083604,-17.07179485084914,1,4.45
90,-6.0653570949837,-17.102362272614144,-10.201892511001716,0.4604674346423499,-3.80654400276026,-0.7638611320904835,4.486454482819121,26.173647156254578,14.900588481640662,1.1181461115475164,17.203109815354715,9.120811905197836,25.766417048469116,11.027222793826676,27.319750644782353,15.591702765686145,25.518783250523995,-0.2284687156487695,28.100228003592953,-4.039800378138304,-6.0653570949837,-17.102362272614144,1,4.5
91,-6.428574888616666,-17.133472105172377,-10.589195661167626,0.3090730687077618,-4.159648740649155,-0.8477266395333274,4.237349667185439,26.17730485235727,14.693583972556233,1.1073196049825969,16.973906705539363,9.127485902782993,25.631435729675065,11.017008705975472,27.172786795937203,15.591234797520114,25.387386877594984,-0.23030556654794795,27.94091526560764,-4.082944037725885,-6.428574888616666,-17.133472105172377,1,4.55
92,-6.789777076988716,-17.16546740675902,-10.981208454365596,0.1599413764096755,-4.51340023037344,-0.9298550415013946,3.988740083114513,26.179640595836908,14.487096358013517,1.096558026195554,16.744703595724012,9.134135979607867,25.49686411517517,11.006743173723777,27.025827274954306,15.590692520775626,25.25600060301129,-0.23225959635931984,27.78167177341851,-4.126394934705212,-6.789777076988716,-17.16546740675902,1,4.6000000000000005
93,-7.1487876251059355,-17.198691235609235,-11.377592807010402,0.01277147081826456,-4.867832419888526,-1.0102598631151392,3.7406089886439076,26.180664021563278,14.281106493770222,1.0858589704538442,16.515500485908625,9.140763021626556,25.362683295540435,10.996428571428568,26.878871882086173,15.590079365079356,25.12462396069536,-0.234325396825391,27.62249433106576,-4.170138888888897,-7.1487876251059355,-17.198691235609235,1,4.65
94,-7.505430497974497,-17.23348664995823,-11.778010635516907,-0.13273753499624433,-5.222979257149786,-1.0889546294949861,3.492939641811279,26.180384764406146,14.075595235584037,1.0752200330249957,16.286297376093305,9.147367914793152,25.228874361341937,10.986067273446771,26.731920417585314,15.589398760058042,24.993256484569798,-0.2364975596886913,27.463379742589566,-4.214161720089688,-7.505430497974497,-17.23348664995823,1,4.7
95,-7.859529660600567,-17.27019670804119,-12.182123856299917,-0.2768865279636535,-5.57887469011259,-1.1659528657613845,3.2457153006541644,26.17881245923537,13.870543439212693,1.0646388091764605,16.05709426627792,9.153951545061728,25.09541840315073,10.975661654135326,26.58497268170427,15.588654135338345,24.861897708557134,-0.23877067669172647,27.30432481203008,-4.258449248120315,-7.859529660600567,-17.27019670804119,1,4.75
96,-8.21090907799028,-17.309164468093286,-12.589594385774253,-0.4199763950137603,-5.9355526667323435,-1.2412680970347882,2.998919223210107,26.175956740920704,13.665931960413893,1.0541128941757243,15.827891156462586,9.160514798386384,24.962296511537804,10.965214087851194,26.4380284746955,15.587848920546996,24.730547166579782,-0.2411393395770071,27.145326343427474,-4.302987292793383,-8.21090907799028,-17.309164468093286,1,4.800000000000001
97,-8.559392715149782,-17.350732988349694,-13.000084140354756,-0.5623080230763478,-6.293047134964412,-1.3149138484356326,2.752534667516726,26.171827244331993,13.461741654945369,1.0436398832903102,15.598688046647233,9.167058560721186,24.829489777074265,10.954726948951325,26.29108759681158,15.586986545310657,24.599204392560345,-0.2435981400870534,26.98638114082198,-4.347761673921642,-8.559392715149782,-17.350732988349694,1,4.8500000000000005
98,-8.904804537085191,-17.395245327045657,-13.41325503645623,-0.7041822990812326,-6.651392042764196,-1.386903645084366,2.5065448916116706,26.166433604339016,13.257953378564794,1.0332173717876754,15.369484936831881,9.17358371802022,24.696979290331086,10.944202611792628,26.144149848304977,15.586070439256034,24.46786892042134,-0.24614166996437603,26.827486008253707,-4.392758211317772,-8.904804537085191,-17.395245327045657,1,4.9
99,-9.246968508802702,-17.443044542416313,-13.828768990493504,-0.8459001099581785,-7.010621338087059,-1.4572510121014428,2.2609331535324166,26.15978545581159,13.054547987029947,1.022842954935319,15.140281827016516,9.18009115623758,24.56474614187932,10.933643450732086,25.997215029428205,15.585104032009843,24.336540284085316,-0.2487645209515,26.66863774976289,-4.437962724794452,-9.246968508802702,-17.443044542416313,1,4.95
100,-9.585708595308446,-17.494473692696847,-14.246287918881407,-0.9877623426370025,-7.37076896888838,-1.5259694746072785,2.015682711316613,26.151892433619487,12.851506336098506,1.0125142280007173,14.911078717201192,9.186581761327348,24.432771422290095,10.923051840126627,25.850282940433807,15.584090753198781,24.20521801747477,-0.25146128479093105,26.50983316938966,-4.483361034164357,-9.585708595308446,-17.494473692696847,1,5.0
101,-9.92084876160855,-17.549875836122467,-14.665473738034757,-1.1300698840474919,-7.731868883123532,-1.5930725577223415,1.7707768230018415,26.14276417263253,12.648809281528202,1.0022287862513457,14.681875607385782,9.193056419243598,24.301036222134286,10.9124301543332,25.703353381574246,15.583034032449541,24.07390165451222,-0.2542265532251605,26.35106907117417,-4.528938959240223,-9.92084876160855,-17.549875836122467,1,5.050000000000001
102,-10.252212972709188,-17.609594030928374,-15.085988364368403,-1.2731236211194252,-8.09395502874796,-1.658573786567066,1.526198746625706,26.13241030772052,12.446437679076741,0.9919842249547185,14.45267249757046,9.199516015940425,24.169521631983045,10.901780767708734,25.556426153102105,15.581937299388825,23.942590729120234,-0.2570549179967375,26.192342259156668,-4.5746823198346895,-10.252212972709188,-17.609594030928374,1,5.1000000000000005
103,-10.57962519361648,-17.67397133534972,-15.507493714297123,-1.4172244407826287,-8.45706135371696,-1.7224866862619017,1.281931740225727,26.120840473753262,12.24437238450183,0.9817781393782968,14.223469387755129,9.205961437371906,24.03820874240738,10.891106054610212,25.409501055269722,15.58080398364332,23.811284775221242,-0.25994097084816786,26.033649537377265,-4.620576935760432,-10.57962519361648,-17.67397133534972,1,5.15
104,-10.902909389336624,-17.743350807621702,-15.92965170423577,-1.5626732299668418,-8.821221805985985,-1.7848247819272833,1.0379590618395547,26.108064305600557,12.042594253561216,0.9716081247895904,13.994266277939747,9.212393569492123,23.907078643978362,10.880408389394539,25.262577888329822,15.579637514839726,23.67998332673789,-0.26287930352194766,25.874987709876187,-4.666608626830222,-10.902909389336624,-17.743350807621702,1,5.2
105,-11.2218895248757,-17.8180755059795,-16.352124250599168,-1.709770875601925,-9.18647033351035,-1.8456015986836694,0.7942639695047315,26.094091438132196,11.841084142012548,0.9614717764560697,13.765063168124396,9.21881329825519,23.776112427267,10.869690146418684,25.11565645253486,15.57844132260476,23.548685917592596,-0.26586450776062603,25.71635358069355,-4.7127632128566965,-11.2218895248757,-17.8180755059795,1,5.25
106,-11.536389565239908,-17.898488488658312,-16.774573269802115,-1.8588182646176177,-9.552840884245505,-1.9048306616514996,0.5508297212588624,26.07893150621801,11.639822905613578,0.9513666896452205,13.535860058309028,9.225221509615121,23.645291182844353,10.85895370003957,24.968736548137272,15.577218836565097,23.417392081708,-0.2688911753066847,25.55774395386963,-4.7590265136525565,-11.536389565239908,-17.898488488658312,1,5.300000000000001
107,-11.846233475435383,-17.984932813893337,-17.19666067825948,-2.0101162839437463,-9.92036740614678,-1.9625254959511895,0.3076395751395584,26.062594144727754,11.438791400122046,0.9412904596245472,13.306656948493691,9.231619089526077,23.514596001281426,10.848201424614167,24.821817975389585,15.575973486347449,23.28610135300658,-0.271953897902639,25.399155633444515,-4.80538434903048,-11.846233475435383,-17.984932813893337,1,5.3500000000000005
108,-12.15124522046824,-18.07775153991974,-17.61804839238604,-2.1639658205100885,-10.289083847169564,-2.018699626703251,0.06467678918432568,26.04508898853129,11.237970481295662,0.9312406816615109,13.077453838678316,9.238006923942118,23.38400797314925,10.837435694499398,24.67490053454442,15.574708701578508,23.15481326541078,-0.27504726729103823,25.240585423458402,-4.851822538803149,-12.15124522046824,-18.07775153991974,1,5.4
109,-12.451248765344676,-18.1772877249727,-18.03839832859663,-2.3206677612464714,-10.659024155269272,-2.0733665790280646,-0.17807537856915656,26.02642567249836,11.037341004892117,0.9212149510236068,12.848250728862972,9.244385898817285,23.25350818901891,10.82665888405223,24.527984025854117,15.573427911884973,23.02352735284326,-0.27816587521435904,25.082030127951466,-4.898326902783267,-12.451248765344676,-18.1772877249727,1,5.45
110,-12.746068075070808,-18.28388442728743,-18.457372403306106,-2.4805229930826296,-11.030222278401256,-2.1265398780460862,-0.42063367008338237,26.0066138314988,10.836883826669126,0.9112108629783444,12.619047619047628,9.250756900105726,23.12307773946144,10.815873367629594,24.381068249571303,15.572134546893537,22.89224314922646,-0.28130431341511697,24.923486550963887,-4.944883260783548,-12.746068075070808,-18.28388442728743,1,5.5
111,-13.03552711465278,-18.3978847050991,-18.874632532929255,-2.6438324029483993,-11.402712164520917,-2.178233048877792,-0.6630148273206948,25.985663100402416,10.636579802384418,0.9012260127931847,12.389844509232283,9.257120813761475,22.992697715047846,10.805081519588441,24.234153005948443,15.570832036230938,22.76096018848289,-0.28445717363583695,24.764951496535783,-4.991477432616633,-13.03552711465278,-18.3978847050991,1,5.550000000000001
112,-13.319449849096776,-18.519631616642904,-19.289840633880928,-2.810896877773548,-11.77652776158363,-2.228459616643594,-0.9052355922435505,25.963583114078986,10.436409787795721,0.8912579957356085,12.160641399416914,9.263478525738654,22.862349206349194,10.794285714285714,24.087238095238092,15.569523809523808,22.629678004535116,-0.28761904761904417,24.606421768707484,-5.038095238095237,-13.319449849096776,-18.519631616642904,1,5.6000000000000005
113,-13.597508633440833,-18.649177307172703,-19.702863960347837,-2.9818304010210506,-12.151721664844331,-2.277222696348252,-1.1473127068144207,25.940383507398337,10.236354638660696,0.8813044070731296,11.931438289601534,9.269830921991323,22.732013303936526,10.783488326078363,23.940323317692748,15.568213296398888,22.498396131305718,-0.2907845271072395,24.447894171518982,-5.084722497032058,-14.502161487083574,-18.01743904423468,1,5.65
114,-13.86876938285079,-18.78541027001717,-20.114391117604352,-3.155999342286348,-12.528421058756198,-2.324483762533779,-1.389262912995596,25.91607391523027,10.036395210737133,0.8713628420732001,11.70223517978619,9.276178888473572,22.60167109838089,10.772691729323316,23.793408473564853,15.566903926482867,22.36711410271709,-0.2939482038429335,24.289365509010615,-5.131345029239764,-15.654126665331836,-17.524278749394398,1,5.7
115,-14.132146402524365,-18.926928085523603,-20.525316048696798,-3.3325831676981026,-12.906771775072016,-2.3701938796264526,-1.6311029527495702,25.890663972444585,9.83651235978272,0.861430896003339,11.473032069970845,9.282523311139466,22.47130368025328,10.761898298377513,23.64649336310702,15.565599129402448,22.235831452691848,-0.297104669568661,24.130832585222493,-5.177948654531063,-16.775345383841515,-17.040150732122058,1,5.75
116,-14.386553997659318,-19.072328334039305,-20.936532696671442,-3.510761343384894,-13.286919645544526,-2.4143041120525677,-1.872849568038755,25.86416331391105,9.636686941555116,0.8515061641310218,11.243828960155476,9.288865075943141,22.34089214012473,10.751110407597949,23.4995777865717,15.56430233478432,22.104547715152528,-0.300248516026918,23.972292204194687,-5.224519192718635,-17.865817642612644,-16.565054992417668,1,5.800000000000001
117,-14.630906473453406,-19.220208595911664,-21.348935004574603,-3.689713335475373,-13.669010501926492,-2.456765524238459,-2.1145195008255455,25.836581574499526,9.436899811812072,0.8415862417237241,11.014625850340124,9.295205068838637,22.210417568566385,10.740330431341501,23.352661544211415,15.563016972255204,21.97326242402162,-0.3033743349602005,23.813741169967507,-5.271042463615174,-18.92554344164519,-16.09899153028123,1,5.8500000000000005
118,-14.864118135104352,-19.369166451488017,-21.76341691545254,-3.8686186100982307,-14.053190175970633,-2.497529180610413,-2.3561294930723538,25.807928389079763,9.237131826311362,0.8316687240489316,10.785422740524758,9.301544175780045,22.07986105614915,10.729560743965173,23.20574443627867,15.56174647144176,21.841975113221647,-0.3064767181110579,23.655176286581117,-5.317504287033376,-19.954522780939197,-15.641960345712722,1,5.9
119,-15.085103287809943,-19.5177994811156,-22.180872372351573,-4.046656633381999,-14.439604499429727,-2.5365461455947296,-2.597696286741605,25.778213392521582,9.037363840810636,0.8217512063741536,10.556219630709435,9.307883282721455,21.94920369344414,10.718803719825878,23.058826263025978,15.560494261970712,21.71068531667516,-0.3095502572219959,23.49659435807568,-5.363890482785906,-20.952755660494606,-15.193961438712186,1,5.95
120,-15.292776236767848,-19.664705265141805,-22.60219531831796,-4.223006871455353,-14.8283993040565,-2.5737674836177056,-2.8392366237957116,25.747446219694808,8.83757671106763,0.8118312839668462,10.32701652089406,9.31422327561694,21.81842657102237,10.708061733280566,22.91190682470587,15.559263773468757,21.579392568304627,-0.31258954403552025,23.33799218849127,-5.410186870685492,-21.920242080311482,-14.754994809279577,1,6.0
121,-15.486051287175858,-19.80848138391394,-23.028279696398027,-4.396848790446902,-15.219720421603744,-2.6091442591056495,-3.0807672461971136,25.715636505469217,8.63775129284005,0.8019065520945144,10.097813411078707,9.320565040420604,21.687510779454897,10.697337158686175,22.764985921570855,15.558058435562598,21.448096402032633,-0.31558917029416084,23.179366581868216,-5.456379270544787,-22.856982040389756,-14.325060457414917,1,6.050000000000001
122,-15.663842744231733,-19.947725417779353,-23.460019449638043,-4.567361856485282,-15.61371368382417,-2.6426275364848784,-3.3223048959081627,25.682793884714613,8.437868441885598,0.7919746060246533,9.868610301263335,9.326909463086517,21.556437409312753,10.686632370399682,22.618063353873417,15.556881677878913,21.316796351781697,-0.3185437277403992,23.020714342246592,-5.502453502176474,-23.76297554072952,-13.904158383118197,1,6.1000000000000005
123,-15.825758338149415,-20.0815797216603,-23.898308521084314,-4.733725535699119,-16.01052492247057,-2.674168380181677,-3.5638663148913445,25.64892799230081,8.237909013962035,0.7820330410247381,9.639407191448004,9.333257429568762,21.425187551166957,10.675949742778014,22.471138921866057,15.555736930044407,21.18549195147432,-0.3214478081167701,22.862032273666607,-5.5483953853933015,-24.638222581330666,-13.492288586389455,1,6.15
124,-15.974179499207805,-20.211365748778693,-24.344040853783117,-4.8951192942170465,-16.410299969295664,-2.703717854622332,-3.8054682451090485,25.6140484630976,8.037853864827003,0.7720794523622546,9.410204081632614,9.339609825821436,21.293742295588594,10.66529165017808,22.324212425801356,15.554627621685796,21.054182735033073,-0.3242960031658035,22.703317180168433,-5.594190740007916,-25.482723162193285,-13.089451067228612,1,6.2
125,-16.11218108270205,-20.338949726931368,-24.79811039078074,-5.05072259816768,-16.81318465605222,-2.7312270242332115,-4.0471274285236625,25.578164931974793,7.837683850238321,0.7621114353046833,9.18100097181727,9.345967537798607,21.16208273314865,10.654660466956862,22.17728366593174,15.553557182429754,20.922868236380417,-0.3270829046299809,22.544565865792276,-5.639825385832993,-26.29647728331731,-12.695645825635737,1,6.25
126,-16.242837943927277,-20.4661978839152,-25.26141107512349,-5.199714913679642,-17.219324814492996,-2.7566469534405007,-4.288860607097636,25.541287033802192,7.637379825953588,0.7521265851195283,8.951797862001925,9.352331451454369,21.030189954418198,10.644058567471312,22.030352442509788,15.552529041903009,20.791547989438918,-0.32980310425186615,22.385775134578296,-5.685285142681265,-27.079484944702784,-12.310872861610784,1,6.300000000000001
127,-16.36922493817864,-20.594976447527017,-25.734836849857665,-5.341275706881556,-17.62886627637073,-2.779928706670601,-4.530684522793349,25.503424403449575,7.43692264773063,0.7421224970742418,8.722594752186573,9.358702452742797,20.89804504996828,10.633488326078362,21.883418555787987,15.551546629732226,20.660221528131096,-0.3324511937739166,22.22694179056664,-5.730555830365375,-27.831746146349705,-11.935132175153804,1,6.3500000000000005
128,-16.494416920751252,-20.727151645563715,-26.219281658029537,-5.4745844439020885,-18.041954873438176,-2.8010233483497937,-4.772615917573258,25.464586675786773,7.236293171327084,0.7320967664363426,8.493391642371208,9.365081427617989,20.765629110369893,10.622952117134941,21.736481806018794,15.550613375544131,20.528888386379496,-0.33502176493866703,22.068062637797503,-5.775623268698055,-28.553260888258055,-11.568423766264756,1,6.4
129,-16.621488746940233,-20.86458970582211,-26.715639442685394,-5.5988205908698125,-18.458736437448085,-2.819881942904365,-5.014671533399767,25.424783485683594,7.035472252500662,0.7220469884733305,8.26418853255587,9.371469262034017,20.632923226194144,10.612452314998016,21.5895419934548,15.549732708965397,20.39754809810659,-0.3375094094886424,21.90913448031104,-5.820473277491971,-29.244029170427822,-11.21074763494366,1,6.45
130,-16.753515272040733,-21.009156856099047,-27.224804146871563,-5.713163613913377,-18.879356800153236,-2.8364555547606205,-5.256868112235257,25.38402446800981,6.83444074700916,0.7119707584526475,8.034985422740526,9.37786684194495,20.49990848801201,10.60199129402453,21.44259891834846,15.548908059622743,20.266200197234937,-0.33990871916633897,21.750154122147478,-5.865091676559824,-29.90405099285904,-10.862103781190518,1,6.5
131,-16.893571351347877,-21.162719324191375,-27.74766971363429,-5.8167929791614235,-19.303961793306353,-2.8506952483448753,-5.499222396042177,25.34231925763524,6.633179510610213,0.7018656716417934,7.805782312925165,9.384275053304915,20.366565986394548,10.591571428571424,21.295652380952376,15.548142857142853,20.134844217687053,-0.3422142857142816,21.591118367346937,-5.909464285714268,-30.533326355551694,-10.522492205005307,1,6.550000000000001
132,-17.044731840156814,-21.327143337896,-28.285130086019887,-5.908888152742565,-19.732697248660195,-2.86255208808341,-5.741751126782923,25.29967748942968,6.431669399061559,0.6917293233082824,7.576579203109805,9.390694782067955,20.23287681191281,10.581195092995642,21.14870218151895,15.547440531152434,20.003479693385508,-0.3444207008749811,21.432024019949633,-5.953576924768055,-31.131855258505787,-10.191912906388044,1,6.6000000000000005
133,-17.209297557476265,-21.503723045064806,-28.837510782742147,-5.988987405588802,-20.16555777912434,-2.8720826766570475,-5.9844710464199355,25.256108798262932,6.229891268120916,0.6815593087195663,7.347376093294461,9.397126914188192,20.09882205513784,10.570864661654134,21.001748120300746,15.546804511278198,19.87210615825276,-0.34652255639097684,21.272867883995694,-5.997415413533834,-31.699637701721304,-9.870365885338735,1,6.65
134,-17.386473177169364,-21.69146427377012,-29.40286362518474,-6.058064227845732,-20.601933122235685,-2.879765769764583,-6.227398896915588,25.21162281900482,6.0278259735459905,0.6713532231431495,7.118172983479094,9.403572335619664,19.96438280664065,10.560582508903842,20.854789997550256,15.546238227146809,19.74072314621138,-0.3485144440047458,21.11364676352536,-6.040965571824288,-32.23667368519827,-9.557851141857347,1,6.7
135,-17.57468933681286,-21.888800772139334,-29.978672010398864,-6.1174509144622995,-21.041061796687973,-2.8861856613592987,-6.470551420232353,25.166229186525126,5.82545437109453,0.6611086618465223,6.888969873663743,9.410031932316496,19.829540156992337,10.550351009101703,20.707827613520017,15.545745108384999,19.60933019118388,-0.3503909554588176,20.95435746257876,-6.084213219452133,-32.74296320893666,-9.254368675943926,1,6.75
136,-17.772376673983494,-22.094166288299814,-30.562419335435706,-6.168479760387445,-21.482182321174932,-2.8919266453945123,-6.713945358332595,25.11993753569365,5.6227573165242255,0.6508232200971603,6.659766763848382,9.416506590232757,19.69427519676384,10.540172536604668,20.560860768462526,15.545328584619448,19.477926827092805,-0.3521466824957224,20.79499678519609,-6.127144176230051,-33.21850627293649,-8.959918487598449,1,6.800000000000001
137,-17.97796582625807,-22.305994570378974,-31.15158899734644,-6.21248306057009,-21.92453321439025,-2.8975730158235398,-6.9575974531787645,25.072757501380213,5.419715665592784,0.6404944931625536,6.430563654033008,9.42299719532252,19.558569016526274,10.53004946576968,20.413889262630228,15.544992085476855,19.346512587860616,-0.35377621685793686,20.635561535417487,-6.169744261970716,-33.66330287719776,-8.674500576820913,1,6.8500000000000005
138,-18.189887431213236,-22.52271936650424,-31.743664393182257,-6.250793109959272,-22.36735299502769,-2.903709066599683,-7.2015244467332264,25.024698718454598,5.216310274057922,0.6301200763101975,6.201360544217662,9.42950463353987,19.42240270685066,10.519984170953698,20.266912896275805,15.544739040583915,19.21508700740992,-0.3552741502879957,20.476048517283182,-6.211999296486829,-34.077353021720455,-8.398114943611322,1,6.9
139,-18.406572126425807,-22.74277442480293,-32.33612891999434,-6.284742203503885,-22.809880181780986,-2.9109190916762073,-7.445743080958459,24.975770821786607,5.012521997677377,0.6196975648075528,5.972157434402296,9.436029790838903,19.285757358308047,10.509979026513646,20.119931469651554,15.544572879567346,19.083649619663177,-0.3566350745284143,20.316454534833333,-6.253895099591087,-34.46065670650459,-8.130761587969678,1,6.95
140,-18.626450549472526,-22.96459349340251,-32.92646597483387,-6.315662636152882,-23.251353293343836,-2.9197873850064373,-7.690270097816814,24.92598344624605,4.808331692208876,0.6092245539221098,5.742954324586989,9.442573553173709,19.14861406146946,10.500036406806494,19.972944783010153,15.54449703205382,18.95219995854295,-0.3578535813217226,20.156776392108092,-6.29541749109616,-34.81321393155016,-7.87244050989597,1,7.0
141,-18.847953337930136,-23.186610320430322,-33.51215895475203,-6.344886702855222,-23.69101084840999,-2.9308982405436756,-7.935122239270769,24.87534622670274,4.603720213410048,0.598698638921417,5.513751214771592,9.449136806498355,19.01095390690596,10.490158686189154,19.825952636604043,15.544514927670038,18.820737557971775,-0.3589242624104071,19.99701089314766,-6.336552290814765,-35.135024696857165,-7.623151709390222,1,7.050000000000001
142,-19.069511129375336,-23.40725865401381,-34.090691256800014,-6.373746698559883,-24.128091365673168,-2.9448359522412395,-8.180316247282693,24.823868798026457,4.398668417038717,0.5881174150728722,5.284548104956254,9.455720436766937,18.87275798518852,10.480348239018596,19.678954830685733,15.544629996042742,18.68926195187214,-0.3598417095369928,19.83715484199221,-6.377285318559566,-35.426089002425606,-7.382895186452406,1,7.1000000000000005
143,-19.289554561384907,-23.624972242280347,-34.65954627802898,-6.403574918215792,-24.561833363827088,-2.962184814052426,-8.425868863815008,24.771560795087016,4.193157158852539,0.5774784776440192,5.055344995140895,9.46232532993353,18.73400738688826,10.470607439651756,19.53195116550775,15.544845666798578,18.557772674166607,-0.36060051444400476,19.677205042681877,-6.417602394143251,-35.686406848255494,-7.151670941082554,1,7.15
144,-19.506514271535615,-23.838184833357314,-35.216207415490146,-6.43570365677192,-24.99147536156548,-2.9835291199304934,-8.67179683083016,24.71843185275421,3.9871672946092005,0.5667794219023237,4.826141885325528,9.468952371952232,18.594683202576206,10.46093866244559,19.38494144132263,15.545165369564266,18.42626925877766,-0.36119526887393905,19.517158299256934,-6.457489337378534,-35.9159782343468,-6.929478973280611,1,7.2
145,-19.718820897404175,-24.04533017537208,-35.75815806623468,-6.471465209177208,-25.416255877582095,-3.0094531638288124,-8.918116890290518,24.664491605897872,3.780679680066498,0.5560178431152661,4.596938775510191,9.47560244877709,18.45476652282334,10.451344281757024,19.23792545838282,15.545592533966504,18.294751239627878,-0.36162056456931596,19.357011415757448,-6.496931968078091,-36.11480316069955,-6.7163192830466665,1,7.25
146,-19.924905076567345,-24.244842016452086,-36.282881627313735,-6.512191870380629,-25.835413430570608,-3.040541239700622,-9.164845784158512,24.609749689387762,3.573675170982121,0.545191336550337,4.367735665694823,9.482276446362253,18.314238438200753,10.441826671943009,19.09090301694085,15.546130589631973,18.163218150639757,-0.3618709932726509,19.19676119622366,-6.5359161060546205,-36.282881627313735,-6.512191870380629,1,7.300000000000001
147,-20.12353063932182,-24.435452815667343,-36.78841484266949,-6.558941074027777,-26.248351406606847,-3.0772115369878787,-9.412000254396595,24.554215738093696,3.3661346231137146,0.5342974974750456,4.138532555879464,9.488975250661744,18.173080039279476,10.432388207360505,18.943873917249274,15.546782966187397,18.031669525735808,-0.3619411467264689,19.036404444695687,-6.574427571120784,-36.88827223895484,-6.65793036771857,1,7.3500000000000005
148,-20.314794186844132,-24.617089875858554,-37.275007843807714,-6.6116708085510245,-26.655132661294836,-3.1192178270870676,-9.659597042967125,24.497899386885493,3.158038892219074,0.5233339211568435,3.909329446064119,9.495699747629661,18.031272416630546,10.423031262366443,18.796837959560555,15.547553093259463,17.900104898838574,-0.36182561667326607,18.875937965213787,-6.612452183089306,-37.470568930805825,-6.7981093583460765,1,7.4
149,-20.49912551303073,-24.789979210808994,-37.7434641091252,-6.670064201079412,-27.055984917620645,-3.1661477768832462,-9.907652891832562,24.440810270632937,2.9493688340558735,0.512298202863245,3.6801263362487298,9.502450823220114,17.888796660825008,10.41375821131775,18.64979494412725,15.548444400474873,17.76852380387058,-0.36151899485554334,18.715358561818086,-6.649975761772855,-38.02977170286668,-6.932728842263142,1,7.45
150,-20.676954411778116,-24.954346834301976,-38.19458711701867,-6.733804378741944,-27.45113589857035,-3.2175890532615004,-10.156184542955287,24.38295802420585,2.7401053043818635,0.5011879378617161,3.4509232264333924,9.509229363387163,17.74563386243385,10.40457142857143,18.502744671201818,15.54946031746031,17.63692577475435,-0.3610158730158741,18.55466303854876,-6.686984126984123,-38.56588055513742,-7.061788819469769,1,7.5
151,-20.848710676982723,-25.11041876012085,-38.62918034588491,-6.802574468667694,-27.840813327130043,-3.2731293231069754,-10.405208738297722,24.324352282474017,2.530229158954726,0.4900007214197663,3.2217201166180782,9.516036254084904,17.601765112028183,10.395473288484371,18.355686941036794,15.550604273842502,17.50531034541241,-0.3603108428967061,18.393848199445955,-6.723463098535813,-39.07889548761802,-7.185289289965966,1,7.550000000000001
152,-21.014824102541052,-25.258421002048877,-39.048047274120655,-6.876057597985656,-28.22524492628578,-3.332356253304723,-10.65474221982231,24.265002680307244,2.3197212535321814,0.4787341488048617,2.9925170068026885,9.522872381267408,17.457171500179008,10.38646616541354,18.20862155388471,15.55187969924812,17.37367704976728,-0.3593984962405983,18.23291084854996,-6.759398496240595,-39.5688165003085,-7.3032302537517175,1,7.6000000000000005
153,-21.175724482349583,-25.3985795738694,-39.45199138012268,-6.953936893824881,-28.60465841902366,-3.3948575107398296,-10.904801729491426,24.204918852575318,2.108562443871972,0.4673858152845068,2.763313896987336,9.52973863088877,17.311834117457387,10.377552433715872,18.06154830999806,15.553290023303866,17.242025421741474,-0.35827342479005636,18.071847789900836,-6.794776139911179,-40.035643593208874,-7.415611710827026,1,7.65
154,-21.331841610304775,-25.53112048936574,-39.84181614228772,-7.0358954833143725,-28.979281528329775,-3.460220762297396,-11.155404009267524,24.144110434148075,1.8967335857317877,0.4559533161261436,2.5341107871719917,9.536635888903062,17.165734054434296,10.368734467748306,17.91446700962934,15.554838675636468,17.110354995257552,-0.3569302202875522,17.91065582753879,-6.829581849360246,-40.47937676631911,-7.522433661191888,1,7.7
155,-21.483605280303095,-25.656269762321184,-40.21832503901255,-7.121616493583191,-29.349341977190203,-3.5280336748625185,-11.406565801112974,24.082587059895296,1.684215534869356,0.44443424659731534,2.3049076773566473,9.543565041264367,17.01885240168089,10.360014641867817,17.767377453031074,15.55652908587258,16.97866530423805,-0.35536347447566413,17.74933176550398,-6.86380144440047,-40.90001601963922,-7.6236961048463066,1,7.75
156,-21.63144528624102,-25.774253406519044,-40.58232154869392,-7.210783051760329,-29.715067488590996,-3.597883915320288,-11.658303846990243,24.020358364686796,1.470989147042359,0.4328262019654784,2.075704567541295,9.5505269739268,16.87117024976809,10.351395330431341,17.62027944045578,15.55836468363894,16.846955882605418,-0.35356777909685433,17.58787240783664,-6.89742074484457,-41.297561353169215,-7.719399041790319,1,7.800000000000001
157,-21.775791422015043,-25.88529743574266,-40.93460914972859,-7.303078284974858,-30.076685785518283,-3.669359150555796,-11.910634888861697,23.95743398339234,1.2570352780085696,0.4211267774981326,1.8465014577259353,9.557522572844421,16.72266868926701,10.342878907795807,17.473172772155955,15.56034889856219,16.715226264282265,-0.35153772589367693,17.426274558576885,-6.930425570505189,-41.67201276690908,-7.809542472023858,1,7.8500000000000005
158,-21.91707348152159,-25.989627863775308,-41.27599132051329,-7.39818532035578,-30.434424590958102,-3.742047047454138,-12.16357566868978,23.89382355088178,1.042334783525655,0.4093335684627342,1.6172983479105834,9.564552723971323,16.573328810748674,10.334467748318168,17.326057248384153,15.562485160269091,16.58347598319105,-0.34926790660863277,17.26453502176495,-6.962801741195093,-42.02337026085882,-7.894126395546967,1,7.9
159,-22.05572125865721,-26.08747070440033,-41.60727153944481,-7.495787285032147,-30.788511627896543,-3.8155352729003855,-12.417142928436903,23.829536702024892,0.8268685193513197,0.39744417012680744,1.3880952380952163,9.571618313261562,16.423131704784115,10.326164226355367,17.17893266939278,15.564776898386313,16.451704573254368,-0.3467529129842228,17.102650601440963,-6.994535076726904,-42.35163383501844,-7.97315081235966,1,7.95
160,-22.192164547318296,-26.179051971401023,-41.92925328491989,-7.595567306132971,-31.139174619319714,-3.8894114937796695,-12.671353410065482,23.764583071691483,0.6106173412433369,0.38545617775785185,1.1588921282798492,9.578720226669276,16.272058461944347,10.317970716264345,17.031798835434444,15.567227542540557,16.319911568394666,-0.34398733676296245,16.9406181016451,-7.02561139691334,-42.65680348938793,-8.04661572246188,1,8.0
161,-22.326833141401373,-26.264597678560694,-42.242740035335274,-7.697208510787289,-31.48664128821366,-3.963263376977032,-12.926223855537902,23.698972294751357,0.39356210495938854,0.3733671866232854,0.9296890184645421,9.585859350148473,16.120090172800417,10.30988959240205,16.884655546761657,15.569840522358534,16.18809650253452,-0.34096576968737197,16.778434326417546,-7.056016521567074,-42.9388792239673,-8.11452112585368,1,8.05
162,-22.460156834802884,-26.344333839662692,-42.54853526908775,-7.800394026124137,-31.83113935756448,-4.036678589377603,-13.181771006816628,23.63271400607432,0.1756836662571797,0.3611747919906463,0.7004859086491448,9.593036569653284,15.967207927923388,10.301923229125428,16.737502603626854,15.572619267466912,16.056258909596465,-0.3376828034999812,16.61609607979848,-7.085736270500813,-43.19786103875656,-8.176867022535035,1,8.1
163,-22.592565421419305,-26.418486468490308,-42.847442464574044,-7.904806979272543,-32.17289655035825,-4.109244797866444,-13.438011605864025,23.56581784053015,-0.04303711910555463,0.34887658912741526,0.47128279883380036,9.600252771137818,15.813392817884287,10.294074000791445,16.59033980628263,15.575567207492417,15.924398323503025,-0.334133029943267,16.4536001658281,-7.114756463527252,-43.43374893375567,-8.233653412505948,1,8.15
164,-22.724488695147116,-26.487281578826824,-43.14026510019093,-8.010130497361537,-32.51214058958107,-4.180549669328696,-13.69496239464256,23.498293432988685,-0.2626193953711096,0.33647017330106793,0.24207968901845575,9.607508840556122,15.658625933254172,10.28634428175702,16.443166954981425,15.578687772061725,15.792514278176613,-0.3303110407597882,16.290943388546566,-7.143062920459038,-43.64654290896467,-8.284880295766428,1,8.200000000000001
165,-22.856356449882792,-26.550945184455603,-43.42780665433516,-8.116047707520135,-32.84909919821899,-4.250180870649386,-13.95264011511461,23.430150418319702,-0.4830823067817804,0.3239531397790944,0.01287657920310366,9.614805663862281,15.502888364604068,10.2787364463791,16.29598384997582,15.581984390801578,15.660606307539934,-0.32621142769203115,16.12812255199404,-7.1706414611089135,-43.83624296438355,-8.330547672316463,1,8.25
166,-22.988598479522818,-26.609703299159907,-43.71087060540348,-8.222241736877393,-33.18400009925811,-4.317726068713654,-14.211061509242583,23.36139843139301,-0.7044449975797942,0.3113230838289897,-0.21632653061225596,9.622144127010383,15.346161202505016,10.271252869014639,16.148790291518285,15.585460493338609,15.52867394551541,-0.3218287824825163,15.96513446021068,-7.19747790528954,-44.0028491000123,-8.370655542156074,1,8.3
167,-23.121644577963636,-26.663781936723108,-43.99026043179264,-8.328395712562315,-33.51707101568451,-4.382772930406581,-14.470243318988913,23.292047107078417,-0.9267266120075441,0.2985776007182295,-0.44552964042762316,9.629525115954522,15.188425537528026,10.263895924020575,16.001586079861298,15.589119509299564,15.39671672602556,-0.31715769687375883,15.801975917236689,-7.223558072813602,-44.146361315850925,-8.40520390528523,1,8.35
168,-23.25592453910176,-26.713407110928443,-44.26677961189944,-8.434192761703951,-33.84853967048426,-4.444909122613225,-14.73020228631606,23.222106080245716,-1.1499462943072047,0.28571428571428953,-0.6747327502429676,9.636949516648777,15.029662460244184,10.256667985753875,15.854371015257428,15.592964868311137,15.264734182992958,-0.3121927626082791,15.638643727112258,-7.248867783493818,-44.26677961189944,-8.434192761703951,1,8.4
169,-23.391868156833613,-26.758804835559303,-44.54123162412057,-8.539316011431312,-34.17863378664345,-4.503722312218745,-14.99095515318634,23.15158498576473,-1.3741231887211387,0.2727307340846792,-0.9039358600583198,9.64441821504723,14.869853061224488,10.249571428571446,15.707144897959168,15.59699999999999,15.132725850340153,-0.30692857142856833,15.475134693877548,-7.273392857142846,-44.89123087369683,-7.980911423210446,1,8.450000000000001
170,-23.5299052250557,-26.800201124398953,-44.814419946852844,-8.64344858887345,-34.507581087148154,-4.55880016610816,-15.252518661562233,23.08049345850522,-1.599276439491574,0.25962454109688393,-1.133138969873687,9.651932097103948,14.708978431040011,10.242608626830233,15.559907528219036,15.601228333992891,15.000691261989553,-0.30135971507716136,15.311445621572735,-7.297119113573397,-45.50401014929242,-7.536102633100011,1,8.5
171,-23.670465537664473,-26.837821991230722,-45.087148058492986,-8.7462736211594,-34.83560929498447,-4.609730351166616,-15.514909553406138,23.00884113333703,-1.8254251908608277,0.2463933020183745,-1.362342079689024,9.659492048773041,14.54701966026176,10.235781954887214,15.41265870628955,15.605653299916462,14.868629951863797,-0.2954807852965783,15.147573314238002,-7.320032372598167,-46.10511743868618,-7.099766391372618,1,8.55
172,-23.813978888556434,-26.871893449837895,-45.36021943743776,-8.847474235418174,-35.162946133138476,-4.6561005342792035,-15.778144570680487,22.936637645129952,-2.0525885870712104,0.23303461211664597,-1.5915451895043686,9.667098956008592,14.383957839460804,10.229093787099323,15.26539823242318,15.610278327397431,14.736541453885348,-0.28928637382931527,14.983514575913468,-7.342118454029808,-46.69455274187812,-6.671902698028306,1,8.6
173,-23.960875071628035,-26.902641514003836,-45.63443756208393,-8.946733558778774,-35.489819324596226,-4.697498382330943,-16.042240455347674,22.86389262875378,-2.2807857723649416,0.21954606665920295,-1.8207482993197506,9.674753704764669,14.219774059208186,10.222546497823512,15.118125906872448,15.615106846062531,14.60442530197676,-0.28277107241788774,14.819266210639388,-7.363363177681048,-47.27231605886825,-6.252511553067031,1,8.65
174,-24.111583880775765,-26.93029219751178,-45.91060591082824,-9.043734718370297,-35.81645659234383,-4.733511562207024,-16.307213949370105,22.79061571907833,-2.510035890984339,0.20592526091349214,-2.0499514091350877,9.682457180995376,14.054449410074886,10.216142461416702,14.970841529889881,15.620142285538414,14.472281030060556,-0.27592947280480135,14.654825022455904,-7.383752363364547,-47.83840738965654,-5.841592956488814,1,8.700000000000001
175,-24.26653510989608,-26.955071514145118,-46.189527962067444,-9.138160841321719,-36.143085659367365,-4.7637277407924845,-16.57308179471022,22.716816550973363,-2.740358087171691,0.19216979014701338,-2.279154518950432,9.690210270654761,13.88796498263202,10.209884052235854,14.823544901728015,15.625388075451799,14.340108172059221,-0.26875616673263925,14.49018781540317,-7.403271830893034,-48.39282673424303,-5.439146908293639,1,8.75
176,-24.426158552885447,-26.977205477687153,-46.47200719419831,-9.229695054762091,-36.46993424865289,-4.787734584972415,-16.839860733330422,22.64250475930873,-2.971771505169306,0.1782772496272665,-2.5083576287658147,9.69801385969695,13.720301867450589,10.203773644637911,14.676235822639326,15.630847645429366,14.207906261895344,-0.2612457459438008,14.32535139352141,-7.421907400079141,-48.93557409262768,-5.045173408481534,1,8.8
177,-24.590884003640358,-26.996920101921148,-46.75884708561759,-9.318020485820448,-36.79723008318651,-4.805119761631925,-17.107567507193142,22.56768997895421,-3.204295289219413,0.16424523462174165,-2.7375607385811667,9.705868834076,13.551441155101642,10.197813612979822,14.528914092876303,15.636524425097827,14.075674833491435,-0.2533928021808933,14.160312560850777,-7.439644890735611,-49.46664946481052,-4.659672457052491,1,8.85
178,-24.761141256057282,-27.014441400630464,-47.050851114722036,-9.402820261625823,-37.12520088595429,-4.815470937656098,-17.37621885826076,22.49238184477962,-3.437948583564344,0.15007134039790487,-2.9667638483965186,9.713776079746005,13.381363936156168,10.192006331618511,14.381579512691511,15.642421844083882,13.94341342076996,-0.2451919271863838,13.995068121431407,-7.4564701226751104,-49.986052850791545,-4.282644054006491,1,8.9
179,-24.937360104032678,-27.02999538759835,-47.34882275990841,-9.483777509307233,-37.45407437994233,-4.8183757799300135,-17.64583152849572,22.416589991654728,-3.6727505324463645,0.1357531622232608,-3.195966958211863,9.72173648266105,13.210051301185278,10.186354174910958,14.234231882337415,15.648543332014244,13.811121557653514,-0.2366377127028022,13.829614879303527,-7.472368915710333,-50.49378425057074,-3.914088199343542,1,8.950000000000001
180,-25.119970341463027,-27.043808076608194,-47.65356549957346,-9.560575355993713,-37.78407828813669,-4.813421955338789,-17.916422259860425,22.340324054449372,-3.9087202801077456,0.12128829536528513,-3.4251700680272155,9.729750928775196,13.037484340759999,10.180859517214088,14.086871002066571,15.654892318515579,13.67879877806463,-0.22772475047266397,13.663949638507315,-7.487327089653963,-50.98984366414812,-3.5540048930636843,1,9.0
181,-25.309401762244796,-27.056105481443275,-47.965882812113946,-9.632896928814304,-38.115440333523466,-4.8001971307675,-18.18800779431729,22.26359366803335,-4.1458769707908,0.1066743350914777,-3.65437317784256,9.737820304042568,12.863644145451332,10.175524732884838,13.939496672131474,15.66147223321462,13.54644461592577,-0.2184476322384893,13.4980692030829,-7.501330464318692,-51.474231091523684,-3.202394135166859,1,9.05
182,-25.506084160274487,-27.067113615886896,-48.28657817592662,-9.700425354898014,-38.44838823908874,-4.778288973101232,-18.460604873828743,22.186408467276454,-4.384239748737805,0.09190887666929484,-3.8835762876579345,9.74594549441723,12.688511805830373,10.170352196280184,13.792108692784605,15.668286505738031,13.414058605159507,-0.20880094974277427,13.331970377070485,-7.5143648595172134,-51.94694653269741,-2.85925592565309,1,9.1
183,-25.710447329448538,-27.0770584937224,-48.616455069408254,-9.762843761373885,-38.78314972781859,-4.747285149225083,-18.73423024035718,22.108778087048506,-4.623827758191036,0.07698951536624604,-4.112779397473279,9.75412738585326,12.512068412468118,10.165344281757035,13.64470686427851,15.675338565712536,13.281640279688364,-0.19877929472804878,13.165649964510305,-7.526416095062213,-52.407989987669325,-2.5245902645223786,1,9.15
184,-25.92292106366344,-27.086166128733037,-48.95631697095557,-9.81983527537096,-39.11995252269907,-4.7067733260241615,-19.008900635865032,22.030712162219274,-4.8646601433927925,0.06191384644981184,-4.341982507288639,9.76236686430475,12.334295055935561,10.160503363672342,13.49729098686567,15.682631842764813,13.149189173434827,-0.1883772589368138,12.999104769442408,-7.537469990766385,-52.85736145643943,-2.1983971517747185,1,9.200000000000001
185,-26.143935156815655,-27.09466253470219,-49.306967358965366,-9.871083024018226,-39.459024346716305,-4.6563411703835405,-19.284632802314697,21.952220327658562,-5.106756048585334,0.04667946518749204,-4.571185617103998,9.770664815725773,12.155172826803852,10.155831816383058,13.349860860798634,15.690169766521556,13.016704820321483,-0.17758943411160885,12.832331595907068,-7.547512366442415,-53.2950609390077,-1.8806765874101101,1,9.25
186,-26.373919402801654,-27.102773725413154,-49.66920971183437,-9.916270134444774,-39.800592922856346,-4.59557634918833,-19.561443481668608,21.87331221823621,-5.350134618010963,0.03128396684676715,-4.800388726919328,9.779022126070428,11.974682815643973,10.151332014246146,13.202416286329878,15.69795576660951,12.884186754270802,-0.1664104119949107,12.66532724794442,-7.556529041903006,-53.72108843537415,-1.5714285714285683,1,9.3
187,-26.613303595517927,-27.110725714649206,-50.04384750795934,-9.955079733779602,-40.144885974105286,-4.524066529323587,-19.83934941588915,21.793997468822,-5.5948149959119515,0.015724946695088705,-5.029591836734696,9.787439681292778,11.79280611302692,10.147006331618515,13.05495706371191,15.705993272655306,12.751634509205353,-0.15483478432924927,12.498088529594671,-7.56450583696083,-53.72108843537415,-1.5714285714285683,1,9.35
188,-26.862517528860923,-27.11874451619368,-50.431684225737044,-9.987194949151728,-40.4921312234492,-4.441399377674433,-20.118367346938776,21.714285714285722,-5.84081632653061,0.0,-5.258794946550054,9.795918367346946,11.609523809523822,10.142857142857148,12.907482993197288,15.714285714285712,12.619047619047628,-0.1428571428571351,12.330612244897956,-7.571428571428566,-53.72108843537415,-1.5714285714285683,1,9.4
189,-26.862517528860923,-27.11874451619368,-50.431684225737044,-9.987194949151728,-40.4921312234492,-4.441399377674433,-20.118367346938776,21.714285714285722,-5.84081632653061,0.0,-5.258794946550054,9.795918367346946,11.609523809523822,10.142857142857148,12.907482993197288,15.714285714285712,12.619047619047628,-0.1428571428571351,12.330612244897956,-7.571428571428566,-53.72108843537415,-1.5714285714285683,1,9.450000000000001
190,-26.862517528860923,-27.11874451619368,-50.431684225737044,-9.987194949151728,-40.4921312234492,-4.441399377674433,-20.118367346938776,21.714285714285722,-5.84081632653061,0.0,-5.258794946550054,9.795918367346946,11.609523809523822,10.142857142857148,12.907482993197288,15.714285714285712,12.619047619047628,-0.1428571428571351,12.330612244897956,-7.571428571428566,-53.72108843537415,-1.5714285714285683,1,9.5
191,-26.862517528860923,-27.11874451619368,-50.431684225737044,-9.987194949151728,-40.4921312234492,-4.441399377674433,-20.118367346938776,21.714285714285722,-5.84081632653061,0.0,-5.258794946550054,9.795918367346946,11.609523809523822,10.142857142857148,12.907482993197288,15.714285714285712,12.619047619047628,-0.1428571428571351,12.330612244897956,-7.571428571428566,-53.72108843537415,-1.5714285714285683,1,9.55
192,-26.862517528860923,-27.11874451619368,-50.431684225737044,-9.987194949151728,-40.4921312234492,-4.441399377674433,-20.118367346938776,21.714285714285722,-5.84081632653061,0.0,-5.258794946550054,9.795918367346946,11.609523809523822,10.142857142857148,12.907482993197288,15.714285714285712,12.619047619047628,-0.1428571428571351,12.330612244897956,-7.571428571428566,-53.72108843537415,-1.5714285714285683,1,9.600000000000001
193,-26.862517528860923,-27.11874451619368,-50.431684225737044,-9.987194949151728,-40.4921312234492,-4.441399377674433,-20.118367346938776,21.714285714285722,-5.84081632653061,0.0,-5.258794946550054,9.795918367346946,11.609523809523822,10.142857142857148,12.907482993197288,15.714285714285712,12.619047619047628,-0.1428571428571351,12.330612244897956,-7.571428571428566,-53.72108843537415,-1.5714285714285683,1,9.65
194,-26.862517528860923,-27.11874451619368,-50.431684225737044,-9.987194949151728,-40.4921312234492,-4.441399377674433,-20.118367346938776,21.714285714285722,-5.84081632653061,0.0,-5.258794946550054,9.795918367346946,11.609523809523822,10.142857142857148,12.907482993197288,15.714285714285712,12.619047619047628,-0.1428571428571351,12.330612244897956,-7.571428571428566,-53.72108843537415,-1.5714285714285683,1,9.700000000000001
195,-26.862517528860923,-27.11874451619368,-50.431684225737044,-9.987194949151728,-40.4921312234492,-4.441399377674433,-20.118367346938776,21.714285714285722,-5.84081632653061,0.0,-5.258794946550054,9.795918367346946,11.609523809523822,10.142857142857148,12.907482993197288,15.714285714285712,12.619047619047628,-0.1428571428571351,12.330612244897956,-7.571428571428566,-53.72108843537415,-1.5714285714285683,1,9.75
196,-26.862517528860923,-27.11874451619368,-50.431684225737044,-9.987194949151728,-40.4921312234492,-4.441399377674433,-20.118367346938776,21.714285714285722,-5.84081632653061,0.0,-5.258794946550054,9.795918367346946,11.609523809523822,10.142857142857148,12.907482993197288,15.714285714285712,12.619047619047628,-0.1428571428571351,12.330612244897956,-7.571428571428566,-53.72108843537415,-1.5714285714285683,1,9.8
197,-26.862517528860923,-27.11874451619368,-50.431684225737044,-9.987194949151728,-40.4921312234492,-4.441399377674433,-20.118367346938776,21.714285714285722,-5.84081632653061,0.0,-5.258794946550054,9.795918367346946,11.609523809523822,10.142857142857148,12.907482993197288,15.714285714285712,12.619047619047628,-0.1428571428571351,12.330612244897956,-7.571428571428566,-53.72108843537415,-1.5714285714285683,1,9.850000000000001
198,-26.862517528860923,-27.11874451619368,-50.431684225737044,-9.987194949151728,-40.4921312234492,-4.441399377674433,-20.118367346938776,21.714285714285722,-5.84081632653061,0.0,-5.258794946550054,9.795918367346946,11.609523809523822,10.142857142857148,12.907482993197288,15.714285714285712,12.619047619047628,-0.1428571428571351,12.330612244897956,-7.571428571428566,-53.72108843537415,-1.5714285714285683,1,9.9
