Frame,Home_12_x,Home_12_y,Home_1600_x,Home_1600_y,Home_2097_x,Home_2097_y,Home_2860_x,Home_2860_y,Home_2945_x,Home_2945_y,Home_5050_x,Home_5050_y,Home_5844_x,Home_5844_y,Home_5846_x,Home_5846_y,Home_6366_x,Home_6366_y,Home_6367_x,Home_6367_y,ball_x,ball_y,Period,Time [s]
0,-1.6201924212233858,-19.49194391481645,-11.640298746033096,30.61281864858963,-9.107587262958933,3.1121282784847275,-15.698833828971438,7.307984105127932,-13.689894686919377,-8.105167026296865,-9.172270744307152,-14.955402588317659,-0.9997095411092611,-27.951761828761217,13.62291364415104,11.630933951258479,5.24334305150631,-6.6632653061224465,15.53430515063168,-20.91836734693878,-1.6201924212233858,-19.49194391481645,1,0.0
1,-2.09101905269081,-19.320269595284106,-11.814127834580429,30.62184094870656,-9.202852632379882,2.953821999988408,-15.88467103206102,7.238757577709469,-14.091510421738759,-8.185633173432022,-9.084362308343412,-14.87508902661159,-1.0175655275624835,-27.870754734537847,13.549834966717464,11.542410989983162,5.202137998056379,-6.650510204081628,15.469922254616108,-20.897959183673446,-2.09101905269081,-19.320269595284106,1,0.05
2,-2.5458094675842915,-19.149676133845894,-11.981005968702338,30.63010956885806,-9.290634931248855,2.806321720676114,-16.070072977006735,7.166984395530504,-14.491740599561805,-8.273852410014038,-9.00280836739481,-14.795643123512512,-1.0363197199271768,-27.79072403481949,13.476931264461463,11.45536128668877,5.160932944606404,-6.637755102040824,15.405539358600583,-20.877551020408145,-2.5458094675842915,-19.149676133845894,1,0.1
3,-2.98515864436256,-18.980183188040414,-12.141177475133944,30.637629143655044,-9.371328470069667,2.669170849033069,-16.254933824515707,7.092822643984962,-14.890419621943884,-8.369539970048514,-8.927457583853197,-14.717045835795373,-1.0559647526246434,-27.711661722855656,13.404201102530019,11.369772760183729,5.119727891156458,-6.624999999999985,15.341156462585026,-20.857142857142854,-2.98515864436256,-18.980183188040414,1,0.15000000000000002
4,-3.409661561484489,-18.811810415406217,-12.294886680610315,30.64440430770854,-9.445327559346211,2.5419127935444563,-16.43914773529515,7.0164304084667855,-15.287381890440358,-8.472411087541001,-8.85815862011043,-14.639278120235016,-1.0764932600761186,-27.63355979189585,13.331643046070127,11.285633329276509,5.078522837706521,-6.612244897959176,15.276773566569469,-20.836734693877542,-3.409661561484489,-18.811810415406217,1,0.2
5,-3.8199131974088303,-18.64457747348191,-12.442377911866572,30.650439695629423,-9.513026509582282,2.4240909626953986,-16.622608870052193,6.937965774369889,-15.682461806606542,-8.582180996497168,-8.794760138558377,-14.562320933606376,-1.0978978767028815,-27.556410235189595,13.25925566022877,11.202930912775555,5.037317784256523,-6.599489795918357,15.212390670553914,-20.816326530612237,-3.8199131974088303,-18.64457747348191,1,0.25
6,-4.216508530594353,-18.478504019806024,-12.583895495637812,30.6557399420287,-9.57481963128178,2.315248764971131,-16.80521138949402,6.857586827088199,-16.075493771997802,-8.698564930922533,-8.73711080158892,-14.486155232684364,-1.1201712369261227,-27.480205045986438,13.187037510153015,11.12165342948928,4.996112730806622,-6.586734693877543,15.148007774538373,-20.795918367346932,-4.216508530594353,-18.478504019806024,1,0.30000000000000004
7,-4.600042539499883,-18.31360971191715,-12.719683758659162,30.660309681517276,-9.631101234948607,2.2149296088568304,-16.986849454327796,6.775451652015653,-16.466312188169432,-8.82127812482269,-8.685059271593854,-14.410761974243849,-1.143305975167174,-27.404936217535866,13.114987160989784,11.041788798226149,4.954907677356648,-6.573979591836724,15.083624878522848,-20.7755102040816,-4.600042539499883,-18.31360971191715,1,0.35000000000000003
8,-4.971110202584228,-18.149914207353845,-12.849987027665676,30.66415354870613,-9.682265631086572,2.12267690283765,-17.167417225260692,6.691718334546156,-16.854751456676833,-8.95003581220326,-8.638454210965119,-14.336122115059743,-1.1672947258472255,-27.330595743087397,13.04310317788612,10.963324937794631,4.913702623906694,-6.561224489795905,15.019241982507275,-20.75510204081631,-4.971110202584228,-18.149914207353845,1,0.4
9,-5.33030649830614,-17.987437163654725,-12.975049629392487,30.667276178206183,-9.728707130199561,2.038034055398795,-17.346808862999865,6.606544960073627,-17.24064597907531,-9.084553227069803,-8.597144282094511,-14.26221661190693,-1.1921301233875874,-27.25717561589056,12.97138412598897,10.886249767003147,4.8724975704567415,-6.5484693877550875,14.954859086491703,-20.734693877551,-5.33030649830614,-17.987437163654725,1,0.45
10,-5.678226405124446,-17.826198238358316,-13.095115890574693,30.6696822046284,-9.770820042791446,1.9605444750254284,-17.52491852825248,6.520089613992016,-17.623830156920192,-9.2245456034279,-8.560978147373934,-14.1890264215603,-1.2178048022094563,-27.184667829194872,12.899828570445408,10.810551204660143,4.831292517006782,-6.535714285714273,14.890476190476164,-20.714285714285687,-5.678226405124446,-17.826198238358316,1,0.5
11,-6.015464901497909,-17.666217089003222,-13.210430137947405,30.671376262583717,-9.808998679366091,1.8897515702027556,-17.701640381725745,6.432510381695241,-18.004138391766862,-9.369728175283164,-8.529804469195241,-14.11653250079478,-1.2443113967340977,-27.11306437624988,12.828435076402382,10.736217169574058,4.790087463556844,-6.5229591836734535,14.82609329446063,-20.693877551020403,-6.015464901497909,-17.666217089003222,1,0.55
12,-6.342616965885377,-17.507513373127992,-13.321236698245684,30.67236298668311,-9.843637350427358,1.8251987494159438,-17.87686858412677,6.343965348577227,-18.381405085170638,-9.519816176641186,-8.503471909950289,-14.044715806385257,-1.2716425413827985,-27.04235725030506,12.757202209006866,10.663235580553353,4.748882410106876,-6.51020408163265,14.761710398445059,-20.673469387755095,-6.342616965885377,-17.507513373127992,1,0.6000000000000001
13,-6.660277576745595,-17.350106748271187,-13.427779898204673,30.672647011537496,-9.875130366479098,1.7664294211501752,-18.05049729616275,6.254612600031885,-18.75546463868684,-9.674524841507504,-8.481829132030903,-13.973557295106605,-1.2997908705767713,-26.97253844460995,12.686128533405917,10.591594356406459,4.707677356656923,-6.4974489795918355,14.69732750242952,-20.653061224489804,-6.660277576745595,-17.350106748271187,1,0.65
14,-6.9690417125373765,-17.194016871971428,-13.530304064559484,30.672232971757854,-9.903872038025163,1.712986993890631,-18.22242067854086,6.164610221453157,-19.126151453870865,-9.833569403887758,-8.464724797829021,-13.903037923733727,-1.3287490187373416,-26.90359995241405,12.615212614746465,10.521281415941834,4.666472303206962,-6.484693877550983,14.632944606413956,-20.632653061224474,-6.9690417125373765,-17.194016871971428,1,0.7000000000000001
15,-7.269504351719452,-17.039263401767258,-13.629053524045139,30.67112550195513,-9.93025667556944,1.6644148761224786,-18.392532891968216,6.07411629823495,-19.493299932277992,-9.996665097787526,-8.452007569736416,-13.833138649041581,-1.3585096202856377,-26.83553376696693,12.544453018175588,10.45228467796793,4.625267249757032,-6.471938775510188,14.568561710398413,-20.612244897959165,-7.269504351719452,-17.039263401767258,1,0.75
16,-7.562260472750741,-16.88586599519722,-13.724272603396836,30.66932923674024,-9.9546785896158,1.6202564763309193,-18.56072809715209,5.9832889157712,-19.856744475463607,-10.163527157212359,-8.443526110145022,-13.763840427804974,-1.389065309643031,-26.76833188151807,12.473848308840246,10.384592061293157,4.584062196307094,-6.459183673469374,14.504178814382918,-20.59183673469386,-7.562260472750741,-16.88586599519722,1,0.8
17,-7.847905054089942,-16.733844309799952,-13.816205629349636,30.66684881072416,-9.977532090668086,1.5800552030011246,-18.726900454799555,5.892286159455863,-20.216319484983007,-10.333870816167888,-8.439129081446648,-13.695124216798835,-1.420408721230733,-26.701986289316967,12.403397051887392,10.318191484726002,4.542857142857127,-6.446428571428566,14.439795918367325,-20.571428571428545,-7.847905054089942,-16.733844309799952,1,0.8500000000000001
18,-8.1270330741959,-16.58321800311396,-13.90509692863862,30.663688858517858,-9.999211489230204,1.543354464618272,-18.890944125617814,5.8012661146827895,-20.571859362391585,-10.507411308659693,-8.438665146033179,-13.6269709727981,-1.452532489469994,-26.6364889836132,12.3330978124641,10.25307086707489,4.501652089407173,-6.433673469387737,14.375413022351783,-20.551020408163247,-8.1270330741959,-16.58321800311396,1,0.9
19,-8.40023951152734,-16.434006732677858,-13.991190827998924,30.65985401473224,-10.020111095805948,1.5096976696675428,-19.05275327031402,5.710386866845991,-20.923198509244656,-10.68386386869333,-8.441982966296472,-13.55936165257761,-1.4854292487820637,-26.571831957656222,12.262949155717287,10.189218127148271,4.460447035957244,-6.4209183673469274,14.31103012633622,-20.530612244897952,-8.40023951152734,-16.434006732677858,1,0.9500000000000001
20,-8.668119344543133,-16.286230156030197,-14.074731654165637,30.65534891397829,-10.040625220899207,1.4786282266341089,-19.212222049595358,5.619806501339325,-21.27017132709754,-10.862943730274415,-8.448931204628387,-13.492277212912317,-1.5190916335881992,-26.508007204695588,12.192949646794059,10.126621183754597,4.419241982507284,-6.408163265306133,14.246647230320658,-20.510204081632654,-8.668119344543133,-16.286230156030197,1,1.0
21,-8.931267551702039,-16.139907930709565,-14.155963733873861,30.650178190866953,-10.061148175013894,1.449689544003201,-19.369244624168992,5.52968310355675,-21.61261221750561,-11.044366127408525,-8.459358523420793,-13.425698610577067,-1.5535122783096584,-26.445006717980807,12.123097850841276,10.065267955702296,4.378036929057323,-6.395408163265299,14.182264334305152,-20.48979591836732,-8.931267551702039,-16.139907930709565,1,1.05
22,-9.190279111462843,-15.995059714254534,-14.235131393858664,30.644346480009137,-10.0820742686538,1.4224250302599275,-19.52371515474208,5.440174758892179,-21.950355582024198,-11.227846294101273,-8.47311358506553,-13.359606802346798,-1.5886838173677056,-26.382822490761402,12.053392333006055,10.00514636179982,4.336831875607386,-6.38265306122447,14.117881438289567,-20.469387755102026,-9.190279111462843,-15.995059714254534,1,1.1
23,-9.445749002284366,-15.851705164203667,-14.312478960855213,30.637858416015835,-10.103797812322853,1.3963780938895385,-19.67552780202179,5.3514395527395475,-22.283235822208635,-11.413099464358199,-8.490045051954478,-13.293982744996347,-1.624598885183576,-26.321446516286915,11.983831658435314,9.946244320855632,4.295626822157425,-6.369897959183671,14.053498542274065,-20.44897959183671,-9.445749002284366,-15.851705164203667,1,1.1500000000000001
24,-9.698272202625361,-15.709863938095536,-14.38825076159856,30.630718633497974,-10.126713116524854,1.3710921433771477,-19.824576726715296,5.263635570492764,-22.611087339614286,-11.599840872184942,-8.510001586479468,-13.228807395300702,-1.661250116178497,-26.26087078780684,11.914414392276122,9.888549751678154,4.25442176870748,-6.357142857142858,13.98911564625848,-20.428571428571434,-9.698272202625361,-15.709863938095536,1,1.2000000000000002
25,-9.948443690944668,-15.569555693468713,-14.462691122823843,30.622931767066543,-10.15121449176376,1.346110587208,-19.970756089529768,5.176920897545769,-22.933744535796464,-11.787785751587025,-8.532831851032437,-13.16406171003469,-1.6986301447738006,-26.201087298570688,11.845139099675412,9.832050573075852,4.213216715257527,-6.344387755102044,13.924732750242931,-20.408163265306133,-9.948443690944668,-15.569555693468713,1,1.25
26,-10.196858445701046,-15.43080008786176,-14.536044371266112,30.61450245133243,-10.177696248543313,1.3209768338672279,-20.11396005117237,5.091453619292476,-23.251041812310504,-11.976649336570114,-8.558384508005162,-13.099726645973243,-1.736731605390677,-26.142088041827996,11.776004345780212,9.776734703857137,4.1720116618075735,-6.331632653061216,13.860349854227373,-20.387755102040806,-10.196858445701046,-15.43080008786176,1,1.3
27,-10.444111445353307,-15.293616778813295,-14.608554833660515,30.60543532090662,-10.20655269736746,1.2952342918400286,-20.25408277235027,5.007391821126816,-23.562813570711782,-12.166146861139733,-8.586508219789515,-13.03578315989121,-1.7755471324503986,-26.083865010828234,11.7070086957375,9.722590062830495,4.130806608357629,-6.318877551020401,13.79596695821181,-20.3673469387755,-10.367785042682204,-14.494579424930814,1,1.35
28,-10.690797668360227,-15.158025423861838,-14.680466836742122,30.595735010400062,-10.238178148740058,1.268426369611593,-20.391018413770624,4.924893588442725,-23.868894212555627,-12.355993559301512,-8.617051648777394,-12.97221220856356,-1.8150693603742074,-26.02641019882099,11.638150714694316,9.669604568804347,4.089601554907668,-6.306122448979583,13.731584062196301,-20.34693877551019,-10.533210553783498,-13.588490001726381,1,1.4000000000000001
29,-10.937512093180635,-15.024045680546,-14.752024707246042,30.58540615442368,-10.272966913164932,1.2400964756670834,-20.52466113614061,4.844117006634097,-24.169118139397362,-12.545904665061013,-8.649863457360627,-12.90899474876512,-1.8552909235833612,-25.969715599055757,11.569428967797608,9.617766140587158,4.048396501457716,-6.2933673469387585,13.667201166180723,-20.326530612244877,-10.693134979004963,-12.71253181824845,1,1.4500000000000002
30,-11.184849698273283,-14.891697206404311,-14.823472771907408,30.574453387588484,-10.311313301145958,1.2097880184917156,-20.654905100167408,4.765220161094906,-24.46331975279236,-12.735595412423828,-8.684792307931101,-12.846111737270824,-1.896204456499117,-25.913773204782053,11.500842020194401,9.56706269698735,4.007191448007793,-6.280612244897964,13.60281827016521,-20.306122448979586,-10.847558318346543,-11.866704874497044,1,1.5
31,-11.433405462096996,-14.760999658975376,-14.895055357461304,30.562881344505353,-10.353611623187069,1.1770444065706183,-20.781644466558166,4.6883611372190295,-24.751333454295917,-12.924781035395533,-8.721686862880688,-12.783544130855592,-1.9378025935427627,-25.858575009249385,11.432388437031676,9.517482156813394,3.9659863945578255,-6.267857142857145,13.538435374149632,-20.285714285714267,-10.996480571808302,-11.051009170472144,1,1.55
32,-11.683774363110533,-14.631972695797748,-14.967016790642802,30.550694659785265,-10.400256189792033,1.1414090483890111,-20.904773396020058,4.613698020400421,-25.03299364546342,-13.113176767981729,-8.760395784601194,-12.721272886294273,-1.9800779691355024,-25.804113005707293,11.36406678345644,9.469012438873705,3.924781341107865,-6.255102040816312,13.474052478134093,-20.265306122448962,-11.139901739390197,-10.265444706173746,1,1.6
33,-11.936551379772716,-14.504635974410027,-15.03960139818704,30.537897968039186,-10.451641311464748,1.102425352432072,-21.02418604926025,4.541388896032977,-25.308134727850163,-13.300497844188017,-8.80076773548453,-12.659278960361798,-2.023023217698594,-25.750379187405276,11.295875624615714,9.421641461976744,3.883576287657912,-6.242346938775498,13.409669582118541,-20.244897959183664,-11.277821821092225,-9.510011481601891,1,1.6500000000000001
34,-12.192331490542355,-14.37900915235076,-15.113053506829088,30.52449590387802,-10.508161298709075,1.0596367271849576,-21.139776586985914,4.471591849510669,-25.576591103011527,-13.486459498019958,-8.842651377922508,-12.597543309833023,-2.066630973653332,-25.697365547592877,11.227813525656437,9.375357144930986,3.842371234207967,-6.229591836734694,13.345286686102988,-20.224489795918362,-11.410240816914406,-8.784709496756518,1,1.7000000000000002
35,-12.451709673878208,-14.255111887158519,-15.187617443304072,30.510493101912758,-10.570210462028914,1.0125865811328694,-21.251439169904202,4.4044649662273585,-25.83819717250284,-13.670776963483164,-8.885895374307042,-12.536046891482906,-2.110893871420907,-25.645064079519596,11.159879051725664,9.330147406544823,3.801166180758006,-6.21683673469387,13.280903790087468,-20.20408163265303,-11.537158726856752,-8.089538751637683,1,1.75
36,-12.715280908239087,-14.132963836371873,-15.263537534347112,30.495894196754346,-10.63818311192808,0.9608183227609987,-21.35906795872231,4.340166331577042,-26.092787337879436,-13.853165474583202,-8.930348387029952,-12.474770662086275,-2.1558045454226127,-25.593466776434937,11.09207076797039,9.28600016562673,3.7599611273080615,-6.204081632653056,13.216520894071898,-20.183673469387738,-11.658575550919217,-7.424499246245334,1,1.8
37,-12.98364017208377,-14.012584657529432,-15.341058106693263,30.480703823013712,-10.712473558910457,0.9038753605545031,-21.462557114147366,4.278854030953588,-26.340196000696665,-14.033340265325661,-8.975859078483122,-12.413695578418093,-2.2013556300797075,-25.542565631588452,11.024387239537557,9.24290334098515,3.7187560738580934,-6.191326530612251,13.15213799805635,-20.16326530612245,-11.774491289101842,-6.789590980579535,1,1.85
38,-13.25738244387106,-13.893994008169724,-15.42042348707762,30.46492661530181,-10.79347611347994,0.8413011029985594,-21.56180079688657,4.220686149750942,-26.58025756250986,-14.211016569716152,-9.0222761110584,-12.352802597253236,-2.2475397598134403,-25.492352638229637,10.95682703157421,9.200844851428512,3.6775510204081634,-6.178571428571427,13.087755102040784,-20.142857142857117,-11.884905941404622,-6.184813954640223,1,1.9000000000000001
39,-13.537102702059777,-13.777211545831351,-15.501878002235372,30.44856720822958,-10.881585086140326,0.7726389585783784,-21.656693167647074,4.1658207733630315,-26.81280642487437,-14.385909621760238,-9.069448147147668,-12.292072675366573,-2.294349569045055,-25.442819789608006,10.889388709227333,9.1598126157653,3.6363459669582103,-6.165816326530594,13.023372206025236,-20.122448979591823,-11.989819507827534,-5.610168168427441,1,1.9500000000000002
40,-13.82339592510867,-13.66225692805286,-15.585665978901524,30.43163023640804,-10.9771947873955,0.6974323357791272,-21.747128387136073,4.1144159871838015,-27.037676989345535,-14.557734655463516,-9.117223849142771,-12.23148676953302,-2.3417776921957922,-25.393959078973126,10.822070837643931,9.119794552803917,3.5951409135082577,-6.1530612244898,12.958989310009727,-20.10204081632652,-12.0892319883706,-5.065653621941141,1,2.0
41,-14.116857091476556,-13.54914981237284,-15.672031743811216,30.41412033444804,-11.08069952774937,0.6152246430859634,-21.833000616060687,4.0666298766071325,-27.254703657478693,-14.72620690483157,-9.165451879435546,-12.17102583652747,-2.389816763686948,-25.345762499574445,10.754871981970993,9.080778581352838,3.5539358600582975,-6.140306122448976,12.894606413994154,-20.081632653061224,-12.183143383033801,-4.55127031518139,1,2.0500000000000003
42,-14.418081179622225,-13.43790985632989,-15.761219623699557,30.3960421369606,-11.192493617705754,0.5255592889841025,-21.914204015128114,4.022620527026969,-27.46372083082918,-14.891041603869988,-9.213980900417903,-12.110670833124837,-2.4384594179397565,-25.29822204466153,10.687790707355514,9.042752620220503,3.5127308066083516,-6.127551020408152,12.830223517978613,-20.06122448979591,-12.271553691817163,-4.067018248148135,1,2.1
43,-14.72766316800448,-13.32855671746251,-15.853473945301626,30.377400278556607,-11.312971367768554,0.42797968195871194,-21.990632745045524,3.9825460238372465,-27.66456291095234,-15.05195398658436,-9.26265957448166,-12.050402716100004,-2.4876982893754302,-25.251329707483883,10.62082557894449,9.005704588215345,3.471525753158422,-6.114795918367343,12.765840621963065,-20.040816326530614,-12.354462914720667,-3.612897420841401,1,2.15
44,-15.046198035082083,-13.221110053309317,-15.949039035352541,30.358199393847077,-11.44252708844159,0.32202923049496346,-22.062180966520064,3.9465644524318844,-27.857064299403504,-15.20865928698026,-9.311336564018703,-11.990202442227874,-2.537526012415287,-25.205077481291013,10.553975161884932,8.969622404145817,3.4303206997084534,-6.102040816326534,12.701457725947503,-20.020408163265305,-12.43187105174432,-3.1889078332611818,1,2.2
45,-15.374280759313885,-13.115589521408886,-16.048159220587443,30.338444117442933,-11.581555090228747,0.20725134307804863,-22.128742840258926,3.9148338982048037,-28.041059397738056,-15.360872739063309,-9.359860531420878,-11.930050968283313,-2.587935221480516,-25.15945735933248,10.487238021323844,8.93449398682036,3.3891156462584937,-6.089285714285715,12.637074829931976,-20.0,-12.503778102888102,-2.7950494854074837,1,2.25
46,-15.712506319158651,-13.012014779299792,-16.15107882774133,30.318139083955078,-11.730449683633896,0.08318942819314429,-22.190212526969262,3.887512446549946,-28.21638260751128,-15.508309576839041,-9.408080139080063,-11.869929251041265,-2.638918550992458,-25.114461334857765,10.420612722408187,8.900307255047434,3.347910592808556,-6.076530612244912,12.572691933916428,-19.979591836734684,-12.570184068152056,-2.431322377280267,1,2.3000000000000003
47,-16.061469693075136,-12.910405484520593,-16.25804218354937,30.297288927994543,-11.889605179160888,-0.050613105674567865,-22.246484187358238,3.8647581828612037,-28.382868330278548,-15.650685034313092,-9.455844049388089,-11.809818247276622,-2.690468635372264,-25.070081401116386,10.354097830285017,8.867050127635451,3.306705539358588,-6.063775510204082,12.508309037900872,-19.959183673469386,-12.631088947536153,-2.0977265088795947,1,2.35
48,-16.421765859522186,-12.810781294609857,-16.369293614746695,30.27589828417223,-12.059415887313595,-0.19461285003988193,-22.29745198213303,3.8467291925325178,-28.540350967595202,-15.787714345491032,-9.503000924736856,-11.749698913764252,-2.742578109041268,-25.02630955135787,10.287691910101248,8.834710523392907,3.2655004859086354,-6.051020408163264,12.443926141885301,-19.938775510204085,-12.686492741040368,-1.794261880205419,1,2.4000000000000004
49,-16.79398979695857,-12.713161867106182,-16.48507744806835,30.25397178709907,-12.240276118595876,-0.34926639641766455,-22.343010072000798,3.8335835609578357,-28.688664921016567,-15.919112744378456,-9.549399427518212,-11.689552207279073,-2.7952396064206737,-24.983137778831743,10.221393527003954,8.80327636112821,3.224295432458705,-6.0382653061224545,12.37954324586976,-19.918367346938766,-12.736395448664759,-1.5209284912577585,1,2.45
50,-17.178736483843096,-12.617566859548106,-16.605638010249464,30.231514071386066,-12.43258018351158,-0.5150303363227099,-22.383052617668707,3.82547937353104,-28.827644592098014,-16.04459546498093,-9.594888220123973,-11.629359084595968,-2.848445761931784,-24.940558076787525,10.155201246140088,8.772735559649819,3.1830903790087524,-6.025510204081626,12.315160349854242,-19.89795918367347,-12.780797070409292,-1.2777263420366187,1,2.5
51,-17.576600898634545,-12.524015929474258,-16.73121962802511,30.20852977164412,-12.636722392564604,-0.6923612612698409,-22.417473779843935,3.822574715646086,-28.957124382394834,-16.163877741304056,-9.639315964946064,-11.569100502489842,-2.9021892099957807,-24.89856243847473,10.08911363265667,8.743076037766173,3.141885325558807,-6.012755102040831,12.25077745383868,-19.877551020408166,-12.81969760627397,-1.0646554325419848,1,2.5500000000000003
52,-17.98817801979171,-12.432528734423137,-16.862066628130417,30.185023522484205,-12.853097056258802,-0.8817157627738568,-22.44616771923366,3.8250276726968964,-29.076938693462406,-16.276674807353444,-9.682531324376312,-11.508757417735625,-2.9564625850340196,-24.85714285714285,10.023129251700691,8.714285714285715,3.1006802721088462,-6.0000000000000036,12.18639455782313,-19.857142857142858,-12.853097056258802,-0.8817157627738568,1,2.6
53,-18.41296097717341,-12.343124931933339,-16.998133640526234,30.161080879634735,-13.080939817431322,-1.0821314940283355,-22.468815795816116,3.8323663280495435,-29.186989537493066,-16.382694631421767,-9.724540652189873,-11.448300383125572,-3.011258521467629,-24.81629132604145,9.957246668419135,8.686352508016903,3.0594752186588785,-5.9872448979591795,12.122011661807573,-19.83673469387753,-13.080939817431322,-1.0821314940283355,1,2.6500000000000004
54,-18.846035506238408,-12.255824179543476,-17.13821650807632,30.137111083293853,-13.314851648252533,-1.2869703549417748,-22.484248166653952,3.8415987569586836,-29.28744936922715,-16.481616118950402,-9.765981067694987,-11.387658335521742,-3.0665696537179503,-24.775999838420024,9.89146444795903,8.65926433776817,3.018270165208948,-5.974489795918379,12.057628765792057,-19.816326530612237,-13.314851648252533,-1.2869703549417748,1,2.7
55,-19.281385493845548,-12.170646134792067,-17.28082137687028,30.113604294777257,-13.54827485322612,-1.4881753071013313,-22.491082188080888,3.8491030326511715,-29.378558254041955,-16.573110909667726,-9.807647381583205,-11.326749807803594,-3.1223886162062557,-24.736260387528098,9.825781155467338,8.633009122347984,2.9770651117590106,-5.961734693877556,11.993245869776493,-19.79591836734694,-13.54827485322612,-1.4881753071013313,1,2.75
56,-19.712994826853603,-12.087610455217721,-17.4244543929976,30.091050675400577,-13.77465173685575,-1.677689312094262,-22.487935216430678,3.851257228353823,-29.460556257314856,-16.656850643302256,-9.850334404546093,-11.265493332850566,-3.178708043353719,-24.697064966615187,9.7601953560911,8.607574780564759,2.935860058309043,-5.9489795918367365,11.928862973760943,-19.775510204081627,-13.77465173685575,-1.677689312094262,1,2.8000000000000003
57,-20.134847392121415,-12.00673679835899,-17.567621702547846,30.069940386479445,-13.987424603645074,-1.8474553315077715,-22.47342460803702,3.8444394172934544,-29.533683444423176,-16.732506959582416,-9.894836947275161,-11.203807443542116,-3.2355205695816514,-24.658405568930814,9.694705614977263,8.582949231226955,2.8946550048591204,-5.936224489795923,11.864480077745387,-19.755102040816336,-13.987424603645074,-1.8474553315077715,1,2.85
58,-20.540927076507696,-11.928044821754463,-17.708829451610544,30.05076358932949,-14.180035758097777,-1.9894163269290888,-22.44616771923366,3.8250276726968964,-29.598179880744233,-16.79975149823666,-9.94194982046196,-11.141610672757691,-3.2928188293112868,-24.620274187724466,9.629310497272872,8.559120393143026,2.8534499514091376,-5.923469387755109,11.800097181729832,-19.734693877551017,-14.180035758097777,-1.9894163269290888,1,2.9000000000000004
59,-20.92641944431041,-11.85153303799557,-17.846946138625846,30.033836098526113,-14.347357785975918,-2.0971469711270743,-22.405259491274112,3.7902989768191198,-29.654309789991846,-16.858373063804375,-9.99234248511647,-11.078837501583768,-3.3505954569638523,-24.582662816245726,9.56400856812489,8.536076185121408,2.8122448979592223,-5.910714285714295,11.735714285714321,-19.71428571428572,-14.896827447216314,-1.5217823940165465,1,2.95
60,-21.291316769583496,-11.777115379885304,-17.982289671436497,30.018776341683104,-14.489984398075569,-2.170748781597279,-22.351705205091008,3.741125948027732,-29.702434029225802,-16.908629120068777,-10.046183003522312,-11.015486203934826,-3.4088430869606516,-24.545563447744076,9.4987983926803,8.513804525970528,2.7710398445092466,-5.897959183673486,11.671331389698743,-19.693877551020403,-15.575750896155006,-1.0788536500126034,1,3.0
61,-21.63681300382003,-11.70468463527945,-18.115540310235794,30.005028399674064,-14.609939586451059,-2.211954987016916,-22.28698772653678,3.679280113718507,-29.742937613842372,-16.950894295624032,-10.103514088281642,-10.951571001932411,-3.467554353722949,-24.508968075468974,9.433678536086145,8.492293334498893,2.729834791059279,-5.885204081632653,11.606948493683188,-19.673469387755098,-16.216806104913843,-0.6606300949172595,1,3.0500000000000003
62,-21.964102098513077,-11.634133592033852,-18.247378315217077,29.99203635337258,-14.709247343156854,-2.222498816063164,-22.212589921463863,3.6065330012871577,-29.776205559237845,-16.985543219064194,-10.16437845199647,-10.887106117698002,-3.5267218916718885,-24.4728686926701,9.368647563489438,8.471530529514865,2.6886297376093564,-5.8724489795918435,11.542565597667668,-19.653061224489818,-16.819993073492864,-0.26711172873047134,1,3.1
63,-22.27437800515566,-11.565355038004386,-18.378483946573635,29.97924428365215,-14.789931660247351,-2.2041134974132652,-22.12999465572467,3.5246561381294663,-29.802622880808467,-17.012950518983516,-10.228818807268883,-10.822105773353158,-3.5863383352288327,-24.437257292596822,9.30370404003709,8.451504029826946,2.647424684159396,-5.859693877551025,11.478182701652099,-19.632653061224495,-17.38531180189201,0.1017014485477128,1,3.1500000000000004
64,-22.568834675240897,-11.498241761046865,-18.50953746449885,29.96609627138637,-14.854016529776954,-2.1585322597444354,-22.040684795171636,3.4354210516411663,-29.822574593950524,-17.033490823976074,-10.29687786670099,-10.756584191019359,-3.6463963188150106,-24.4021258684987,9.238846530876168,8.432201754243582,2.6062196307094583,-5.846938775510215,11.413799805636565,-19.612244897959194,-17.912762290111328,0.44580943691730257,1,3.2
65,-22.848666060261777,-11.432686549017122,-18.641219129186016,29.952036397448815,-14.903525943800092,-2.087488331733845,-21.946143205657147,3.340599269218016,-29.836445714060268,-17.04753876263607,-10.368598342894849,-10.690555592818164,-3.70688847685167,-24.367466413625277,9.17407360115365,8.413611621573182,2.5650145772594755,-5.8341836734694015,11.34941690962101,-19.59183673469389,-18.40234453815079,0.7652122363783076,1,3.25
66,-23.1150661117114,-11.368582189771029,-18.77420920082847,29.936508742713002,-14.94048389437119,-1.9927149420587205,-21.847852753033663,3.2419623182557875,-29.844621256534012,-17.05546896355759,-10.444022948452545,-10.624034200871039,-3.767807443760054,-24.33327092122603,9.109383816016532,8.39572155062423,2.523809523809552,-5.8214285714285685,11.28503401360546,-19.571428571428577,-18.8540585460104,1.0599098469307424,1,3.3000000000000003
67,-23.36922878108281,-11.30582147116433,-18.909187939619517,29.918957388052522,-14.966914373544643,-1.8759453193962843,-21.747296303153618,3.1412817261502335,-29.84748623676799,-17.057656055334807,-10.523194395976176,-10.557034237299511,-3.8291458539614207,-24.299531384550523,9.044775740611811,8.378519460205126,2.4826044703595924,-5.808673469387768,11.220651117589895,-19.551020408163268,-19.267904313690174,1.3299022685745685,1,3.35
68,-23.612348019869053,-11.244297181052968,-19.046835605752534,29.89882641434092,-14.98484137337491,-1.7389126924237148,-21.645956721869414,3.0403290202970776,-29.845425670158477,-17.054474666561855,-10.606155398067774,-10.48956992422516,-3.8908963418770486,-24.266239796848268,8.980247940086503,8.361993269124362,2.441399416909647,-5.795918367346945,11.15626822157437,-19.530612244897974,-19.64388184119008,1.575189501309829,1,3.4000000000000004
69,-23.8456177795632,-11.183902107292694,-19.18783245942079,29.875559902451734,-14.996288885916359,-1.5833502898182295,-21.54531687503348,2.9408757280920783,-29.838824572101768,-17.046299425832938,-10.692948667329492,-10.421655483769413,-3.9530515419281134,-24.233388151368768,8.915798979587588,8.346130896190369,2.400194363459679,-5.783163265306126,11.09188532555883,-19.510204081632665,-19.981991128510142,1.7957715451365046,1,3.45
70,-24.07023201165832,-11.1245290377394,-19.332858760817643,29.848601933258564,-15.003280903223413,-1.41099134025707,-21.446859628498252,2.844693376931017,-29.82806795799411,-17.0335049617421,-10.783616916363336,-10.353305138053832,-4.015604088535985,-24.20096844136155,8.851427424262063,8.330920260211597,2.3589893100097417,-5.770408163265302,11.027502429543265,-19.489795918367346,-20.28223217565038,1.9916484000545767,1,3.5
71,-24.287384667647434,-11.066070760248866,-19.482594770136405,29.817396587634946,-15.007841417350516,-1.2235690724173862,-21.35206784811614,2.7535534942096316,-29.813540843231788,-17.016465902883564,-10.878202857771406,-10.284533109199943,-4.078546616121838,-24.16897266007612,8.787131839256876,8.316349279996466,2.317784256559796,-5.757653061224508,10.96311953352771,-19.469387755102044,-20.54460498261076,2.1628200660640635,1,3.5500000000000003
72,-24.498269699023624,-11.008420062677025,-19.637720747570434,29.78138794645444,-15.011994420352078,-1.022816714976429,-21.262424399739587,2.6692276073236663,-29.795628243211073,-16.99555687785143,-10.97674920415586,-10.215353619329239,-4.141871759106945,-24.137392800761976,8.722910789719162,8.302405874353449,2.2765792031098204,-5.744897959183689,10.898736637512183,-19.448979591836732,-20.769109549391274,2.3092865431649803,1,3.6
73,-24.704081057279936,-10.951469732879616,-19.798916953313018,29.7400200905906,-15.017763904282502,-0.8104674966113818,-21.179412149220994,2.5934872436688785,-29.774715173328214,-16.971152515239872,-11.079298668118643,-10.145780890563252,-4.2055721519125555,-24.106220856668706,8.658762840795774,8.289077962090985,2.2353741496598754,-5.732142857142865,10.834353741496628,-19.428571428571427,-20.95574587599195,2.4310478313572785,1,3.6500000000000004
74,-24.906012693909414,-10.89511255871252,-19.9668636475575,29.692737100916997,-15.027173861196198,-0.5882546459994916,-21.10451396241279,2.5281039306410213,-29.751186648979523,-16.94362744364305,-11.185893962261936,-10.075829145023498,-4.269640428959928,-24.07544882104578,8.59468655763379,8.276353462017504,2.1941690962099223,-5.719387755102051,10.769970845481058,-19.408163265306115,-21.10451396241279,2.5281039306410213,1,3.7
75,-25.105078789990657,-10.83923890801174,-20.142131315918185,29.63916774029423,-15.041793250878143,-0.357716286044662,-21.038937925457724,2.474468037872737,-29.725463741778764,-16.913296655144226,-11.296571039186961,-10.005514375952268,-4.334069803313458,-24.04506931615662,8.530680618102878,8.264221242045245,2.1529640427599923,-5.706632653061238,10.705587949465524,-19.38775510204081,-20.701610187623626,2.7624791826199764,1,3.75
76,-25.30157444494422,-10.783729468534219,-20.324851345693276,29.57967949953122,-15.061370904035353,-0.1196101165579941,-20.982793005659744,2.432445303944022,-29.698111748209847,-16.880236595783348,-11.411338811491577,-9.93485966107505,-4.398855802610157,-24.015077480320134,8.466744150963482,8.252673966501625,2.111758989310002,-5.693877551020414,10.641205053449951,-19.367346938775505,-20.312772878787214,2.9886717574724755,1,3.8000000000000003
77,-25.495614987776214,-10.72846250801699,-20.51504534960194,29.514824551423867,-15.085200619105466,0.1255012684227873,-20.935913390613116,2.401520309671836,-29.669732020974166,-16.844464075089544,-11.53019943177286,-9.863889849238124,-4.4639945331300925,-23.98546908086917,8.402876397698755,8.24170524881778,2.0705539358600866,-5.681122448979581,10.576822157434396,-19.34693877551019,-19.93800203590352,3.206681655198513,1,3.85
78,-25.687315747492743,-10.673316294197113,-20.712734940363408,29.445155068768177,-15.112576194526055,0.37705527485987517,-20.898133267912115,2.3811776358730743,-29.6409259127732,-16.805995902591857,-11.653155052627909,-9.792629789287714,-4.529482101153482,-23.956239885136522,8.33907659979184,8.231308702424915,2.0293488824101416,-5.668367346938781,10.512439261418862,-19.326530612244895,-19.57729765897258,3.416508875798113,1,3.9000000000000004
79,-25.8767920530999,-10.618169094811725,-20.9179417306968,29.37122322436004,-15.14279142873469,0.6344893087154722,-20.869286825151008,2.3709018633646477,-29.61229477630831,-16.764848887819443,-11.780207826653745,-9.721104330070094,-4.595314612960376,-23.927385660455005,8.275343998725823,8.221477940754179,1.9881438289601434,-5.655612244897963,10.4480563654033,-19.30612244897958,-19.230659747994384,3.6181534192712714,1,3.95
80,-26.064159233603785,-10.562899177597863,-21.13068733332133,29.293581190995454,-15.175140120169015,0.8972407759518052,-20.84920824992405,2.3701775729634673,-29.584439964280957,-16.721039840301348,-11.91135990644742,-9.649338320431557,-4.661488174830929,-23.898902174157485,8.211677835983973,8.212206577236753,1.9469387755102208,-5.642857142857153,10.383673469387789,-19.28571428571429,-18.898088302968915,3.811615285618002,1,4.0
81,-26.24953261801048,-10.507384810292626,-21.35099336095619,29.21278114147035,-15.208916067266571,1.164747082531096,-20.837731729825517,2.3784893454864724,-29.55796282939254,-16.674585569566684,-12.046613444605988,-9.577356609218365,-4.727998893045287,-23.87078519357672,8.148077353049302,8.203488225303818,1.9057337220602604,-5.630102040816334,10.31929057337221,-19.265306122448983,-18.579583323896195,3.996894474838257,1,4.05
82,-26.433027535326108,-10.451504260633085,-21.57888142632053,29.129375248580658,-15.243413068464983,1.436445634415562,-20.834691452449672,2.3953217617505445,-29.533464724344494,-16.625502885144556,-12.18597059372656,-9.50518404527673,-4.79484287388361,-23.843030486045564,8.08454179140504,8.195316498386576,1.8645286686102926,-5.617346938775525,10.254907677356648,-19.24489795918367,-18.275144810776187,4.173990986932075,1,4.1000000000000005
83,-26.614759314556746,-10.395135796356321,-21.814373142133558,29.04391568512235,-15.277924922201812,1.7117738375673963,-20.839921605390796,2.4201594025726134,-29.511547001838228,-16.57380859656403,-12.329433506406133,-9.432845477452927,-4.862016223625972,-23.8156338188968,8.02107039253428,8.187685009916148,1.823323615160355,-5.604591836734696,10.190524781341121,-19.224489795918362,-17.98477276360895,4.3429048218994355,1,4.15
84,-26.794843284708506,-10.338157685199407,-22.057490121114466,28.956954623891367,-15.311745426914678,1.9901690979488205,-20.853256376243156,2.45248684876959,-29.492811014575185,-16.519519513354236,-12.477004335241823,-9.360365754593264,-4.929515048552508,-23.788590959463313,7.957662397920193,8.18058737332374,1.7821185617104172,-5.591836734693878,10.126141885325566,-19.204081632653057,-17.708467182394433,4.503635979740374,1,4.2
85,-26.973394774787472,-10.280448194899451,-22.3082539759824,28.869044237683653,-15.344168381041163,2.2710688215220567,-20.87452995260099,2.4917886811583845,-29.477858115256762,-16.462652445044263,-12.628685232830637,-9.287769725543974,-4.997335454943407,-23.761897675077833,7.894317049045886,8.174017202040528,1.7409135082604494,-5.579081632653064,10.06175898931001,-19.183673469387738,-17.446228067132658,4.6561844604548375,1,4.25
86,-27.150529113799738,-10.221885593193512,-22.566686319456558,28.78073669929516,-15.374487583018844,2.5539104142493128,-20.903576522058597,2.537549480555898,-29.467289656584374,-16.403224201163212,-12.784478351769659,-9.215082239151329,-5.065473549078721,-23.735549733073274,7.831033587394554,8.167968109497686,1.6997084548105115,-5.566326530612255,9.99737609329447,-19.16326530612244,-17.19805541782362,4.800550264042868,1,4.3
87,-27.326361630751418,-10.162348147818651,-22.832808764256136,28.692584181521838,-15.401996831285341,2.83813128209281,-20.940230272210233,2.5892538277790753,-29.461706991259472,-16.341251591240166,-12.94438584465593,-9.14232814426158,-5.133925437238645,-23.709542900782363,7.76781125444928,8.162433709126383,1.6585034013605586,-5.553571428571446,9.932993197278904,-19.142857142857142,-16.963949234467325,4.936733390504451,1,4.3500000000000005
88,-27.50100765464862,-10.101714126512,-23.10664292310029,28.60513885715965,-15.425989924278229,3.123168831014761,-20.984325390650145,2.6463863036448023,-29.461711471983456,-16.27675142480422,-13.10840986408654,-9.069532289721018,-5.2026872257032615,-23.68387294553797,7.7046492916932445,8.15740761435779,1.6172983479106136,-5.540816326530622,9.868610301263349,-19.12244897959182,-16.743909517063763,5.064733839839588,1,4.4
89,-27.674582514497413,-10.039861797010577,-23.388210408708222,28.518952899004525,-15.445760660435093,3.4084604669773744,-21.035696064972658,2.708431488969999,-29.46790445145775,-16.20974051138446,-13.276552562658543,-8.99671952437586,-5.271755020752734,-23.658535634672905,7.641546940609586,8.152883438623096,1.5760932944606307,-5.528061224489803,9.804227405247815,-19.102040816326525,-16.537936265612952,5.184551612048273,1,4.45
90,-27.847201539303907,-9.976669427051513,-23.67753283379911,28.4345784798524,-15.460602838193545,3.6934435959428797,-21.094176482771974,2.7748739645715816,-29.480887282383797,-16.140235660510015,-13.448816092968974,-8.923914697072401,-5.3411249286671865,-23.633526735519983,7.578503442681451,8.148854795353474,1.5348882410107003,-5.515306122448984,9.739844509232253,-19.081632653061217,-16.346029480114883,5.296186707130512,1,4.5
91,-28.018980058074188,-9.912015284371874,-23.974631811092127,28.352567772499256,-15.469810255991149,3.9775556238734717,-21.15960083164239,2.8451983112664703,-29.501261317462966,-16.06825368170996,-13.625202607614904,-8.851142656656917,-5.410793055726735,-23.608842015411998,7.515518039391971,8.145315297980067,1.4936831875607401,-5.50255102040817,9.675461613216733,-19.061224489795897,-16.16818916056954,5.399639125086293,1,4.55
92,-28.19003339981437,-9.845777636708714,-24.279528953306478,28.27347294974103,-15.472676712265523,4.2602339567313665,-21.231803299178203,2.918889109871565,-29.529627909396755,-15.99381138451338,-13.80571425919339,-8.778428251975626,-5.48075550821154,-23.58447724168184,7.452589972224287,8.142258559934106,1.4524781341108022,-5.489795918367346,9.611078717201163,-19.0408163265306,-16.004415306976927,5.494908865915657,1,4.6000000000000005
93,-28.360476893530542,-9.777834751799151,-24.59224587316131,28.197846184373663,-15.468496005454252,4.540916000478797,-21.310618072973625,2.995430941203767,-29.566588410886506,-15.916925578449378,-13.99035320030148,-8.70579633187482,-5.551008392401712,-23.560428181662207,7.389718482661536,8.139678194646727,1.4112730806608194,-5.477040816326518,9.546695821185608,-19.020408163265266,-15.854707919337073,5.581995929618555,1,4.65
94,-28.530425868228832,-9.708064897380225,-24.912804183375847,28.126239649193124,-15.456561933994918,4.8190391610779875,-21.395879340622955,3.074308386080046,-29.61274417463369,-15.837613073047052,-14.179121583536254,-8.633271745200766,-5.621547814577366,-23.53669060268602,7.3269028121868836,8.137567815549113,1.3700680272108816,-5.464285714285709,9.482312925170042,-18.999999999999975,-15.71906699764994,5.660900316195006,1,4.7
95,-28.699995652915266,-9.63634634118906,-25.24122549666923,28.059205516995334,-15.436168296325118,5.0940408444910945,-21.487421289720448,3.1550060253172294,-29.668696553339707,-15.755890677835536,-14.372021561494742,-8.560879340799731,-5.692369881018665,-23.51326027208609,7.264142202283458,8.135921036072455,1.328862973760959,-5.451530612244924,9.417930029154519,-18.979591836734684,-15.597492541915562,5.731622025645,1,4.75
96,-28.869301576595998,-9.562557350962702,-25.577531425760665,27.99729596057624,-15.406608890882444,5.365358456680379,-21.58507810786037,3.2370084397323047,-29.735046899705992,-15.67177520234386,-14.569055286774054,-8.488643967517973,-5.763470698005723,-23.4901329571952,7.201435894434386,8.134731469647889,1.2876579203109761,-5.4387755102040805,9.353547133138946,-18.959183673469376,-15.489984552133917,5.794161057968572,1,4.800000000000001
97,-29.038458968277133,-9.486576194438236,-25.92174358336933,27.941063152731807,-15.367177516104483,5.63242940360809,-21.68868398263699,3.319800210142154,-29.812396566433957,-15.585283456101147,-14.7702249119712,-8.416590474201723,-5.83484637181869,-23.46730442534617,7.138783130122828,8.133992729706629,1.246452866861023,-5.426020408163267,9.289164237123412,-18.93877551020409,-15.396543028305002,5.848517413165687,1,4.8500000000000005
98,-29.207583156964738,-9.408281139352761,-26.273883582214395,27.891059266258,-15.317167970428839,5.8946910912363455,-21.798073101644604,3.402865917363689,-29.901346906225026,-15.496432248636516,-14.975532589683247,-8.344743709697298,-5.906493008737639,-23.44477044387184,7.076183150831949,8.13369842967983,1.2052478134110856,-5.4132653061224625,9.224781341107864,-18.918367346938748,-15.317167970428839,5.8946910912363455,1,4.9
99,-29.37682802044472,-9.327521294265306,-26.633904914678453,27.84764590463986,-15.256149576497563,6.1516924718009145,-21.913106572248942,3.4858325682538243,-30.00226943711099,-15.405260781995196,-15.185005416473468,-8.27312198752967,-5.978405452839433,-23.422525408027223,7.013634952161091,8.133840112703766,1.1640427599611403,-5.4005102040816295,9.160398445092332,-18.897959183673475,-16.37595743027438,6.630668855175991,1,4.95
100,-29.546501631622203,-9.244029131022764,-27.001488591797724,27.810422394119016,-15.184793753770577,6.403428682631297,-22.033753180901726,3.5688968738295372,-30.11461633844509,-15.31189782828723,-15.398770264769858,-8.201717479938853,-6.0505734993876015,-23.400558224756118,6.951136546174571,8.134401040735138,1.1228377065111723,-5.387755102040824,9.096015549076775,-18.87755102040814,-17.416613257568677,7.352080385352903,1,5.0
101,-29.71695061218211,-9.157507962293941,-27.376247504271767,27.77879749162612,-15.104047445912244,6.650006407330562,-22.16000863382622,3.6523979711477277,-30.237609954910972,-15.216494552138778,-15.61697895096658,-8.13051582384363,-6.122985681442296,-23.378856428924596,6.888685699052981,8.135362405435691,1.0816326530612423,-5.3749999999999964,9.031632653061212,-18.857142857142847,-18.439135452311756,8.058925681767098,1,5.050000000000001
102,-29.888521583809364,-9.067661100747722,-27.757794542800184,27.752179954091975,-15.01485759658694,6.891532329501718,-22.291868637245628,3.736674997265387,-30.37047263119225,-15.119202118175993,-15.839783291457845,-8.059502656162692,-6.195630532063751,-23.3574075553987,6.826280176976863,8.1367053984672,1.0404275996112893,-5.362244897959206,8.967249757045671,-18.83673469387755,-19.443524014503566,8.751204744418564,1,5.1000000000000005
103,-30.06156116818891,-8.974191859052906,-28.145742598082602,27.729978538447234,-14.918171149459093,7.1281131327478,-22.42932889738321,3.822067089239454,-30.512426711972555,-15.02017169102509,-16.067335102637898,-7.9886636138148575,-6.268496584312148,-23.336199139044467,6.763917746126729,8.138411211491446,0.999222546161314,-5.349489795918359,8.902866861030116,-18.81632653061224,-20.429778944144168,9.428917573307304,1,5.15
104,-30.236415987005625,-8.87680354987843,-28.539704560818585,27.711602001622687,-14.814935048193036,7.359855500671799,-22.572385120462123,3.9089133841268575,-30.66269454193551,-14.919554435312238,-16.299786200900858,-7.917984333718853,-6.341572371247674,-23.31521871472792,6.701596172683218,8.140461036170203,0.9580174927113762,-5.336734693877549,8.838483965014582,-18.795918367346935,-21.39790024123352,10.09206416843332,1,5.2
105,-30.413432661944473,-8.775199485893026,-28.939293321707748,27.696459100548946,-14.706096236453186,7.586866116876787,-22.721033012705647,3.997553018984561,-30.820498465764736,-14.817501515663553,-16.53728840264097,-7.8474504527934235,-6.414846425930541,-23.294453817315116,6.639313222826843,8.142836064165245,0.9168124392614083,-5.32397959183675,8.77410106899902,-18.775510204081613,-22.34788790577164,10.740644529796624,1,5.25
106,-30.592957814690344,-8.669082979765586,-29.34412177144967,27.683958592156788,-14.592601657903893,7.809251664965784,-22.875268280336996,4.088325130869526,-30.985060828143858,-14.714164096705316,-16.779993524252383,-7.7770476079573605,-6.488307281420955,-23.273891981672076,6.577066662738192,8.145517487138331,0.8756073858114556,-5.311224489795916,8.709718172983493,-18.75510204081632,-23.279741937758516,11.374658657397184,1,5.300000000000001
107,-30.775338066928192,-8.558157344164954,-29.753802800743966,27.67350923337696,-14.475398256209559,8.02711882854178,-23.0350866295794,4.181568856838692,-31.155603973756502,-14.60969334306362,-17.028053382129336,-7.706761436129374,-6.561943470779086,-23.253520742664822,6.514854258597758,8.148486496751257,0.8344023323615253,-5.298469387755103,8.645335276967929,-18.73469387755101,-24.193462337194152,11.99410655123504,1,5.3500000000000005
108,-30.96092004034295,-8.442125891759966,-30.16794930029025,27.66451978114014,-14.355432975034551,8.240574291207832,-23.200483766656095,4.277623333949007,-31.33135024728629,-14.504240419364695,-17.281619792666014,-7.636577574228214,-6.635743527065163,-23.23332763515944,6.452673776586179,8.151724284665779,0.7931972789115651,-5.285714285714279,8.58095238095239,-18.71428571428572,-25.089049104078555,12.598988211310152,1,5.4
109,-31.150050356619477,-8.320691935219479,-30.586174160788076,27.656398992377063,-14.233652758043258,8.449724736566958,-23.37145539779028,4.376827699257425,-31.511521993416867,-14.397956490234664,-17.54084457225658,-7.566481659172667,-6.709695983339358,-23.21330019402193,6.390522982883946,8.15521204254366,0.7519922254616047,-5.272959183673475,8.516569484936817,-18.69387755102039,-25.96650223841172,13.189303637622562,1,5.45
110,-31.34307563744277,-8.193558787212325,-31.008090272937057,27.648555624018417,-14.111004548900086,8.654676848222183,-23.547997229205208,4.479521089820889,-31.695341556831828,-14.290992720299753,-17.80587953729527,-7.496459327881507,-6.783789372661871,-23.19342595411833,6.328399643671665,8.158930962046705,0.7107871720116443,-5.26020408163267,8.452186588921283,-18.673469387755098,-26.825821740193657,13.765052830172227,1,5.5
111,-31.540342504497712,-8.06042976040737,-31.433310527436813,27.64039843299496,-13.98843529126935,8.855537309776539,-23.730104967124102,4.586042642696356,-31.88203128221481,-14.18350027418612,-18.076876504176226,-7.426496217273438,-6.858012228092924,-23.17369245031471,6.266301525129883,8.162862234836666,0.669582118561699,-5.247448979591837,8.387803692905734,-18.653061224489793,-27.667007609424346,14.326235788959188,1,5.550000000000001
112,-31.742197579469234,-7.921008167473406,-31.861447814986906,27.631336176237383,-13.866891928815507,9.052412804833036,-23.917774317770167,4.696731494940765,-32.07081351424943,-14.075630316519948,-18.35398728929369,-7.35657796426721,-6.932353082692661,-23.154087217477098,6.204226393439145,8.166987052575315,0.6283770651117613,-5.234693877551023,8.32342079689021,-18.63265306122448,-28.490059846103804,14.872852513983414,1,5.6000000000000005
113,-31.94898748404227,-7.7749973210793035,-32.29211502628698,27.620777610676427,-13.747321405202923,9.245410016994724,-24.11100098736667,4.811926783611083,-32.26091059761936,-13.967534011927372,-18.637363709041864,-7.28669020578161,-7.00680046952137,-23.13459779047149,6.142172014780003,8.17128660692444,0.5871720116618161,-5.221938775510204,8.259037900874631,-18.61224489795917,-29.294978450232023,15.404903005244918,1,5.65
114,-32.16105883990173,-7.622100533893952,-32.72492505203657,27.608131493242794,-13.630670664095929,9.434635629864616,-24.3097806821368,4.931967645764247,-32.451544877008146,-13.859362525034642,-18.927157579814903,-7.216818578735403,-7.081342921639149,-23.115211704163958,6.080136155333043,8.175742089545786,0.5459669582118634,-5.20918367346939,8.19465500485909,-18.591836734693867,-30.08176342180901,15.922387262743689,1,5.7
115,-32.378758268732525,-7.462021118586115,-33.159490782935315,27.59280658086719,-13.517886649158937,9.620196327045733,-24.514109108303806,5.057193218457216,-32.64193869709946,-13.751267020467889,-19.223520718007027,-7.146948720047311,-7.155968972106256,-23.095916493420535,6.018116581278793,8.180334692101162,0.5047619047619105,-5.1964285714285765,8.130272108843556,-18.57142857142857,-30.850414760834745,16.425305286479745,1,5.75
116,-32.60243239221961,-7.294462387824687,-33.5954251096828,27.57421163048035,-13.409916304056337,9.802198792141112,-24.7239819720909,5.187942638746921,-32.83131440257693,-13.643398662853286,-19.52660494001239,-7.077066266636114,-7.230667153982863,-23.076699693107305,5.956111058797815,8.185045606252313,0.4635568513119351,-5.183673469387767,8.065889212827987,-18.55102040816327,-31.60093246730923,16.913657076453084,1,5.800000000000001
117,-32.8324278320479,-7.119127654278492,-34.03234092297864,27.551755399013004,-13.307706572452501,9.980749708753775,-24.939394979721317,5.324555043690338,-33.01889433812418,-13.535908616817041,-19.836562062225248,-7.007156855420522,-7.305426000329189,-23.057548838090206,5.894117354070685,8.189856023661019,0.4223517978620049,-5.170918367346943,8.001506316812439,-18.530612244897945,-32.333316541232506,17.387442632663696,1,5.8500000000000005
118,-33.06909120990231,-6.935720230616378,-34.46985111352241,27.52484664339585,-13.212204398011831,10.15595576048676,-25.16034383741828,5.467369570344402,-33.2039008484248,-13.428948046985271,-20.153543901039754,-6.937206123319328,-7.380234044205415,-23.038451463235333,5.832133233277942,8.194747135989074,0.38114674441204455,-5.158163265306125,7.937123420796897,-18.510204081632644,-33.04756698260454,17.846661955111557,1,5.9
119,-33.312666224422344,-6.744070421911683,-34.90757195945695,27.493010244571,-13.124194124224406,10.327898755383808,-25.38679505318865,5.616586463981687,-33.385721368855556,-13.322635214569841,-20.477588622355945,-6.86721882368301,-7.455079818671752,-23.019395103408733,5.770156462600173,8.199700134898233,0.33994169096208426,-5.145408163265305,7.8727405247813325,-18.489795918367314,-33.74368379142533,18.29131504379673,1,5.95
120,-33.56298488206586,-6.544516502855788,-35.345133288698015,27.456235579526062,-13.04380969388324,10.496560999251606,-25.61859834217376,5.771850402737311,-33.5644036975654,-13.216956767124929,-20.80827979009723,-6.797276175588912,-7.529951856788383,-23.00036729347646,5.708184808217927,8.204696212050257,0.29873663751215407,-5.132653061224506,7.8083576287658145,-18.469387755102048,-34.42166696769488,18.721401898719165,1,6.0
121,-33.81977626624531,-6.337523740544504,-35.78216831660462,27.414628149260032,-12.97102244960714,10.661899922337652,-25.855574221298596,5.932667172962011,-33.7401607233965,-13.111866448790433,-21.145087317692855,-6.727478514546145,-7.604838691615473,-22.981355568304487,5.6462160363117135,8.209716559106932,0.2575315840622088,-5.119897959183692,7.743974732750243,-18.448979591836732,-35.08151651141321,19.13692251987888,1,6.050000000000001
122,-34.08276946037312,-6.1235574020737324,-36.21831025853576,27.36829345477195,-12.905803734014796,10.823872954889326,-26.09754320748814,6.098542561006563,-33.91320533519095,-13.007318003706178,-21.487481118572056,-6.657926176063771,-7.679728856213309,-22.962347462758895,5.584247913062157,8.214742367730038,0.2163265306122484,-5.107142857142854,7.679591836734702,-18.42857142857142,-35.72323242258029,19.537876907275873,1,6.1000000000000005
123,-34.35169354786172,-5.9030827545393025,-36.653192329850434,27.317336997060846,-12.848124889724978,10.98243752715409,-26.344325817667368,6.268982353221623,-34.08375042179084,-12.903265176012015,-21.834931106164056,-6.588719495650881,-7.754610883641995,-22.943330511705728,5.5222782046497905,8.219754829581337,0.1751214771622881,-5.094387755102055,7.615208940719154,-18.408163265306104,-36.346814701196124,19.92426506091013,1,6.15
124,-34.626277612123566,-5.676565065037086,-37.08644774590764,27.26186427712565,-12.797957259356473,11.137551069379409,-26.595742568761256,6.443492335958002,-34.252008872038296,-12.799661709847804,-22.186907193898115,-6.519958808816574,-7.829473306961797,-22.924292250011,5.460304677255144,8.224735136322606,0.1339164237123353,-5.081632653061226,7.550826044703591,-18.3877551020408,-36.95226334726073,20.296086980781663,1,6.2
125,-34.906250736571096,-5.444469600662914,-37.51770972206638,27.201980795965415,-12.755272185527982,11.28917101181267,-26.851613977694758,6.621578295566404,-34.418193574775415,-12.696461349353404,-22.542879295203473,-6.451744451069933,-7.904304659232859,-22.905220212540765,5.398325097058779,8.229664479615613,0.09271137026237497,-5.068877551020412,7.48644314868805,-18.367346938775505,-37.5395783607741,20.653342666890488,1,6.25
126,-35.191342004616736,-5.207261628512661,-37.94661147368564,27.13779205457915,-12.720041010858246,11.437254784701334,-27.111760561392867,6.8027460183976,-34.5825174188443,-12.59361783866867,-22.902317323509354,-6.3841767579200335,-7.979093473515405,-22.88610193416107,5.336337230241345,8.234524051122154,0.05150631681243724,-5.056122448979589,7.422060252672495,-18.346938775510196,-38.108759741736236,20.996032119236574,1,6.300000000000001
127,-35.48128049967293,-4.965406415682178,-38.372786216124446,27.069403553965845,-12.69223507796606,11.581759818292879,-27.376002836780543,6.986501290802305,-34.74519329308708,-12.491084921933426,-23.264691192245014,-6.317356064875965,-8.053828282869656,-22.86692494973794,5.274338842983276,8.239295042503977,0.010301263362491965,-5.043367346938783,7.357677356656961,-18.326530612244905,-38.659807490147124,21.324155337819946,1,6.3500000000000005
128,-35.7757953051521,-4.7193692292673255,-38.79586716474179,26.996920795124495,-12.67182572947016,11.72264354283468,-27.64416132078279,7.172349899131273,-34.90643408634583,-12.388816343287555,-23.6294708148397,-6.251382707446826,-8.128497620355763,-22.847676794137385,5.212327701465201,8.243958645422856,-0.03090379008749096,-5.0306122448979655,7.2932944606414045,-18.30612244897958,-39.19272160600678,21.637712322640592,1,6.4
129,-36.07461550446671,-4.4696153363639635,-39.21548753489665,26.920449279054154,-12.658784307989285,11.8598633885742,-27.916056530324553,7.359797629735223,-35.0664526874627,-12.2867658468709,-23.996126104722638,-6.186357021141691,-8.20309001903396,-22.828345002225475,5.150301571867658,8.248496051540567,-0.07210884353741363,-5.017857142857157,7.228911564625849,-18.28571428571428,-39.707502089315206,21.936703073698514,1,6.45
130,-36.37747018102921,-4.216610004067916,-39.63128054194805,26.840094506753776,-12.6530821561422,11.99337678575889,-28.191508982330824,7.548350268964934,-35.22546198527977,-12.184887176823311,-24.364126975323046,-6.122379341469664,-8.277594011964426,-22.80891710886827,5.088258220371213,8.2528884525189,-0.11331389698737397,-5.005102040816342,7.164528668610292,-18.265306122448983,-40.204148940072386,22.221127590993714,1,6.5
131,-36.68408841825201,-3.9608184994750637,-40.042879401254986,26.755961979222377,-12.654690616547622,12.123141164636174,-28.47033919372658,7.737513603171099,-35.38367486863913,-12.083134077284635,-24.732943340070218,-6.059550003939806,-8.35199813220733,-22.789380648931758,5.0261954131564135,8.257117040019617,-0.15451895043731922,-4.992346938775523,7.100145772594751,-18.244897959183668,-40.682662158278326,22.49098587452618,1,6.550000000000001
132,-36.994199299547546,-3.7027060896812616,-40.44991732817645,26.668157197459,-12.663581031824354,12.24911395545349,-28.752367681436798,7.926793418704487,-35.54130422638294,-11.981460292394715,-25.102045112393363,-5.9979693440612225,-8.426290912822957,-22.769723157282,4.964110916403799,8.26116300570448,-0.19572400388727956,-4.979591836734695,7.035762876579188,-18.224489795918366,-41.14304174393304,22.746277924295935,1,6.6000000000000005
133,-37.307531908328265,-3.442738041782381,-40.85202753807145,26.57678566246261,-12.679724744591102,12.371252588458296,-29.037414962386432,8.115695501915834,-35.698562947353246,-11.879819566293444,-25.470902205721718,-5.9377376973429925,-8.50046088687142,-22.749932168785048,4.90200249629398,8.265007541235263,-0.23692905733723235,-4.9668367346938815,6.971379980563662,-18.20408163265305,-41.585287697036506,22.987003740302953,1,6.65
134,-37.623815328006614,-3.1813796228742564,-41.24884324629898,26.48195287523224,-12.703093097466635,12.489514493898014,-29.325301553500474,8.303725639155866,-35.85566392039221,-11.778165643120644,-25.83898453348452,-5.878955399294217,-8.574496587412938,-22.729995218306925,4.839867919007482,8.268631838273762,-0.27813411078716255,-4.954081632653072,6.906997084548106,-18.18367346938776,-42.00940001758874,23.21316332254726,1,6.7
135,-37.94277864199504,-2.9190961000527316,-41.639997668218044,26.383764336766887,-12.733657433069702,12.60385710202009,-29.615847971703907,8.49038961677534,-36.01282003434191,-11.676452267016156,-26.20576200911104,-5.8217227854239555,-8.648386547507709,-22.70989984071366,4.777704950724864,8.27201708848173,-0.3193391642371455,-4.941326530612262,6.842614188532558,-18.163265306122454,-42.41537870558973,23.424756671028838,1,6.75
136,-38.264150933705956,-2.6563527404136877,-42.02512401918763,26.282325548065558,-12.77138909401905,12.714237843071938,-29.908874733921692,8.67519322112499,-36.17024417804446,-11.574633182119841,-26.57070454603049,-5.766140191241305,-8.722119300215944,-22.689633570871308,4.715511357626635,8.275144483520954,-0.36054421768706063,-4.928571428571434,6.7782312925170025,-18.14285714285715,-42.80322376103949,23.621783785747684,1,6.800000000000001
137,-38.587661286551814,-2.393614811052955,-42.40385551456675,26.177742010127233,-12.816259422933445,12.820614147301036,-30.204202357078792,8.85764223855555,-36.328149240341965,-11.47266213257157,-26.933282057672116,-5.712307952255396,-8.795683378597829,-22.66918394364588,4.653284905893477,8.277995215053204,-0.4017492711370285,-4.9158163265306,6.71384839650143,-18.12244897959183,-43.17293518393801,23.80424466670381,1,6.8500000000000005
138,-38.91303878394504,-2.131347579066425,-42.775825369714404,26.070119223950957,-12.8682397624316,12.922943444954793,-30.501651358100215,9.037242455417777,-36.48674811007654,-11.370492862511181,-27.292964457465168,-5.6603264039752395,-8.86906731571357,-22.648538493903455,4.591023361705828,8.280550474740226,-0.44295432458698886,-4.903061224489801,6.649465500485898,-18.102040816326525,-43.524512974285294,23.97213931389721,1,6.9
139,-39.24001250929809,-1.870016311549936,-43.14066679998959,25.959562690535734,-12.92730145513228,13.02118316628066,-30.801042253910918,9.213499658062366,-36.646253676090275,-11.268079116078537,-27.64922165883886,-5.610295881909976,-8.942259644623356,-22.627684756510057,4.528724491244334,8.282791454243814,-0.48415937803693415,-4.890306122448982,6.585082604470364,-18.081632653061224,-43.85795713208134,24.125467727327905,1,6.95
140,-39.5683115460234,-1.610086275599303,-43.4980130207513,25.846177910880535,-12.993415843654258,13.115290741526078,-31.10219556143588,9.385919632840118,-36.806878827225304,-11.165374637413471,-28.001523575222464,-5.56231672156866,-9.01524889838739,-22.606610266331685,4.466386060689478,8.284699345225762,-0.5253644314868944,-4.877551020408173,6.520699708454808,-18.06122448979589,-44.17326765732614,24.264229906995855,1,7.0
141,-39.89766497753341,-1.352022738310466,-43.84749724735854,25.730070385984405,-13.066554270616269,13.205223600938474,-31.404931797600078,9.554008166101736,-36.96883645232372,-11.062333170655846,-28.349340120045216,-5.516489258460401,-9.088023610065868,-22.585302558234414,4.404005836221868,8.286255339347807,-0.5665694849368321,-4.86479591836736,6.45631681243926,-18.040816326530614,-44.470444550019714,24.388425852901097,1,7.050000000000001
142,-40.22780188724054,-1.0962909667792058,-44.188752695170315,25.61134561684632,-13.146688078637053,13.290939174765308,-31.709071479328486,9.717271044197973,-37.13233944022761,-10.95890845994552,-28.692141206736334,-5.472913828094288,-9.160572312718987,-22.563749167084314,4.341581584022035,8.287440628271751,-0.6077745383867699,-4.85204081632655,6.391933916423704,-18.020408163265298,-44.749487810162044,24.4980555650436,1,7.1000000000000005
143,-40.55845135855725,-0.8433562281014096,-44.52141257954562,25.490109104465315,-13.233788610335377,13.37239489325399,-32.014435123546065,9.87521405347956,-37.29760067977913,-10.855054249422325,-29.02939674872507,-5.431690765979382,-9.232883539406952,-22.541937627747338,4.279111070270545,8.288236403659344,-0.6489795918367378,-4.8392857142857215,6.327551020408148,-17.999999999999996,-45.01039743775314,24.59311904342339,1,7.15
144,-40.88934247489595,-0.5936837893729402,-44.84511011584344,25.36646634984038,-13.327827208329976,13.449548186651974,-32.320843247177805,10.02734298029722,-37.46483305982035,-10.75072428322616,-29.36057665944067,-5.392920407624804,-9.304945823189904,-22.519855475089614,4.216592061147983,8.288623857172372,-0.6901846452866529,-4.826530612244922,6.263168124392615,-17.979591836734706,-45.253173432793,24.67361628804044,1,7.2
145,-41.22020431966913,-0.34773891768962156,-45.159478519422805,25.24052285397051,-13.428775215239638,13.522356485206714,-32.62811636714869,10.17316361100175,-37.63424946919339,-10.645872305496809,-29.68515085231238,-5.3567030885395885,-9.376747697128145,-22.497490243977097,4.154022322834834,8.288584180472617,-0.7313896987366433,-4.8137755102041035,6.1987852283770515,-17.959183673469383,-45.47781579528163,24.739547298894784,1,7.25
146,-41.55076597628918,-0.10598688014736524,-45.4641510056427,25.112384117854727,-13.536603973683054,13.590777219165613,-32.93607500038369,10.312181731943847,-37.80606279674036,-10.540452060374156,-30.002589240769424,-5.323139144232879,-9.448277694281813,-22.47482946927589,4.091399621511741,8.288098565221816,-0.772594752186581,-4.801020408163264,6.134402332361495,-17.938775510204085,-45.68432452521901,24.790912075986395,1,7.300000000000001
147,-41.88075652816856,0.13110705615804336,-45.75876078986211,24.982155642492042,-13.651284826279026,13.654767818776138,-33.244539663807764,10.443903129474224,-37.980485931303356,-10.434417291998086,-30.312361738241066,-5.292328910213729,-9.519524347711087,-22.451860685851955,4.028721723359213,8.287148203081799,-0.813799805636549,-4.7882653061224465,6.070019436345954,-17.91836734693877,-45.87269962260515,24.827710619315297,1,7.3500000000000005
148,-42.2099050587197,0.363077624130693,-46.04294108744006,24.84994292888145,-13.772789115646267,13.714285714285715,-33.5533308743459,10.567833589943682,-38.1577317617245,-10.327721744508395,-30.613938258156505,-5.26437272199125,-9.590476190476178,-22.42857142857143,3.9659863945578255,8.285714285714285,-0.8550048590864793,-4.775510204081642,6.005636540330421,-17.89795918367347,-46.04294108744006,24.84994292888145,1,7.4
149,-42.53795072915286,0.5896337267336554,-46.31647234448084,24.71590041103893,-13.901062946708267,13.76928333602103,-33.862232765915486,10.683561838902744,-38.33799249866143,-10.220333532562583,-30.906960966169557,-5.2393257849771,-9.661126611770898,-22.404954511159062,3.9031923472881704,8.283785969923018,-0.896209912536432,-4.762755102040823,5.941253644314865,-17.877551020408184,-46.16084914025622,22.661791170929483,1,7.45
150,-42.864673011869456,0.8111809471654752,-46.57972393006998,24.580378255048263,-14.0359514736074,13.81969311462568,-34.17088394040361,10.79100835870124,-38.52137764003402,-10.112278252888428,-31.191761036832247,-5.217062784193359,-9.731488425323427,-22.381023862774786,3.8403420777310875,8.281384273079448,-0.9374149659863923,-4.7500000000000036,5.876870748299302,-17.857142857142858,-46.27252808839529,20.589239883208936,1,7.5
151,-43.18986145706879,1.0282990386836122,-46.83321244403831,24.443775560010224,-14.177274612790738,13.865442480822585,-34.47888661668979,10.890176570888796,-38.70797600557765,-10.003595872731408,-31.468841896921095,-5.1974132745646955,-9.801579300995485,-22.35679869143729,3.777439028067411,8.27853817769698,-0.9786200194363527,-4.7372448979592,5.812487852283768,-17.836734693877553,-46.377977931857295,18.63228906571982,1,7.550000000000001
152,-43.513305614950085,1.2415677545455504,-47.07745448621666,24.30649142502557,-14.324852280705423,13.906458865334564,-34.78584301365348,10.981069897015086,-38.89787641502773,-9.894326359336917,-31.73870697321268,-5.180206811015797,-9.8714169086489,-22.332298205165227,3.714486640478011,8.275276666289056,-1.0198250728862903,-4.724489795918377,5.748104956268213,-17.816326530612226,-46.4771986706422,16.790938718462115,1,7.6000000000000005
153,-43.83479503571262,1.4515668480087398,-47.31296665643585,24.16892494919506,-14.478504393798522,13.942669698884513,-35.09135535017422,11.06369175862972,-39.091167688119654,-9.784509679950403,-32.00185969248352,-5.165272948471324,-9.941018918145364,-22.307541611977342,3.6514883571438204,8.27162872136902,-1.0610301263362432,-4.711734693877557,5.683722060252679,-17.795918367346946,-46.57019030475004,15.065188841435846,1,7.65
154,-44.154119269555636,1.6588760723306648,-47.54026555452672,24.03147523161948,-14.63805086851714,13.974002412195297,-35.395025845131485,11.138045577282348,-39.28793864458883,-9.67418580181727,-32.2588034815102,-5.1524412418559065,-10.01040299934672,-22.282548119892308,3.5884476202455584,8.267623325450339,-1.1022351797862187,-4.6989795918367285,5.6193391642371076,-17.775510204081634,-46.6569528341808,13.455039434641002,1,7.7
155,-44.47106786667838,1.8640751807687561,-47.7598677803201,23.894541371399573,-14.803311621308373,14.000384435989732,-35.69645671740478,11.204134774522608,-39.48827810417065,-9.563394692182966,-32.51004176706928,-5.141541246094231,-10.079586822114702,-22.257336936928766,3.5253678719641948,8.263289461046377,-1.1434402332361486,-4.686224489795915,5.554956268221552,-17.75510204081633,-46.737486258934474,11.960490498077585,1,7.75
156,-44.78543037728014,2.067743926580493,-47.972289933646806,23.758522467636112,-14.97410656861928,14.021743200990748,-35.9952501858736,11.261962771900148,-39.6922748866005,-9.452176318292915,-32.756077975937295,-5.132402516111022,-10.148588056311084,-22.231927271105462,3.4622525544805858,8.258656110670563,-1.1846452866861092,-4.673469387755106,5.490573372206018,-17.73469387755103,-46.811790579011074,10.581542031745586,1,7.800000000000001
157,-45.09699635156016,2.2704620630233205,-48.17804861433769,23.62381761942984,-15.150255626897035,14.038006137921167,-36.29100846941747,11.311532990964583,-39.900017811613814,-9.340570647392537,-32.9974155348908,-5.12485460683088,-10.217424371797602,-22.206338330441096,3.39910510997558,8.253752256836274,-1.2258503401360468,-4.660714285714282,5.42619047619047,-17.714285714285715,-46.879865794410584,9.318194035645009,1,7.8500000000000005
158,-45.40555533971768,2.472809343354723,-48.37766042222357,23.49082592588151,-15.331578712588682,14.049100677503878,-36.58333378691586,11.352848853265593,-40.111595698945955,-9.228617646727237,-33.234557870706354,-5.118727073178511,-10.286113438436105,-22.18058932295427,3.335928980630056,8.248606882056947,-1.2670553935860147,-4.647959183673473,5.361807580174906,-17.693877551020417,-46.941711905133026,8.170446509775855,1,7.9
159,-45.710896891951975,2.67536552083215,-48.57164195713528,23.35994648609192,-15.517895742141304,14.054954250461737,-36.871828357248276,11.385913780352794,-40.32709736833235,-9.11635728354247,-33.46800841016052,-5.113849470078566,-10.354672926088273,-22.15469945666376,3.272727608624839,8.24324896884599,-1.3082604470359676,-4.635204081632654,5.297424684159365,-17.6734693877551,-46.99732891117838,7.138299454138142,1,7.95
160,-46.012810558462306,2.8787103487130823,-48.76050981890363,23.231578399161815,-15.70902663200203,14.055494287517625,-37.15609439929423,11.410731193775833,-40.54661163950838,-9.003829525083685,-33.69827058002984,-5.1100513524557085,-10.423120504615932,-22.128687939588204,3.20950443614084,8.237707499716779,-1.3494655004858975,-4.622448979591826,5.233041788143795,-17.653061224489807,-47.046716812546656,6.2217528687318415,1,8.0
161,-46.311085889447895,3.0834235802549586,-48.94478060735948,23.106120764191967,-15.904791298617956,14.050648219394384,-37.43573413193321,11.427304515084339,-40.77022733220946,-8.891074338596253,-33.92584780709087,-5.107162275234637,-10.491473843880813,-22.10257397974631,3.146262905358883,8.232011457182757,-1.3906705539358732,-4.609693877551017,5.168658892128276,-17.63265306122448,-47.08987560923785,5.4208067535569695,1,8.05
162,-46.60551243510804,3.2900849687152443,-49.12497092233364,22.983972680283124,-16.105009658436153,14.040343476814883,-37.710349774044715,11.435637165827977,-40.99803326617097,-8.778131691325658,-34.15124351812016,-5.105011793339985,-10.55975061374469,-22.076376785156786,3.08300645845984,8.22618982375728,-1.4318756073858108,-4.596938775510193,5.104275996112721,-17.612244897959187,-47.12680530125197,4.735461108613523,1,8.1
163,-46.89587974564198,3.499274267351405,-49.30159736365695,22.865533246536042,-16.309501627903725,14.024507490501998,-37.97954354450826,11.435732567556357,-41.230118261128325,-8.665041550517284,-34.374961139894275,-5.103429461696451,-10.627968484069353,-22.05011556383828,3.0197385376246206,8.22027158195382,-1.4730806608357487,-4.5841836734693935,5.0398931000971645,-17.59183673469387,-47.15750588858901,4.1657159339015,1,8.15
164,-47.18197737124896,3.7115712294208985,-49.47517653116023,22.751201562051495,-16.518087123467783,14.003067691178613,-38.24291766220331,11.427594141819139,-41.466571136816924,-8.551843883416591,-34.597504099189756,-5.102244835228685,-10.696145124716562,-22.023809523809533,2.9564625850340045,8.214285714285715,-1.5142857142857165,-4.571428571428574,4.9755102040816235,-17.571428571428573,-47.18197737124896,3.7115712294208985,1,8.200000000000001
165,-47.46359486212827,3.92755560818121,-49.646225024674315,22.64137672593024,-16.73058606157541,13.975951509567556,-38.50007434600941,11.411225310165962,-41.707480712972156,-8.438578657268955,-34.81937582278318,-5.101287468861376,-10.76429820554807,-21.997477873089167,2.8931820428689456,8.20826120326641,-1.555490767735639,-4.558673469387756,4.9111273080660744,-17.551020408163268,-47.95265831809229,3.2236258447289434,1,8.25
166,-47.74052176847913,4.147807156889776,-49.81525944403003,22.53645783727307,-16.946818358673717,13.943086376391705,-38.750615814806025,11.38662949414645,-41.952935809329425,-8.325285839319871,-35.04107973745108,-5.100386917519149,-10.832445396425648,-21.97113981969592,2.8299003533102334,8.202227031409308,-1.5966958211856146,-4.545918367346937,4.846744412050519,-17.530612244897966,-48.67663132876329,2.765252907594084,1,8.3
167,-48.01254764050081,4.372905628804085,-49.98279638905822,22.4368439951807,-17.166603931209778,13.904399722373942,-38.99414428747266,11.353810115310269,-42.20302524562414,-8.212005396814718,-35.26311926997002,-5.099372736126714,-10.900604367211093,-21.94481457164845,2.766620958538776,8.196212181227798,-1.6379008746355521,-4.533163265306113,4.782361516034985,-17.510204081632654,-49.35389640326197,2.3364524180163118,1,8.35
168,-48.27946202839257,4.6034307771815515,-50.1493524595897,22.342934298753907,-17.389762695630715,13.859818978237104,-39.23026198288883,11.312770595207045,-42.45783784159169,-8.098777296998934,-35.485997847116536,-5.098074479608727,-10.968792787766137,-21.918521336965487,2.7033473007354374,8.190245635235314,-1.6791059280855203,-4.520408163265304,4.717978620019423,-17.489795918367353,-49.98445354158833,1.9372243759956302,1,8.4
169,-48.54105448235367,4.839962355279691,-50.315444255455304,22.255127847093473,-17.616114568383615,13.809271574704091,-39.458571119934014,11.263514355386405,-42.71746241696747,-7.985641507117936,-35.710218895667204,-5.0963217028898535,-11.037028327952587,-21.89227932366566,2.6400828220810357,8.184356375945239,-1.7203109815354578,-4.507653061224466,4.653595724003882,-17.46938775510205,-50.568302743742365,1.567568781532016,1,8.450000000000001
170,-48.79711455258336,5.083080116355942,-50.48158837648587,22.173823739300136,-17.845479465915556,13.752684942497735,-39.67867391748773,11.206044817398023,-42.98198779148689,-7.872637994417165,-35.93628584239857,-5.093943960894766,-11.105328657632166,-21.86610773976772,2.576830964756488,8.17857338587099,-1.7615160349854182,-4.494897959183667,4.589212827988334,-17.44897959183673,-51.105444009724074,1.2274856346255123,1,8.5
171,-49.0474317892809,5.333363813667756,-50.648301422512205,22.099421074474677,-18.077677304673642,13.689986512340933,-39.89017259442946,11.140365402791508,-43.251502784885346,-7.759806726142061,-36.16470211408719,-5.090770808548126,-11.173711446666648,-21.840025793290316,2.513595170942658,8.172925647525963,-1.802721088435371,-4.482142857142858,4.524829931972785,-17.42857142857143,-51.595877339533466,0.9169749352760806,1,8.55
172,-49.29179574264555,5.591393200472627,-50.81609999336516,22.032318951717837,-18.312528001104994,13.621103714956526,-40.09266936963873,11.066479533116508,-43.52609621689823,-7.647187669538053,-36.395971137509626,-5.08663180077463,-11.242194364917829,-21.81405269225215,2.4503788828203703,8.16744214342357,-1.8439261418853237,-4.469387755102024,4.460447035957244,-17.408163265306104,-52.03960273317053,0.6360366834837401,1,8.6
173,-49.52999596287655,5.857748030027955,-50.985500688875554,21.972916470130397,-18.54985147165669,13.545963981067395,-40.285766461994996,10.98439062992267,-43.80585690726096,-7.534820791850524,-36.6305963394424,-5.081356492498909,-11.310795082247477,-21.788207644671886,2.3871855425704975,8.162151856077225,-1.8851311953352692,-4.4566326530612095,4.39606413994168,-17.38775510204081,-52.436620190635274,0.3846708792484958,1,8.65
174,-49.761822000173176,6.133008055591284,-51.15702010887423,21.92161272881311,-18.789467632775803,13.464494741396384,-40.4690660903778,10.894102114759628,-44.09087367570891,-7.422746060324943,-36.86908114666211,-5.074774438645647,-11.379531268517297,-21.762509858568254,2.3240185923739336,8.157083768000305,-1.9263362487852442,-4.443877551020406,4.331681243926139,-17.36734693877551,-52.7869297119277,0.1628775225703282,1,8.700000000000001
175,-49.98706340473468,6.41775303042002,-51.331174853192,21.878806826866743,-19.031196400909458,13.376623426666388,-40.64217047366662,10.795617409177048,-44.38123534197751,-7.3110034422067365,-37.11192898594527,-5.066715194139515,-11.448420593589175,-21.73697854195996,2.2608814744115406,8.152266861706243,-1.9675413022351746,-4.431122448979583,4.267298347910583,-17.346938775510196,-53.09053129704778,-0.029343386550743273,1,8.75
176,-50.205509726760305,6.712562707771642,-51.508481521659704,21.844897863392045,-19.274857692504767,13.282277467600254,-40.80468183074097,10.688939934724528,-44.677030725802126,-7.1996329047412955,-37.35964328406846,-5.057008313905193,-11.517480727324767,-21.711632902865617,2.197777630864147,8.14773011970846,-2.0087463556851275,-4.418367346938773,4.202915451895034,-17.32653061224491,-53.34742494599557,-0.19199184811473316,1,8.8
177,-50.41695051644932,7.018016840903623,-51.689456714108175,21.820284937489802,-19.52027142400878,13.181384294920862,-40.95620238048031,10.57407311295174,-44.97834864691817,-7.088674415174057,-37.61272746780824,-5.045483352867318,-11.5867293395859,-21.686492149303927,2.134710503912622,8.143502524520326,-2.0499514091350877,-4.405612244897954,4.138532555879494,-17.306122448979583,-53.55761065877102,-0.32506786212161726,1,8.85
178,-50.62117532400098,7.334695183073403,-51.874617030368235,21.805367148260746,-19.767257511868618,13.073871339351063,-41.0963343417642,10.451020365408294,-45.28527792506106,-6.97816794075047,-37.871684963941135,-5.031969865950596,-11.656184100234317,-21.661575489293636,2.0716835357378445,8.139613058655243,-2.091156462585033,-4.392857142857135,4.074149659863931,-17.285714285714278,-53.72108843537415,-0.4285714285714295,1,8.9
179,-50.81797369961454,7.663177487538456,-52.06447907027072,21.80054359480567,-20.015635872531405,12.959666031613715,-41.2246799334721,10.319785113643862,-45.59790737996618,-6.868153448715971,-38.137019199243724,-5.016297408079654,-11.725862679131815,-21.6369021308534,2.0087001685206793,8.136090704626657,-2.1323615160349783,-4.380102040816311,4.009766763848367,-17.265306122448965,-53.72108843537415,-0.4285714285714295,1,8.950000000000001
180,-51.00713519348926,8.004043507556245,-52.259559433646444,21.806213376225315,-20.265226422444172,12.838695802431708,-41.34084137448352,10.18037077920807,-45.91632583136892,-6.758670906315956,-38.409233600492556,-4.99829553417921,-11.795782746140116,-21.61249128200191,1.9457638444419896,8.132964444947929,-2.1735665694849464,-4.367346938775498,3.9453838678328412,-17.244897959183664,-53.72108843537415,-0.4285714285714295,1,9.0
181,-51.1884493558244,8.357872996384229,-52.46037472032626,21.82277559162044,-20.515849078054075,12.71088808252789,-41.444420883677935,10.032780783650567,-46.2406220990047,-6.649760280795878,-38.68883159446417,-4.977793799173885,-11.865961971121015,-21.58836215075783,1.882878005682624,8.130263262132509,-2.2147716229348915,-4.354591836734693,3.881000971817293,-17.22448979591837,-53.72108843537415,-0.4285714285714295,1,9.05
182,-51.361705736819204,8.725245707279873,-52.667441530140984,21.85062934009183,-20.76732375580819,12.576170302625142,-41.53502067993489,9.877018548520978,-46.5708850026089,-6.541461539401115,-38.976316607935146,-4.954621757988398,-11.936418023936298,-21.564533945139907,1.8200460944234986,8.12801613869377,-2.2559766763848366,-4.341836734693874,3.816618075801752,-17.20408163265306,-53.72108843537415,-0.4285714285714295,1,9.1
183,-51.52669388667294,9.106741393500656,-52.88127646292145,21.89017372074023,-21.019470372153606,12.434469893446314,-41.61224298213386,9.713087495368953,-46.907203361916935,-6.433814649377154,-39.272192067682006,-4.928608965547352,-12.0071685744477,-21.541025873166763,1.7572715528454095,8.126252057145134,-2.297181729834789,-4.329081632653055,3.7522351797861884,-17.183673469387728,-53.72108843537415,-0.4285714285714295,1,9.15
184,-51.68320335558486,9.502939808304003,-53.10239611849848,21.941807832666402,-21.272108843537413,12.285714285714276,-41.67569000915433,9.540991045744127,-47.249665996664184,-6.326859577969402,-39.57696140048134,-4.899584976775485,-12.078231292517017,-21.517857142857153,1.6945578231292506,8.125000000000004,-2.3383867832847347,-4.316326530612241,3.687852283770663,-17.163265306122444,-53.72108843537415,-0.4285714285714295,1,9.200000000000001
185,-51.68320335558486,9.502939808304003,-53.10239611849848,21.941807832666402,-21.272108843537413,12.285714285714276,-41.67569000915433,9.540991045744127,-47.249665996664184,-6.326859577969402,-39.57696140048134,-4.899584976775485,-12.078231292517017,-21.517857142857153,1.6945578231292506,8.125000000000004,-2.3383867832847347,-4.316326530612241,3.687852283770663,-17.163265306122444,-53.72108843537415,-0.4285714285714295,1,9.25
186,-51.68320335558486,9.502939808304003,-53.10239611849848,21.941807832666402,-21.272108843537413,12.285714285714276,-41.67569000915433,9.540991045744127,-47.249665996664184,-6.326859577969402,-39.57696140048134,-4.899584976775485,-12.078231292517017,-21.517857142857153,1.6945578231292506,8.125000000000004,-2.3383867832847347,-4.316326530612241,3.687852283770663,-17.163265306122444,-53.72108843537415,-0.4285714285714295,1,9.3
187,-51.68320335558486,9.502939808304003,-53.10239611849848,21.941807832666402,-21.272108843537413,12.285714285714276,-41.67569000915433,9.540991045744127,-47.249665996664184,-6.326859577969402,-39.57696140048134,-4.899584976775485,-12.078231292517017,-21.517857142857153,1.6945578231292506,8.125000000000004,-2.3383867832847347,-4.316326530612241,3.687852283770663,-17.163265306122444,-53.72108843537415,-0.4285714285714295,1,9.35
188,-51.68320335558486,9.502939808304003,-53.10239611849848,21.941807832666402,-21.272108843537413,12.285714285714276,-41.67569000915433,9.540991045744127,-47.249665996664184,-6.326859577969402,-39.57696140048134,-4.899584976775485,-12.078231292517017,-21.517857142857153,1.6945578231292506,8.125000000000004,-2.3383867832847347,-4.316326530612241,3.687852283770663,-17.163265306122444,-53.72108843537415,-0.4285714285714295,1,9.4
189,-51.68320335558486,9.502939808304003,-53.10239611849848,21.941807832666402,-21.272108843537413,12.285714285714276,-41.67569000915433,9.540991045744127,-47.249665996664184,-6.326859577969402,-39.57696140048134,-4.899584976775485,-12.078231292517017,-21.517857142857153,1.6945578231292506,8.125000000000004,-2.3383867832847347,-4.316326530612241,3.687852283770663,-17.163265306122444,-53.72108843537415,-0.4285714285714295,1,9.450000000000001
190,-51.68320335558486,9.502939808304003,-53.10239611849848,21.941807832666402,-21.272108843537413,12.285714285714276,-41.67569000915433,9.540991045744127,-47.249665996664184,-6.326859577969402,-39.57696140048134,-4.899584976775485,-12.078231292517017,-21.517857142857153,1.6945578231292506,8.125000000000004,-2.3383867832847347,-4.316326530612241,3.687852283770663,-17.163265306122444,-53.72108843537415,-0.4285714285714295,1,9.5
