Frame,Away_2512_x,Away_2512_y,Away_2513_x,Away_2513_y,Away_2514_x,Away_2514_y,Away_7812_x,Away_7812_y,Away_9775_x,Away_9775_y,Away_9776_x,Away_9776_y,Away_9777_x,Away_9777_y,Away_15616_x,Away_15616_y,Away_15617_x,Away_15617_y,Away_15618_x,Away_15618_y,Away_21468_x,Away_21468_y,ball_x,ball_y,Period,Time [s]
0,26.896598639455785,7.714285714285712,23.654347885841155,-3.440578350932561,24.156462585034006,-13.714285714285715,6.3105766264056555,-10.351404769072808,12.18639455782313,-3.571428571428571,12.042176870748296,4.285714285714285,12.330612244897956,17.857142857142858,8.004081632653065,-3.1428571428571366,-4.831292517006804,-2.9999999999999964,0.7931972789115651,-24.28571428571428,48.15817630383844,-2.79547154399636,6.3105766264056555,-10.351404769072808,1,0.0
1,26.96931329657357,7.660353462024143,23.747248273964452,-3.428207248984555,24.240662492381976,-13.713564141705048,6.45645714740321,-10.340781476961999,12.069703002888097,-3.605385363112082,11.886122360903371,4.1504330092646535,12.218155038661564,17.77805178333813,8.004081632653065,-3.1428571428571366,-4.831292517006804,-2.9999999999999964,0.7931972789115651,-24.28571428571428,48.15817630383844,-2.79547154399636,6.45645714740321,-10.340781476961999,1,0.05
2,27.005257814878927,7.620240951767022,23.812672473454597,-3.427831890306434,24.29928380029982,-13.713002918586763,6.590503189435423,-10.340139140699703,11.951963343069735,-3.6380277391846225,11.73140481193775,4.025119065795997,12.100323780157797,17.69858176234665,8.004081632653065,-3.1428571428571366,-4.831292517006804,-2.9999999999999964,0.7931972789115651,-24.28571428571428,48.15817630383844,-2.79547154399636,6.590503189435423,-10.340139140699703,1,0.1
3,27.007090865543773,7.5928290600544655,23.852734037283334,-3.43864165818112,24.334294093359148,-13.712589710356822,6.713511896341825,-10.348822127216614,11.834109493658602,-3.6696119359326067,11.578367330997008,3.909255342414424,11.97812743263443,17.618972831876548,8.004081632653065,-3.1428571428571366,-4.831292517006804,-2.9999999999999964,0.7931972789115651,-24.28571428571428,48.15817630383844,-2.79547154399636,6.713511896341825,-10.348822127216614,1,0.15000000000000002
4,26.977471119739985,7.576998663426647,23.869546518422474,-3.4598259358914576,24.347660956131442,-13.712312182441195,6.8262804119619,-10.366174803443409,11.71707536994521,-3.7003941896424712,11.427353025226685,3.8023247262259803,11.852574959339218,17.53946502963588,8.004081632653065,-3.1428571428571366,-4.831292517006804,-2.9999999999999964,0.7931972789115651,-24.28571428571428,48.15817630383844,-2.79547154399636,6.8262804119619,-10.366174803443409,1,0.2
5,26.919057248639504,7.57163063842369,23.865223469843812,-3.4905741067203797,24.341351973188296,-13.712158000265827,6.929605880135163,-10.391541536310804,11.601794887220127,-3.7306307366005846,11.27870500177238,3.703810104336761,11.724675323520014,17.460298393332753,8.004081632653065,-3.1428571428571366,-4.831292517006804,-2.9999999999999964,0.7931972789115651,-24.28571428571428,48.15817630383844,-2.79547154399636,6.929605880135163,-10.391541536310804,1,0.25
6,26.834507923414204,7.575605861585729,23.841878444519097,-3.5300755539507596,24.31733472910123,-13.712114829256741,7.024285444701106,-10.424266692749484,11.489201960773894,-3.7605778130934473,11.132766367779656,3.6131943638528075,11.595437488424484,17.381712960675245,8.004081632653065,-3.1428571428571366,-4.831292517006804,-2.9999999999999964,0.7931972789115651,-24.28571428571428,48.15817630383844,-2.79547154399636,7.024285444701106,-10.424266692749484,1,0.30000000000000004
7,26.72648181523602,7.5878052094529105,23.801624995420113,-3.577519660865515,24.277576808441815,-13.71217033483987,7.111116249499243,-10.463694639690138,11.380230505896977,-3.7904916554074237,10.989880230393982,3.5299603918801905,11.465870417300483,17.303948769371402,8.004081632653065,-3.1428571428571366,-4.831292517006804,-2.9999999999999964,0.7931972789115651,-24.28571428571428,48.15817630383844,-2.79547154399636,7.111116249499243,-10.463694639690138,1,0.35000000000000003
8,26.597637595276787,7.607109558565366,23.74657667551865,-3.6320958107474954,24.224045795781585,-13.712312182441195,7.190895438369069,-10.50916974406346,11.275814437879987,-3.8206284998289366,10.850389696761026,3.453591075525019,11.336983073395785,17.22724585712938,8.004081632653065,-3.1428571428571366,-4.831292517006804,-2.9999999999999964,0.7931972789115651,-24.28571428571428,48.15817630383844,-2.79547154399636,7.190895438369069,-10.50916974406346,1,0.4
9,26.450633934708492,7.632399785463246,23.678847037786507,-3.692993386879662,24.15870927569209,-13.712528037486676,7.264420155150137,-10.560036372800155,11.176887672013427,-3.8512445826444326,10.714637874026307,3.3835693018933344,11.209784419958115,17.15184426165723,8.004081632653065,-3.1428571428571366,-4.831292517006804,-2.9999999999999964,0.7931972789115651,-24.28571428571428,48.15817630383844,-2.79547154399636,7.264420155150137,-10.560036372800155,1,0.45
10,26.288129504703,7.662556766686673,23.60054963519545,-3.7594017725448556,24.083534832744867,-13.712805565402327,7.332487543681847,-10.615638892830875,11.084384123587824,-3.882596140140324,10.582967869335407,3.319377958091207,11.085283420235285,17.077984020663024,8.004081632653065,-3.1428571428571366,-4.831292517006804,-2.9999999999999964,0.7931972789115651,-24.28571428571428,48.15817630383844,-2.79547154399636,7.332487543681847,-10.615638892830875,1,0.5
11,26.112782976432193,7.696461378775762,23.513798020717253,-3.8305103510260214,24.000490051511424,-13.713132431614092,7.395894747803795,-10.67532167108639,10.999237707893752,-3.9149394086030584,10.455722789833821,3.2604999312247025,10.964489037475028,17.005905171854845,8.004081632653065,-3.1428571428571366,-4.831292517006804,-2.9999999999999964,0.7931972789115651,-24.28571428571428,48.15817630383844,-2.79547154399636,7.395894747803795,-10.67532167108639,1,0.55
12,25.927253021068026,7.732994498270709,23.420705747323737,-3.905508505605981,23.91154251656335,-13.713496301547913,7.455438911355433,-10.738429074497306,10.922382340221699,-3.948530624319004,10.33324574266717,3.206418108399906,10.848410234925193,16.935847752940802,8.004081632653065,-3.1428571428571366,-4.831292517006804,-2.9999999999999964,0.7931972789115651,-24.28571428571428,48.15817630383844,-2.79547154399636,7.455438911355433,-10.738429074497306,1,0.6000000000000001
13,25.734198309782357,7.771037001711605,23.323386367986625,-3.9835856195676946,23.818659812472184,-13.713884840629778,7.511917178176305,-10.804305469994388,10.854751935862264,-3.9836260235746135,10.215879834981006,3.1566153767228973,10.738055975833522,16.86805180162896,8.004081632653065,-3.1428571428571366,-4.831292517006804,-2.9999999999999964,0.7931972789115651,-24.28571428571428,48.15817630383844,-2.79547154399636,7.511917178176305,-10.804305469994388,1,0.65
14,25.53627751374713,7.809469765638611,23.223953435677736,-4.063931076194032,23.72380952380952,-13.714285714285715,7.566126692105865,-10.872295224508285,10.797280410105905,-4.020481842656299,10.103968173920867,3.1105746232997182,10.634435223447788,16.80275735562744,8.004081632653065,-3.1428571428571366,-4.831292517006804,-2.9999999999999964,0.7931972789115651,-24.28571428571428,48.15817630383844,-2.79547154399636,7.566126692105865,-10.872295224508285,1,0.7000000000000001
15,25.336149304134196,7.847173666591854,23.124520503368842,-4.145734258767896,23.62895923514683,-13.714686587941632,7.618864596983652,-10.94174270496972,10.750901678243213,-4.059354317850502,9.997853866632326,3.0677787352364585,10.538556941015742,16.740204452644267,8.00408163265308,-3.1428571428571366,-4.831292517006804,-3.0000000000000018,0.7931972789115651,-24.28571428571428,48.15817630383844,-2.79547154399636,8.162403560709375,-10.969340897316046,1,0.75
16,25.136472352115508,7.883029581111466,23.027201124031762,-4.228184550572156,23.53607653105569,-13.715075127023525,7.670928036649147,-11.011992278309332,10.716549655564712,-4.100499685443636,9.89788002026095,3.027710599639188,10.451430091785202,16.680633130387562,8.00408163265308,-3.1428571428571606,-4.831292517006804,-2.9999999999999964,0.7931972789115651,-24.285714285714292,48.15817630383844,-2.79547154399636,8.744060681221036,-11.064007166587372,1,0.8
17,24.93990532886295,7.915918385737592,22.934108850638218,-4.310471334889724,23.447128996107622,-13.715438996957365,7.723114154941882,-11.082388311457885,10.69515825736093,-4.144174181722104,9.804389741952292,2.989853103613978,10.374063639003943,16.624283426565405,8.004081632653056,-3.1428571428571366,-4.831292517006804,-2.9999999999999822,0.7931972789115651,-24.28571428571428,48.15817630383844,-2.79547154399636,9.311098053640865,-11.156294032322242,1,0.8500000000000001
18,24.74910690554845,7.944720957010386,22.847357236160022,-4.391783995003542,23.36408421487419,-13.7157658631691,7.776220095701323,-11.152275171346027,10.68766139892239,-4.190634042972314,9.717726138851903,2.9536891342668934,10.307466545919695,16.5713953788859,8.004081632653065,-3.1428571428571366,-4.831292517006804,-2.9999999999999964,0.7931972789116026,-24.28571428571428,48.15817630383844,-2.79547154399636,9.863515677968799,-11.24620149452068,1,0.9
19,24.56673575334385,7.968318171469948,22.76905983356896,-4.471311914196445,23.288909771926956,-13.71604339108476,7.831043002767028,-11.22099722490448,10.694992995539653,-4.24013550548078,9.638232318105358,2.918701578703991,10.252647775780268,16.5222090250571,8.00408163265308,-3.1428571428571317,-4.831292517006782,-2.9999999999999822,0.7931972789115651,-24.285714285714263,48.15817630383844,-2.79547154399636,10.401313554204897,-11.333729553182687,1,0.9500000000000001
20,24.395450543421127,7.985590905656455,22.701330195836817,-4.548244475751327,23.223573251837458,-13.716259246130232,7.8883800199784355,-11.287898839063883,10.718086962503268,-4.2929348055338,9.566251386858188,2.884373324031365,10.210616291833443,16.47696440278711,8.004081632653065,-3.1428571428571366,-4.831292517006804,-2.9999999999999964,0.7931972789115651,-24.28571428571428,48.15817630383844,-2.79547154399636,10.924491682349132,-11.418878208308225,1,1.0
21,24.23790994695211,7.995420036110017,22.646281875935358,-4.621771062951119,23.170042239177214,-13.716401093731582,7.9490282911750745,-11.35232438075501,10.757877215103697,-4.349288179417907,9.502126452256,2.85018725735509,10.18238105732696,16.43590154978401,8.00408163265308,-3.1428571428571317,-4.831292517006782,-2.9999999999999822,0.7931972789116026,-24.285714285714263,48.15817630383844,-2.79547154399636,11.433050062401527,-11.501647459897343,1,1.05
22,24.09677263510876,7.996686439370784,22.60602842683639,-4.691081059078691,23.130284318517802,-13.716456599314725,8.013784960196453,-11.413618216908496,10.815297668631555,-4.409451863419441,9.446200621444332,2.8156262657812134,10.16895103550863,16.399260503755894,8.00408163265308,-3.1428571428571317,-4.831292517006782,-2.9999999999999822,0.7931972789116026,-24.285714285714263,48.15817630383844,-2.79547154399636,11.926988694362056,-11.582037307950005,1,1.1
23,23.974697279062994,7.9882709919789,22.58268340151166,-4.755363847416935,23.106267074430747,-13.716413428305602,8.083447170882092,-11.471124714455023,10.891282238377379,-4.473682093824852,9.398817001568734,2.7801732364158243,10.171335189626237,16.367281302410795,8.00408163265308,-3.1428571428571317,-4.831292517006804,-2.9999999999999964,0.7931972789116026,-24.285714285714263,48.15817630383844,-2.79547154399636,12.406307578230727,-11.660047752466241,1,1.1500000000000001
24,23.874342549986665,7.9690545704744835,22.578360352932997,-4.813808811248756,23.0999580914876,-13.716259246130232,8.158812067071455,-11.524188240325337,10.98676483963165,-4.542235106920561,9.360318699774789,2.743311056364993,10.19054248292754,16.340203983456878,8.00408163265308,-3.1428571428571317,-4.831292517006782,-2.9999999999999964,0.7931972789115651,-24.28571428571428,48.15817630383844,-2.79547154399636,12.871006714007567,-11.73567879344602,1,1.2000000000000002
25,23.79836711905166,7.937918051397676,22.595172834072137,-4.865605333857084,23.1133249542599,-13.715981718214602,8.240676792604084,-11.57215316145011,11.102679387684889,-4.615367138993008,9.331048823208018,2.7045226127347664,10.227581878660288,16.318268584602166,8.00408163265308,-3.1428571428571366,-4.831292517006782,-2.9999999999999822,0.7931972789116026,-24.28571428571428,48.15817630383844,-2.79547154399636,13.321086101692515,-11.808930430889351,1,1.25
26,23.74942965742998,7.893742311288636,22.635234397900888,-4.90994279852475,23.148335247319228,-13.715568509984667,8.329838491319435,-11.614363844760028,11.23995979782773,-4.693334426328587,9.311350479014028,2.6632907926312437,10.28346234007229,16.301715143554784,8.00408163265308,-3.1428571428571366,-4.831292517006782,-2.9999999999999964,0.7931972789116026,-24.285714285714263,48.15817630383844,-2.79547154399636,13.756545741285638,-11.87980266479625,1,1.3
27,23.73018883629345,7.83540822668749,22.700658597391016,-4.946010588534687,23.206956555237085,-13.715007286866376,8.427094307057052,-11.65016465718577,11.399539985350618,-4.77639320521374,9.301566774338331,2.6190984831604998,10.359192830411342,16.290783698022786,8.00408163265308,-3.1428571428571317,-4.831292517006782,-2.9999999999999822,0.7931972789116026,-24.285714285714263,48.15817630383844,-2.79547154399636,14.177385632786898,-11.948295495166699,1,1.35
28,23.743303326813994,7.761796674134363,22.793558985514345,-4.972998087169782,23.291156462585043,-13.714285714285715,8.533241383656412,-11.678899965658053,11.582353865544134,-4.864799711934873,9.302040816326532,2.5714285714285716,10.455782312925173,16.28571428571428,8.00408163265308,-3.1428571428571366,-4.831292517006782,-2.9999999999999822,0.7931972789115651,-24.285714285714263,48.15817630383844,-2.79547154399636,14.583605776196288,-12.014408922000719,1,1.4000000000000001
29,23.790654128936822,7.6721613799828425,22.915389385236644,-4.990357941912621,23.402279591458303,-13.713398404965453,8.648842727921718,-11.700101990069554,11.788913166154252,-4.958670781230733,9.313040881031181,2.519944802591056,10.573880515362504,16.286611344423534,8.00408163265308,-3.1428571428571317,-4.831292517006782,-2.9999999999999822,0.7931972789116026,-24.285714285714263,48.15817630383844,-2.79547154399636,14.97520617151383,-12.07814294529829,1,1.4500000000000002
30,23.871011557700548,7.567247469840385,23.0649646995002,-4.998595857044445,23.53917871404696,-13.71236776081533,8.773524798515815,-11.71405436216085,12.018040864749004,-5.0575656416490595,9.334535920132996,2.465034354001592,10.712700223475775,16.293036912289544,8.00408163265308,-3.1428571428571317,-4.831292517006782,-2.9999999999999822,0.7931972789116026,-24.285714285714263,48.15817630383844,-2.79547154399636,15.352186818739542,-12.139497565059402,1,1.5
31,23.98236825691702,7.4481729191277966,23.240440101241127,-4.998480801046294,23.700083640064584,-13.711223131042015,8.906679917066185,-11.721228566634553,12.268137751351674,-5.160904120190053,9.366420054219674,2.407265261063299,10.871094987518333,16.304417427537476,8.004081632653087,-3.1428571428571317,-4.831292517006782,-2.9999999999999822,0.7931972789116026,-24.285714285714263,48.15817630383844,-2.79547154399636,15.714547717873366,-12.19847278128408,1,1.55
32,24.122716870398172,7.316055703265984,23.439970763395664,-4.990781742399093,23.883224179224996,-13.70999386485203,9.047700405200416,-11.722096088193235,12.537604615985781,-5.268106043853755,9.408587403878965,2.3472055591793324,11.047918357743594,16.320179328392573,8.00408163265308,-3.1428571428571317,-4.831292517006782,-2.9999999999999964,0.7931972789116026,-24.285714285714263,48.15817630383844,-2.79547154399636,16.06228886891533,-12.255068593972336,1,1.6
33,24.290050041955904,7.172013797675773,23.661711858900095,-4.976267649583793,24.086830141241897,-13.708709311451983,9.195978584546003,-11.717128411539454,12.824842248674718,-5.378591239640326,9.460932089698531,2.28542328375283,11.242023884404812,16.33974905307998,8.00408163265308,-3.1428571428571317,-4.831292517006782,-2.9999999999999822,0.7931972789116026,-24.285714285714263,48.15817630383844,-2.79547154399636,16.395410271865465,-12.309285003124115,1,1.6500000000000001
34,24.482360415402077,7.0171651777780575,23.90381856069058,-4.955707491081402,24.309131335828916,-13.707398820048477,9.350906776730401,-11.706797021375865,13.128251439441883,-5.4917795345498455,9.523348232266127,2.2224864701869,11.452265117755452,16.36255303982493,8.00408163265308,-3.1428571428571317,-4.831292517006782,-2.9999999999999822,0.7931972789116026,-24.285714285714263,48.15817630383844,-2.79547154399636,16.713911926723743,-12.36112200873948,1,1.7000000000000002
35,24.697640634548627,6.8526278189936995,24.164446041703457,-4.929870235372862,24.548357572699814,-13.706091739848059,9.511877303381251,-11.691573402404977,13.446232978310737,-5.607090755582433,9.595729952169512,2.1589631538847134,11.677495608048865,16.388017726852585,8.004081632653087,-3.1428571428571317,-4.831292517006782,-2.9999999999999822,0.7931972789116026,-24.285714285714263,48.15817630383844,-2.79547154399636,17.01779383349016,-12.410579610818388,1,1.75
36,24.933883343207434,6.679519696743553,24.441749474874833,-4.89952485093916,24.802738661568267,-13.704817420057308,9.678282486126019,-11.671929039329422,13.777187655304653,-5.723944729738187,9.677971369996303,2.0954213702493787,11.916568905538332,16.41556955238813,8.004081632653087,-3.1428571428571317,-4.831292517006782,-2.9999999999999822,0.7931972789116026,-24.285714285714263,48.15817630383844,-2.79547154399636,17.30705599216472,-12.457657809360875,1,1.8
37,25.189081185190382,6.498958786448484,24.733884033140974,-4.865440306261244,25.07050441214801,-13.703605209882838,9.849514646592189,-11.648335416851763,14.119516260447064,-5.841761284017245,9.769966606334254,2.0324291546840567,12.16833856047729,16.444634954656788,8.00408163265308,-3.1428571428571366,-4.831292517006782,-2.9999999999999964,0.7931972789115651,-24.285714285714263,48.15817630383844,-2.79547154399636,17.581698402747435,-12.502356604366902,1,1.85
38,25.46122680430937,6.3120630635293615,25.039004889438147,-4.828385569820082,25.34988463415268,-13.702484458531213,10.024966106407337,-11.621264019674603,14.471619583761393,-5.959960245419693,9.871609781771113,1.9705545425918753,12.43165812311904,16.474640371883723,8.004081632653087,-3.1428571428571317,-4.831292517006782,-2.9999999999999822,0.7931972789116026,-24.285714285714263,48.15817630383844,-2.79547154399636,17.84172106523828,-12.544675995836482,1,1.9000000000000001
39,25.74831284437633,6.1199505034070505,25.355267216702543,-4.789129610096674,25.63910913729606,-13.701484515209028,10.20402918719898,-11.591186332500515,14.83189841527109,-6.077961440945631,9.982795016894574,1.910365569375977,12.70538114371703,16.5050122422941,8.004081632653087,-3.1428571428571317,-4.831292517006782,-2.9999999999999822,0.7931972789116026,-24.285714285714263,48.15817630383844,-2.79547154399636,18.087123979637262,-12.58461598376963,1,1.9500000000000002
40,26.04833194920313,5.923739081502382,25.680826187870373,-4.748441395571949,25.936407731291816,-13.700634729122854,10.386096210594612,-11.558573840032082,15.198753544999539,-6.195184697595224,10.10341643229236,1.8524302704394835,12.98836117252456,16.53517700411319,8.004081632653087,-3.1428571428571317,-4.8312925170067516,-2.9999999999999822,0.7931972789116026,-24.285714285714246,48.15817630383844,-2.79547154399636,18.317907145944403,-12.62217656816632,1,2.0
41,26.35927676260167,5.724546773236277,26.013836975877922,-4.707089894726895,26.240010225853666,-13.699964449479259,10.570559498221774,-11.52389802697188,15.57058576297014,-6.311049842368505,10.233368148552195,1.7973166811855668,13.279451759795013,16.56456109556611,8.004081632653087,-3.1428571428571317,-4.831292517006782,-2.9999999999999822,0.7931972789116026,-24.285714285714263,48.15817630383844,-2.79547154399636,18.534070564159713,-12.657357749026588,1,2.0500000000000003
42,26.67913992838384,5.523491554029543,26.352454753661334,-4.665844076042479,26.548146430695315,-13.699503025484884,10.756811371707993,-11.487630378022518,15.945795859206351,-6.424976702265661,10.372544286261768,1.7455928370173057,13.577506455781707,16.592590954878062,8.00408163265308,-3.1428571428571366,-4.831292517006782,-2.9999999999999964,0.7931972789115651,-24.285714285714263,48.15817630383844,-2.79547154399636,18.735614234283105,-12.6901595263504,1,2.1
43,27.00591409036156,5.321691399303102,26.694834694156953,-4.625472907999652,26.859046155530415,-13.699279806346237,10.944244152680799,-11.45024237788656,16.322784623731557,-6.536385104286713,10.520838966008837,1.6978267733379004,13.881378810738074,16.618693020274268,8.004081632653087,-3.1428571428571317,-4.8312925170067516,-2.9999999999999822,0.7931972789116026,-24.285714285714246,48.15817630383844,-2.79547154399636,18.9225381563147,-12.720581900137782,1,2.15
44,27.337591892346698,5.120264284477778,27.03913197030089,-4.5867453590794165,27.170939210072746,-13.699324141269944,11.132250162767686,-11.412205511266599,16.699952846569197,-6.644694875431824,10.678146308381073,1.6545865255504397,14.189922374917431,16.642293729979883,8.004081632653087,-3.1428571428571317,-4.831292517006782,-2.9999999999999822,0.7931972789116026,-24.285714285714263,48.15817630383844,-2.79547154399636,19.094842330254416,-12.748624870388689,1,2.2
45,27.672165978151188,4.920328184974433,27.383501755029442,-4.5504303977626925,27.482055404035986,-13.699665379462585,11.32022172359622,-11.373991262865218,17.075701317742705,-6.749325842701133,10.84436043396623,1.6164401290580996,14.501990698573156,16.662819522220133,8.004081632653087,-3.1428571428571317,-4.831292517006782,-2.9999999999999822,0.7931972789116026,-24.285714285714263,48.15817630383844,-2.79547154399636,19.252526756102277,-12.77428843710319,1,2.25
46,28.00762899158688,4.723001076213944,27.726099221278837,-4.517296992530479,27.79062454713382,-13.70033287013075,11.50755115679388,-11.336071117384998,17.448430827275477,-6.849697833094698,11.019375463351995,1.5839556192639934,14.816437331958591,16.67969683522017,8.004081632653087,-3.1428571428571317,-4.8312925170067516,-2.9999999999999822,0.7931972789116026,-24.285714285714246,48.15817630383844,-2.79547154399636,19.395591433858296,-12.797572600281228,1,2.3000000000000003
47,28.34197357646571,4.529400933617189,28.065079541985263,-4.4881141118637515,28.094876449079937,-13.701355962480978,11.693630783988198,-11.298916559528523,17.816542165190913,-6.945230673612641,11.203085517126095,1.5577010315712576,15.132115825327112,16.692352107205235,8.00408163265308,-3.1428571428571317,-4.831292517006782,-2.9999999999999822,0.7931972789115651,-24.285714285714263,48.15817630383844,-2.79547154399636,19.524036363522455,-12.818477359922834,1,2.35
48,28.673192376599573,4.340645732605001,28.398597890084957,-4.463650724243445,28.393040919588117,-13.702764005719919,11.877852926806712,-11.262999073998389,18.178436121512476,-7.035344191255092,11.395384715876276,1.5382444013830299,15.447879728932078,16.700211776400465,8.004081632653087,-3.1428571428571317,-4.831292517006782,-2.9999999999999822,0.7931972789116026,-24.285714285714263,48.15817630383844,-2.79547154399636,19.637861545094758,-12.837002716028003,1,2.4000000000000004
49,28.99965776010553,4.157640139603944,28.725188777137042,-4.444533586115661,28.683684519727922,-13.704569752052478,12.059733165014379,-11.228704717645728,18.5328108598178,-7.119590296658469,11.596095769565379,1.5259730204043986,15.762776679733697,16.7028525367061,8.004081632653087,-3.1428571428571317,-4.831292517006782,-2.9999999999999822,0.7931972789116026,-24.285714285714263,48.15817630383844,-2.79547154399636,20.625870692326117,-12.508940748389097,1,2.45
50,29.32126099232145,3.9804355850632662,29.044904069192143,-4.430820605786792,28.966720815992794,-13.70671956567713,12.239280110925733,-11.196077835915895,18.879554037901592,-7.198049235004583,11.804755745657102,1.5205512055481298,16.07663066151941,16.700452104722512,8.004081632653087,-3.1428571428571317,-4.831292517006782,-2.9999999999999822,0.7931972789116026,-24.285714285714263,48.15817630383844,-2.79547154399636,21.593326900387744,-12.187703249616394,1,2.5
51,29.638273062890324,3.8088701904379216,29.3581749709237,-4.422427479528354,29.242400126232038,-13.709143213790732,12.41662563499278,-11.165077346402821,19.218850687112727,-7.27093333511159,12.020830300990141,1.5214625300289406,16.38945974478363,16.693338452725058,8.004081632653087,-3.1428571428571317,-4.8312925170067516,-2.9999999999999822,0.7931972789116026,-24.285714285714263,48.15817630383844,-2.79547154399636,22.54023016927961,-11.873290219709865,1,2.5500000000000003
52,29.950964961455217,3.6427820771828454,29.665432687005307,-4.419269903611852,29.510972768294998,-13.711770463590087,12.591901607667605,-11.135662166700342,19.550885838800127,-7.338454925797618,12.243785092403353,1.5281905670615774,16.70128200002062,16.68183955298909,8.00408163265308,-3.1428571428571317,-4.831292517006782,-2.9999999999999822,0.7931972789116026,-24.285714285714263,48.15817630383844,-2.79547154399636,23.466580499001758,-11.565701658669546,1,2.6
53,30.25960767765914,3.482009366752939,29.967108422110314,-4.421263574308807,29.772689060031023,-13.714531082272064,12.765239899402207,-11.107791214402459,19.875844524312726,-7.400826335880781,12.473085776735509,1.5402188898607088,17.012115497724757,16.66628337779005,8.00408163265308,-3.1428571428571317,-4.831292517006782,-2.9999999999999822,0.7931972789116026,-24.285714285714263,48.15817630383844,-2.79547154399636,24.37237788955415,-11.264937566495382,1,2.6500000000000004
54,30.564472201145094,3.3263901806031795,30.26363338091231,-4.4283241878907456,30.027799319289446,-13.717354837033486,12.936772380648542,-11.081423407103038,20.19391177499942,-7.458259894179282,12.708198010825384,1.5570310716410471,17.3219783083903,16.646997899403274,8.00408163265308,-3.1428571428571366,-4.831292517006782,-2.9999999999999822,0.7931972789116026,-24.285714285714263,48.15817630383844,-2.79547154399636,25.257622340936784,-10.970997943187436,1,2.7
55,30.86582952155617,3.175762640188508,30.55543876808478,-4.440367440629128,30.276553863919613,-13.720171495071174,13.106630921858619,-11.056517662395965,20.505272622209155,-7.510967929511189,12.94858745151183,1.5781106856173726,17.630888502511652,16.624311090104147,8.004081632653087,-3.1428571428571366,-4.831292517006782,-2.9999999999999822,0.7931972789116026,-24.285714285714263,48.15817630383844,-2.79547154399636,26.122313853149667,-10.683882788745663,1,2.75
56,31.163950628535332,3.0299648669638497,30.8429557883012,-4.457309028795543,30.5192030117708,-13.722910823582016,13.27494739348449,-11.033032897875204,20.810112097290805,-7.559162770694684,13.19371975563358,1.6029413050043397,17.938864150583065,16.59855092216807,8.004081632653094,-3.1428571428571317,-4.8312925170067516,-2.9999999999999822,0.7931972789116026,-24.285714285714246,48.15817630383844,-2.79547154399636,26.966452426192813,-10.403592103170078,1,2.8000000000000003
57,31.459106511725665,2.888834982384138,31.126615646235035,-4.479064648661435,30.75599708069244,-13.725502589762767,13.441853665978158,-11.01092803113461,21.10861523159333,-7.603056746547897,13.44306058002948,1.6310065030167136,18.245923323098953,16.570045367870378,8.00408163265308,-3.1428571428571317,-4.831292517006782,-2.9999999999999822,0.7931972789115651,-24.285714285714263,48.15817630383844,-2.79547154399636,27.790038060066212,-10.130125886460695,1,2.85
58,31.751568160770148,2.752211107904319,31.406849546559798,-4.505549996498348,30.987186388533782,-13.727876560810353,13.607481609791618,-10.990161979768114,21.400967056465618,-7.642862185888974,13.696075581538297,1.6617898528691581,18.552084090553578,16.5391223994865,8.004081632653087,-3.1428571428571317,-4.831292517006782,-2.9999999999999822,0.7931972789116026,-24.285714285714263,48.15817630383844,-2.79547154399636,28.59307075476986,-9.863484138617482,1,2.9000000000000004
59,32.041606565311845,2.6199313649793226,31.684088693948972,-4.536680768577797,31.2130212531442,-13.729962503921572,13.77196309537688,-10.970693661369644,21.6873526032566,-7.678791417536053,13.952230416998816,1.6947749277764204,18.857364523441305,16.50610998929178,8.004081632653087,-3.1428571428571317,-4.831292517006782,-2.9999999999999822,0.7931972789115651,-24.285714285714263,48.15817630383844,-2.79547154399636,29.37555051030377,-9.603666859640468,1,2.95
60,32.32949271499377,2.4918338750640925,31.9587642930761,-4.572372661171263,31.433751992373015,-13.731690186293243,13.935429993185949,-10.952481993533091,21.96795690331517,-7.711056770307261,14.210990743249866,1.7294453009532165,19.161782692256416,16.4713361095616,8.004081632653087,-3.1428571428571317,-4.831292517006782,-2.9999999999999822,0.7931972789115651,-24.285714285714263,48.15817630383844,-2.79547154399636,30.13747732666794,-9.350674049529639,1,3.0
61,32.61549759945893,2.367756759613583,32.23130754861461,-4.612541370550284,31.649628924069596,-13.732989375122203,14.098014173670862,-10.935485893852345,22.242964987990277,-7.739870573020706,14.471822217130192,1.7652845456142499,19.465356667493296,16.435128732571357,8.00408163265308,-3.1428571428571366,-4.831292517006782,-2.9999999999999964,0.7931972789116026,-24.285714285714263,48.15817630383844,-2.79547154399636,30.878851203862357,-9.104505708284986,1,3.0500000000000003
62,32.89989220835036,2.2475381400827055,32.502149665237994,-4.657102592986373,31.8609023660832,-13.733789837605348,14.259847507283588,-10.91966427992134,22.512561888630792,-7.765445154494619,14.734190495478593,1.801776234974247,19.76810451964623,16.39781583059643,8.00408163265308,-3.1428571428571366,-4.831292517006782,-2.9999999999999964,0.7931972789116026,-24.285714285714263,48.15817630383844,-2.79547154399636,31.599672141887034,-8.865161835906534,1,3.1
63,33.18294753131116,2.131016137926424,32.771721847619816,-4.705972024751026,32.06782263626324,-13.734021340939439,14.421061864476158,-10.904976069334,22.776932636585702,-7.787992843547048,14.997561235133917,1.8384039422479348,20.07004431920958,16.35972537591218,8.004081632653087,-3.1428571428571317,-4.831292517006782,-2.9999999999999822,0.7931972789116026,-24.285714285714263,48.15817630383844,-2.79547154399636,32.29994014074195,-8.632642432394269,1,3.1500000000000004
64,33.46493455798426,2.0180288745996675,33.04045530043349,-4.759065362115781,32.27064005245904,-13.733613652321354,14.58178911570059,-10.89138017968419,23.036262263203852,-7.807725968996195,15.261400092934915,1.8746512406499967,20.37119413667765,16.321185340794,8.004081632653087,-3.1428571428571317,-4.831292517006782,-2.9999999999999822,0.7931972789116026,-24.285714285714263,48.15817630383844,-2.79547154399636,32.97965520042712,-8.406947497748195,1,3.2
65,33.74612427801271,1.908414471557352,33.308781228352515,-4.816298301352116,32.46960493251988,-13.732496538947943,14.742161131408862,-10.878835528565885,23.290735799834177,-7.824856859660172,15.525172725720411,1.910001703395169,20.671572042544767,16.282523697517256,8.00408163265308,-3.1428571428571366,-4.831292517006782,-2.9999999999999964,0.7931972789115651,-24.285714285714263,48.15817630383844,-2.79547154399636,33.638817320942564,-8.188077031968312,1,3.25
66,34.02678768103956,1.8020110502544175,33.57713083605044,-4.877586538731564,32.66496759429518,-13.730599768016,14.902309782053003,-10.867301033572915,23.540538277825604,-7.8395978443571055,15.78834479032914,1.9439389036981691,20.971196107305275,16.244068418357358,8.00408163265308,-3.1428571428571366,-4.831292517006782,-2.9999999999999964,0.7931972789115651,-24.285714285714263,48.15817630383844,-2.79547154399636,34.277426502288236,-7.976031035054614,1,3.3000000000000003
67,34.307195756707856,1.6986567321458423,33.845935328200696,-4.942845770525615,32.8569783556342,-13.727853106722383,15.062366938085075,-10.856735612299211,23.785854728527084,-7.85216125190517,16.050381943599966,1.9759464147737384,21.270084401453452,16.20614747558963,8.00408163265308,-3.1428571428571366,-4.831292517006782,-2.9999999999999964,0.7931972789115651,-24.285714285714263,48.15817630383844,-2.79547154399636,34.89548274446419,-7.770809507007088,1,3.35
68,34.58761949466059,1.598189638686537,34.115625909476826,-5.011991693005805,33.04588753438632,-13.724186322263964,15.222464469957005,-10.847098182338733,24.026870183287457,-7.8627594111224575,16.31074984237165,2.0055078098365358,21.568254995483713,16.169088841489497,8.004081632653065,-3.1428571428571606,-4.831292517006804,-3.0000000000000018,0.7931972789115651,-24.28571428571428,48.15817630383844,-2.79547154399636,35.49298604747037,-7.57241244782577,1,3.4000000000000004
69,34.868200137378125,1.500490732375727,34.3865472864438,-5.084940002443663,33.23194544840085,-13.7195291818375,15.382725635806223,-10.838356887268548,24.263743307614398,-7.871576192177371,16.569024323365973,2.0322190749554916,21.865706859738857,16.133143117142318,8.00408163265308,-3.1428571428571366,-4.831292517006782,-3.0000000000000018,0.7931972789115651,-24.285714285714263,47.828744087526864,-2.9367283822355623,36.06993641130681,-7.380839857510647,1,3.45
70,35.14855993869009,1.4056123398897435,34.658698173232914,-5.161606395110646,33.41540241552713,-13.713811452639913,15.543239244511788,-10.830516774598703,24.49652730365032,-7.878681630639104,16.825221942836876,2.0561258476162734,22.162362563955874,16.09825141887347,8.00408163265308,-3.1428571428571366,-4.831292517006782,-2.9999999999999964,0.7931972789115651,-24.285714285714263,47.51299122968163,-3.073474691334372,36.62633383597352,-7.1960917360617,1,3.5
71,35.428191405263426,1.313649628949217,34.931990785866915,-5.241906567278316,33.59650875361452,-13.706962901867998,15.704085492638145,-10.82359211782235,24.725249007696334,-7.8841173034271455,17.079469436921215,2.0773861781586858,22.458125577720217,16.064277491818235,8.00408163265308,-3.1428571428571366,-4.831292517006782,-2.9999999999999964,0.7931972789115651,-24.285714285714263,47.21073557620449,-3.205706681309448,37.16217832147047,-7.018168083478932,1,3.5500000000000003
72,35.70658704376514,1.2246977672747792,35.206337340368584,-5.325756215218139,33.77551478051232,-13.698913296718601,15.865344576749743,-10.817597190432705,24.94993525605355,-7.887924787460908,17.331893541755925,2.096158116922604,22.752899370617456,16.031085081112035,8.00408163265308,-3.1428571428571317,-4.831292517006782,-2.9999999999999964,0.7931972789115651,-24.285714285714263,46.921794972997134,-3.3334205621774196,37.677469867797676,-6.847068899762355,1,3.6
73,35.98323936086214,1.138851922587022,35.481650052760685,-5.413071035201667,33.95267081406987,-13.689592404388527,16.02709669341094,-10.812546265922999,25.170612885023147,-7.890145659659876,17.58262099347786,2.1125997142478474,23.04658741223308,15.998537931890171,8.00408163265308,-3.1428571428571366,-4.831292517006782,-2.9999999999999964,0.7931972789115651,-24.285714285714263,46.6459872659613,-3.456612543955017,38.172208474955134,-6.682794184911973,1,3.6500000000000004
74,36.25764086322141,1.056207262606601,35.757841139065995,-5.503766723500409,34.12822717213655,-13.67892999207465,16.18942203918626,-10.808453617786457,25.387308730906184,-7.890821496943472,17.831778528223936,2.1268690204742478,23.339093172152523,15.966499789288024,8.004081632653065,-3.1428571428571366,-4.831292517006782,-2.9999999999999964,0.7931972789115651,-24.28571428571428,46.38313030099879,-3.57527883665886,38.646394142942874,-6.525343938927795,1,3.7
75,36.529284057509855,0.9768589550541323,36.03482281530731,-5.597758976385825,34.30243417256162,-13.666855826973816,16.35240081064013,-10.805333519516232,25.600049630003852,-7.889993876231151,18.07949288213106,2.1391240859416527,23.63032011996134,15.934834398440914,8.004081632653065,-3.1428571428571366,-4.831292517006804,-2.9999999999999964,0.7931972789115651,-24.28571428571428,46.13304192401126,-3.6894156503055964,39.10002687176082,-6.37471816180977,1,3.75
76,36.79766145039451,0.9009021676502187,36.31250729750742,-5.69496349012951,34.47554213319447,-13.653299676282828,16.51611320433696,-10.803200244605575,25.80886241861721,-7.887704374442351,18.325890791336114,2.1495229609899,23.920171725245034,15.903405504484214,8.004081632653065,-3.1428571428571366,-4.831292517006782,-2.9999999999999964,0.7931972789115651,-24.285714285714263,45.89553998090045,-3.7990191949119194,39.53310666140902,-6.230916853557943,1,3.8000000000000003
77,37.062265548542285,0.8284320681155051,36.59080680168906,-5.795295961002911,34.647801371884455,-13.638191307198554,16.680639416841224,-10.802068066547667,26.013773933047453,-7.883994568496522,18.57109899197603,2.158223695958831,24.208551457589106,15.872076852553265,8.004081632653065,-3.1428571428571366,-4.831292517006804,-2.9999999999999964,0.7931972789115651,-24.285714285714263,45.670442317568124,-3.90408568049452,39.945633511887515,-6.093940014172326,1,3.85
78,37.32258885862013,0.7595438241706134,36.869633543875054,-5.898672085277554,34.81946220648085,-13.621460486917801,16.846059644717325,-10.801951258835729,26.21481100959563,-7.878906035313155,18.815244220187658,2.1653843411882887,24.49536278657903,15.840712187783398,8.00408163265308,-3.1428571428571366,-4.831292517006782,-2.9999999999999964,0.7931972789115651,-24.285714285714263,45.45756677991602,-4.004611317070005,40.33760742319624,-5.963787643652875,1,3.9000000000000004
79,37.57812388729502,0.6943326035361261,37.14889974008814,-6.0050075592249685,34.99077495483303,-13.603036982637441,17.012454084529754,-10.802864094962983,26.412000484562927,-7.872480351811632,19.05845321210792,2.171162947018082,24.780509181800312,15.809175255309961,8.00408163265308,-3.1428571428571366,-4.831292517006782,-2.9999999999999964,0.7931972789115651,-24.285714285714263,45.25673121384578,-4.100592314655063,40.709028395335245,-5.8404597419996085,1,3.95
80,37.8283631412339,0.6328935739327276,37.42851760635111,-6.114218079116661,35.161989934790284,-13.582850561554288,17.17990293284287,-10.804820848422631,26.605369194250425,-7.864759094911474,19.300852703873723,2.175717563788087,25.063894112838465,15.777329800268332,8.00408163265308,-3.1428571428571366,-4.831292517006782,-2.9999999999999964,0.7931972789115651,-24.285714285714263,45.067753465259244,-4.192024883266369,41.05989642830446,-5.723956309212567,1,4.0
81,38.07279912710373,0.5753219030809956,37.708399358686755,-6.226219341224117,35.333357464202,-13.560830990865163,17.348486386221197,-10.80783579270785,26.79494397495928,-7.8557838415320695,19.542569431621946,2.179206241838131,25.345421049278976,15.745039567793828,8.004081632653065,-3.1428571428571366,-4.831292517006804,-3.0000000000000018,0.7931972789115651,-24.28571428571428,44.89045138005805,-4.278905232920572,41.39021152210397,-5.614277345291666,1,4.05
82,38.31092435157149,0.5217127587015662,37.98845721311779,-6.340927041818887,35.50512786091749,-13.536908037766938,17.518284641229126,-10.811923201311886,26.980751662990574,-7.845596168592913,19.78373013148949,2.181787031508018,25.62499346070738,15.712168303021809,8.004081632653065,-3.1428571428571606,-4.831292517006804,-2.9999999999999964,0.7931972789115425,-24.28571428571428,44.72464280414404,-4.361229573634362,41.699973676733705,-5.5114228502369755,1,4.1000000000000005
83,38.5422313213041,0.472161308515085,38.26860338566706,-6.458256877172433,35.67755144278611,-13.511011469456431,17.689377894431153,-10.817097347727902,27.162819094645517,-7.834237653013395,20.024461539613284,2.183617983137653,25.902514816709136,15.67857975108764,8.00408163265308,-3.1428571428571366,-4.831292517006782,-2.9999999999999964,0.7931972789115651,-24.285714285714263,44.57014558341885,-4.438994115424364,41.98918289219372,-5.41539282404847,1,4.15
84,38.76621254296849,0.42676272024211526,38.54875009235734,-6.5781245435563385,35.850878527657144,-13.483071053130503,17.86184634239161,-10.823372505449179,27.341173106225174,-7.821749871713042,20.264890392130184,2.1848571470668166,26.177888586869756,15.644137657126619,8.004081632653065,-3.1428571428571606,-4.831292517006804,-3.0000000000000018,0.7931972789115651,-24.28571428571428,44.42677756378425,-4.512195068307271,42.25783916848395,-5.3261872667261585,1,4.2
85,38.98236052323167,0.3856121616033462,38.828809549211364,-6.700445737242056,36.025359433379975,-13.453016555985945,18.03577018167504,-10.830762947968829,27.515840534030623,-7.808174401611224,20.505143425177096,2.1856625736353736,26.451018240774722,15.608705766274149,8.00408163265308,-3.1428571428571366,-4.831292517006804,-2.9999999999999964,0.7931972789115651,-24.285714285714263,44.294356591141984,-4.580828642299736,42.50594250560447,-5.2438061782700425,1,4.25
86,39.19016776876061,0.3488048003193509,39.108693972251935,-6.825136154501092,36.20124447780395,-13.420777745219615,18.211229608845834,-10.83928294878016,27.686848214363074,-7.793552819627448,20.745347374890954,2.186192313183148,26.721807248009572,15.572147823665558,8.004081632653065,-3.1428571428571606,-4.831292517006804,-2.9999999999999964,0.7931972789115425,-24.28571428571428,44.172700511393785,-4.644891047418412,42.73349290355523,-5.168249558680087,1,4.3
87,39.389126786222214,0.3164358041107701,39.388315577501814,-6.95211149160501,36.37878397877835,-13.386284388028393,18.388304820468434,-10.8489467813763,27.85422298352363,-7.777926702681139,20.985628977408606,2.186604416049992,26.990159078159795,15.53432757443619,8.004081632653065,-3.1428571428571366,-4.831292517006804,-2.9999999999999964,0.7931972789115651,-24.28571428571428,44.06162717044135,-4.704378493680005,42.94049036233622,-5.099517407956342,1,4.3500000000000005
88,39.57873008228347,0.28860034069823004,39.66758658098383,-7.081287444825296,36.558228254152546,-13.349466251609034,18.567076013107275,-10.859768719250512,28.017991677813384,-7.76133762769177,21.226114968866995,2.187056932575733,27.255977200810854,15.49510876372138,8.004081632653065,-3.1428571428571366,-4.831292517006804,-2.9999999999999964,0.7931972789115651,-24.28571428571428,43.96095441418642,-4.75928719110113,43.1269348819475,-5.037609726098776,1,4.4
89,39.75880544344575,0.26533753061745724,39.946351019964915,-7.212448738761051,36.73971732997092,-13.310239248323093,18.747589609253847,-10.87175415543698,28.17818113353348,-7.74382717157874,21.466915529149095,2.1876801327574156,27.519188434178666,15.454396163188308,8.00408163265304,-3.1428571428571606,-4.831292517006804,-3.0000000000000018,0.7931972789115425,-24.285714285714292,43.87050008853074,-4.80961334969848,43.471129827693765,-4.903620244127928,1,4.45
90,39.93052177554817,0.24646230566454136,40.224180216689,-7.344856211321867,36.92295006505817,-13.268463871190423,18.929756935107733,-10.88487296113392,28.334818186985043,-7.725436911261543,21.70807461312243,2.1884931652209283,27.779812991000636,15.412258650631223,8.004081632653056,-3.1428571428571606,-4.831292517006804,-2.9999999999999964,0.7931972789115425,-24.285714285714292,43.790082039376045,-4.85535317948872,43.807783726115346,-4.772566368960797,1,4.5
91,40.09538326426434,0.23173355045073493,40.50057731464419,-7.477639728744879,37.10751502643405,-13.223986758395696,19.113455542795457,-10.899086127080592,28.487929674469225,-7.706208423659603,21.949619619400615,2.1894873982493106,28.03789443264444,15.368806130376237,8.004081632653065,-3.1428571428571366,-4.831292517006804,-3.0000000000000018,0.7931972789115651,-24.28571428571428,43.719518112624066,-4.896502890488502,44.13689657721237,-4.644448100597441,1,4.55
92,40.25489409526773,0.2209101495872471,40.77504545731863,-7.609929157267306,37.29300078111831,-13.176654548123453,19.298562984443663,-10.91435464401622,28.63754243228708,-7.686183285692376,22.191577946597256,2.1906542001256684,28.293476320477914,15.324148506749433,8.004081632653065,-3.1428571428571366,-4.831292517006804,-2.9999999999999964,0.7931972789115651,-24.28571428571428,43.65862615417648,-4.933058692714497,44.45846838098466,-4.519265439037788,1,4.6000000000000005
93,40.410558454231996,0.2137509876852775,41.047087788200415,-7.740854363126303,37.4789958961307,-13.126313878558271,19.48495681217891,-10.930639502680032,28.7836832967398,-7.665403074279329,22.433976993325935,2.191984939133053,28.546602215868724,15.278395684076898,8.004081632653065,-3.1428571428571366,-4.831292517006804,-2.9999999999999964,0.7931972789115651,-24.28571428571428,43.60722400993513,-4.9650167961833525,44.77249913743232,-4.39701838428191,1,4.65
94,40.56388052683058,0.21001494935604484,41.31620745077769,-7.869545212559028,37.66508893849092,-13.072811387884762,19.672514578127817,-10.947901693811282,28.926379104128475,-7.643909366339904,22.676844158200318,2.1934709835545565,28.797315680184663,15.231657566684689,8.004081632653065,-3.1428571428571606,-4.831292517006804,-3.0000000000000018,0.7931972789115651,-24.285714285714292,43.565129525801666,-4.992373410911758,45.07898884655533,-4.277706936329766,1,4.7
95,40.71636449873711,0.20946091921079216,41.58190758853856,-7.995131571802633,37.85086847521878,-13.015993714287445,19.861113834416933,-10.966102208149167,29.065656690754256,-7.621743738793516,22.920206839834016,2.195103701673222,29.045660274793505,15.184044058898944,8.004081632653056,-3.1428571428571606,-4.831292517006804,-3.0000000000000018,0.7931972789115425,-24.285714285714292,43.53216054767785,-5.015124746916384,45.37793750835375,-4.161331095181357,1,4.75
96,40.86951455562515,0.21184778186071895,41.84369134497114,-8.116743307094344,38.035923073334054,-12.955707495950966,20.05063213317289,-10.985202036432943,29.201542892918226,-7.598947768559658,23.164092436840612,2.196874461772151,29.291679561062995,15.135665065045705,8.004081632653056,-3.1428571428571606,-4.831292517006812,-3.0000000000000018,0.7931972789115425,-24.285714285714292,43.50813492146537,-5.033267014213861,45.66934512282753,-4.0478908608366995,1,4.800000000000001
97,41.024834883168225,0.21693442191702472,42.10106186356358,-8.23351028467131,38.219841299856384,-12.891799371059884,20.240947026522292,-11.00516216940186,29.33406454692155,-7.5755630325577465,23.408528347833695,2.1987746321343953,29.535417100360856,15.086630489451084,8.004081632653056,-3.1428571428571606,-4.831292517006804,-3.0000000000000018,0.7931972789115425,-24.28571428571428,43.49287049306602,-5.046796422820861,45.95321168997659,-3.937386233295783,1,4.8500000000000005
98,41.183829667039916,0.22447972399098148,42.35352228780399,-8.344562370770667,38.40221172180559,-12.824115977798742,20.431936066591703,-11.025943597795107,29.463248489065364,-7.551631107707238,23.653541971426996,2.2007955810430655,29.77691645405492,15.037050236441164,8.004081632653065,-3.1428571428571366,-4.831292517006804,-2.9999999999999964,0.7931972789115651,-24.28571428571428,43.48618510838148,-5.055709182754075,46.22953720980102,-3.8298172125586327,1,4.9
99,41.34800309291375,0.23424257269375004,42.60057576118046,-8.44902943162964,38.58262290620146,-12.752503954352171,20.623476805507686,-11.047507312351962,29.58912155565073,-7.527193570927619,23.89916070623399,2.2029286767811906,30.016221183512815,14.987034210342022,8.00408163265304,-3.1428571428571606,-4.831292517006812,-3.0000000000000018,0.7931972789115425,-24.28571428571431,43.48789661331349,-5.06000150403014,46.49832168230087,-3.725183798625195,1,4.95
100,41.5188593464633,0.24598185263656375,42.84172542718113,-8.546041333485388,38.76066342006368,-12.676809938904746,20.815446795396866,-11.069814303811642,29.71171058297882,-7.502291999138287,24.14541195086839,2.205165287631867,30.253374850102396,14.936692315479727,8.004081632653056,-3.1428571428571606,-4.831292517006812,-3.0000000000000018,0.7931972789115425,-24.285714285714292,43.49782285376385,-5.0596695966657315,46.75956510747603,-3.6234859914955138,1,5.0
101,41.69790261336211,0.2594564484306801,43.076474429294166,-8.634727942575042,38.935921830412035,-12.596880569641042,21.00772358838585,-11.09282556291335,29.831042407350758,-7.476967969258692,24.392323103943745,2.207496781878166,30.48842101519138,14.886134456180397,8.004081632653065,-3.1428571428571606,-4.831292517006812,-3.0000000000000018,0.7931972789115651,-24.285714285714292,43.51578167563423,-5.054709670677515,47.01326748532655,-3.524723791169564,1,5.050000000000001
102,41.88663707928377,0.2744252446872358,43.30432591100764,-8.714219125135836,39.10798670426625,-12.512562484745617,21.200184736601216,-11.116502080396389,29.947143865067645,-7.45126305820833,24.639921564073717,2.2099145278031456,30.721403240147527,14.8354705367701,8.004081632653065,-3.1428571428571606,-4.831292517006812,-3.0000000000000018,0.7931972789115651,-24.285714285714292,43.54159092482633,-5.045117936082149,47.25942881585244,-3.4288971976473657,1,5.1000000000000005
103,42.08656692990179,0.2906471260175317,43.52478301580966,-8.783644747404876,39.27644660864606,-12.42370232240309,21.39270779216954,-11.140804846999877,30.060041792430635,-7.425218842906606,24.888234729871876,2.2124098936899164,30.952365086338595,14.784810461574953,8.00408163265308,-3.1428571428571366,-4.831292517006804,-2.9999999999999964,0.7931972789115651,-24.28571428571428,43.575068447241925,-5.030890602896311,47.49804909905367,-3.3360062109289133,1,5.15
104,42.29919635088972,0.3078809770327433,43.73734888718835,-8.842134675619384,39.44089011057125,-12.330146720798021,21.58517030721739,-11.1656948534632,30.169763025740846,-7.398876900272998,25.137289999951847,2.2149742478215115,31.181350115132318,14.734264134920986,8.00408163265304,-3.1428571428571606,-4.831292517006812,-3.0000000000000018,0.7931972789115425,-24.28571428571431,43.61603208878277,-5.012023881136648,47.72912833493026,-3.246050831014203,1,5.2
105,42.52602952792118,0.3258856823440604,43.94152666863189,-8.88881877601652,39.60090577706156,-12.23174231811497,21.777449833871383,-11.191133090525463,30.276334401299344,-7.372278807226952,25.38711477292729,2.2175989584810276,31.408401887896503,14.683941461134328,8.004081632653056,-3.1428571428571606,-4.831292517006812,-3.0000000000000018,0.7931972789115425,-24.28571428571431,43.66429969535053,-4.988513980819835,47.952666523482186,-3.159031057903239,1,5.25
106,42.76857064666969,0.34442012656276944,44.136819503628345,-8.922826914833434,39.75608217513677,-12.128335752538554,21.969423924258166,-11.217080548925951,30.379782755407348,-7.345466140687877,25.63773644741176,2.2202753939515265,31.633563965998817,14.633952344541054,8.004081632653065,-3.1428571428571366,-4.831292517006804,-3.0000000000000018,0.7931972789115651,-24.285714285714292,43.71968911284703,-4.960357111962534,48.168663664709484,-3.074946891596016,1,5.300000000000001
107,43.02832389280878,0.36324319430003127,44.32273053566585,-8.94328895830732,39.90600787181655,-12.019773662253337,22.160970130504225,-11.2434982194039,30.480134924365938,-7.318480477575278,25.88918242201894,2.2229949225161096,31.856879910807088,14.584406689467245,8.004081632653056,-3.1428571428571606,-4.831292517006812,-3.0000000000000018,0.7931972789115425,-24.28571428571431,43.7820181871739,-4.927549484581398,48.37711975861217,-2.99379833209255,1,5.3500000000000005
108,43.306793452012045,0.38211377016710346,44.498762908232564,-8.949334772675336,40.05027143412076,-11.9059026854439,22.351966004736234,-11.270347092698536,30.57741774447624,-7.291363394808553,26.141480095362372,2.2257489124577905,32.07839328368905,14.535414400239011,8.004081632653065,-3.1428571428571366,-4.831292517006804,-2.9999999999999964,0.7931972789115651,-24.28571428571428,43.85110476423293,-4.8900873086931265,48.57803480519021,-2.9155853793927857,1,5.4
109,43.60494311985517,0.40078254322908147,44.66455515220223,-8.940408170592534,40.188543138824976,-11.786711808200986,22.542288763605796,-11.297588491859152,30.671658052039373,-7.2641564693071805,26.394597623143298,2.22852610668826,32.29813457273551,14.487049048529007,8.004081632653056,-3.1428571428571606,-4.831292517006804,-2.9999999999999964,0.7931972789115425,-24.28571428571431,43.92676668992584,-4.8479667943143445,48.77140880444356,-2.8403080334968127,1,5.45
110,43.9215751315222,0.4189674203668148,44.82028734799163,-8.917208750385257,40.32082010172852,-11.662759408239943,22.731814281864963,-11.325185069175324,30.762882683356455,-7.2369012779906186,26.648266189413402,2.231304746633338,32.51608197292975,14.439238875396512,8.004081632653056,-3.1428571428571366,-4.831292517006812,-2.9999999999999964,0.7931972789115651,-24.28571428571431,44.0088218101544,-4.8011841514617135,48.95724175637226,-2.7679662944045655,1,5.5
111,44.254951332099374,0.43637811291497114,44.96627496340316,-8.88075005679783,40.447181148386754,-11.534746211182238,22.92041809879077,-11.353099809246636,30.85111847472863,-7.209639397778302,26.902157735311974,2.2340604483474142,32.73220060597801,14.391875789247358,8.004081632653065,-3.1428571428571606,-4.831292517006804,-2.9999999999999964,0.7931972789115425,-24.285714285714292,44.09708797082027,-4.74973559015194,49.13553366097638,-2.698560162116051,1,5.550000000000001
112,44.603333566672895,0.4527243322083106,45.10283346623927,-8.832045634574477,40.567705104354836,-11.40337294264939,23.10797575366022,-11.381295696672737,30.936392262457,-7.1824124055896785,27.15594420197833,2.236768827884922,32.94645559358661,14.344851698487386,8.004081632653065,-3.1428571428571366,-4.831292517006804,-2.9999999999999822,0.7931972789115651,-24.28571428571428,44.191383017825224,-4.6936173204016605,49.30628451825581,-2.6320896366312874,1,5.6000000000000005
113,44.96498368032904,0.467715789581535,45.23027832430236,-8.77210902845945,40.68247079518806,-11.26934032826291,23.29436278575041,-11.40973571605326,31.018730882842714,-7.155261878344179,27.409297530551672,2.2394055013002223,33.158812057461894,14.298058511522443,8.004081632653065,-3.1428571428571366,-4.831292517006812,-3.0000000000000018,0.7931972789115651,-24.285714285714292,44.291524797071,-4.63282555222754,49.46949432821061,-2.5685547179502652,1,5.65
114,45.338163518154026,0.4810621963693944,45.34892500539482,-8.701953783197,40.7915570464417,-11.133349093644256,23.479454734338397,-11.438382851987775,31.09816117218689,-7.1282293929612885,27.661889662171387,2.2419460846477577,33.36923511931013,14.25138813675838,8.004081632653065,-3.1428571428571366,-4.831292517006804,-2.9999999999999964,0.7931972789115651,-24.285714285714292,44.39733115445931,-4.567356495646241,49.62516309084077,-2.507955406073004,1,5.7
115,45.72113492523398,0.4924732639065812,45.45908897731911,-8.6225934435314,40.89504268367095,-10.996099964414947,23.663127138701263,-11.46720008907594,31.174709966790648,-7.101356526360449,27.913392537976673,2.2443661939819135,33.577689900837626,14.204732482601054,8.00408163265308,-3.1428571428571366,-4.831292517006804,-2.9999999999999964,0.7931972789115651,-24.28571428571428,44.50861993589188,-4.497206360674429,49.77329080614624,-2.4502917009994754,1,5.75
116,46.11215974665524,0.5016587035278164,45.561085707877616,-8.53504155420691,40.993006532431124,-10.85829366619648,23.845255538116014,-11.496150411917377,31.24840410295512,-7.074684855461086,28.163478099106868,2.2466414453570756,33.78414152375068,14.157983457456309,8.00408163265308,-3.1428571428571366,-4.831292517006804,-2.9999999999999964,0.7931972789115651,-24.28571428571428,44.625208987270476,-4.422371357328781,49.91387747412711,-2.395563602729673,1,5.800000000000001
117,46.50949982750392,0.5083282265678309,45.65523066487288,-8.44031165996779,41.08552741827746,-10.72063092461034,24.02571547185973,-11.525196805111703,31.31927041698142,-7.048255957182672,28.411818286701223,2.248747454827685,33.98855510975562,14.111032969730003,8.004081632653065,-3.1428571428571366,-4.831292517006804,-2.9999999999999964,0.7931972789115651,-24.28571428571428,44.74691615449678,-4.342847695625939,50.04692309478334,-2.343771111263632,1,5.8500000000000005
118,46.911417012866316,0.5121915443613508,45.74183931610715,-8.33941730555826,41.17268416676521,-10.583812465278058,24.204382479209485,-11.554302253258522,31.387335745170684,-7.022111408444647,28.65808504189903,2.250659838448105,34.19089578055874,14.063772927827964,8.004081632653065,-3.1428571428571366,-4.831292517006804,-2.9999999999999964,0.7931972789115651,-24.285714285714292,44.87355928347255,-4.258631585582582,50.172427668114906,-2.2949142266013274,1,5.9
119,47.31617314782862,0.5129583682430781,45.821227129382926,-8.233372035722592,41.25455560344958,-10.44853901382107,24.38113209944232,-11.583429740957438,31.452626923824024,-6.996292786166446,28.90195030583961,2.2523542122727287,34.39112865786633,14.016095240156044,8.00408163265308,-3.1428571428571366,-4.831292517006804,-2.9999999999999964,0.7931972789115651,-24.28571428571428,45.00495622009955,-4.169719237215377,50.29039119412185,-2.248992948742769,1,5.95
120,47.72203007747706,0.510338409547777,45.893709572502644,-8.123189395205085,41.33122055388593,-10.315511295860917,24.555839871835285,-11.612542252808119,31.515170789242575,-6.97084166726752,29.1430860196622,2.2538061923560186,34.58921886338473,13.967891815120113,8.00408163265308,-3.1428571428571317,-4.831292517006804,-2.9999999999999822,0.7931972789115651,-24.285714285714263,45.140924810279444,-4.076106860541002,50.40081367280414,-2.2060072776879625,1,6.0
121,48.12724964689784,0.5040413796101063,45.959602113268694,-8.009882928749924,41.40275784362939,-10.185430037019087,24.728381335665468,-11.641602773410176,31.574994177727458,-6.94579962866736,29.381164124506117,2.254991394752332,34.78513151882021,13.91905456112599,8.004081632653065,-3.1428571428571366,-4.831292517006804,-2.9999999999999964,0.7931972789115651,-24.28571428571428,45.28128289991403,-3.977790665576081,50.50369510416178,-2.1659572134368825,1,6.050000000000001
122,48.53009370117717,0.4937769897648306,46.019220219483515,-7.8944661811013965,41.469246298235305,-10.058995962917079,24.898632030209885,-11.670574287363193,31.632123925579787,-6.921208247285374,29.615856561510665,2.2558854355160722,34.97883174587909,13.869475386579552,8.00408163265308,-3.1428571428571317,-4.831292517006804,-2.9999999999999822,0.7931972789115651,-24.28571428571428,45.425848334905005,-3.8747668623372915,50.59903548819478,-2.128842755989554,1,6.1000000000000005
123,48.92882408540129,0.47925495134666135,46.07287935894954,-7.777952697003808,41.530764743258906,-9.93690979917636,25.066467494745638,-11.699419779266824,31.68658686910071,-6.8971091000410185,29.84683527181506,2.2564639307016434,35.17028466626769,13.819046199886621,8.004081632653065,-3.1428571428571317,-4.831292517006804,-2.9999999999999822,0.7931972789115651,-24.28571428571428,45.57443896115411,-3.7670316608413352,50.68683482490314,-2.094663905345972,1,6.15
124,49.32170264465646,0.4601849756903053,46.12089499946916,-7.661356021201333,41.587392004255435,-9.819872271418477,25.23176326854973,-11.728102233720678,31.73840984459133,-6.873543763853745,30.073772196558625,2.256702496363455,35.359455401692266,13.767658909453077,8.004081632653065,-3.1428571428571366,-4.831292517006804,-2.9999999999999964,0.7931972789115651,-24.28571428571428,45.72687262456307,-3.6545812711048176,50.767093114286844,-2.0634206615061315,1,6.2
125,49.706991224028776,0.4362767741305174,46.16358260884483,-7.54568969843825,41.63920690678016,-9.708584105264872,25.394394890899264,-11.756584635324357,31.78761968835278,-6.8505538156430035,30.296339276880705,2.2565767485559123,35.54630907385918,13.71520542368475,8.004081632653065,-3.1428571428571317,-4.831292517006804,-2.9999999999999822,0.7931972789115651,-24.285714285714263,45.882967171033606,-3.5374119031444495,50.839810356345914,-2.035113024470042,1,6.25
126,50.08295166860458,0.4072400580019899,46.201257654878944,-7.431967273458842,41.686288276388346,-9.603746026337076,25.554237901071332,-11.784829968677515,31.83424323668618,-6.828180832328242,30.514208453920478,2.2560623033334037,35.73081080447472,13.661577650987489,8.00408163265308,-3.1428571428571317,-4.831292517006782,-2.9999999999999822,0.7931972789115651,-24.285714285714263,46.04254044646746,-3.415519766976889,50.90498655108035,-2.0097409942376894,1,6.300000000000001
127,50.44784582347007,0.3727845386394489,46.23423560537391,-7.321202291007379,41.728714938635214,-9.5060587602566,25.711167838342888,-11.812801218379766,31.878307325892667,-6.806466390828913,30.727051668817296,2.2551347767503254,35.91292571524514,13.606667499767125,8.00408163265308,-3.1428571428571317,-4.831292517006804,-2.9999999999999822,0.7931972789115651,-24.28571428571428,46.20541029676639,-3.2889010726187653,51.36401115822023,-1.6588674978912403,1,6.3500000000000005
128,50.799935533711356,0.3326199273776203,46.26283192813222,-7.21440829582805,41.76656571907603,-9.416223032644897,25.865060241991046,-11.84046136903072,31.919838792273364,-6.785452068064448,30.934540862710428,2.2537697848611096,36.09261892787681,13.550366878429525,8.00408163265308,-3.1428571428571317,-4.831292517006782,-2.9999999999999822,0.7931972789115651,-24.28571428571428,46.37139456783209,-3.157552030086799,51.78361033898001,-1.3381303754641005,1,6.4
129,51.137482644414824,0.2864559355512398,46.28736209095619,-7.11259883266517,41.799919443266056,-9.334939569123488,26.015790651292846,-11.867773405229984,31.958864472129378,-6.765179440954333,31.136347976739152,2.251942943720147,36.269855564075996,13.492567695380561,8.00408163265308,-3.1428571428571317,-4.831292517006782,-2.9999999999999822,0.7931972789115651,-24.285714285714263,46.54031110556632,-3.021468849397591,52.163784093359666,-1.0475296269562893,1,6.45
130,51.45874900066658,0.23400227449499,46.30814156164829,-7.0167874462629625,41.82885493676058,-9.262909095313846,26.163234605525403,-11.894700311577198,31.995411201761858,-6.745690086417974,31.332144952042785,2.2496298693818124,36.44460074554904,13.43316185902605,8.00408163265308,-3.1428571428571317,-4.831292517006804,-2.9999999999999822,0.7931972789115651,-24.285714285714263,46.7119777558708,-2.880647740567862,52.504532421359244,-0.7870652523678356,1,6.5
131,51.7619964475529,0.1749686555436307,46.32548580801097,-6.927987681365701,41.85345102511481,-9.200832336837536,26.307267643965712,-11.921205072671974,32.029505817471914,-6.727025581374857,31.52160372976054,2.2468061779005297,36.6168195940022,13.372041277771837,8.00408163265308,-3.1428571428571366,-4.831292517006782,-2.9999999999999822,0.7931972789115651,-24.28571428571428,46.886212364647264,-2.735084913614232,52.805855322978644,-0.5567372516986816,1,6.550000000000001
132,52.045486830159966,0.10906479003186377,46.33971029784668,-6.847213082717639,41.87378653388399,-9.149410019315951,26.44776530589084,-11.94725067311395,32.06117515556066,-6.709227502744413,31.704396251031802,2.243447485330718,36.786477231141816,13.309097860023789,8.00408163265308,-3.1428571428571317,-4.831292517006782,-2.9999999999999822,0.7931972789115651,-24.285714285714263,47.06283277779742,-2.584776578553406,53.067752798217995,-0.3565456249488562,1,6.6000000000000005
133,52.30748199357397,0.03600038929440075,46.351130498957694,-6.775477195063029,41.88994028862342,-9.109342868370673,26.58460313057786,-11.972800097502716,32.09044605232923,-6.6923374274460885,31.880194456995792,2.2395294077267334,36.95353877867418,13.244223514187743,8.00408163265308,-3.1428571428571366,-4.831292517006804,-2.9999999999999822,0.7931972789115651,-24.285714285714263,47.24165684122304,-2.42971894540201,53.29022484707719,-0.18649037211836914,1,6.65
134,52.546243782881234,-0.044514835334008185,46.36006187914663,-6.71379356314612,41.901991114888325,-9.081331609623152,26.717656657303834,-11.997816330437896,32.11734534407877,-6.67639693239933,32.048670288791804,2.235027561143028,37.11796935830559,13.17731014866957,8.00408163265308,-3.1428571428571317,-4.831292517006782,-2.9999999999999822,0.7931972789115651,-24.285714285714263,47.42250240082583,-2.269908224176744,53.47327146955626,-0.04657149320720578,1,6.7
135,52.76003404316782,-0.13277117251867565,46.36681990621576,-6.663175731711185,41.91001783823396,-9.066076968694897,26.846801425345785,-12.022262356519159,32.14189986711041,-6.661447594523584,32.20949568755911,2.2299175616339633,37.279734091742384,13.10824967187508,8.00408163265308,-3.1428571428571317,-4.831292517006782,-2.9999999999999822,0.7931972789115651,-24.285714285714263,47.60518730250752,-2.105340624894234,53.61689266565528,0.06321101178463863,1,6.75
136,52.94711461952012,-0.22905891092484665,46.37172004796754,-6.624637245502467,41.914099284215595,-9.06427967120742,26.971912973980828,-12.046101160346048,32.164136457725206,-6.647530990738329,32.36234259443703,2.224175025253968,37.43879810069082,13.036933992210146,8.00408163265308,-3.1428571428571317,-4.831292517006782,-2.9999999999999822,0.7931972789115651,-24.285714285714263,47.78952939216986,-1.9360123575711905,53.72108843537416,0.1428571428571496,1,6.800000000000001
137,53.105747357024256,-0.3336683392178193,46.37507777220441,-6.59919164926422,41.91431427838846,-9.07664044278219,27.092866842485982,-12.069295726518236,32.18408195222434,-6.634688697962967,32.506882950564844,2.217775568057441,37.59512650685723,12.963255018080606,8.00408163265308,-3.1428571428571317,-4.831292517006782,-2.9999999999999822,0.7931972789116026,-24.285714285714263,47.975346515714534,-1.761919632224228,53.72108843537416,0.1428571428571496,1,6.8500000000000005
138,53.234194100766466,-0.44688974606286763,46.37720854672877,-6.5878524877407125,41.910741646307834,-9.10386000904073,27.20953857013828,-12.091809039635338,32.20176318690895,-6.622962293117012,32.642788697081784,2.210694806098753,37.74868443194792,12.887104657892326,8.004081632653065,-3.1428571428571317,-4.831292517006782,-2.9999999999999822,0.7931972789115651,-24.285714285714263,48.16245651904336,-1.5830586588700435,53.72108843537416,0.1428571428571496,1,6.9
139,53.330716695832976,-0.5690134201252607,46.37842783934309,-6.591633305676186,41.903460213528966,-9.146639095604522,27.321803696214833,-12.113604084296941,32.21720699808011,-6.612393353119845,32.769731775127205,2.2029083554323474,37.899436997669156,12.80837482005115,8.00408163265308,-3.1428571428571317,-4.831292517006782,-2.9999999999999822,0.7931972789116026,-24.285714285714263,48.350677248058005,-1.3994256475252809,53.72108843537416,0.1428571428571496,1,6.95
140,53.393576987309956,-0.7003296500703065,46.379051117849755,-6.611547647814906,41.892548805607106,-9.205678428095036,27.429537759992648,-12.134643845102733,32.23044022203897,-6.603023454890955,32.887384125840356,2.194391832112619,38.04734932572731,12.726957412962895,8.00408163265308,-3.1428571428571317,-4.831292517006804,-2.9999999999999822,0.7931972789115651,-24.28571428571428,48.539826548660194,-1.2110168082066366,53.72108843537416,0.1428571428571496,1,7.0
141,53.42103682028373,-0.8411287245632593,46.37939385005118,-6.648609058901133,41.87808624809752,-9.281678732133834,27.532616300748824,-12.154891306652258,32.24148969508667,-6.59489417534977,32.99541769036054,2.1851208521939522,38.19238653782864,12.642744345033481,8.00408163265308,-3.1428571428571317,-4.831292517006804,-2.9999999999999822,0.7931972789116026,-24.285714285714263,48.72972226675171,-1.0178283509307304,53.72108843537416,0.1428571428571496,1,7.050000000000001
142,53.411358039840415,-0.9917009322694128,46.37977150374979,-6.703831083679118,41.86015136655544,-9.375340733342345,27.630914857760413,-12.174309453545176,32.25038225352431,-6.588047091415763,33.09350440982701,2.175071031730737,38.334513755679474,12.55562752466867,8.004081632653065,-3.1428571428571366,-4.831292517006804,-2.9999999999999964,0.7931972789115651,-24.28571428571428,48.920182248234205,-0.8198564857142782,53.72108843537416,0.1428571428571496,1,7.1000000000000005
143,53.36280249106628,-1.1523365618540309,46.38049954674802,-6.778227266893103,41.838822986536144,-9.487365157342104,27.72430897030443,-12.19286127038111,32.25714473365302,-6.58252378000837,33.181316225379106,2.1642179867774174,38.47369610098609,12.465498860274371,8.004081632653065,-3.1428571428571317,-4.831292517006804,-2.9999999999999822,0.7931972789115651,-24.28571428571428,49.111024339009525,-0.6170974225738997,53.72108843537416,0.1428571428571496,1,7.15
144,53.2736320190475,-1.3233259019823882,46.38189344684826,-6.872811153287386,41.81417993359487,-9.618452729754603,27.812674177658,-12.210509741759672,32.26180397177391,-6.578365818047023,33.25852507815604,2.152537333388372,38.60989869545479,12.372250260256411,8.004081632653065,-3.1428571428571366,-4.831292517006804,-2.9999999999999964,0.7931972789115651,-24.28571428571428,49.30206638497931,-0.40954737152627696,53.72108843537416,0.1428571428571496,1,7.2
145,53.2736320190475,-1.3233259019823882,46.38189344684826,-6.872811153287386,41.81417993359487,-9.618452729754603,27.812674177658,-12.210509741759672,32.26180397177391,-6.578365818047023,33.25852507815604,2.152537333388372,38.60989869545479,12.372250260256411,8.004081632653065,-3.1428571428571366,-4.831292517006804,-2.9999999999999964,0.7931972789115651,-24.28571428571428,49.30206638497931,-0.40954737152627696,53.72108843537416,0.1428571428571496,1,7.25
146,53.2736320190475,-1.3233259019823882,46.38189344684826,-6.872811153287386,41.81417993359487,-9.618452729754603,27.812674177658,-12.210509741759672,32.26180397177391,-6.578365818047023,33.25852507815604,2.152537333388372,38.60989869545479,12.372250260256411,8.004081632653065,-3.1428571428571366,-4.831292517006804,-2.9999999999999964,0.7931972789115651,-24.28571428571428,49.30206638497931,-0.40954737152627696,53.72108843537416,0.1428571428571496,1,7.300000000000001
147,53.2736320190475,-1.3233259019823882,46.38189344684826,-6.872811153287386,41.81417993359487,-9.618452729754603,27.812674177658,-12.210509741759672,32.26180397177391,-6.578365818047023,33.25852507815604,2.152537333388372,38.60989869545479,12.372250260256411,8.004081632653065,-3.1428571428571366,-4.831292517006804,-2.9999999999999964,0.7931972789115651,-24.28571428571428,49.30206638497931,-0.40954737152627696,53.72108843537416,0.1428571428571496,1,7.3500000000000005
148,53.2736320190475,-1.3233259019823882,46.38189344684826,-6.872811153287386,41.81417993359487,-9.618452729754603,27.812674177658,-12.210509741759672,32.26180397177391,-6.578365818047023,33.25852507815604,2.152537333388372,38.60989869545479,12.372250260256411,8.004081632653065,-3.1428571428571366,-4.831292517006804,-2.9999999999999964,0.7931972789115651,-24.28571428571428,49.30206638497931,-0.40954737152627696,53.72108843537416,0.1428571428571496,1,7.4
