Frame,Home_12_x,Home_12_y,Home_1677_x,Home_1677_y,Home_2247_x,Home_2247_y,Home_7813_x,Home_7813_y,Home_12327_x,Home_12327_y,Home_12328_x,Home_12328_y,Home_15619_x,Home_15619_y,Home_15620_x,Home_15620_y,Home_15621_x,Home_15621_y,Home_15622_x,Home_15622_y,ball_x,ball_y,Period,Time [s]
0,22.07906785895895,3.5690350383459384,6.041448627913725,-9.554882217527204,18.555669958212377,-14.288209779346687,5.373300574101716,-11.359409214793665,12.619047619047628,9.000000000000004,4.25442176870748,21.714285714285722,-4.831292517006804,-16.571428571428577,-0.0721088435374061,-1.714285714285718,3.2448979591836813,0.4285714285714295,-9.878911564625849,0.5714285714285743,6.3105766264056555,-10.351404769072808,1,0.0
1,22.082802386083173,3.509070246892822,6.091604683340666,-9.570725039591784,18.589447943716497,-14.250968051438308,5.581143052250352,-11.42936318449056,12.299703798336441,8.824360398041604,3.9680726544608387,21.46825192358104,-4.831292517006804,-16.571428571428577,-0.0721088435374061,-1.714285714285718,3.2448979591836813,0.4285714285714295,-9.878911564625849,0.5714285714285743,6.45645714740321,-10.340781476961999,1,0.05
2,22.07454626318544,3.452676019192714,6.151466360230465,-9.594691379514515,18.60886520777938,-14.221679515822478,5.7857404958902565,-11.498213163614183,11.995173579486371,8.65458005888935,3.6917494992774422,21.23069487910665,-4.831292517006804,-16.571428571428577,-0.0721088435374061,-1.714285714285718,3.2448979591836813,0.4285714285714295,-9.878911564625849,0.5714285714285743,6.590503189435423,-10.340139140699703,1,0.1
3,22.055595577970728,3.399518075950758,6.2211668092221,-9.626367463599887,18.615420372598685,-14.20018071325462,5.986901793628416,-11.565895858440605,11.705244505305181,8.490568356021287,3.425290147784747,21.001474739263628,-4.831292517006804,-16.571428571428577,-0.0721088435374061,-1.714285714285718,3.2448979591836813,0.4285714285714295,-9.878911564625849,0.5714285714285743,6.713511896341825,-10.348822127216614,1,0.15000000000000002
4,22.02724641814404,3.3492621378721075,6.30083918095465,-9.665339518152402,18.610612060372063,-14.186308184490045,6.184435834071756,-11.632347975245837,11.429704118600712,8.332234662915477,3.168532444610256,20.78045166245299,-4.831292517006804,-16.571428571428577,-0.0721088435374061,-1.714285714285718,3.2448979591836813,0.4285714285714295,-9.878911564625849,0.5714285714285743,6.8262804119619,-10.366174803443409,1,0.2
5,21.9907948714103,3.3015739256618706,6.390616626067191,-9.711193769476552,18.595938893297156,-14.179898470284101,6.378151505827216,-11.697506220305964,11.168339962180664,8.179488353049965,2.9213142343813883,20.56748580707577,-4.831292517006804,-16.571428571428577,-0.0721088435374061,-1.714285714285718,3.2448979591836813,0.4285714285714295,-9.878911564625849,0.5714285714285743,6.929605880135163,-10.391541536310804,1,0.25
6,21.947537025474535,3.256119160025172,6.4906322951986795,-9.76351644387685,18.57289949357161,-14.180788111392182,6.567857697501719,-11.761307299897014,10.920939578852938,8.032238799902835,2.683473361725615,20.36243733153304,-4.831292517006804,-16.571428571428577,-0.0721088435374061,-1.714285714285718,3.2448979591836813,0.4285714285714295,-9.878911564625849,0.5714285714285743,7.024285444701106,-10.424266692749484,1,0.30000000000000004
7,21.898768968041743,3.212563561667165,6.601019338988274,-9.821893767657755,18.54299248339312,-14.188813648569642,6.753363297702232,-11.82368792029507,10.687290511425214,7.8903953769521165,2.4548476712703096,20.16516639422582,-4.831292517006804,-16.571428571428577,-0.0721088435374061,-1.714285714285718,3.2448979591836813,0.4285714285714295,-9.878911564625849,0.5714285714285743,7.111116249499243,-10.463694639690138,1,0.35000000000000003
8,21.845786786816852,3.1705728512929734,6.721910908074974,-9.885911967123782,18.507716484959296,-14.203811622571797,6.934477195035669,-11.884584787776134,10.467180302705366,7.75386745767589,2.235275007643005,19.97553315355518,-4.831292517006804,-16.571428571428577,-0.0721088435374061,-1.714285714285718,3.2448979591836813,0.4285714285714295,-9.878911564625849,0.5714285714285743,7.190895438369069,-10.50916974406346,1,0.4
9,21.78988656950487,3.1298127496077304,6.853440153097811,-9.955157268579454,18.468570120467774,-14.22561857415402,7.11100827810903,-11.943934608616267,10.260396495501162,7.622564415552208,2.0245932154711124,19.793397767922137,-4.831292517006804,-16.571428571428577,-0.0721088435374061,-1.714285714285718,3.2448979591836813,0.4285714285714295,-9.878911564625849,0.5714285714285743,7.264420155150137,-10.560036372800155,1,0.45
10,21.732364403810813,3.089948977316556,6.995740224695833,-10.029215898329198,18.427052012116217,-14.254071044071713,7.282765435529213,-12.001674089091559,10.066726632620348,7.496395624059101,1.8226401393820666,19.618620395727746,-4.831292517006804,-16.571428571428577,-0.0721088435374061,-1.714285714285718,3.2448979591836813,0.4285714285714295,-9.878911564625849,0.5714285714285743,7.332487543681847,-10.615638892830875,1,0.5
11,21.674516377439577,3.050647255124573,7.1489442735081035,-10.1076740826776,18.384660782102266,-14.289005573080184,7.449557555903103,-12.057739935478047,9.885958256870783,7.375270456674663,1.629253624003316,19.451061195373057,-4.831292517006804,-16.571428571428577,-0.0721088435374061,-1.714285714285718,3.2448979591836813,0.4285714285714295,-9.878911564625849,0.5714285714285743,7.395894747803795,-10.67532167108639,1,0.55
12,21.61763857809622,3.0115733037369457,7.313185450173674,-10.190118047929102,18.342895052623604,-14.330258701934792,7.611193527837739,-12.112068854051794,9.717878911060204,7.259098286876913,1.4442715139623026,19.290580325259107,-4.831292517006804,-16.571428571428577,-0.0721088435374061,-1.714285714285718,3.2448979591836813,0.4285714285714295,-9.878911564625849,0.5714285714285743,7.455438911355433,-10.738429074497306,1,0.6000000000000001
13,21.56302709348568,2.9723928438587865,7.488596905331626,-10.276134020388197,18.3032534458779,-14.377666971390868,7.767482239940023,-12.164597551088802,9.562276137996419,7.147788488143949,1.2675316538865355,19.13703794378694,-4.831292517006804,-16.571428571428577,-0.0721088435374061,-1.714285714285718,3.2448979591836813,0.4285714285714295,-9.878911564625849,0.5714285714285743,7.511917178176305,-10.804305469994388,1,0.65
14,21.51197801131297,2.9327715961952214,7.675311789620932,-10.365308226359398,18.26723458406272,-14.431066922203842,7.9182325808168565,-12.215262732865158,9.418937480487243,7.041250433953795,1.0988718884034117,18.990294209357614,-4.831292517006804,-16.571428571428577,-0.0721088435374061,-1.714285714285718,3.2448979591836813,0.4285714285714295,-9.878911564625849,0.5714285714285743,7.566126692105865,-10.872295224508285,1,0.7000000000000001
15,21.465787419283025,2.8923752814513723,7.8734632536806854,-10.457226892147203,18.23633708937579,-14.490295095129035,8.063253439075265,-12.264001105656893,9.287650481340432,6.939393497784529,0.9381300621403654,18.85020928037214,-4.831292517006804,-16.571428571428577,-0.0721088435374061,-1.714285714285718,3.2448979591836813,0.4285714285714295,-9.878911564625849,0.5714285714285743,8.162403560709375,-10.969340897316046,1,0.75
16,21.425751405100854,2.8508696203323987,8.083184448149932,-10.551476244056104,18.21205958401471,-14.555188030921757,8.202353703322096,-12.31074937574009,9.168202683363749,6.842127053114203,0.7851440197248605,18.7166433152316,-4.831292517006804,-16.571428571428577,-0.0721088435374061,-1.714285714285718,3.2448979591836813,0.4285714285714295,-9.878911564625856,0.5714285714285743,8.744060681221036,-11.064007166587372,1,0.8
17,21.393166056471447,2.8079203335434286,8.304608523667742,-10.647642508390597,18.19590069017717,-14.625582270337414,8.335342262164358,-12.355444249390793,9.060381629365065,6.74936047342086,0.6397516057843613,18.589456472337012,-4.831292517006804,-16.571428571428577,-0.0721088435374061,-1.714285714285718,3.2448979591836586,0.4285714285714295,-9.878911564625879,0.5714285714285743,9.311098053640865,-11.156294032322242,1,0.8500000000000001
18,21.36932746109976,2.763193141789572,8.53786863087308,-10.74531191145518,18.18935903006078,-14.70131435413138,8.462028004208978,-12.398022432885023,8.963974862152103,6.661003132182571,0.5017906649462871,18.468508910089426,-4.831292517006804,-16.571428571428577,-0.0721088435374061,-1.714285714285718,3.244897959183689,0.4285714285714295,-9.878911564625856,0.5714285714285743,9.863515677968799,-11.24620149452068,1,0.9
19,21.355531706690783,2.7163537657759615,8.783097920405066,-10.844070679554356,18.193933225863212,-14.782220823058948,8.582219818062846,-12.438420632498882,8.87876992453269,6.576964402877404,0.37109904183811726,18.3536607868899,-4.831292517006782,-16.571428571428548,-0.0721088435374061,-1.7142857142856984,3.244897959183689,0.42857142857143915,-9.878911564625849,0.5714285714285791,10.401313554204897,-11.333729553182687,1,0.9500000000000001
20,21.35307488094952,2.6670679262077517,9.040429542902766,-10.943505038992589,18.211121899782153,-14.868138217875506,8.695726592332981,-12.476575554508347,8.8045543593146,6.497153658983367,0.2475145810872631,18.24477226113946,-4.831292517006804,-16.571428571428562,-0.0721088435374061,-1.714285714285718,3.2448979591836813,0.4285714285714295,-9.878911564625856,0.5714285714285743,10.924491682349132,-11.418878208308225,1,1.0
21,21.3632530715809,2.615001343790036,9.309996649005155,-11.043201216074404,18.242423674015193,-14.958903079336439,8.802357215626262,-12.512423905189557,8.741115709305639,6.421480273978566,0.13087512732115142,18.14170349123917,-4.831292517006782,-16.571428571428562,-0.0721088435374061,-1.7142857142857129,3.244897959183689,0.42857142857143915,-9.878911564625856,0.5714285714285743,11.433050062401527,-11.501647459897343,1,1.05
22,21.387362366289963,2.5598197392279776,9.59193238935136,-11.142745437104331,18.289337170759993,-15.054351948197084,8.901920576549639,-12.545902390818492,8.68824151731356,6.349853621341051,0.021018525167329327,18.044314635590027,-4.831292517006782,-16.571428571428548,-0.0721088435374061,-1.7142857142857129,3.244897959183689,0.42857142857143915,-9.878911564625856,0.5714285714285743,11.926988694362056,-11.582037307950005,1,1.1
23,21.426698852781655,2.501188833226706,9.88636991458037,-11.241723928386783,18.353361012214243,-15.154321365212745,8.994225563710108,-12.57694771767123,8.645719326146194,6.282183074548872,-0.08221738074685192,17.952465852593143,-4.831292517006804,-16.571428571428577,-0.0721088435374061,-1.714285714285718,3.244897959183689,0.42857142857143915,-9.878911564625856,0.5714285714285743,12.406307578230727,-11.660047752466241,1,1.1500000000000001
24,21.48255861876094,2.4387743464913494,10.193442375331255,-11.339722916226314,18.435993820575536,-15.25864787113884,9.07908106571456,-12.60549659202382,8.613336678611283,6.218378007080087,-0.1789947457938753,17.866017300649514,-4.831292517006782,-16.571428571428562,-0.0721088435374061,-1.7142857142857129,3.244897959183689,0.42857142857143915,-9.878911564625879,0.5714285714285743,12.871006714007567,-11.73567879344602,1,1.2000000000000002
25,21.556237751932844,2.372241999727017,10.513282922243047,-11.436328626927441,18.538734218041576,-15.367168006730717,9.156295971169886,-12.631485720152343,8.590881117516687,6.158347792412743,-0.26947572534634434,17.7848291381602,-4.831292517006782,-16.571428571428548,-0.0721088435374061,-1.7142857142857129,3.244897959183689,0.42857142857143915,-9.878911564625879,0.5714285714285743,13.321086101692515,-11.808930430889351,1,1.25
26,21.64903234000233,2.3012575136388573,10.846024705954832,-11.531127286794574,18.663080826809967,-15.47971831274371,9.225679168683143,-12.654851808332804,8.578140185670136,6.102001804024919,-0.35382247477679474,17.708761523526245,-4.831292517006782,-16.571428571428562,-0.0721088435374061,-1.7142857142857129,3.244897959183689,0.4285714285714488,-9.878911564625879,0.5714285714285743,13.756545741285638,-11.87980266479625,1,1.3
27,21.762238470674355,2.2254866089320045,11.19180087710563,-11.623705122132309,18.810532269078408,-15.596135329933201,9.287039546861187,-12.675531562841291,8.57490142587941,6.049249415394652,-0.4321971494578074,17.637674615148683,-4.831292517006782,-16.571428571428548,-0.0721088435374061,-1.7142857142857129,3.244897959183689,0.4285714285714488,-9.878911564625879,0.5714285714285743,14.177385632786898,-11.948295495166699,1,1.35
28,21.897152231653926,2.1445950063115817,11.550744586334496,-11.71364835924506,18.982587167044528,-15.716255599054522,9.340185994310996,-12.693461689953832,8.58095238095239,6.0000000000000036,-0.504761904761903,17.57142857142858,-4.831292517006782,-16.571428571428562,-0.0721088435374061,-1.7142857142856984,3.2448979591836813,0.42857142857143915,-9.878911564625879,0.5714285714285743,14.583605776196288,-12.014408922000719,1,1.4000000000000001
29,22.054646722497992,2.058372673023199,11.922731235254656,-11.80060759527902,19.180201699488446,-15.839845889903824,9.385046938145628,-12.708618432389713,8.596080593696783,5.954162931319029,-0.5716788960616473,17.509883550766947,-4.831292517006782,-16.571428571428548,-0.0721088435374061,-1.7142857142856984,3.244897959183689,0.4285714285714488,-9.878911564625879,0.5714285714285743,14.97520617151383,-12.07814294529829,1,1.4500000000000002
30,22.23390309017156,1.967106562474453,12.306605229376252,-11.884490910746589,19.40216227152039,-15.966393888440388,9.422028959502864,-12.721136178641071,8.620073606920382,5.911647582829797,-0.6331102787295537,17.452899711564857,-4.831292517006782,-16.571428571428548,-0.0721088435374061,-1.7142857142856984,3.244897959183689,0.4285714285714488,-9.878911564625856,0.5714285714285743,15.352186818739542,-12.139497565059402,1,1.5
31,22.433679493491468,1.8712078746133027,12.700953225183513,-11.96527075700201,19.64671284483303,-16.095317509664298,9.451658178026499,-12.731188853643337,8.652718963431003,5.872363328010358,-0.6892182081382179,17.400337212223345,-4.831292517006782,-16.571428571428548,-0.0721088435374061,-1.7142857142856938,3.244897959183689,0.42857142857146324,-9.878911564625879,0.5714285714285743,15.714547717873366,-12.19847278128408,1,1.55
32,22.65273409127481,1.7710878093878504,13.104361879160784,-12.042919585399337,19.912097381119096,-16.226034668575593,9.47446071336051,-12.738950382331831,8.693804206036432,5.836219540338746,-0.7401648396601908,17.35205621114346,-4.831292517006782,-16.571428571428548,-0.0721088435374061,-1.7142857142856984,3.244897959183689,0.42857142857146324,-9.878911564625856,0.5714285714285743,16.06228886891533,-12.255068593972336,1,1.6
33,22.88982504233843,1.667157566746121,13.515417847792305,-12.117409847292741,20.196559842071252,-16.35796328017434,9.490962685148705,-12.744594689641998,8.743116877544466,5.803125593293062,-0.7861123286679929,17.307916866726227,-4.831292517006782,-16.571428571428548,-0.0721088435374061,-1.7142857142856938,3.244897959183689,0.4285714285714488,-9.878911564625879,0.5714285714285743,16.395410271865465,-12.309285003124115,1,1.6500000000000001
34,23.1437105054993,1.5598283466361256,13.932707787562386,-12.188713994036334,20.498344189382173,-16.49052125946064,9.501690213034951,-12.748295700509198,8.80044452076288,5.7729908603513325,-0.8272228305342204,17.267779337372705,-4.831292517006782,-16.571428571428548,-0.0721088435374061,-1.7142857142856984,3.244897959183689,0.42857142857146324,-9.878911564625879,0.5714285714285743,16.713911926723743,-12.36112200873948,1,1.7000000000000002
35,23.413148639574352,1.4495113490059037,14.354818354955341,-12.256804476984236,20.815694384744617,-16.62312652143448,9.507169416663164,-12.750227339868808,8.865574678499474,5.74572471499162,-0.8636585006313862,17.23150378148394,-4.831292517006782,-16.571428571428548,-0.0721088435374061,-1.7142857142856984,3.244897959183689,0.42857142857146324,-9.878911564625879,0.5714285714285743,17.01779383349016,-12.410579610818388,1,1.75
36,23.696897603380563,1.336617773803515,14.780336206455404,-12.321653747490569,21.146854389851214,-16.755196981096045,9.507926415677197,-12.750563532656237,8.938294893562022,5.721236530692003,-0.8955814943321015,17.19895035746097,-4.831292517006782,-16.571428571428548,-0.0721088435374061,-1.7142857142856984,3.244897959183689,0.42857142857146324,-9.878911564625879,0.5714285714285791,17.30705599216472,-12.457657809360875,1,1.8
37,23.993715555734866,1.2215588209769743,15.207847998546923,-12.383234256909489,21.49006816639465,-16.886150553445315,9.504487329720945,-12.749478203806818,9.018392708758348,5.699435680930488,-0.9231539670088345,17.169979223704836,-4.831292517006782,-16.571428571428562,-0.0721088435374061,-1.7142857142856984,3.244897959183689,0.4285714285714488,-9.878911564625879,0.5714285714285743,17.581698402747435,-12.502356604366902,1,1.85
38,24.302360655454216,1.1047456904743411,15.63594038771416,-12.441518456595123,21.843579676067673,-17.015405153482405,9.497378278438248,-12.747145278256024,9.10565566689619,5.680231539185183,-0.9465380740341881,17.14445053861661,-4.831292517006782,-16.571428571428548,-0.0721088435374061,-1.7142857142856984,3.244897959183689,0.42857142857146324,-9.878911564625879,0.5714285714285791,17.84172106523828,-12.544675995836482,1,1.9000000000000001
39,24.621591061355545,0.9865895822436508,16.063200030441408,-12.496478797901561,22.20563288056294,-17.14237869620734,9.487125381473035,-12.743738680939138,9.19987131078338,5.6635334789341165,-0.9658959707807511,17.122224460597295,-4.831292517006782,-16.571428571428548,-0.0721088435374061,-1.7142857142856984,3.244897959183689,0.42857142857146324,-9.878911564625879,0.5714285714285743,18.087123979637262,-12.58461598376963,1,1.9500000000000002
40,24.950164932255795,0.8675016962328942,16.48821358321293,-12.548087732182973,22.57447174157315,-17.26648909662022,9.474254758469124,-12.739432336791634,9.300827183227689,5.649250873655369,-0.9813898126209764,17.103161148047963,-4.8312925170067516,-16.571428571428548,-0.0721088435374061,-1.7142857142856984,3.244897959183689,0.42857142857146324,-9.878911564625879,0.5714285714285791,18.317907145944403,-12.62217656816632,1,2.0
41,25.28684042697195,0.747893232390179,16.909567702513073,-12.596317710793455,22.948340220791025,-17.387154269721073,9.459292529070433,-12.734400170748808,9.408310827036914,5.637293096826975,-0.9931817549274826,17.087120759369633,-4.831292517006782,-16.571428571428548,-0.0721088435374061,-1.7142857142856984,3.244897959183689,0.42857142857146324,-9.878911564625879,0.5714285714285743,18.534070564159713,-12.657357749026588,1,2.0500000000000003
42,25.630375704320876,0.6281753906634822,17.32584904482608,-12.64114118508718,23.325482279909203,-17.503792130510025,9.442764812920835,-12.728816107746127,9.522109785018852,5.627569521926996,-1.001433953072873,17.07396345296338,-4.831292517006782,-16.571428571428562,-0.0721088435374061,-1.7142857142857129,3.244897959183689,0.4285714285714488,-9.878911564625879,0.5714285714285743,18.735614234283105,-12.6901595263504,1,2.1
43,25.97952892311963,0.5087593710008821,17.735644266636246,-12.682530606418199,23.70414188062039,-17.61582059398709,9.425197729664173,-12.722854072718938,9.642011599981302,5.61998952243349,-1.0063085624295702,17.063549387230214,-4.8312925170067516,-16.571428571428548,-0.0721088435374061,-1.7142857142856984,3.244897959183689,0.42857142857146324,-9.878911564625856,0.5714285714285791,18.9225381563147,-12.720581900137782,1,2.15
44,26.33305824218509,0.3900563733503895,18.13754002442787,-12.720458426140718,24.082562984617304,-17.722657575152358,9.40711739894436,-12.716687990602624,9.767803814732032,5.614462471824543,-1.0079677383702461,17.0557387205712,-4.831292517006782,-16.571428571428548,-0.0721088435374061,-1.7142857142856984,3.244897959183689,0.42857142857146324,-9.878911564625856,0.5714285714285743,19.094842330254416,-12.748624870388689,1,2.2
45,26.689721820334203,0.27247759766004914,18.530122974685245,-12.75489709560881,24.458989553592634,-17.823720989005892,9.389049940405279,-12.710491786332556,9.89927397207882,5.61089774357816,-1.0065736362673532,17.0503916113874,-4.831292517006782,-16.571428571428548,-0.0721088435374061,-1.7142857142856984,3.244897959183689,0.42857142857146324,-9.878911564625879,0.5714285714285743,19.252526756102277,-12.77428843710319,1,2.25
46,27.04827781638394,0.15643424387788143,18.91197977389266,-12.785819066176643,24.831665549239062,-17.918428750547772,9.371521473690759,-12.704439384844141,10.036209614829492,5.609204711172416,-1.0022884114935326,17.047368218079825,-4.8312925170067516,-16.571428571428548,-0.0721088435374061,-1.7142857142856938,3.244897959183689,0.42857142857147296,-9.878911564625849,0.5714285714285791,19.395591433858296,-12.797572600281228,1,2.3000000000000003
47,27.407484389151232,0.04233751195195026,19.28169707853441,-12.813196789198333,25.198834933249287,-18.006198774778035,9.355058118444699,-12.698704711072775,10.178398285791804,5.609292748085386,-0.9952742194213126,17.046528699049524,-4.831292517006782,-16.571428571428548,-0.0721088435374061,-1.7142857142857129,3.244897959183689,0.4285714285714488,-9.878911564625879,0.5714285714285743,19.524036363522455,-12.818477359922834,1,2.35
48,27.766099697452997,-0.06940139816970942,19.637861545094758,-12.837002716028003,25.558741667315992,-18.08644897669679,9.340185994310996,-12.693461689953832,10.325627527773577,5.611071227795138,-0.9856932154232063,17.047733212697562,-4.831292517006782,-16.571428571428548,-0.0721088435374061,-1.7142857142856984,3.244897959183689,0.42857142857146324,-9.878911564625856,0.5714285714285743,19.637861545094758,-12.837002716028003,1,2.4000000000000004
49,28.1231551400854,-0.17848304655791594,19.979368001383115,-12.857227840282194,25.909977678378127,-18.15870532989085,9.327325353395693,-12.688850967543267,10.477684883582576,5.614449523779685,-0.973707554871802,17.050841917424965,-4.831292517006782,-16.571428571428548,-0.0721088435374061,-1.7142857142856938,3.244897959183689,0.42857142857146324,-9.878911564625856,0.5714285714285791,20.625870692326117,-12.508940748389097,1,2.45
50,28.478775075760975,-0.2850550333588526,20.30634396050933,-12.87393732462723,26.252526754359664,-18.222926042294336,9.316472977653614,-12.68488007437957,10.6343578960266,5.6193370095170945,-0.9594793931396358,17.055714971632778,-4.831292517006782,-16.571428571428548,-0.0721088435374061,-1.7142857142856984,3.244897959183689,0.42857142857146324,-9.878911564625856,0.5714285714285743,21.593326900387744,-12.187703249616394,1,2.5
51,28.83335710317155,-0.3893767187375562,20.619225106908353,-12.887214873991821,26.58672064843072,-18.279177380428074,9.307519781501759,-12.681523262121766,10.795434107913415,5.625643058485462,-0.9431708855992808,17.062212533722057,-4.8312925170067516,-16.571428571428548,-0.0721088435374061,-1.7142857142856938,3.244897959183689,0.42857142857146324,-9.878911564625849,0.5714285714285791,22.54023016927961,-11.873290219709865,1,2.5500000000000003
52,29.187298821008817,-0.4917074628590294,20.91844712501512,-12.89714419330466,26.912891113761567,-18.327525610812962,9.30035667935717,-12.678754782428873,10.960701062050877,5.633277044162804,-0.92494418762328,17.070194762093816,-4.831292517006782,-16.571428571428548,-0.0721088435374061,-1.7142857142856984,3.244897959183689,0.42857142857146324,-9.878911564625879,0.5714285714285743,23.466580499001758,-11.565701658669546,1,2.6
53,29.540997827964553,-0.5923066258883378,21.20444569926456,-12.903808987494505,27.231369903522364,-18.368036999969874,9.294874585636848,-12.676548886959996,11.12994630124672,5.642148340027198,-0.9049614545841772,17.079521815149125,-4.831292517006782,-16.571428571428548,-0.0721088435374061,-1.7142857142856984,3.244897959183689,0.42857142857146324,-9.878911564625879,0.5714285714285743,24.37237788955415,-11.264937566495382,1,2.6500000000000004
54,29.894851722730557,-0.6914335679904698,21.47765651409162,-12.907292961490064,27.54248877088328,-18.400777814419666,9.290964414757788,-12.674879827374115,11.302957368308736,5.65216631955669,-0.8833848418545456,17.090053851289042,-4.831292517006782,-16.571428571428548,-0.0721088435374061,-1.7142857142856984,3.244897959183689,0.4285714285714488,-9.878911564625879,0.5714285714285743,25.257622340936784,-10.970997943187436,1,2.7
55,30.249258103998525,-0.789347649330467,21.73851525393127,-12.90767982022006,27.846579469014607,-18.42581432068319,9.288517081137027,-12.673721855330303,11.479521806044755,5.6632403562293305,-0.8603765048068831,17.101651028914574,-4.831292517006782,-16.571428571428548,-0.0721088435374061,-1.7142857142856984,3.244897959183689,0.42857142857146324,-9.878911564625856,0.5714285714285743,26.122313853149667,-10.683882788745663,1,2.75
56,30.604614570460228,-0.8863082300733706,21.987457603218452,-12.905053268613226,28.14397375108643,-18.443212785281347,9.28742349919154,-12.673049222487599,11.659427157262538,5.675279823523199,-0.836098598813816,17.11417350642681,-4.8312925170067516,-16.571428571428548,-0.07210884353737598,-1.7142857142856842,3.244897959183689,0.42857142857147296,-9.878911564625849,0.5714285714285791,26.966452426192813,-10.403592103170078,1,2.8000000000000003
57,30.96131872080741,-0.982574670384169,22.22491924638809,-12.89949701159823,28.435003370269,-18.453039474734975,9.28757458333838,-12.672836180505044,11.842460964769849,5.68819409491634,-0.8107132792478647,17.127481442226745,-4.831292517006782,-16.571428571428548,-0.0721088435374061,-1.7142857142856984,3.244897959183689,0.42857142857146324,-9.878911564625879,0.5714285714285743,27.790038060066212,-10.130125886460695,1,2.85
58,31.31976815373189,-1.0784063304279183,22.451335867875144,-12.891094754103865,28.720000079732497,-18.455360655564967,9.288861247994515,-12.67305698104168,12.028410771374528,5.701892543886809,-0.7843827014815727,17.14143499471546,-4.831292517006782,-16.571428571428548,-0.0721088435374061,-1.7142857142856984,3.244897959183689,0.4285714285714488,-9.878911564625849,0.5714285714285791,28.59307075476986,-9.863484138617482,1,2.9000000000000004
59,31.68036046792535,-1.1740625703696599,22.667143152114605,-12.879930201058801,28.99929563264712,-18.450242594292206,9.291174407576989,-12.673685875756593,12.217064119884348,5.716284543912689,-0.7572690208874907,17.155894322293975,-4.831292517006782,-16.571428571428548,-0.0721088435374061,-1.7142857142856984,3.244897959183689,0.42857142857146324,-9.878911564625849,0.5714285714285743,29.37555051030377,-9.603666859640468,1,2.95
60,32.04349326207957,-1.2698027503744063,22.872776783541305,-12.866087057391798,29.27322178218304,-18.437751557437533,9.294404976502802,-12.674697116308772,12.408208553107077,5.731279468471988,-0.7295343928381921,17.170719583363333,-4.831292517006782,-16.571428571428548,-0.0721088435374061,-1.7142857142856984,3.244897959183689,0.4285714285714488,-9.878911564625849,0.5714285714285743,30.13747732666794,-9.350674049529639,1,3.0
61,32.40956413488634,-1.3658862306071844,23.068672446590284,-12.849649028031527,29.542110281510467,-18.417953811521805,9.298443869188977,-12.676064954357283,12.601631613850515,5.746786691042785,-0.7013409727062352,17.185770936324598,-4.831292517006782,-16.571428571428548,-0.0721088435374061,-1.7142857142856984,3.244897959183689,0.4285714285714488,-9.878911564625849,0.5714285714285743,30.878851203862357,-9.104505708284986,1,3.0500000000000003
62,32.77897068503736,-1.4625723712330214,23.255265825696473,-12.830699817906753,29.80629288379964,-18.39091562306593,9.303182000052512,-12.677763641561162,12.797120844922489,5.762715585103144,-0.6728509158641329,17.20090853957879,-4.831292517006782,-16.571428571428548,-0.0721088435374061,-1.7142857142856984,3.244897959183689,0.4285714285714488,-9.878911564625856,0.5714285714285743,31.599672141887034,-8.865161835906534,1,3.1
63,33.152110511224414,-1.5601205324169198,23.432992605294814,-12.809323131946185,30.06610134222068,-18.35670325859074,9.30851028351044,-12.679767429579458,12.994463789130723,5.778975524131124,-0.6442263776844516,17.215992551527,-4.831292517006782,-16.571428571428548,-0.0721088435374061,-1.7142857142856938,3.244897959183689,0.42857142857146324,-9.878911564625849,0.5714285714285791,32.29994014074195,-8.632642432394269,1,3.1500000000000004
64,33.52938121213926,-1.6587900743239645,23.602288469820223,-12.785602675078533,30.321867409943838,-18.315382984617145,9.314319633979714,-12.682050570071242,13.193447989283069,5.795475881604773,-0.6156295135397717,17.230883130570213,-4.831292517006782,-16.571428571428548,-0.0721088435374061,-1.7142857142856984,3.244897959183689,0.4285714285714488,-9.878911564625849,0.5714285714285743,32.97965520042712,-8.406947497748195,1,3.2
65,33.91118038647365,-1.7588403571191444,23.763589103707684,-12.759622152232547,30.57392284013928,-18.267021067665986,9.320500965877422,-12.68458731469552,13.393860988187303,5.812126031002157,-0.5872224788026141,17.24544043510951,-4.831292517006782,-16.571428571428548,-0.0721088435374061,-1.7142857142857129,3.244897959183689,0.4285714285714488,-9.878911564625849,0.5714285714285743,33.638817320942564,-8.188077031968312,1,3.25
66,34.29790563291934,-1.8605307409674907,23.91733019139209,-12.731465268336885,30.82259938597717,-18.21168377425813,9.326945193620514,-12.68735191511133,13.595490328651177,5.828835345801315,-0.559167428845567,17.259524623545925,-4.831292517006782,-16.571428571428548,-0.0721088435374061,-1.7142857142856984,3.244897959183689,0.4285714285714488,-9.878911564625849,0.5714285714285743,34.277426502288236,-7.976031035054614,1,3.3000000000000003
67,34.68995455016806,-1.9641205860340356,24.063947417308455,-12.701215728320339,31.06822880062777,-18.149437370914455,9.333543231626038,-12.690318622977777,13.798123553482522,5.845513199480334,-0.5316265190411364,17.272995854280495,-4.831292517006782,-16.571428571428548,-0.0721088435374061,-1.7142857142857129,3.244897959183689,0.42857142857143915,-9.878911564625856,0.5714285714285743,34.89548274446419,-7.770809507007088,1,3.35
68,35.08772473691161,-2.0698692524838056,24.203876465891668,-12.668957237111615,31.311142837261244,-18.08034812415583,9.340185994310996,-12.693461689953832,14.001548205489096,5.862068965517236,-0.504761904761903,17.28571428571428,-4.831292517006804,-16.571428571428577,-0.0721088435374061,-1.714285714285718,3.244897959183689,0.4285714285714295,-9.878911564625856,0.5714285714285743,35.49298604747037,-7.57241244782577,1,3.4000000000000004
69,35.49139754657059,-2.178036100481833,24.33755302157671,-12.634773499639389,31.551673249047738,-18.004482300503128,9.346783257274819,-12.696758067233084,14.205581141948928,5.8784269612502875,-0.47869985361672124,17.29757281780205,-4.831292517006782,-16.571428571428548,-0.0721088435374061,-1.7142857142857129,3.244897959183689,0.42857142857143915,-9.878911564625856,0.5714285714285743,36.06993641130681,-7.380839857510647,1,3.45
70,35.90028935148113,-2.2888804901931303,24.46541276879853,-12.598748220832439,31.790151789157537,-17.921906166477232,9.353320240846745,-12.700195504147187,14.41015647802092,5.8945712794584715,-0.45342308215957033,17.30859531671339,-4.831292517006782,-16.571428571428548,-0.0721088435374061,-1.714285714285718,3.244897959183689,0.42857142857143915,-9.878911564625856,0.5714285714285743,36.62633383597352,-7.1960917360617,1,3.5
71,36.31350027870811,-2.4026617817827383,24.587891391992017,-12.56096510561946,32.026910210760775,-17.832685988598968,9.359801026538381,-12.703764449562224,14.615237643334149,5.910500956780913,-0.42887841918080855,17.318838390171674,-4.831292517006782,-16.571428571428548,-0.0721088435374061,-1.7142857142857129,3.244897959183689,0.42857142857143915,-9.878911564625849,0.5714285714285743,37.16217832147047,-7.018168083478932,1,3.5500000000000003
72,36.730130455316605,-2.519639335415666,24.705424575592204,-12.521507858929148,32.26228026702765,-17.736888033389214,9.366229695861396,-12.707455352344335,14.82078806751775,5.926215029856838,-0.40501269347069613,17.32835864590028,-4.831292517006782,-16.571428571428548,-0.0721088435374061,-1.7142857142856984,3.244897959183689,0.42857142857143915,-9.878911564625849,0.5714285714285743,37.677469867797676,-6.847068899762355,1,3.6
73,37.149280008371555,-2.6400725112569727,24.818448004033982,-12.480460185690273,32.496593711128384,-17.63457856736891,9.37261033032739,-12.711258661359679,15.02677118020081,5.941712535325362,-0.3817727338195385,17.33721269162251,-4.831292517006782,-16.571428571428548,-0.0721088435374061,-1.7142857142856984,3.244897959183689,0.42857142857143915,-9.878911564625849,0.5714285714285743,38.172208474955134,-6.682794184911973,1,3.6500000000000004
74,37.570049064937876,-2.7642206694716855,24.927397361752313,-12.437905790831518,32.73018229623314,-17.52582385705883,9.378947011448023,-12.715164825474401,15.233150411012437,5.956992509825665,-0.3591053690176941,17.34545713506174,-4.831292517006782,-16.571428571428577,-0.0721088435374061,-1.714285714285718,3.244897959183689,0.42857142857143915,-9.878911564625856,0.5714285714285743,38.646394142942874,-6.525343938927795,1,3.7
75,37.99153775208062,-2.8923431702247795,25.032708333182114,-12.393928379281647,32.963377775512136,-17.410690168979883,9.38524382073497,-12.719164293554615,15.43988918958174,5.972053989996919,-0.3369574278554305,17.353148583941323,-4.831292517006804,-16.571428571428562,-0.0721088435374061,-1.714285714285718,3.2448979591836813,0.42857142857143915,-9.878911564625849,0.5714285714285743,39.10002687176082,-6.37471816180977,1,3.75
76,38.41284619686468,-3.0246993736813486,25.134816602758356,-12.34861165596933,33.19651190213555,-17.289243769652977,9.391504839699838,-12.723247514466438,15.64695094553786,5.986896012478255,-0.3152757391230533,17.36034364598461,-4.831292517006782,-16.571428571428562,-0.0721088435374061,-1.714285714285718,3.244897959183689,0.4285714285714295,-9.878911564625849,0.5714285714285743,39.53310666140902,-6.230916853557943,1,3.8000000000000003
77,38.83307452635508,-3.1615486400063757,25.234157854915978,-12.302039325823316,33.429916429273604,-17.161550925598906,9.397734149854266,-12.72740493707603,15.85429910850983,6.00151761390888,-0.29400713161083036,17.36709892891494,-4.831292517006804,-16.571428571428548,-0.0721088435374061,-1.714285714285718,3.244897959183689,0.4285714285714295,-9.878911564625849,0.5714285714285743,39.945633511887515,-6.093940014172326,1,3.85
78,39.25132286761676,-3.3031503293649176,25.331167774089913,-12.254295093772305,33.663923110096455,-17.027677903338592,9.403935832709905,-12.731627010249497,16.061897108126807,6.015917830927932,-0.27309843410915746,17.37347104045565,-4.831292517006782,-16.571428571428548,-0.0721088435374061,-1.7142857142857129,3.244897959183689,0.42857142857143915,-9.878911564625849,0.5714285714285743,40.33760742319624,-5.963787643652875,1,3.9000000000000004
79,39.666691347714675,-3.4497638019219528,25.42628204471515,-12.205462664745049,33.8988636977743,-16.88769096939289,9.41011396977839,-12.735904182853027,16.269708374017895,6.030095700174612,-0.2524964754082799,17.379516588330112,-4.831292517006782,-16.571428571428548,-0.0721088435374061,-1.7142857142857129,3.244897959183689,0.42857142857143915,-9.878911564625849,0.5714285714285791,40.709028395335245,-5.8404597419996085,1,3.95
80,40.078280093713836,-3.601648417842585,25.519936351226605,-12.155625743670267,34.13506994547738,-16.741656390282664,9.416272642571364,-12.740226903752719,16.477696335812215,6.044050258288024,-0.23214808429853337,17.38529218026166,-4.831292517006782,-16.571428571428562,-0.0721088435374061,-1.7142857142857129,3.244897959183689,0.4285714285714295,-9.878911564625849,0.5714285714285743,41.05989642830446,-5.723956309212567,1,4.0
81,40.4851892326792,-3.7590635372917696,25.612566378059228,-12.104868035476668,34.37287360637582,-16.589640432528775,9.42241593260048,-12.74458562181468,16.685824423138836,6.05778054190737,-0.21200008957017802,17.39085442397368,-4.831292517006804,-16.571428571428562,-0.0721088435374061,-1.714285714285718,3.2448979591836813,0.4285714285714295,-9.878911564625849,0.5714285714285549,41.39021152210397,-5.614277345291666,1,4.05
82,40.886518891675706,-3.9222685204345864,25.704607809647918,-12.053273245092958,34.61260643363986,-16.431709362652132,9.428547921377323,-12.748970785905138,16.894056065626927,6.071285587671816,-0.19199932001360226,17.396259927189462,-4.831292517006804,-16.571428571428577,-0.07210884353742117,-1.714285714285718,3.2448979591836813,0.4285714285714295,-9.878911564625849,0.5714285714285549,41.699973676733705,-5.5114228502369755,1,4.1000000000000005
83,41.281369197768335,-4.091522727436018,25.796496330427715,-12.00092507744786,34.854600180439704,-16.26792944717355,9.434672690413649,-12.753372844890112,17.102354692905514,6.084564432220514,-0.1720926044189986,17.401565297632395,-4.831292517006782,-16.571428571428562,-0.0721088435374061,-1.7142857142857129,3.244897959183689,0.4285714285714295,-9.878911564625849,0.5714285714285743,41.98918289219372,-5.41539282404847,1,4.15
84,41.6688402780221,-4.2670855184611405,25.888667624833506,-11.947907237470131,35.09918659994552,-16.09836695261395,9.44079432122096,-12.757782247635806,17.310683734603742,6.097616112192643,-0.15222677157675535,17.406827143025833,-4.831292517006804,-16.571428571428577,-0.0721088435374061,-1.714285714285718,3.2448979591836813,0.4285714285714295,-9.878911564625849,0.5714285714285743,42.25783916848395,-5.3261872667261585,1,4.2
85,42.04803225950192,-4.449216253674948,25.98155737730022,-11.89430343008848,35.34669744532749,-15.923088145494159,9.446916895310963,-12.762189443008355,17.51900662035076,6.1104396642273535,-0.1323486502772232,17.412102071093095,-4.831292517006804,-16.571428571428548,-0.0721088435374061,-1.714285714285718,3.244897959183689,0.4285714285714295,-9.878911564625849,0.5714285714285743,42.50594250560447,-5.2438061782700425,1,4.25
86,42.41804526927279,-4.638174293242452,26.075601272262865,-11.840197360231569,35.597464469755856,-15.742159292335064,9.453044494195328,-12.766584879873863,17.727286779775618,6.123034124963795,-0.11240506931057964,17.417446689557547,-4.831292517006804,-16.571428571428577,-0.0721088435374061,-1.714285714285718,3.2448979591836813,0.4285714285714295,-9.878911564625849,0.5714285714285743,42.73349290355523,-5.168249558680087,1,4.3
87,42.77797943439967,-4.8342189973287315,26.171234994156322,-11.785672732828212,35.851819426400745,-15.555646659657546,9.459181199385664,-12.770959007098467,17.93548764250741,6.135398531041168,-0.09234285746722803,17.422917606142544,-4.831292517006804,-16.571428571428577,-0.0721088435374061,-1.714285714285718,3.244897959183689,0.4285714285714295,-9.878911564625849,0.5714285714285743,42.94049036233622,-5.099517407956342,1,4.3500000000000005
88,43.1269348819475,-5.037609726098776,26.26889422741558,-11.730813252807067,36.11009406843243,-15.363616513982448,9.465331092393598,-12.775302273548345,18.143572638175307,6.147531919098614,-0.0721088435374061,17.42857142857143,-4.831292517006804,-16.571428571428577,-0.0721088435374061,-1.714285714285718,3.2448979591836813,0.4285714285714295,-9.878911564625849,0.5714285714285743,43.1269348819475,-5.037609726098776,1,4.4
89,43.46423513864445,-5.248178350508618,26.36894216210761,-11.675690305619828,36.372492748571155,-15.166153516460886,9.471497391264286,-12.779607148685022,18.351505196408368,6.159433325775306,-0.051661104976298736,17.434452788889185,-4.831292517006804,-16.571428571428605,-0.07210884353744376,-1.714285714285718,3.2448979591836586,0.4285714285714198,-9.878911564625879,0.5714285714285549,43.471129827693765,-4.903620244127928,1,4.45
90,43.79009732987113,-5.464046784678082,26.471452010827775,-11.620325998809944,36.638710217737696,-14.96341590676458,9.47767986017714,-12.783874184351786,18.559248746835742,6.171101787710397,-0.031002713898209324,17.440558416427372,-4.831292517006804,-16.571428571428577,-0.07210884353742117,-1.714285714285718,3.2448979591836813,0.4285714285714295,-9.878911564625856,0.5714285714285549,43.807783726115346,-4.772566368960797,1,4.5
91,44.104961980671376,-5.682909453518064,26.576424491803387,-11.564730120443837,36.908313826402896,-14.755580319195644,9.483877399844964,-12.788105952987392,18.766766719086476,6.182536341543067,-0.010147991082260433,17.44687306483914,-4.831292517006804,-16.571428571428577,-0.0721088435374061,-1.714285714285718,3.2448979591836813,0.4285714285714246,-9.878911564625849,0.5714285714285743,44.13689657721237,-4.644448100597441,1,4.55
92,44.409269616089034,-5.9024607819394,26.683860323261893,-11.508912458587902,37.18087092503764,-14.542823388056043,9.490088910980656,-12.792305027030517,18.97402254278974,6.193736023912468,0.010888742692335002,17.453381487777687,-4.831292517006804,-16.571428571428577,-0.07210884353742117,-1.714285714285718,3.2448979591836813,0.4285714285714295,-9.878911564625849,0.5714285714285743,44.45846838098466,-4.519265439037788,1,4.6000000000000005
93,44.70346076116786,-6.120395194852946,26.793760223430628,-11.4528828013086,37.45594886411274,-14.325321747647791,9.49631329429702,-12.796473978919932,19.18097964757459,6.204699871457762,0.032093166646544796,17.46006843889619,-4.831292517006804,-16.571428571428577,-0.0721088435374061,-1.714285714285718,3.244897959183689,0.4285714285714295,-9.878911564625849,0.5714285714285743,44.77249913743232,-4.39701838428191,1,4.65
94,44.98797594095161,-6.334407117169551,26.906124910536953,-11.39665093667224,37.7331149940991,-14.10325203227293,9.50254945050698,-12.800615381094325,19.387601463070155,6.215426920818128,0.053450960001118375,17.4669186718478,-4.831292517006804,-16.571428571428605,-0.07210884353744376,-1.714285714285718,3.2448979591836586,0.4285714285714246,-9.878911564625879,0.5714285714285549,45.07898884655533,-4.277706936329766,1,4.7
95,45.263255680484235,-6.5421909738000625,27.020955102808283,-11.34022665274533,38.01193666546755,-13.876790876233441,9.508796280323365,-12.804731805992393,19.593851418905558,6.225916208632718,0.07494780197692563,17.473916940285715,-4.831292517006804,-16.571428571428577,-0.07210884353742117,-1.7142857142857322,3.2448979591836586,0.4285714285714198,-9.878911564625856,0.5714285714285549,45.37793750835375,-4.161331095181357,1,4.75
96,45.529740504809446,-6.741441189655345,27.138251518471986,-11.283619737594218,38.29198122868897,-13.646114913831367,9.515052684459068,-12.808825826052926,19.799692944709882,6.236166771540692,0.09656937179491934,17.481047997863147,-4.831292517006812,-16.571428571428605,-0.07210884353744376,-1.7142857142857322,3.2448979591836586,0.4285714285714198,-9.878911564625856,0.5714285714285549,45.66934512282753,-4.0478908608366995,1,4.800000000000001
97,45.78787093897104,-6.929852189646235,27.25801487575539,-11.22683997928538,38.57281603423419,-13.411400779368698,9.521317563626958,-12.812900013714613,20.00508947011223,6.246177646181227,0.11830134867584889,17.488296598233216,-4.831292517006804,-16.571428571428577,-0.07210884353744376,-1.7142857142857322,3.2448979591836586,0.4285714285714198,-9.878911564625879,0.5714285714285549,45.95321168997659,-3.937386233295783,1,4.8500000000000005
98,46.038087508012886,-7.105118398683597,27.380245892885927,-11.169897165885144,38.85400843257408,-13.172825107147439,9.52758981853987,-12.81695694141613,20.21000442474174,6.255947869193489,0.14012941184059924,17.495647495049127,-4.831292517006804,-16.571428571428562,-0.0721088435374061,-1.714285714285718,3.2448979591836813,0.4285714285714246,-9.878911564625849,0.5714285714285743,46.22953720980102,-3.8298172125586327,1,4.9
99,46.28083073697877,-7.264934241678249,27.50494528809094,-11.11280108546,39.13512577417951,-12.93056453146965,9.53386834991067,-12.820999181596266,20.414401238227498,6.265476477216626,0.16203924051005542,17.50308544196406,-4.831292517006812,-16.571428571428605,-0.07210884353744376,-1.7142857142857322,3.2448979591836515,0.4285714285714198,-9.878911564625879,0.5714285714285549,46.49832168230087,-3.725183798625195,1,4.95
100,46.51654115091244,-7.406994143541095,27.632113779597795,-11.055561526076303,39.415735409521325,-12.684795686637308,9.54015205845223,-12.8250293066937,20.618243340198614,6.274762506889825,0.1840165139050572,17.51059519263119,-4.831292517006812,-16.571428571428605,-0.07210884353744376,-1.7142857142857322,3.2448979591836515,0.4285714285714198,-9.878911564625879,0.5714285714285549,46.75956510747603,-3.6234859914955138,1,5.0
101,46.74565927485779,-7.528992529182921,27.761752085633958,-10.998188275800445,39.695404689070386,-12.4356952069524,9.546439844877458,-12.829049889147155,20.82149416028421,6.283804994852229,0.20604691124642927,17.518161500703687,-4.831292517006812,-16.571428571428605,-0.07210884353744376,-1.7142857142857322,3.2448979591836586,0.4285714285714198,-9.878911564625879,0.5714285714285549,47.01326748532655,-3.524723791169564,1,5.050000000000001
102,46.968625633858615,-7.628623823514648,27.893860924426672,-10.94069112269891,39.97370096329756,-12.183439726717014,9.552730609899145,-12.833063501395364,21.024117128113375,6.292602977743013,0.22811611175507165,17.525769119834735,-4.831292517006812,-16.571428571428605,-0.07210884353744376,-1.7142857142857322,3.2448979591836515,0.4285714285714198,-9.878911564625879,0.5714285714285549,47.25942881585244,-3.4288971976473657,1,5.1000000000000005
103,47.18588075295868,-7.703582451447066,28.02844101420341,-10.88307985483806,40.25019158267371,-11.9282058802331,9.5590232542302,-12.83707271587706,21.226075673315194,6.301155492201343,0.25020979465179405,17.533402803677518,-4.831292517006804,-16.571428571428577,-0.07210884353742117,-1.714285714285718,3.2448979591836586,0.4285714285714246,-9.878911564625849,0.5714285714285549,47.49804909905367,-3.3360062109289133,1,5.15
104,47.39786515720177,-7.751562837891086,28.1654930731915,-10.82536426028433,40.524443897669656,-11.670170301802727,9.565316678583496,-12.841080105030953,21.4273332255188,6.309461574866355,0.27231363915748147,17.54104730588519,-4.831292517006812,-16.571428571428605,-0.07210884353744376,-1.7142857142857322,3.2448979591836515,0.4285714285714198,-9.878911564625879,0.5714285714285549,47.72912833493026,-3.246050831014203,1,5.2
105,47.60501937163182,-7.7702594077575,28.305017819618342,-10.767554127104104,40.7960252587563,-11.409509625727834,9.571609783671875,-12.845088241295752,21.62785321435332,6.317520262377261,0.2944133244930113,17.548687380110977,-4.831292517006812,-16.571428571428605,-0.07210884353744376,-1.7142857142857322,3.2448979591836515,0.4285714285714198,-9.878911564625879,0.5714285714285549,47.952666523482186,-3.159031057903239,1,5.25
106,47.80778392129254,-7.757366585957192,28.447015971711277,-10.709659243363806,41.06450301640446,-11.1464004863105,9.577901470208202,-12.849099697110193,21.827599069447846,6.3253305913731825,0.31649452987922333,17.55630778000801,-4.831292517006804,-16.571428571428577,-0.07210884353742117,-1.714285714285718,3.2448979591836515,0.4285714285714198,-9.878911564625879,0.5714285714285549,48.168663664709484,-3.074946891596016,1,5.300000000000001
107,48.00659933122775,-7.7105787974010145,28.591488247697736,-10.651689397129827,41.32944452108503,-10.88101951785273,9.584190638905344,-12.85311704491298,22.02653422043143,6.3328915984933145,0.3385429345369498,17.56389325922947,-4.831292517006812,-16.571428571428605,-0.07210884353744376,-1.7142857142857322,3.2448979591836515,0.4285714285714198,-9.878911564625879,0.5714285714285549,48.37711975861217,-2.99379833209255,1,5.3500000000000005
108,48.20190612648122,-7.627590466999777,28.738435365805035,-10.593654376468606,41.590417123268864,-10.61354335465648,9.590476190476178,-12.857142857142854,22.224622096933288,6.340202320376808,0.3605442176870681,17.57142857142858,-4.831292517006804,-16.571428571428577,-0.0721088435374061,-1.714285714285718,3.2448979591836813,0.4285714285714295,-9.878911564625849,0.5714285714285743,48.57803480519021,-2.9155853793927857,1,5.4
109,48.39402228968783,-7.506900990297407,28.887858044260636,-10.53556396944652,41.84704486566047,-10.344176538045074,9.596757254198213,-12.86117917137504,22.421826128582452,6.347261793662825,0.38248703613818624,17.578901640290965,-4.831292517006804,-16.571428571428577,-0.07210884353744376,-1.7142857142857322,3.2448979591836586,0.4285714285714198,-9.878911564625879,0.5714285714285549,48.77140880444356,-2.8403080334968127,1,5.45
110,48.5827756338463,-7.3502296453696045,29.039757001291807,-10.477427964130026,42.09917855989917,-10.073235237426607,9.603033873607608,-12.865225885730759,22.61810974500806,6.354069054990552,0.4043719570498403,17.586313069632382,-4.831292517006812,-16.571428571428577,-0.07210884353742117,-1.7142857142857322,3.2448979591836515,0.4285714285714198,-9.878911564625856,0.5714285714285549,48.95724175637226,-2.7679662944045655,1,5.5
111,48.76787142954642,-7.160100680925201,29.194132955125994,-10.419256148585497,42.346725709857864,-9.801063529230513,9.609306320805041,-12.869282363467764,22.81343637583918,6.360623140999106,0.42620252516936513,17.59366663330105,-4.831292517006804,-16.571428571428577,-0.07210884353744376,-1.7142857142857322,3.2448979591836515,0.4285714285714198,-9.878911564625879,0.5714285714285549,49.13553366097638,-2.698560162116051,1,5.550000000000001
112,48.94901494737791,-6.939038345672981,29.350986623990533,-10.361058310879354,42.58959381940955,-9.52800548988614,9.615574867891375,-12.873347967843793,23.007769450704945,6.366923088327691,0.44798228524408773,17.600966105145176,-4.831292517006804,-16.571428571428577,-0.0721088435374061,-1.714285714285718,3.2448979591836586,0.4285714285714246,-9.878911564625879,0.5714285714285743,49.30628451825581,-2.6320896366312874,1,5.6000000000000005
113,49.125911457930535,-6.689566888321689,29.510318726112835,-10.302844239078025,42.827690392427165,-9.254405195822896,9.621839786967358,-12.877422062116581,23.201072399234455,6.3729679336154454,0.46971478202127476,17.60821525901298,-4.831292517006812,-16.571428571428605,-0.07210884353742117,-1.714285714285718,3.2448979591836586,0.4285714285714246,-9.878911564625856,0.5714285714285743,49.46949432821061,-2.5685547179502652,1,5.65
114,49.29826623179411,-6.414210557580141,29.672129979720275,-10.244623721247878,43.060922932783676,-8.98060672347016,9.628101350133782,-12.881504009543896,23.393308651056856,6.378756713501576,0.49140356024829845,17.615417868752694,-4.831292517006804,-16.571428571428605,-0.07210884353742117,-1.7142857142857322,3.2448979591836586,0.4285714285714246,-9.878911564625879,0.5714285714285549,49.62516309084077,-2.507955406073004,1,5.7
115,49.46578453955835,-6.115493602157126,29.83642110304018,-10.186406545455357,43.289198944352044,-8.706954149257317,9.634359829491409,-12.88559317338346,23.58444163580119,6.384288464625211,0.5130521646724331,17.622577708212557,-4.831292517006804,-16.571428571428577,-0.07210884353742117,-1.714285714285718,3.2448979591836813,0.4285714285714246,-9.878911564625879,0.5714285714285743,49.77329080614624,-2.4502917009994754,1,5.75
116,49.62817165181301,-5.795940270761416,30.00319281429999,-10.128202499766886,43.512425931005154,-8.433791549613774,9.640615497141011,-12.88968891689303,23.774434783096616,6.389562223625506,0.5346641400409908,17.629698551240793,-4.831292517006804,-16.571428571428577,-0.0721088435374061,-1.714285714285718,3.2448979591836586,0.4285714285714295,-9.878911564625856,0.5714285714285743,49.91387747412711,-2.395563602729673,1,5.800000000000001
117,49.78513283914786,-5.45807481210176,30.172445831727032,-10.070021372248805,43.73051139661605,-8.161463000968872,9.646868625183373,-12.893790603330324,23.963251522572207,6.39457702714165,0.5562430311012985,17.636784171685594,-4.831292517006804,-16.571428571428577,-0.0721088435374061,-1.714285714285718,3.2448979591836586,0.4285714285714295,-9.878911564625856,0.5714285714285549,50.04692309478334,-2.343771111263632,1,5.8500000000000005
118,49.93637337215264,-5.104421474886972,30.344180873548698,-10.011872950967597,43.94336284505768,-7.890312579752052,9.653119485719273,-12.8978975959531,24.150855283857076,6.399331911812799,0.5777923826006757,17.643838343395203,-4.831292517006804,-16.571428571428577,-0.07210884353742117,-1.714285714285718,3.2448979591836586,0.4285714285714246,-9.878911564625856,0.5714285714285743,50.172427668114906,-2.2949142266013274,1,5.9
119,50.08159852141717,-4.737504507825843,30.518398657992368,-9.953767023989661,44.15088778020295,-7.6206843623926614,9.65936835084948,-12.902009258019119,24.33720949658036,6.403825914278121,0.5993157392864417,17.650864840217835,-4.831292517006804,-16.571428571428577,-0.0721088435374061,-1.714285714285718,3.2448979591836813,0.4285714285714295,-9.878911564625849,0.5714285714285743,50.29039119412185,-2.248992948742769,1,5.95
120,50.220513557531135,-4.35984815962714,30.695099903285442,-9.895713379381384,44.352993705924824,-7.352922425320102,9.665615492674759,-12.906124952786069,24.522277590371154,6.408058071176782,0.6208166459058485,17.657867436001716,-4.831292517006804,-16.571428571428562,-0.0721088435374061,-1.714285714285718,3.244897959183689,0.4285714285714295,-9.878911564625849,0.5714285714285743,50.40081367280414,-2.2060072776879625,1,6.0
121,50.35282375108432,-3.973976678999642,30.874285327655237,-9.837721805209187,44.549588126096275,-7.087370844963734,9.671861183295924,-12.91024404351176,24.706022994858543,6.412027419147922,0.6422986472062682,17.664849904595087,-4.831292517006804,-16.571428571428577,-0.0721088435374061,-1.714285714285718,3.2448979591836813,0.4285714285714295,-9.878911564625856,0.5714285714285743,50.50369510416178,-2.1659572134368825,1,6.050000000000001
122,50.47823437266652,-3.582414314652137,31.055955649329203,-9.779802089539483,44.740578544590285,-6.824373697752991,9.678105694813699,-12.914365893453883,24.88840913967166,6.41573299483074,0.6637652879349978,17.671816019846165,-4.831292517006804,-16.571428571428577,-0.0721088435374061,-1.7142857142857129,3.244897959183689,0.4285714285714295,-9.878911564625849,0.5714285714285743,50.59903548819478,-2.128842755989554,1,6.1000000000000005
123,50.59645069286746,-3.1876853152934226,31.24011158653465,-9.72196402043867,44.925872465279745,-6.564275060117225,9.684349299328886,-12.91848986587019,25.069399454439605,6.419173834864378,0.6852201128393867,17.67876955560314,-4.831292517006804,-16.571428571428577,-0.0721088435374061,-1.714285714285718,3.2448979591836813,0.4285714285714295,-9.878911564625849,0.5714285714285743,50.68683482490314,-2.094663905345972,1,6.15
124,50.70717798227691,-2.7923139296322455,31.426753857498973,-9.664217385973167,45.10537739203767,-6.307419008485852,9.69059226894229,-12.922615324018468,25.248957368791444,6.422348975888003,0.7066666666666566,17.685714285714283,-4.831292517006804,-16.571428571428577,-0.0721088435374061,-1.714285714285718,3.2448979591836813,0.4285714285714295,-9.878911564625849,0.5714285714285743,50.767093114286844,-2.0634206615061315,1,6.2
125,50.81012151148461,-2.3988244063773982,31.615883180449558,-9.606571974209375,45.27900082873698,-6.054149619288231,9.696834875754634,-12.926741631156386,25.42704631235634,6.425257454540781,0.7281084941642024,17.6926539840278,-4.831292517006804,-16.571428571428562,-0.0721088435374061,-1.7142857142857129,3.244897959183689,0.4285714285714295,-9.878911564625849,0.5714285714285743,50.839810356345914,-2.035113024470042,1,6.25
126,50.90498655108035,-2.0097409942376894,31.807500273613766,-9.549037573213706,45.446650279250655,-5.804810968953737,9.703077391866742,-12.930868150541743,25.603629714763372,6.427898307461889,0.7495491400793284,17.699592424391888,-4.831292517006782,-16.571428571428548,-0.0721088435374061,-1.7142857142857129,3.244897959183689,0.4285714285714295,-9.878911564625827,0.5714285714285791,50.90498655108035,-2.0097409942376894,1,6.300000000000001
127,50.99147837165387,-1.627587941921887,32.001605855219005,-9.491623971052608,45.608233247451594,-5.5597471339118,9.709320089379341,-12.934994245432245,25.778671005641684,6.430270571290471,0.7709921491592788,17.7065333806548,-4.831292517006804,-16.571428571428562,-0.0721088435374061,-1.714285714285718,3.2448979591836813,0.4285714285714295,-9.878911564625849,0.5714285714285743,51.36401115822023,-1.6588674978912403,1,6.3500000000000005
128,51.06930224379493,-1.254889498138753,32.198200643492605,-9.434340955792436,45.76365723721282,-5.319302190591774,9.715563240393235,-12.939119279085679,25.952133614620294,6.432373282665697,0.7924410661514938,17.713480626664737,-4.831292517006782,-16.571428571428562,-0.0721088435374061,-1.714285714285718,3.244897959183689,0.4285714285714295,-9.878911564625849,0.5714285714285743,51.78361033898001,-1.3381303754641005,1,6.4
129,51.1381634380933,-0.8941699115970834,32.397285356662,-9.377198315499623,45.91282975240726,-5.083820215423038,9.721807117009217,-12.943242614759715,26.123980971328407,6.434205478226747,0.813899435803157,17.72043793626996,-4.831292517006782,-16.571428571428548,-0.0721088435374061,-1.7142857142856984,3.244897959183689,0.42857142857143915,-9.878911564625827,0.5714285714285791,52.163784093359666,-1.0475296269562893,1,6.45
130,51.19776722513875,-0.547953431005679,32.5988607129545,-9.320205838240582,46.05565829690787,-4.85364528483501,9.72805199132804,-12.947363615712172,26.29417650539512,6.435766194612773,0.8353708028616333,17.727409083318644,-4.831292517006804,-16.571428571428548,-0.0721088435374061,-1.7142857142856984,3.244897959183689,0.4285714285714295,-9.878911564625849,0.5714285714285743,52.504532421359244,-0.7870652523678356,1,6.5
131,51.247818875521006,-0.2187643050733112,32.80292743059751,-9.263373312081734,46.19205037458758,-4.629121475257066,9.734298135450477,-12.951481645200753,26.46268364644949,6.43705446846292,0.8568587120742572,17.73439784165906,-4.831292517006782,-16.571428571428562,-0.0721088435374061,-1.7142857142857129,3.244897959183689,0.4285714285714295,-9.878911564625849,0.5714285714285743,52.805855322978644,-0.5567372516986816,1,6.550000000000001
132,51.28802365982985,0.09087321749125749,33.00948622781843,-9.206710525089477,46.321913489319385,-4.410592863118573,9.740545821477326,-12.955596066483212,26.629465824120636,6.438069336416392,0.878366708188303,17.74140798513939,-4.831292517006782,-16.571428571428548,-0.0721088435374061,-1.7142857142857129,3.244897959183689,0.4285714285714295,-9.878911564625849,0.5714285714285791,53.067752798217995,-0.3565456249488562,1,6.6000000000000005
133,51.31808684865503,0.3784348879792361,33.218537822844596,-9.150227265330209,46.445155144976255,-4.198403524848957,9.746795321509335,-12.959706242817285,26.794486468037686,6.438809835112319,0.8998983359511054,17.748443287607888,-4.831292517006804,-16.571428571428562,-0.0721088435374061,-1.7142857142857129,3.244897959183689,0.4285714285714295,-9.878911564625827,0.5714285714285743,53.29022484707719,-0.18649037211836914,1,6.65
134,51.33771371258634,0.6413964576818287,33.43008293390338,-9.09393332087035,46.56168284543109,-3.9928975368775594,9.753046907647285,-12.963811537460703,26.95770900782974,6.439275001189866,0.9214571401099835,17.755507522912755,-4.831292517006782,-16.571428571428548,-0.0721088435374061,-1.7142857142857129,3.244897959183689,0.4285714285714295,-9.878911564625827,0.5714285714285743,53.47327146955626,-0.04657149320720578,1,6.7
135,51.3466095222135,0.8772336778902732,33.64412227922221,-9.037838479776312,46.671404094556856,-3.794418975633777,9.759300851991988,-12.967911313671223,27.119096873125912,6.439463871288241,0.9430466654122195,17.762604464902235,-4.831292517006782,-16.571428571428548,-0.0721088435374061,-1.7142857142857129,3.244897959183689,0.42857142857143915,-9.878911564625827,0.5714285714285791,53.61689266565528,0.06321101178463863,1,6.75
136,51.34447954812627,1.0834222998957592,33.86065657702843,-8.981952530114519,46.774226396226524,-3.603311917547012,9.765557426644161,-12.972004934706609,27.278613493555277,6.439375482046561,0.9646704566051629,17.769737887424522,-4.831292517006782,-16.571428571428562,-0.0721088435374061,-1.7142857142857129,3.244897959183689,0.4285714285714295,-9.878911564625827,0.5714285714285791,53.72108843537416,0.1428571428571496,1,6.800000000000001
137,51.33102906091445,1.2574380749895244,34.07968654554939,-8.926285259951364,46.87005725431307,-3.419920439046639,9.77181690370466,-12.976091763824549,27.43622229874698,6.439008870104015,0.9863320584361106,17.77691156432789,-4.831292517006782,-16.571428571428548,-0.0721088435374061,-1.7142857142856984,3.244897959183689,0.42857142857143915,-9.878911564625827,0.5714285714285791,53.72108843537416,0.1428571428571496,1,6.8500000000000005
138,51.305963331167746,1.3967567544627828,34.30121290301254,-8.870846457353254,46.95880417268943,-3.2445886165620696,9.778079555274168,-12.980171164282849,27.591886718330105,6.438363072099737,1.0080350156523596,17.784129269460507,-4.831292517006782,-16.571428571428562,-0.0721088435374061,-1.7142857142857129,3.244897959183689,0.4285714285714295,-9.878911564625827,0.5714285714285791,53.72108843537416,0.1428571428571496,1,6.9
139,51.268987629475966,1.498854089606772,34.52523636764515,-8.815645910386612,47.04037465522852,-3.077660526522652,9.784345653453506,-12.98424249933919,27.745570181933786,6.437437124672932,1.029782873001297,17.791394776670625,-4.831292517006782,-16.571428571428548,-0.0721088435374061,-1.7142857142857129,3.244897959183689,0.4285714285714295,-9.878911564625827,0.5714285714285791,53.72108843537416,0.1428571428571496,1,6.95
140,51.21980722642885,1.561205831712667,34.75175765767469,-8.760693407117856,47.11467620580335,-2.9194802453577915,9.79061547034347,-12.988305132251353,27.897236119187056,6.43623006446273,1.0515791752301296,17.798711859806446,-4.831292517006804,-16.571428571428562,-0.0721088435374061,-1.7142857142857129,3.244897959183689,0.4285714285714295,-9.878911564625827,0.5714285714285743,53.72108843537416,0.1428571428571496,1,7.0
141,51.15812739261612,1.5812877320717158,34.98077749132849,-8.705998735613369,47.181616328286886,-2.7703918494968898,9.796889278044802,-12.992358426277068,28.04684795971915,6.434740928108321,1.0734274670862218,17.80608429271623,-4.831292517006804,-16.571428571428562,-0.0721088435374061,-1.7142857142857129,3.244897959183689,0.4285714285714295,-9.878911564625827,0.5714285714285743,53.72108843537416,0.1428571428571496,1,7.050000000000001
142,51.08365339862762,1.5565755419751366,35.21229658683393,-8.651571683939574,47.24110252655203,-2.630739415369313,9.803167348658294,-12.996401744674085,28.194369133159082,6.43296875224886,1.0953312933168782,17.813515849248162,-4.831292517006804,-16.571428571428577,-0.0721088435374061,-1.714285714285718,3.244897959183689,0.4285714285714295,-9.878911564625849,0.5714285714285743,53.72108843537416,0.1428571428571496,1,7.1000000000000005
143,50.99609051505301,1.4845450127141433,35.44631566241839,-8.597422040162881,47.29304230447177,-2.5008670194044478,9.809449954284727,-13.000434450700146,28.339763069135934,6.43091257352351,1.117294198669403,17.821010303250485,-4.831292517006804,-16.571428571428562,-0.0721088435374061,-1.714285714285718,3.2448979591836813,0.4285714285714295,-9.878911564625849,0.5714285714285743,53.72108843537416,0.1428571428571496,1,7.15
144,50.89514401248214,1.362671895579935,35.68283543630925,-8.54355959234971,47.337343165919016,-2.3811187380316765,9.81573736702486,-13.00445590761297,28.482993197278915,6.428571428571427,1.139319727891146,17.828571428571422,-4.831292517006804,-16.571428571428577,-0.0721088435374061,-1.714285714285718,3.2448979591836813,0.4285714285714295,-9.878911564625849,0.5714285714285743,53.72108843537416,0.1428571428571496,1,7.2
145,50.89514401248214,1.362671895579935,35.68283543630925,-8.54355959234971,47.337343165919016,-2.3811187380316765,9.81573736702486,-13.00445590761297,28.482993197278915,6.428571428571427,1.139319727891146,17.828571428571422,-4.831292517006804,-16.571428571428577,-0.0721088435374061,-1.714285714285718,3.2448979591836813,0.4285714285714295,-9.878911564625849,0.5714285714285743,53.72108843537416,0.1428571428571496,1,7.25
146,50.89514401248214,1.362671895579935,35.68283543630925,-8.54355959234971,47.337343165919016,-2.3811187380316765,9.81573736702486,-13.00445590761297,28.482993197278915,6.428571428571427,1.139319727891146,17.828571428571422,-4.831292517006804,-16.571428571428577,-0.0721088435374061,-1.714285714285718,3.2448979591836813,0.4285714285714295,-9.878911564625849,0.5714285714285743,53.72108843537416,0.1428571428571496,1,7.300000000000001
147,50.89514401248214,1.362671895579935,35.68283543630925,-8.54355959234971,47.337343165919016,-2.3811187380316765,9.81573736702486,-13.00445590761297,28.482993197278915,6.428571428571427,1.139319727891146,17.828571428571422,-4.831292517006804,-16.571428571428577,-0.0721088435374061,-1.714285714285718,3.2448979591836813,0.4285714285714295,-9.878911564625849,0.5714285714285743,53.72108843537416,0.1428571428571496,1,7.3500000000000005
148,50.89514401248214,1.362671895579935,35.68283543630925,-8.54355959234971,47.337343165919016,-2.3811187380316765,9.81573736702486,-13.00445590761297,28.482993197278915,6.428571428571427,1.139319727891146,17.828571428571422,-4.831292517006804,-16.571428571428577,-0.0721088435374061,-1.714285714285718,3.2448979591836813,0.4285714285714295,-9.878911564625849,0.5714285714285743,53.72108843537416,0.1428571428571496,1,7.4
