Frame,Home_13_x,Home_13_y,Home_670_x,Home_670_y,Home_4282_x,Home_4282_y,Home_4283_x,Home_4283_y,Home_4284_x,Home_4284_y,Home_4285_x,Home_4285_y,Home_4292_x,Home_4292_y,Home_4391_x,Home_4391_y,Home_5608_x,Home_5608_y,Home_8508_x,Home_8508_y,ball_x,ball_y,Period,Time [s]
0,17.234013605442172,27.428571428571438,-18.53197278911565,13.142857142857146,8.137457492080063,8.720752943300973,6.706122448979619,-10.999999999999988,0.6489795918367378,-30.571428571428566,-2.379591836734665,6.285714285714293,-9.446258503401337,23.42857142857143,-17.955102040816318,-12.999999999999991,17.404415275576284,-24.36536424436139,-6.561904761904762,31.42857142857144,-18.53197278911565,13.142857142857146,1,0.0
1,17.23821366478701,27.366897071401045,-18.787490897606713,13.181202164535723,8.162816531968588,8.717796430750617,6.703097814473309,-11.003047530303782,0.5095302340095696,-30.51749613542702,-2.373148108223797,6.290409152022753,-9.303169952071023,23.44145052092737,-17.948469659604488,-12.99187477006292,17.415272875213077,-24.35878483613514,-6.2340242369907095,31.428818276107638,-18.143824404761894,13.06891741071428,1,0.05
2,17.240733700393896,27.2897138856702,-18.928182715082315,13.199744891828596,8.186754053604844,8.715658741588308,6.701283033769543,-11.004876048486082,0.3766318337924528,-30.466381149589207,-2.3692818711172734,6.293226071807826,-9.21008416892074,23.449838403190363,-17.944490230877367,-12.986999632100696,17.427300130165754,-24.35124973816836,-5.960488194464292,31.42721077818283,-17.776181972789104,12.998883928571434,1,0.1
3,17.241813715653997,27.198280785663115,-18.964657536760388,13.200357591280643,8.209127016036689,8.71423733682335,6.700505270610782,-11.00565969913565,0.25019069624879464,-30.418001971527353,-2.367624912357325,6.294433323144293,-9.16244099147908,23.454140810070314,-17.94278476142288,-12.984910287259735,17.440468871828553,-24.34275439010206,-5.736581062539109,31.424083508213915,-17.42904549319728,12.932756696428566,1,0.15000000000000002
4,17.241693713958444,27.09385668566391,-18.907524657858886,13.184912529436762,8.229792378311888,8.713429677465086,6.70059168873953,-11.005572626841236,0.13011312644190454,-30.372276958853718,-2.3678090188862058,6.294299184106902,-9.155680257274668,23.45476347627714,-17.942974258028933,-12.9851424366865,17.454750931595676,-24.333294231577273,-5.557587269428793,31.419771039617828,-17.10241496598637,12.870535714285717,1,0.2
5,17.24061369869833,26.9777004999567,-18.7673933735958,13.155281972841866,8.248607099478278,8.713133224522872,6.701369451898276,-11.004788976191678,0.016305429435242616,-30.32912446918047,-2.369465977646146,6.293091932770448,-9.185241803836057,23.45211213652074,-17.944679727483404,-12.987231781527479,17.47011814086133,-24.322864702235083,-5.4187912433469005,31.414607945811447,-16.79629039115646,12.812220982142858,1,0.25
6,17.238813673264843,26.851071142825663,-18.554872979189028,13.113338188040833,8.265428138583648,8.71324543900601,6.702665723829532,-11.003482891775782,-0.09132608970785155,-30.28846286011992,-2.3722275755793936,6.291079847209678,-9.246565468691909,23.44659252551105,-17.947522176574218,-12.990714022929064,17.486542331019756,-24.311461241716508,-5.315477412507015,31.408928800211704,-16.510671768707486,12.757812499999998,1,0.30000000000000004
7,17.236533641049093,26.715227528554898,-18.28057276985655,13.06095344157859,8.28011245467587,8.713663781923842,6.704307668275838,-11.00182851818227,-0.19287512592391792,-30.250210489284257,-2.375725599628156,6.28853120549937,-9.335091089370799,23.43861037795799,-17.9511226120892,-12.995124862037764,17.5039953334652,-24.299079289662533,-5.242930205122697,31.403068176235536,-16.24555909863944,12.707310267857146,1,0.35000000000000003
8,17.234013605442172,26.57142857142858,-17.955102040816318,13.000000000000005,8.292517006802726,8.714285714285715,6.706122448979595,-10.999999999999996,-0.28843537414965453,-30.214285714285705,-2.3795918367346953,6.285714285714293,-9.446258503401353,23.42857142857143,-17.955102040816318,-12.999999999999991,17.52244897959183,-24.28571428571428,-5.196434049407586,31.39736064729978,-16.000952380952388,12.660714285714283,1,0.4
9,17.231493569835287,26.42093318573082,-17.589070087286284,12.932350129849983,8.302498754012024,8.715008697100954,6.707937229683361,-10.998171481817714,-0.37810052932163146,-30.18060689273652,-2.3834580738412114,6.28289736592921,-9.575507548312174,23.416881412061322,-17.959081469543438,-13.004875137962237,17.541875100793895,-24.271361669512746,-5.17127337357523,31.392140786821443,-15.77685161564626,12.618024553571429,1,0.45
10,17.229213537619536,26.265000285745767,-17.193086204484434,12.85987609767345,8.309914655351637,8.715730191378874,6.7095791741296305,-10.996517108224197,-0.4619642863764413,-30.149092382248952,-2.386956097889981,6.280348724218907,-9.718278061631874,23.40394606313757,-17.96268190505844,-13.009285977070917,17.56224552846566,-24.256016880698954,-5.162732605839231,31.387743168217355,-15.573256802721094,12.579241071428573,1,0.5
11,17.227413512186036,26.10488878575758,-16.77775968762871,12.784450170015283,8.314621669869293,8.71634765812884,6.710875446060901,-10.995211023808297,-0.5401203402507672,-30.119660540435206,-2.3897176958232134,6.278336638658127,-9.87000988088906,23.39017111651008,-17.965524354149252,-13.012768218472518,17.58353209400127,-24.239675358913974,-5.166096174413182,31.38450236490447,-15.390167942176872,12.544363839285715,1,0.55
12,17.226333496925918,25.941857600050383,-16.35369983193703,12.707944613420363,8.316476756612886,8.716758558360148,6.711653209219669,-10.994427373158748,-0.6126623858811489,-30.092229724907522,-2.391374654583192,6.2771293873216685,-10.026142843612316,23.37596230688878,-17.967229823603706,-13.014857563313488,17.605706628794984,-24.222332543798775,-5.17664850751067,31.38275295029969,-15.227585034013599,12.513392857142858,1,0.6000000000000001
13,17.22621349523037,25.7771656429083,-15.93151593262737,12.632231694433642,8.315336874630205,8.716860353082174,6.71173962734841,-10.994340300864353,-0.6796841182042319,-30.066718293278115,-2.3915587611120204,6.276995248284272,-10.182116787330255,23.361725368983542,-17.967419320209764,-13.015089712740258,17.628740964241047,-24.203983874994492,-5.189674033345286,31.38282949781991,-15.0855080782313,12.486328125000009,1,0.65
14,17.227293510490455,25.612071828615512,-15.521817284917669,12.559183679599975,8.311058982969069,8.716550503304223,6.710961864189656,-10.995123951513902,-0.7412792321566012,-30.04304460315925,-2.389901802352094,6.278202499620754,-10.33337154957146,23.347866037504332,-17.9657138507553,-13.01300036789928,17.652606931733658,-24.184624792142078,-5.200457180130567,31.38506658088205,-14.963937074829934,12.463169642857139,1,0.7000000000000001
15,17.229813546097354,25.44783507145611,-15.135213184025911,12.490672835464276,8.303500040677307,8.715726470035621,6.709147083485884,-10.996952469696184,-0.7975414226749022,-30.02112701216313,-2.386035565245563,6.2810194194058315,-10.475346967864617,23.33479004716103,-17.961734422028165,-13.00812522993705,17.677276362667016,-24.16425073488263,-5.2042823760801316,31.389798772903053,-14.862872023809523,12.443917410714286,1,0.75
16,17.234013605442172,25.285714285714302,-14.782312925170057,12.428571428571425,8.292517006802726,8.714285714285715,6.706122448979595,-10.999999999999996,-0.8485643846957504,-30.000883877902044,-2.3795918367346953,6.285714285714293,-10.60348287973827,23.322903132663566,-17.955102040816318,-12.999999999999991,17.70272108843537,-24.142857142857153,-5.196434049407602,31.39736064729978,-14.782312925170057,12.428571428571425,1,0.8
17,17.240199866134756,25.126720785974566,-14.471611674953678,12.37436831325396,8.278087118660167,8.712160867510763,6.701779137841981,-11.004376189018258,-0.894476600234805,-29.982237321543487,-2.370276184486017,6.292487016355122,-10.71407095924376,23.312537194899807,-17.945526972650143,-12.988270573401282,17.728896360053383,-24.120468578402196,-5.17310510209354,31.407988663445224,-13.42819780210521,12.51610829695568,1,0.8500000000000001
18,17.24894320265956,24.970875488023292,-14.20314808552294,12.328018694994773,8.260668726632659,8.709425242954627,6.696264380959111,-11.009932691360545,-0.9355456996239879,-29.965124518476532,-2.358089299063548,6.301264088074158,-10.806810226523389,23.303728799469557,-17.933076518030298,-12.973023622121039,17.755691107017277,-24.09722609463657,-5.134122331186858,31.421526824536453,-12.09218928049491,12.602474662801848,1,0.9
19,17.260880663719792,24.81795170794716,-13.974846680409602,12.289094367064388,8.240840459370226,8.706187324308164,6.689789422645627,-11.016456663640563,-0.9720741002743326,-29.949486407645523,-2.3431056517555096,6.311903617351418,-10.882251538241956,23.29644067815059,-17.917907236199877,-12.954456012306029,17.782977678443828,-24.073299867374494,-5.08022100750336,31.437721019726617,-10.774287360339159,12.687670526109923,1,0.9500000000000001
20,17.27664929801864,24.667722761832945,-13.784631983145507,12.257167122733328,8.219180945522876,8.702555595262135,6.682565507216346,-11.02373526247197,-1.004364219596805,-29.935263927994775,-2.3253997138502465,6.324263720666981,-10.940945751064596,23.29063556272063,-17.900175686402005,-12.93276461010311,17.81062842344971,-24.048860072430283,-5.012136401858921,31.456317138168814,-9.474492041637943,12.771695886879892,1,1.0
21,17.296886154259287,24.51996196576735,-13.630428517262473,12.231808755272105,8.196268813740684,8.698638539507382,6.674803878985912,-11.031555644468519,-1.0327184750024387,-29.922398018468687,-2.305045956635997,6.338202514500867,-10.983443721656204,23.28627618495746,-17.880038427879892,-12.908146281659098,17.838515691151663,-24.02407688561816,-4.930603785069429,31.477061069016205,-8.192803324391253,12.854550745111794,1,1.05
22,17.322228281144866,24.374442635837106,-13.510160806292252,12.212591057951263,8.172682692673668,8.6945446407347,6.666715782269107,-11.03970496624389,-1.057439283902192,-29.91082961801156,-2.2821188514010817,6.3535781153331365,-11.010296306681717,23.28332527663886,-17.857652019876593,-12.880797893120793,17.866511830666397,-23.999120482752502,-4.8363584279507155,31.499698701421924,-6.929221208599118,12.936235100805593,1,1.1
23,17.353312727378647,24.230938088128966,-13.421753373766629,12.199085824041292,8.14900121097186,8.690382382634917,6.658512461380621,-11.047970384411796,-1.078829063707106,-29.900499665567807,-2.2566928694337545,6.370248639643815,-11.022054362806145,23.28174556954257,-17.833173021635332,-12.85091631063499,17.8944891911106,-23.974161039647512,-4.73013560131869,31.52397592453907,-5.683745694261555,13.016748953961304,1,1.1500000000000001
24,17.390776541663733,24.08922163872964,-13.363130743217459,12.190864846812726,8.125802997285293,8.686260248898828,6.650405160635195,-11.05613905558591,-1.0971902318281472,-29.891349100081744,-2.228842482022351,6.388072203912952,-11.019268746694447,23.281499795446347,-17.80675799239922,-12.81869840034856,17.922320121601004,-23.94936873211749,-4.612670575989197,31.549638627520835,-4.456376781378519,13.096092304578933,1,1.2000000000000002
25,17.435256772703326,23.949066603725885,-13.33221743817649,12.187499919536087,8.103666680264038,8.682286723217256,6.642605124347544,-11.063998136379958,-1.1128252056763484,-29.88331886049771,-2.1986421604551474,6.4069069246206185,-11.00249031501152,23.28255068612798,-17.77856349141136,-12.784341028408274,17.949876971254284,-23.924913735976737,-4.4846986227780965,31.57643269952028,-3.2471144699500467,13.174265152658457,1,1.25
26,17.48739046920061,23.810246299204433,-13.326937982175528,12.188562835481898,8.08317088855805,8.678570289280996,6.635323596832404,-11.071334783407657,-1.1260364026626837,-29.8763498857601,-2.1661663760203895,6.4266109182468005,-10.972269924422427,23.28486097336521,-17.748746077914934,-12.748041060960949,17.977032089187233,-23.900966227039504,-4.3469550125012795,31.604104029690596,-2.055958759976093,13.251267498199914,1,1.3
27,17.547814679858817,23.67253404125201,-13.345216898746376,12.19362538792067,8.064894250817458,8.675219430780865,6.6287718224045085,-11.077936153282685,-1.1371262401981337,-29.870383114813244,-2.131489600006444,6.447042301271596,-10.929158431592047,23.288393388935802,-17.717462311153096,-12.70999536415343,18.003657824516466,-23.877696381120074,-4.200175015974592,31.632398507184867,-0.882909651456658,13.327099341203272,1,1.35
28,17.61716645338104,23.53570314595536,-13.384978711420846,12.20225937012293,8.049415395692225,8.672342631407673,6.623161045378556,-11.083589402618736,-1.1463971356937623,-29.865359486601488,-2.0946863037015113,6.468059190175012,-10.873706693185408,23.293110664617515,-17.684868750368995,-12.670400804132532,18.02962652635875,-23.85527437403276,-4.04509390401393,31.661062021156297,0.2720328556081829,13.401760681668542,1,1.4000000000000001
29,17.69608283847051,23.399526929401194,-13.444147943730723,12.214036575359195,8.037312951832446,8.670048374852236,6.618702510069296,-11.088081688029549,-1.154151506560528,-29.861219940069173,-2.055830958393912,6.489519701437134,-10.806465565867404,23.298975532188138,-17.651121954805667,-12.629454247045032,18.05481054383076,-23.833870381591787,-3.882446947435102,31.689840460757917,1.4088687612185125,13.475251519595721,1,1.4500000000000002
30,17.785200883830406,23.263778707676273,-13.520649119207798,12.228528796899989,8.029165547888095,8.668445144805368,6.615607460791434,-11.091200166128782,-1.160691770209419,-29.857905414160694,-2.014998035371997,6.511281951537959,-10.727985906303072,23.305950723425383,-17.616378483706416,-12.58735255903777,18.07908222604926,-23.813654579611484,-3.7129694170540386,31.71847971514293,2.527598065374278,13.547571854984806,1,1.5
31,17.88515763816389,23.1282317968673,-13.61240676138387,12.245307828015846,8.025551812509256,8.667641424957857,6.6140871418596845,-11.092731993530165,-1.1663203440514769,-29.855356847820335,-1.9722620059239537,6.533204056957548,-10.638818571157326,23.313998970107054,-17.580794896314252,-12.544292606257576,18.102313922130936,-23.794797143906074,-3.5373965836865815,31.74672567346446,3.628220768075495,13.618721687835796,1,1.55
32,17.99659015017416,22.99265951306104,-13.717345393790737,12.26394546197723,8.027050374345919,8.667745699000529,6.614352797588804,-11.092464326847399,-1.1713396454976293,-29.85351517999253,-1.9276973413381622,6.555144134175965,-10.539514417095134,23.323083004010897,-17.544527751872387,-12.500471254851268,18.12437798119246,-23.777468250289925,-3.356463718148593,31.77432422487564,4.710736869322193,13.688701018148713,1,1.6
33,18.120135468564406,22.856835172344205,-13.833389539960189,12.28401349205476,8.034239862048189,8.668866450624202,6.616615672293528,-11.090184322694164,-1.1760520919589483,-29.852321349621562,-1.8813785129028533,6.576960299673234,-10.430624300781446,23.333165556914693,-17.507733609623912,-12.456085370965603,18.145146752350627,-23.761838074577255,-3.170906091255957,31.80102125852957,5.775146369114319,13.757509845923531,1,1.6500000000000001
34,18.256430642037795,22.720532090803548,-13.958463723424073,12.305083711518858,8.047698904266035,8.67111216351967,6.621087010288516,-11.085679137684222,-1.180760100846399,-29.851716295651855,-1.8333799919062876,6.5985106699294,-10.31269907888126,23.344209360596164,-17.470569028812026,-12.411331820747487,18.164492584722062,-23.748076792582346,-2.981458973824509,31.82656266357941,6.821449267451912,13.825148171160276,1,1.7000000000000002
35,18.406112719297504,22.583523584525782,-14.090492467714123,12.3267279136401,8.068006129649525,8.674591321377754,6.6279780558885655,-11.078735928431207,-1.185766089570993,-29.851640957027698,-1.783776249636832,6.619653361424498,-10.186289608059557,23.356177146833097,-17.433190568679834,-12.36640747034366,18.18228782742353,-23.73635458011948,-2.78885763667017,31.850694329178268,7.849645564334978,13.891615993858915,1,1.75
36,18.569818749046703,22.445582969597652,-14.227400296362136,12.348517891688978,8.095740166848671,8.679412407889254,6.637500053408357,-11.06914185154885,-1.1913724755437416,-29.852036272693464,-1.7326417573827548,6.640246490638586,-10.051946744981251,23.369031647403276,-17.395754788470462,-12.321509185900972,18.19840482957172,-23.726841613002943,-2.5938373506087515,31.873162144479323,8.85973525976348,13.95691331401946,1,1.8
37,18.74818577998861,22.306483562105907,-14.367111732899968,12.370025438936032,8.13147964451353,8.685683906744995,6.649864247162643,-11.056684063650836,-1.1978816761756175,-29.852843181593528,-1.680050986432294,6.660148174051724,-9.910221346311303,23.382735594084423,-17.358418247427124,-12.276833833566252,18.21271594028334,-23.719708067047033,-2.397133386456161,31.893711998635663,9.851718353737418,14.021040131641918,1,1.85
38,18.941850860826367,22.165998678137242,-14.507551300859355,12.390822348651787,8.175803191294154,8.693514301635775,6.665281881466112,-11.041149721350898,-1.2055961088776321,-29.854002622672187,-1.6260784080737858,6.679216528143917,-9.761664268714714,23.39725171865432,-17.321337504792872,-12.232578279486276,18.225093508675123,-23.715124118066004,-2.1994810150282316,31.91208978080044,10.825594846256863,14.083996446726301,1,1.9000000000000001
39,19.151451040263204,22.02390163377844,-14.646643523772124,12.410480414106734,8.229289435840524,8.703012076252408,6.683964200633532,-11.022325981262718,-1.214818191060774,-29.855455534873855,-1.5707984935954689,6.697309669395242,-9.6068263688564,23.412542752890737,-17.284669119810893,-12.188939389807901,18.235409883863788,-23.713259941874135,-2.0016155071408557,31.928041380126743,11.781364737321717,14.14578225927259,1,1.9500000000000002
40,19.377623367002258,21.87996574511618,-14.782312925170057,12.428571428571425,8.292517006802726,8.714285714285715,6.706122448979595,-10.999999999999996,-1.2258503401360468,-29.857142857142858,-1.514285714285709,6.714285714285717,-9.446258503401353,23.42857142857143,-17.24856965172434,-12.146114030677905,18.243537414965996,-23.71428571428571,-1.8042721336099048,31.94131268576777,12.719028026932055,14.206397569280774,1,2.0
41,19.6207938928385,21.734016230802414,-14.912795516503177,12.444753046727326,8.365910929764215,8.727414652154188,6.731905408657948,-10.974015410909018,-1.2389056821495021,-29.858995164298975,-1.4566226969127145,6.730038957895852,-9.280430273245404,23.44528602398918,-17.21310854161288,-12.1042434842289,18.249465902552565,-23.71825049973283,-1.608056443888216,31.95171537263321,13.638584715087834,14.26584237675089,1,2.0500000000000003
42,19.880544681933927,21.58608591974962,-15.03757326089422,12.459026368899655,8.449281818042234,8.742362137187088,6.761212013177716,-10.944441754266357,-1.2538401776873702,-29.86090157466391,-1.3979246901645803,6.74460840970798,-9.109486256207795,23.462577003496936,-17.178006757902487,-12.063246696536448,18.253654953010717,-23.724718917118697,-1.413055101976558,31.959324258658928,14.54003480178908,14.324116681682902,1,2.1
43,20.15624680154233,21.436259543435554,-15.1564396093842,12.471478356824672,8.54228668188752,8.759062369441411,6.793878733887013,-10.911405047081168,-1.2704204959708765,-29.86274084243462,-1.338315098209378,6.758069257804881,-8.933489774338536,23.48032037796261,-17.14289815085572,-12.02298702966188,18.256681624181645,-23.733134473964405,-1.2192250505126667,31.964279947537513,15.423378287035794,14.381220484076849,1,2.15
44,20.447271318917537,21.284621833337848,-15.269188013014029,12.48219597223856,8.644582531550757,8.777449548974094,6.8297420421339154,-10.875031306362565,-1.2884133062213219,-29.864391721808243,-1.2779173252151574,6.770496690269346,-8.752504149687848,23.49839215825421,-17.10741657073504,-11.983327845666523,18.259122973906635,-23.742940677790955,-1.0265232321343456,31.966723042961423,16.288615170827928,14.43715378393268,1,2.2
45,20.752989301313285,21.131257520934252,-15.375611922824758,12.491266176877517,8.755826377282617,8.797457875842124,6.868638409266488,-10.835446549119709,-1.3075852776599097,-29.865732966981845,-1.2168547753500207,6.781965895184122,-8.566592704305723,23.516668355239656,-17.071195867802984,-11.944132506611714,18.261556060026948,-23.753581036119403,-0.834906589479293,31.966794148623173,17.135745453165548,14.491916581250427,1,2.25
46,21.072771815983394,20.97625133770242,-15.475504789857274,12.498775932477775,8.87567522933385,8.819021550102462,6.910404306632792,-10.792776792361773,-1.327703079507903,-29.866643332152446,-1.1552508527819567,6.792552060632026,-8.375818760242268,23.53502497978691,-17.03386989232206,-11.905264374558792,18.264557940383817,-23.764499056470786,-0.6443320651852897,31.96463386821527,17.964769134048602,14.54550887603009,1,2.3000000000000003
47,21.405989930181597,20.819688015120082,-15.568660065152612,12.504812200775524,9.00378609795512,8.842074771812056,6.954876205580895,-10.747148053097876,-1.34853338098661,-29.86700157151719,-1.0932289616791362,6.802330374695821,-8.180245639547621,23.55333804276395,-16.995072494554833,-11.866586811569094,18.26870567281852,-23.775138246366176,-0.4547566018901323,31.9603828054302,18.775686213477126,14.597930668271653,1,2.35
48,21.75201471116172,20.661652284664914,-15.654871199751701,12.509461943506983,9.13981599339716,8.8665517410279,7.0018905774588625,-10.69868634833717,-1.3698428513172418,-29.8666864392731,-1.0309125062095474,6.811376025458314,-7.979936664271797,23.571483555038718,-16.95443752476376,-11.827963179703957,18.274576315172332,-23.78494211332656,-0.2661371422314659,31.95418156396049,19.568496691451095,14.649181957975143,1,2.4000000000000004
49,22.110217226177603,20.502228877814616,-15.733931644695526,12.512812122408356,9.283421925910638,8.892386657806941,7.051283893614785,-10.647517695088801,-1.3913981597210987,-29.865576689617246,-0.9684248905412933,6.819764201002249,-7.774955156464994,23.58933752747916,-16.911598833211393,-11.789256841024722,18.282746925286474,-23.79335416487303,-0.07843062884715452,31.94617074749861,20.34320056797052,14.69926274514053,1,2.45
50,22.479968542482915,20.341502526046863,-15.805634851025074,12.51494969921584,9.434260905746278,8.919513722206162,7.102892625396724,-10.593768110361902,-1.4129659754193844,-29.86355107674669,-0.9058895188423701,6.827570089410444,-7.565364438177198,23.606775970953226,-16.866190270160246,-11.750331157592692,18.29379456100222,-23.7998179085266,0.10840599562514881,31.936490959737085,21.099797843035407,14.748173029767829,1,2.5
51,22.86063972733153,20.17955796083938,-15.86977426978126,12.515961635665656,9.591989943154775,8.94786713428251,7.156553244152747,-10.537563611165638,-1.4343129676333843,-29.860488354858553,-0.8434297952809482,6.834868878765665,-7.351227831458523,23.623674896328904,-16.817845685872854,-11.71104949146923,18.308296280160825,-23.803776851808326,0.2944157885476103,31.925282804368422,21.838288516645754,14.795912811857054,1,2.5500000000000003
52,23.251601847977177,20.01647991366988,-15.926143352005147,12.515934893494018,9.756266048386813,8.977381094092953,7.212102221230953,-10.479030214509168,-1.4552058055843542,-29.85626727814985,-0.7811691240250089,6.841735757150689,-7.1326086583591355,23.63991031447412,-16.766198930611715,-11.671275204715663,18.326829140603543,-23.80467450223928,0.47964180728251676,31.912686885085137,22.558672588801556,14.842482091408172,1,2.6
53,23.6522259716737,19.85235311601601,-15.974535548737629,12.514956434437094,9.926746231693116,9.007989801694471,7.269376027979358,-10.4182939374016,-1.4754111584935798,-29.85076660081768,-0.7192309092426772,6.848245912648317,-6.909570240929064,23.655358236256845,-16.710883854639327,-11.630871659393328,18.349970200171654,-23.801954367340425,0.6641271091920946,31.898843805579688,23.260950059502804,14.887880868421197,1,2.6500000000000004
54,24.06188316567487,19.68726229935548,-16.014744311019687,12.513113220231155,10.103087503324378,9.039627457144025,7.328211135746067,-10.35548079685213,-1.4946956955822572,-29.843865077059103,-0.6577385551019421,6.854474533341314,-6.682175901218392,23.669894672545052,-16.65153430821826,-11.589702217563554,18.37829651670638,-23.795059954632862,0.8479147516386306,31.883894169544604,23.945120928749503,14.932109142896156,1,2.7
55,24.47994449723442,19.521292195165987,-16.046563089892345,12.510492212612352,10.284946873531283,9.072228260498562,7.388444015879158,-10.290716809869883,-1.512826086071747,-29.835441461071195,-0.5968154657709286,6.8604968073124475,-6.450488961277255,23.68339563420664,-16.58778414161103,-11.547630241287667,18.412385148049005,-23.78343477163766,1.0310477919843133,31.867978580672382,24.611185196541683,14.975166914833009,1,2.75
56,24.905781033606182,19.35452753492525,-16.0697853363965,12.507180373316915,10.47198135256453,9.10572641181508,7.449911139726653,-10.224127993463975,-1.5295689991831618,-29.825374507051038,-0.536585045417656,6.866387922644528,-6.214572743155676,23.69573713210962,-16.51926720508011,-11.504519092627008,18.45281315204079,-23.76652232587577,1.2135692875914224,31.851237642655537,25.259142862879308,15.017054184231776,1,2.8000000000000003
57,25.338763842043946,19.18705305011095,-16.084204501573176,12.503264664081064,10.663847950674871,9.140056111150543,7.512448978636711,-10.155840364643588,-1.544691104137871,-29.813542969195627,-0.4771706982102564,6.872223067420351,-5.974490568903812,23.706795177121922,-16.445617348888007,-11.46023213364295,18.500157586522967,-23.74376612486833,1.3955222958222369,31.833811959186544,25.88899392776237,15.05777095109247,1,2.85
58,25.778263989801488,19.018953472200778,-16.08961403646333,12.49883204664098,10.86020367811292,9.175151558561891,7.575894003957327,-10.085979940417854,-1.557959070157092,-29.799825601702125,-0.4186958283167344,6.878077429722658,-5.730305760571749,23.71644578011151,-16.366468423297327,-11.414632726396755,18.554995509336795,-23.71460967613631,1.5769498740389531,31.815842133957965,26.5007383911909,15.097317215415046,1,2.9000000000000004
59,26.223652544132598,18.850313532672413,-16.08580739210791,12.493969482732894,11.06070554512946,9.210946954106099,7.6400826870366325,-10.014672737795912,-1.5691395664620957,-29.78410115876755,-0.36128383990515434,6.884026197634267,-5.482081640209499,23.724564951946334,-16.28145427857052,-11.367584232949808,18.617903978323568,-23.678496487200793,1.757895079603835,31.797468770662242,27.094376253164878,15.13569297719954,1,2.95
60,26.67430057229107,18.68121796300358,-16.07257801954791,12.488763934093008,11.265010561975158,9.24737649784015,7.704851499222619,-9.942044773786936,-1.5779992622741306,-29.76624839458901,-0.30505813714361835,6.890144559237911,-5.229881529867281,23.73102870349435,-16.1902087649701,-11.318950015363448,18.689460051324502,-23.634870065582806,1.9384009698791165,31.778832472991905,27.66990751368434,15.172898236445937,1,3.0
61,27.129579141530662,18.51175149467197,-16.049719369824302,12.483302362457508,11.472775738900712,9.284374389820972,7.770036911863411,-9.868222065400055,-1.584304826814452,-29.746146063363522,-0.25014212420014587,6.896507702616423,-4.973768751595081,23.735713045623537,-16.092365732758633,-11.268593435698953,18.770240786180892,-23.583173918803418,2.1185106022270777,31.760073844639425,28.227332172749236,15.208932993154278,1,3.0500000000000003
62,27.58885931910518,18.34199885915526,-16.01702489397806,12.477671729562639,11.683658086156857,9.321874830105573,7.835475396307072,-9.793330629644391,-1.5878229293043162,-29.723672919288205,-0.19665920524286162,6.903190815852575,-4.713806627443027,23.738493989201825,-15.987559032198574,-11.21637785601771,18.86082324073395,-23.522851554383625,2.2982670340099585,31.741333489297357,28.766650230359613,15.243797247324503,1,3.1
63,28.0515121722684,18.17204478793117,-15.9742880430501,12.47195899714459,11.89731461399424,9.359812018750914,7.9010034239016695,-9.717496483529125,-1.588320238964986,-29.698707716560076,-0.14473278443974735,6.910269087029141,-4.450058479461211,23.739247545097175,-15.875422513552515,-11.162166638381045,18.961784472825002,-23.45334647984448,2.477713322589965,31.722752010658166,29.287861686515384,15.277490998956655,1,3.1500000000000004
64,28.516908768274128,18.001974012477387,-15.921302268081462,12.46625112693956,12.113402332663558,9.398120155813935,7.966457465995281,-9.640845644063411,-1.5855634250177326,-29.67112920937626,-0.09448626595895789,6.9178177042288915,-4.182587629699749,23.73784972417754,-15.755590027082912,-11.105823144850294,19.073701540295232,-23.37410220270708,2.656892525329389,31.704470012414397,29.790966541216694,15.310014248050711,1,3.2
65,28.984420174376154,17.831871264271598,-15.857861020113132,12.460635080683765,12.331578252415557,9.436733441351626,8.031673993935957,-9.563504128256383,-1.5793191566837814,-29.64081615193379,-0.046043053968467404,6.925911855534628,-3.9114574002087052,23.734176537310876,-15.627695423052337,-11.047210737486763,19.19715150098594,-23.284562230492394,2.8358476995904516,31.686628098258495,30.2759647944634,15.34136699460667,1,3.25
66,29.453417457828216,17.661821274791482,-15.783757750185975,12.455197820113408,12.551499383500921,9.475586075420933,8.096489479071806,-9.485597953117173,-1.569354103184418,-29.60764729842979,0.0004734473635842562,6.934626729029115,-3.636731113038176,23.72810399536516,-15.491372551723261,-10.986192778351853,19.332711412738362,-23.184170070721517,3.0146219027354153,31.66936687188299,30.74285644625556,15.371549238624546,1,3.3000000000000003
67,29.92327168588414,17.491908775514784,-15.698785909341076,12.450026306964686,12.77282273617035,9.51461225807885,8.160740392750856,-9.407253135654924,-1.5554349337409135,-29.57150140306123,0.04493983386915516,6.944037512795152,-3.3584720902382457,23.719508109208316,-15.346255263358255,-10.922632629506815,19.480958333393758,-23.072369230915445,3.193258192126523,31.652826936980375,31.1916414965932,15.400560980104316,1,3.35
68,30.393353925797705,17.322218497919156,-15.602738948619352,12.445207502973865,12.99520532067454,9.553746189382307,8.224263206321218,-9.328595692878809,-1.537328317574456,-29.53225722002527,0.08723270138021846,6.95421939491551,-3.076743653859025,23.70826488970833,-15.191977408219776,-10.85639365301302,19.64246932079343,-22.94860321859526,3.3717996251260303,31.637148897243186,31.622319945476296,15.42840221904602,1,3.4000000000000004
69,30.86303524482271,17.152835173482316,-15.495410319061737,12.440828369877089,13.218304147264202,9.592922069388296,8.28689439113092,-9.249751641797957,-1.5148009239063687,-29.4897935035189,0.12722864572866444,6.96524756347298,-2.7916091259505773,23.69425034773311,-15.028172836570377,-10.787339210931814,19.817821432778583,-22.81231554128199,3.5502892590961945,31.622473356363894,32.034891792904844,15.45507295544963,1,3.45
70,31.33168671021292,16.98384353368196,-15.376593471709308,12.436975869410576,13.441776226190026,9.632074098153783,8.348470418528052,-9.17084699942153,-1.4876194219579375,-29.443989007739308,0.16480426274645865,6.977197206550331,-2.5031318285629975,23.67734049415068,-14.854475398672598,-10.715332665324523,20.00759172719048,-22.662949706496693,3.7287701513992335,31.608940918035017,32.429357038878834,15.480573189315145,1,3.5
71,31.798679389222126,16.815328309995763,-15.24608185760292,12.433736963310546,13.6652785677027,9.67113647573571,8.408827759860722,-9.09200778275865,-1.4555504809503206,-29.394722486883452,0.19983614826551405,6.990143512230358,-2.2113750837463932,23.65741133982894,-14.6705189447889,-10.640237378252472,20.212357261870416,-22.49994922176036,3.90728535939739,31.596692185949042,32.805715683398304,15.504902920642571,1,3.5500000000000003
72,32.2633843491041,16.64737423390143,-15.1036689277836,12.431198613313214,13.888468182052986,9.71004340219108,8.467802886476932,-9.013360008818488,-1.4183607701048713,-29.341872695148464,0.232200898117766,7.004161668595834,-1.9164022135508694,23.63433889563588,-14.475937325181853,-10.561916711777005,20.432695094659586,-22.32275759459411,4.085877940452921,31.5858677637985,33.163967726463184,15.528062149431905,1,3.6
73,32.72517265711266,16.48006603687668,-14.94914813329237,12.429447781154767,14.11100207949148,9.748729077576833,8.5252322697248,-8.935029694610177,-1.3758169586427624,-29.285318386731365,0.2617751081351878,7.019326863729547,-1.6182765400265011,23.60799917243944,-14.270364390113983,-10.480234027959463,20.669182283399284,-22.130818332518952,4.2645909519280805,31.576608255275836,33.50411316807356,15.550050875683153,1,3.6500000000000004
74,33.18341538050161,16.313488450399177,-14.782312925170057,12.428571428571425,14.332537270268988,9.787127701949935,8.58095238095239,-8.857142857142854,-1.3276857157853255,-29.224938315829267,0.2884353741496696,7.035714285714281,-1.3170613852233863,23.578268181107585,-14.053433989847719,-10.395052688861183,20.922395885930804,-21.923574943055872,4.443467451185143,31.56905426407363,33.82615200822939,15.570869099396315,1,3.7
75,33.63693498623359,16.147511489217763,-14.602962965773518,12.42866565015409,14.552970404926429,9.825175482357706,8.63492389722824,-8.77992201473677,-1.2735940924519418,-29.160551900135108,0.31250931725498743,7.05324602237308,-1.01287618459466,23.545148496806117,-13.825204480310013,-10.306126490010122,21.19247054288578,-21.700857129100108,4.6225808366121495,31.56318770976029,34.13008424693067,15.590516820571384,1,3.75
76,34.082359540106985,15.981146301165781,-14.410922762722501,12.42986307191241,14.77315669516608,9.8628166538088,8.687604318502904,-8.703975690956357,-1.2126106663549128,-29.091741211325544,0.3361286595921815,7.071231760490021,-0.7060648272059612,23.50914895189239,-13.587432240084867,-10.212770960801095,21.477771226057516,-21.464039375043154,4.802125870700612,31.55835577540815,34.41590988417741,15.608994039208365,1,3.8000000000000003
77,34.515768507629105,15.81318931734773,-14.206023034952493,12.432305452710732,14.994190992980402,9.899997458302206,8.739575350447392,-8.630008910677171,-1.1436643969045819,-29.018028984573018,0.3618761485641627,7.088828086589451,-0.397027315525892,23.470904943021587,-13.34229815342068,-10.114192064095427,21.776220490029814,-21.214882360650734,4.982327656967865,31.553746959965476,34.68362891996962,15.626300755307252,1,3.85
78,34.93324135430725,15.642436968868063,-13.988094501398997,12.43613455141342,15.217168150361912,9.936664137836946,8.791418698732738,-8.558726698774722,-1.065684243511369,-28.938937955050022,0.3923345315738268,7.105191587195718,-0.08616365202306839,23.431051866848907,-13.091983104565813,-10.009595762754518,22.085740889386408,-20.955146765688458,5.163411298931289,31.548549762380574,34.93324135430725,15.642436968868063,1,3.9000000000000004
79,35.33085754564865,15.467685686831283,-13.756967880997554,12.44149212688483,15.443183019303182,9.972762934412016,8.843716069029925,-8.490834080124607,-0.9775991655856932,-28.85399085792907,0.4300865560239943,7.119478848833183,0.22612616083383316,23.390225120029548,-12.838667977768694,-9.8981880196398,22.404254978711045,-20.686593269922003,5.345601900108148,31.54195268160167,35.019027963490906,15.333374954998357,1,3.95
80,35.70469654716064,15.287731902341868,-13.51247389268375,12.44851993798927,15.67333045179661,10.008240090026382,8.897049167010021,-8.427036079602361,-0.8783381225379893,-28.762710428382682,0.4777149693175835,7.130846458026161,0.5394421205761135,23.349060099218704,-12.584533657277689,-9.779174797612672,22.729685312587463,-20.410982553117048,5.529124564015833,31.533144216577085,35.1024268738106,15.032915064775164,1,4.0
81,36.050837824350516,15.101372046504315,-13.254443255393003,12.457359743591121,15.908705299834807,10.043041846679087,8.951999698344054,-8.368037722083454,-0.7668300737786162,-28.664619401583316,0.53780251885743,7.138451001299018,0.8533842247351942,23.308192201071567,-12.331761027341173,-9.65176205953449,23.05995444559943,-20.13007529503926,5.714204394171633,31.521312866255034,35.183438085266346,14.741057298198399,1,4.05
82,36.36536084272552,14.907402550423065,-12.982706688060919,12.46815330255472,16.150402415410255,10.077114446369118,9.009149368702971,-8.314544032443496,-0.6420039787180314,-28.559240512703507,0.6129319520464898,7.141449065176102,1.1675524708424136,23.26825682224336,-12.082530972207522,-9.515155768266712,23.392984932330677,-19.845632175454313,5.901066494092971,31.505647129583863,35.2620615978581,14.457801655268149,1,4.1000000000000005
83,36.644345067792955,14.704619845202641,-12.69709490962297,12.481042373744428,16.399516650515416,10.110404131095471,9.06907988375783,-8.267260035558003,-0.5027887967666237,-28.446096496915732,0.705686016287591,7.138997236181763,1.4815468564291105,23.229889359389226,-11.839024376125188,-9.36856188667067,23.72669932736499,-19.559413874127824,6.0899359672970625,31.485335505511788,35.33829741158592,14.183148135984334,1,4.15
84,36.883869965060114,14.491820361947497,-12.397438639014691,12.496168716024583,16.657142857142865,10.142857142857148,9.132372949179679,-8.226890756302518,-0.34811348733479774,-28.3247100893925,0.8186474589835991,7.130252100840348,1.7949673790266383,23.19372520916442,-11.603422123342469,-9.211186377607802,24.059020185286066,-19.27318107082552,6.281037917301319,31.459566492987122,35.412145526449784,13.917096740347015,1,4.2
85,37.08117571590447,14.26835001634759,-12.084390243068245,12.513514915341693,16.924080454643768,10.174422657814445,9.19946717908007,-8.19376071232863,-0.17744124426712732,-28.19494842986145,0.9534080248481502,7.114736741173612,2.10751348576495,23.16006014316741,-11.377376535284505,-9.042920239783324,24.388258632452196,-18.988400407673907,6.474556505511972,31.427701371571985,35.48360594244966,13.659647468356162,1,4.25
86,37.23814536518428,14.035752662434565,-11.761888680202333,12.532426865970912,17.19994713180416,10.205061588772772,9.270228821332768,-8.166672392392059,0.007627800855128441,-28.058056276270904,1.1075954478378778,7.0934402211931635,2.419282422168215,23.127831432769824,-11.160425682083279,-8.866394615277667,24.71428008231956,-18.705362376243123,6.670512124890723,31.389792543283892,35.55267865958562,13.410800320011766,1,4.3
87,37.35782267362795,13.796121638825547,-11.434694556732264,12.552091289269523,17.484065144768834,10.234737782698877,9.344381032252173,-8.144047778024587,0.2049592820166312,-27.9156227911243,1.2778464592200578,7.067718100408,2.73047088335917,23.095636724286635,-10.951579071047437,-8.68492568201507,25.037338520118876,-18.424063430464127,6.8688842262882455,31.346065190754373,35.619363677857606,13.170555295313875,1,4.3500000000000005
88,37.44325140196396,13.55155028413768,-11.107568478973477,12.571694906594834,17.775756749682422,10.263415086559508,9.42164696815258,-8.124308850758041,0.4124188332020201,-27.769237136925124,1.4607977902620113,7.0389259383271385,3.041275564460638,23.06207366403281,-10.74984620948566,-8.501829617919828,25.357687931080854,-18.144500024267952,7.069652260555125,31.29674449661474,35.683660997265626,12.938912394262438,1,4.4
89,37.49747531092072,13.304131936988064,-10.785271053241164,12.590424439304165,18.0743442026897,10.291057347321365,9.501749785348357,-8.105877592124138,0.6278720883958588,-27.620488476176792,1.6530861722311196,7.008419294459574,3.35189316059534,23.025739898323266,-10.554236604706645,-8.32042260091616,25.675582300436226,-17.866668611585517,7.272795678541967,31.24205564349647,35.74557061780969,12.715871616857479,1,4.45
90,37.5235381612267,13.055959935993831,-10.472562885850795,12.60746660875481,18.3791497599354,10.317628411951198,9.58441264015385,-8.08717598365471,0.8491846815828169,-27.47096597138282,1.8513483363946817,6.977553728314342,3.6625203668860835,22.98523307347296,-10.363759764019093,-8.144020808928339,25.991275613415656,-17.59056564634788,7.478293931099512,31.18222381403096,35.805092539489806,12.501432963098976,1,4.5
91,37.52448371361031,12.809127619772104,-10.174204583117618,12.622008136304045,18.68949567756426,10.34309212741571,9.669358688883417,-8.066626006881496,1.0742222467475182,-27.322258785046625,2.0522210140200556,6.94768479940043,3.9733538784555833,22.939150835796866,-10.177425194731606,-7.975940419880629,26.30502185524986,-17.316187582485945,7.686126469078272,31.11747419084962,35.86222676230595,12.295596432986958,1,4.55
92,37.503355728799995,12.565728326939983,-9.894956751357,12.633235743309204,19.004704211720995,10.367412340681676,9.756311087851419,-8.042649643336297,1.3008504178745866,-27.175956079671664,2.252340936374562,6.9201680672269,4.284590390426683,22.886090831609902,-9.994242404152935,-7.819497611697268,26.617075011169582,-17.043530873930806,7.89627274332895,31.048031956583923,35.91697328625815,12.098362026521416,1,4.6000000000000005
93,37.46315430906623,12.327676222580635,-9.63845019291665,12.640549256518817,19.324097653942164,10.390552876741312,9.845016947005686,-8.01399607665866,1.5272975322454956,-27.033330924875358,2.448958181942234,6.896085599754162,4.596338690907739,22.825009556178987,-9.813329896936395,-7.677259110101107,26.92768906658467,-16.772591974982287,8.10871220470213,30.974122293865246,35.96933211134638,11.90972974370235,1,4.65
94,37.40670492284757,12.096168777641264,-9.40379649427365,12.644200924246327,19.64699843733161,10.412477472689146,9.935319190828492,-7.980723298918985,1.7532427403295758,-26.894392018730873,2.641776218074231,6.875425498748633,4.9083559399500825,22.75629890057886,-9.634242167113895,-7.548793832009196,27.237118007621817,-16.503367341415878,8.323424304048462,30.895970385325022,36.01930323757066,11.729699584529758,1,4.7
95,37.336789380124586,11.872224289535088,-9.188977437937414,12.64465610019638,19.97272903038501,10.433149843645149,10.027084697435484,-7.943216504295446,1.9787278958929848,-26.758831966425376,2.831111859338355,6.8579023744281375,5.220311390590577,22.680709604836224,-9.456642706062194,-7.43292124213723,27.545615820586885,-16.235853429376018,8.540388492218565,30.813801413594643,36.06688666493097,11.558271549003614,1,4.75
96,37.25618949087786,11.656861055675314,-8.99197480641742,12.6423801380737,20.300611901598057,10.452533704729369,10.120180344942394,-7.901860886966283,2.203794852701842,-26.62634337314596,3.0172819203024037,6.843230837010508,5.531874295866158,22.598992408977733,-9.280195005157823,-7.328460805200834,27.85343649178572,-15.970046695007069,8.759584220063086,30.72784056130557,36.112082393427336,11.395445637123943,1,4.800000000000001
97,37.16768706508793,11.4510973734752,-8.810770382223076,12.637838391582939,20.629969519466457,10.470592771061838,10.21447301146497,-7.857041641109633,2.4284854645224088,-26.496618844079762,3.200603215534194,6.83112549671356,5.842713908813802,22.511898053030123,-9.104562555777374,-7.234231985915669,28.160834007524183,-15.705943594453446,8.980990938432626,30.638313011089178,36.154890423059726,11.241221848890781,1,4.8500000000000005
98,37.074063912735426,11.255951540347937,-8.643345947863835,12.631496214428772,20.960124352485828,10.487290757762553,10.309829575118945,-7.809143960903669,2.652841585120746,-26.369350984413952,3.3813925596016112,6.821300963755161,6.152499482470352,22.420177277020073,-8.929408849297555,-7.149054248997405,28.468062354108138,-15.443540583859555,9.204588098177792,30.54544394557693,36.19531075382818,11.095600184304063,1,4.9
99,36.9781018438009,11.072441853706792,-8.487683285849133,12.623818960315873,21.290398869151865,10.50259137995156,10.406116914020025,-7.7585530405266105,2.876905068263131,-26.24423239933563,3.559966767072505,6.813471848353135,6.460900269872787,22.324580820974266,-8.754397377094918,-7.071747059161663,28.77537551784344,-15.18283411936979,9.430355150149275,30.449458547400237,36.23334338573263,10.958580643363801,1,4.95
100,36.88258266826496,10.901586610964952,-8.341764178688429,12.61527198294892,21.62011553796028,10.516458352748856,10.50320190628398,-7.705654074156599,3.1007177677156683,-26.120955694031903,3.736642652514617,6.807352760725306,6.767585524058041,22.22585942491942,-8.579191630546099,-7.001129881124118,29.08302748503597,-14.923820657128523,9.658271545197676,30.350581999190492,36.268988318773154,10.830163226070045,1,5.0
101,36.79028819610814,10.744404109535678,-8.203570408891157,12.60632063603259,21.948596827406746,10.528855391274483,10.600951430026413,-7.650832255971824,3.3243215372445754,-25.99921347368996,3.9117370304958183,6.802658311089522,7.072224498062993,22.12476382888221,-8.403455101027742,-6.936022179600406,29.391272241991555,-14.66649665328017,9.888316734173607,30.24903948357916,36.302245552949735,10.710347932422772,1,5.050000000000001
102,36.70400023731104,10.601912646832155,-8.071083758966715,12.597430273271577,22.275165205986916,10.539746210648437,10.699232363363198,-7.5944727801504905,3.547758230615979,-25.878698343496865,4.0855667155839654,6.799103109663608,7.374486444924614,22.02204477288934,-8.226851279916474,-6.875243419306216,29.70036377501604,-14.410858563969123,10.120470167927719,30.145056183197596,36.33311508826234,10.59913476242193,1,5.1000000000000005
103,36.62650060185423,10.475130520267635,-7.942286011424604,12.589066248370534,22.599143142196475,10.54909452599076,10.797911584409981,-7.536960840870755,3.7710697015960744,-25.759102908639804,4.25844852234683,6.796401766665404,7.674040617679793,21.918452996967506,-8.049043658588893,-6.817613064957188,30.01055607041535,-14.156902845339802,10.354711297310601,30.03885728067728,36.361596924711,10.49652371606759,1,5.15
104,36.560571099718295,10.365076027255355,-7.815158948774218,12.58169391503413,22.91985310453112,10.556864052421465,10.896855971282527,-7.478681632310799,3.994297803951049,-25.64011977430589,4.430699265352292,6.7942688923127434,7.970556269365524,21.81473924114337,-7.869695728421662,-6.761950581268948,30.322103114495306,-13.904625953536552,10.59101957317297,29.93066795864961,36.38769106229568,10.402514793359698,1,5.2
105,36.508993540883814,10.272767465208513,-7.687684353525008,12.575778626967058,23.236617561486526,10.563018505060581,10.995932402096496,-7.420020348648791,4.2174843914470515,-25.521441545682244,4.60263575916813,6.792419096823476,8.263702653018626,21.711654245443672,-7.688470980791348,-6.707075432957177,30.63525889356177,-13.654024344703835,10.829374446365367,29.820713399745998,36.41139750101641,10.3171079942983,1,5.25
106,36.474549735331365,10.19922313154034,-7.557844008186446,12.571785737873984,23.548758981558343,10.567521599028119,11.095007754967686,-7.361362184062976,4.4406713178502635,-25.402760827956,4.774574818362247,6.790566990415414,8.553149021676125,21.609948749895086,-7.505032907074607,-6.651807084737531,30.950277393920558,-13.405094474986035,11.06975536773843,29.709218786597877,36.432716240873184,10.240303318883369,1,5.300000000000001
107,36.460021493041516,10.145461323664069,-7.4236196952679405,12.570180601459604,23.855599833242263,10.570337049444104,11.19394890801178,-7.3030923327314525,4.663900436926848,-25.283770226314278,4.94683325750243,6.7884271833064025,8.838564628374915,21.5103734945243,-7.319044998648033,-6.5949650013256464,31.267412601877595,-13.157832800527498,11.312141788142814,29.596409301836644,36.45164728186599,10.172100767114912,1,5.3500000000000005
108,36.468190623994836,10.112500338992923,-7.2829931972789055,12.571428571428585,24.156462585034006,10.571428571428568,11.292622739344537,-7.245595988832459,4.887213602443001,-25.164162345944234,5.119727891156458,6.785714285714282,9.119618726151906,21.413679219358002,-7.130170746888297,-6.535368647437184,31.586918503738694,-12.912235777472674,11.556513158429155,29.48251012809376,36.468190623994836,10.112500338992923,1,5.4
109,36.501017788618896,10.100965526205252,-7.134350655280016,12.575893003562808,24.450818236079257,10.570751356054815,11.39092229869306,-7.1891826178057485,5.110644439761929,-25.04369022550444,5.293513248507686,6.782199015164242,9.396082383025647,21.320455403501562,-6.938162809512381,-6.472065957354896,31.908977734337043,-12.668274121885975,11.802832807454918,29.367717519868503,36.6811825067542,10.29557437966396,1,5.45
110,36.55717904912895,10.109910439040043,-6.977695644536429,12.58352926195324,24.73873190812398,10.568226498209349,11.488845322230095,-7.1338587701376746,5.3341936606351,-24.92234863753914,5.468194717201038,6.777876518410926,9.668133926941263,21.230646482375,-6.743130509598835,-6.405018743629913,32.23348752261477,-12.425815589511954,12.050999576104967,29.252112019131882,36.886049358563625,10.471664669464719,1,5.5
111,36.634529318187255,10.137995682501302,-6.813436098864565,12.59419071276803,25.02041725356414,10.563766568732007,11.586415717739794,-7.079555267576118,5.557853748411082,-24.80019278806405,5.643715399496996,6.772798049516327,9.936053500825395,21.144035630476992,-6.545272336566532,-6.334417288380448,32.56027374604139,-12.18470219601519,12.300896183271057,29.13574523972269,37.08279117942309,10.6407712083952,1,5.550000000000001
112,36.7309235084561,10.183881861593163,-6.641979952080789,12.60773072217532,25.29608792479575,10.557284138462565,11.683657393006314,-7.0262029318690535,5.781617186438334,-24.677277883094852,5.820018397655965,6.767014862542444,10.200121247604834,21.060406022306214,-6.344786779834476,-6.260451873724744,32.889162282086374,-11.944775957060287,12.552405347844916,29.01866879547983,37.271407969332586,10.802893996455367,1,5.6000000000000005
113,36.84421653259771,10.24622958131965,-6.463735138001525,12.62400265634327,25.565957574214742,10.548691778240842,11.780594255813817,-6.9737325847643605,6.005476458065449,-24.55365912864733,5.997046813938347,6.76057821155128,10.460617310206263,20.979540832361337,-6.141872328821588,-6.183312781781017,33.2199790082192,-11.705878888311808,12.805409788718269,28.90093430024213,37.45189972829214,10.958033033645275,1,5.65
114,36.97226330327431,10.323699446684856,-6.279109590443198,12.642859881440053,25.830239854217183,10.537902058906644,11.877250213946404,-6.922075048009978,6.229424046640927,-24.429391730737134,6.174743750604607,6.753539350604829,10.71782183155635,20.90122323514106,-5.936727472946766,-6.103190294667491,33.55254980190928,-11.467853005434355,13.059792224782846,28.782593367848456,37.62426645630179,11.106188319964879,1,5.7
115,37.112918733148256,10.414952062692887,-6.088511243222089,12.664155763633804,26.08914841719904,10.524827551299781,11.973649175188278,-6.871161143353833,6.4534524355133005,-24.30453089537998,6.353052309915183,6.745949533765093,10.972014954581844,20.825236405144047,-5.729550701628952,-6.020274694502363,33.88670054062617,-11.2305403240925,13.315435374930402,28.66369761213771,37.788508153361455,11.247359855414212,1,5.75
116,37.2640377348817,10.51864803434777,-5.892348030154647,12.687743669092699,26.34289691555627,10.50938082626004,12.06981504732351,-6.820921692543881,6.67755410803109,-24.179131828591565,6.531915594130474,6.737860015094092,11.223476822209465,20.751363516868977,-5.5205405042870686,-5.934756263403899,34.222257101839276,-10.993782859950846,13.572221958052634,28.544298646948704,37.94462481947117,11.38154763999326,1,5.800000000000001
117,37.42347522113694,10.633447966653613,-5.69102788505727,12.713476963984904,26.59169900168488,10.491474454627259,12.16577173813633,-6.771287517327976,6.901721547542793,-24.053249736387613,6.711276705510922,6.7293220486537875,11.472487577365847,20.679387744814534,-5.309895370340065,-5.846825283490307,34.55904536301809,-10.757422628673957,13.830034693041299,28.42444808612028,38.09261645463093,11.50875167370202,1,5.8500000000000005
118,37.5890861045762,10.758012464614476,-5.484958741746312,12.741209014478548,26.835768327980876,10.471021007241225,12.261543155410841,-6.722189439454116,7.125947237397004,-23.926939824783837,6.891078746316945,6.720386888506209,11.71932736297784,20.609092263479404,-5.097813789206885,-5.756672036879802,34.89689120163213,-10.521301645926423,14.08875629878811,28.304197543491316,38.23248305884078,11.628971956540513,1,5.9
119,37.758725297861766,10.891002133234442,-5.274548534038216,12.77079318674182,27.075318546840226,10.447933054941753,12.357153206931212,-6.673558280670181,7.350223660942214,-23.800257299795927,7.0712648188090155,6.711105788713329,11.964276321972045,20.540260247362273,-4.884494250306405,-5.664486805690616,35.23562049515081,-10.28526192737286,14.348269494184828,28.18359863290068,38.36422463210066,11.74220848850869,1,5.95
120,37.930247713655874,11.03107757751758,-5.060205195749274,12.80208284694286,27.310563310658917,10.422123168568657,12.452625800481563,-6.625324862724122,7.574543301526955,-23.673257367439604,7.25177802524751,6.701530003337163,12.207614597275196,20.47267487096177,-4.670135243057566,-5.570459872040975,35.57505912104363,-10.049145488677809,14.608456998123149,28.06270296818725,38.48784117441057,11.848461269606599,1,6.0
121,38.10150826462078,11.176899402467955,-4.842336660695991,12.834931361249835,27.541716271832957,10.393503918961711,12.547984843846063,-6.5774200073638545,7.798898642499757,-23.545995233730572,7.432561467892903,6.691710786439711,12.449622331814009,20.40611930877666,-4.4549352568793505,-5.474781518049095,35.91503295678007,-9.812794345505887,14.869201529494825,27.94156216318981,38.60333268577056,11.947730299834213,1,6.050000000000001
122,38.27036186341875,11.327128213089672,-4.6213508626946656,12.869192095830895,27.768991082758344,10.361987876960773,12.643254244808872,-6.5297745363373005,8.02328216720916,-23.418526104684517,7.613558249005592,6.681699392082965,12.690579668515195,20.34037673530554,-4.239092781190605,-5.3776420258331985,36.25536787982957,-9.576050513521642,15.130385807191592,27.8202278317473,38.71069916618058,12.040015579191557,1,6.1000000000000005
123,38.43466342271202,11.480424614386779,-4.3976557355617345,12.904718416854202,27.99260139583105,10.327487613405602,12.738457911154104,-6.482319271392388,8.24768635900364,-23.290905186317193,7.7947114708460035,6.671547074328922,12.93076675030548,20.275230325047133,-4.022806305410345,-5.279231677511525,36.595889767661625,-9.33875600838969,15.391892550105203,27.698751587698528,38.80994061564066,12.125317107678605,1,6.15
124,38.59226785516282,11.63544921136336,-4.171659213113582,12.941363690487915,28.212760863447002,10.28991569913604,12.833619750665942,-6.434985034277034,8.472103701231784,-23.163187684644267,7.975964235674592,6.661305087239604,13.170463720111526,20.21046325250011,-3.8062743189574477,-5.179740755202278,36.93642449774569,-9.100752845774615,15.653604477127308,27.577185044882388,38.90105703415079,12.203634885295367,1,6.2
125,38.74103007343347,11.790862609023492,-3.9437692291665805,12.978981282900197,28.429683138002297,10.249184704991874,12.92876367112851,-6.387702646739168,8.696526677242097,-23.03542880568148,8.157259645751767,6.65102468487698,13.409950720860115,20.145858692163156,-3.5896953112508645,-5.07935954102371,37.27679794755126,-8.861883041341002,15.915404307149748,27.455579817137693,38.98404842171099,12.274968912041851,1,6.25
126,38.87880499018618,11.945325412371242,-3.7143937175370927,13.017424560259217,28.643581871892867,10.205207201812906,13.023913580325972,-6.3404029305267375,8.920947770383075,-22.907683755444495,8.33854080333797,6.640757121303069,13.649507895477907,20.08119981853494,-3.3732677717094846,-4.978278317094002,37.6168359945478,-8.621988610753428,16.177174759064158,27.333987518303353,39.05891477832121,12.33931918791804,1,6.300000000000001
127,39.003447518083206,12.097498226410702,-3.4839406120415775,13.056546888733095,28.854670717514715,10.157895760438954,13.119093386042461,-6.2930167073876495,9.145359464003292,-22.780007739949063,8.519750810693619,6.630553650579858,13.889415386891617,20.016269806114128,-3.1571901897522974,-4.876687365531437,37.956364516204786,-8.380911569676478,16.438798551762325,27.21245976221815,39.12565610398151,12.396685712923949,1,6.3500000000000005
128,39.11281256978679,12.246041656145914,-3.252817846496379,13.096201634490015,29.063163327263826,10.107162951709817,13.214326996062109,-6.2454747990698385,9.36975424145125,-22.65245596521089,8.700832770079149,6.6204655267693475,14.12995333802796,19.95085182939944,-2.9416610547981854,-4.774776968454206,38.295209389991655,-8.138493933774742,16.70015840413594,27.09104816272101,39.18427239869188,12.447068487059592,1,6.4
129,39.2047550579592,12.38961630658099,-3.021433354717881,13.136242163698153,29.269273353536185,10.052921346465315,13.309638318169124,-6.197708027321196,9.594124586075516,-22.52508363724564,8.881729783755002,6.6105440039335495,14.371401891813678,19.88472906288951,-2.7268788562660915,-4.672737407980498,38.63319649337789,-7.894577718712811,16.961137035076796,26.969804333650764,39.23476366245224,12.49046751032493,1,6.45
130,39.2771298952627,12.52688278271998,-2.7901950705224814,13.176521842525645,29.473214448727774,9.99508351554525,13.405051260147586,-6.149647213889653,9.818462981224588,-22.397945962069056,9.062384953981582,6.600840336134463,14.614041191175433,19.81768468108307,-2.5130420835749447,-4.5707589662286034,38.970151703833025,-7.6490049401552405,17.221617163476594,26.848779888846284,39.2771298952627,12.52688278271998,1,6.5
131,39.328260522147296,12.65678076764134,-2.559510927726601,13.216894037140644,29.675186875577896,9.933618461030171,13.500584318700353,-6.101238837731138,10.042763611500938,-22.27108565084418,9.242754260762172,6.5913941770324485,14.858087973910086,19.74955093288956,-2.3003492261437097,-4.4690319253167,39.30597475521155,-7.401769661457306,17.481508052619898,26.72801476031602,40.03459139292281,11.705139585450953,1,6.550000000000001
132,39.35834449021416,12.77936625672102,-2.32978886014657,13.257212113711311,29.875337338199053,9.868720909963585,13.59623434620497,-6.052492006633215,10.267027466522928,-22.144495435323346,9.422845195071329,6.582198778681511,15.103505357295058,19.680356364861684,-2.088998773391248,-4.3677465673630245,39.64086080690838,-7.15347413673684,17.7408251433627,26.607502152746875,40.772305291016394,10.904819860736417,1,6.6000000000000005
133,39.36804787885218,12.894974323409313,-2.101436801598802,13.297329438405827,30.073799151046977,9.800642020629756,13.691992783957621,-6.003431485591452,10.491257237162745,-22.018155552406316,9.602678125626547,6.573235792733991,15.350193053477867,19.61017859796291,-1.8791892147365408,-4.2670931744858,39.97507887470345,-6.9048726678023575,17.999610420953793,26.487223588995356,41.490271589543454,10.125923608576368,1,6.65
134,39.35803676745027,13.003940041156566,-1.8748626858996953,13.337099377392327,30.27070562857749,9.729632951312935,13.787851073254513,-5.954082039601434,10.71545561429274,-21.89204623899274,9.782273421145167,6.564486870842265,15.598050774606074,19.539095253156756,-1.6711190395984545,-4.167262028803258,40.30889797437678,-6.656719556462337,18.257905870642027,26.36716059191795,42.18849028850391,9.368450828970854,1,6.7
135,39.32897723539739,13.106598483413032,-1.650474446865632,13.37637529683897,30.466190085246325,9.655944860297385,13.883800655391864,-5.904468433658737,10.939625288785173,-21.766147731982354,9.961651450344622,6.555933664658665,15.846978232827182,19.4671839514067,-1.4649867373960541,-4.068443412433635,40.642587121708274,-6.409769104525317,18.515753477676185,26.24729468437117,42.866961387897824,8.632401521919816,1,6.75
136,39.28153536208245,13.203284723629077,-1.4286800183130113,13.415010562913931,30.660385835509278,9.579828905867352,13.979832971665868,-5.854615432758884,11.163768951512287,-21.64044026827483,10.140832581942355,6.547557825835593,16.09687514028877,19.39452231367624,-1.2609907975481316,-3.9708276074951048,40.97641533247795,-6.164775613799762,18.773195227305116,26.127607389211537,43.52568488772516,7.917775687423275,1,6.800000000000001
137,39.21637722689433,13.294333835254983,-1.209887334058163,13.452858541785355,30.853426193822187,9.501536246307099,14.075939463372734,-5.80454780189751,11.387889293346372,-21.514904084769892,10.319837184655803,6.539341006025369,16.347641209138363,19.321187960928857,-1.0593297094736758,-3.8746048961059567,41.310651622465706,-5.92249338609421,19.03027310477763,26.008080229295537,44.164660787985966,7.22457332548124,1,6.8500000000000005
138,39.134168909222,13.38008089174108,-0.9945043279175533,13.489772599621409,31.045444474640764,9.421318039900878,14.1721115718087,-5.754290306070076,11.611989005159689,-21.389519418367236,10.498685627202335,6.531264856880395,16.59917615152346,19.24725851412806,-0.8602019625915767,-3.7799655603843654,41.64556500745157,-5.68367672321714,19.28702909534254,25.888694727479653,44.78388908868019,6.552794436093698,1,6.9
139,39.03557648845432,13.460860966537698,-0.7829389337075576,13.525606102590235,31.2365739924208,9.33942544493295,14.268340738269933,-5.703867710272243,11.836070777824546,-21.264266505966567,10.677398278299407,6.523311030053019,16.851379679591666,19.172811594237306,-0.6638060463208384,-3.687099882448591,41.98142450321553,-5.44907992697709,19.543505184248644,25.769432406620442,45.38336978980786,5.90243901926067,1,6.95
140,38.921266043980246,13.537009133095092,-0.5755990852445141,13.56021241686,31.426948061618074,9.256109619687589,14.364618404052667,-5.653304779499546,12.060137302213182,-21.139125584467585,10.855995506664438,6.515461177195569,17.10415150549047,19.097924822220143,-0.4703404500803133,-3.596198144416813,42.31849912553749,-5.21945729918253,19.799743356744813,25.65027478957437,45.963102891368976,5.273507074982131,1,7.0
141,38.79190365518875,13.608860464863639,-0.3728927163448732,13.593444908598872,31.616699996688386,9.171621722449016,14.460936010453121,-5.602626278747525,12.284191269197887,-21.014076890770006,11.034497681014823,6.507696949960456,17.35739134136744,19.02267581903999,-0.28000366328897497,-3.507450628407292,42.65705789019748,-4.995563141641958,20.0557855980798,25.53120339919793,46.52308839336355,4.6659986032580925,1,7.050000000000001
142,38.64815540146863,13.676750035293614,-0.17522776082495056,13.625156943974995,31.805963112087497,9.086212911501496,14.557284998767434,-5.551856973011769,12.508235369650912,-20.889100661773497,11.212925170068022,6.499999999999997,17.61099889937008,18.94714220566038,-0.09299417536571397,-3.42104761653824,42.9973698129754,-4.778151756163918,20.311673893502466,25.412199758347654,47.063326295791526,4.079913604088562,1,7.1000000000000005
143,38.49068736220891,13.741012917835327,0.01698784749878797,13.655201889156537,31.994870722271227,9.000134345129304,14.65365681029189,-5.501021627287859,12.732272294444533,-20.764177134377796,11.3912983425414,6.492351978966581,17.864873891645978,18.871401603044788,0.09048952427048135,-3.3371793909278797,43.33970390965128,-4.567977444556889,20.56745022826162,25.293245389880035,47.583816598652945,3.515252077473521,1,7.15
144,38.32016561679846,13.80198418593912,0.2033461748100045,13.683433110311658,32.183556141695306,8.91363718161668,14.750042886322653,-5.450145006571308,12.956304734451072,-20.639286545482573,11.569637567152455,6.484734538512581,18.118916030342632,18.795531632156735,0.2702489462007205,-3.2560362336944326,43.684329196004995,-4.365794508629345,20.823156587606093,25.174321816651585,48.08455930194788,2.9720140234129984,1,7.2
145,38.137256244626215,13.859998913055282,0.3834392872922934,13.709703973608518,32.37215268481552,8.826972579247897,14.846434668155956,-5.399251875857742,13.180335380542722,-20.514409131987577,11.74796321261854,6.477129330290312,18.373025027607603,18.71960991395967,0.44608560100608274,-3.1778084269561315,44.031514687816625,-4.172357250189839,21.078834956784654,25.055410561518798,48.56555440567615,2.450199441906961,1,7.25
146,37.9426253250811,13.91539217263413,0.5568592511292638,13.733867845215261,32.560793666087676,8.740391696307173,14.942823597087996,-5.348367000142686,13.404366923591834,-20.389525130792443,11.92629564765711,6.469518005952201,18.62710059558838,18.6437140694171,0.6178009992676099,-3.102686252831198,44.38152940086606,-3.988419971046869,21.33452732104617,24.936493147338172,49.02680190983793,1.9498083329554274,1,7.300000000000001
147,37.73693893755198,13.968499038125968,0.7231981325045178,13.755778091300044,32.74961239996752,8.65414569107881,15.039201114414974,-5.297515144421713,13.628402054470614,-20.26461477879694,12.104655240985558,6.46188221715055,18.881042446432573,18.567921719492524,0.7851966515664037,-3.030859993437854,44.734642350933264,-3.8147369730089116,21.590275665639446,24.81755109696623,49.46830181443315,1.4708406965583931,1,7.3500000000000005
148,37.52086316142786,14.019654582981131,0.88204799760171,13.775288078031062,32.9387422009109,8.568485721847056,15.135558661433093,-5.246721073690389,13.852443464051374,-20.139658312900735,12.283062361321356,6.454203615537743,19.134750292287706,18.492310485149417,0.9480740684835136,-2.962519930894313,45.09112255379827,-3.652062557884487,21.846121975813304,24.698565933259445,49.89005411946178,1.013296532715853,1,7.4
149,37.29506407609759,14.069193880649914,1.0330009126043969,13.79225117157642,33.12831638337349,8.483662946896134,15.231887679438579,-5.196009552944288,14.076493843206357,-20.014635970003553,12.461537377381843,6.446463852766122,19.388123845301287,18.416957987351292,1.1062347606000114,-2.89785634731883,45.451239025241,-3.5011510274820927,22.102108236816548,24.579519179074342,50.29205882492388,0.5771758414278315,1,7.45
150,37.060207760950135,14.117452004582642,1.175648943696248,13.806520738104327,33.318468261811155,8.399928524510333,15.328179609727636,-5.145405347178969,14.300555882807895,-19.889527987005064,12.6401006578845,6.438644580488098,19.641062817620874,18.34194184706162,1.2594802384969688,-2.837059524829584,45.81526078104144,-3.362756683610234,22.358276433898002,24.460392357267423,50.674315930819375,0.16247862269429478,1,7.5
151,36.81696029537438,14.16476402822963,1.3095841570607978,13.817950143782902,33.509331150679635,8.317533612973898,15.424425893596464,-5.0949332213900105,14.524632273728171,-19.76431460080498,12.818772571546738,6.430727450355987,19.893466921393973,18.2673396852439,1.4076120127554503,-2.780319745544846,46.18345683697954,-3.2376338280774313,22.614668552306483,24.341166990695193,51.03682543714834,-0.23079512348475248,1,7.550000000000001
152,36.565987758759256,14.21146502504118,1.434398618881723,13.826392754780327,33.701038364434716,8.236729370571087,15.520617972341258,-5.044617940572954,14.748725706839567,-19.63897604830302,12.997573487085969,6.422694114022172,20.145235868768175,18.193229122861613,1.550431593956565,-2.7278272915828032,46.556096208835214,-3.1265367626921625,22.871326577290823,24.221824602214163,51.37958734391077,-0.6026453971092908,1,7.6000000000000005
153,36.307956230493694,14.25789006846759,1.5496843953426032,13.831701937264747,33.893723217532184,8.157766955586146,15.616747287258256,-4.994484269723369,14.972838873014263,-19.51349256639888,13.176523773219603,6.414526223138986,20.39626937189098,18.119687780878266,1.6877404926813322,-2.6797724450616927,46.93344791238858,-3.030219789262934,23.128292494099817,24.102346714680806,51.7026016511066,-0.9530721981793107,1,7.65
154,36.04353178996661,14.304374231959184,1.655033552627085,13.833731057404322,34.08751902442783,8.08089752630335,15.712805279643652,-4.944556973836863,15.196974463124526,-19.38784439199225,13.355643798665088,6.406205429358826,20.646467142909948,18.04679328025733,1.8193402195108466,-2.636345488099771,47.31578096341942,-2.9494372095982704,23.385608287982283,23.982714850951652,52.00586835873592,-1.2820755266948507,1,7.7
155,35.7733805165669,14.351252588966297,1.7500381569187409,13.832333481367233,34.2825590995774,8.006372241006943,15.80878339079365,-4.89486081790892,15.421135168042717,-19.262011761982865,13.534953932139828,6.3977133843340335,20.895728893972606,17.97462324196232,1.9450322850261648,-2.597736702815188,47.70336437770781,-2.884943325506659,23.64331594418706,23.86291053388321,52.28938746679868,-1.5896553826558817,1,7.75
156,35.49816848968351,14.39886021293922,1.8342902744012095,13.827362575321603,34.47897675743671,7.934442257981179,15.904673062004447,-4.845420566935168,15.645323678641063,-19.13597491327039,13.714474542361224,6.389031739716977,21.14395433722649,17.9032552869567,2.064618199808381,-2.5641363713262133,48.09646717103375,-2.837492438796592,23.90145744796295,23.742915286331964,52.55315897529483,-1.8758117660624234,1,7.800000000000001
157,35.21856178870533,14.447532177328283,1.9073819712580928,13.81867170543562,34.67690531246153,7.8653587355103225,16.000465734572245,-4.796260985911153,15.869542685791805,-19.009714082754535,13.894225998046734,6.380142147160014,21.391043184819154,17.832767036203965,2.1778994744385596,-2.5357347757510937,48.495358359177146,-2.8078388512766037,24.16007478455879,23.622710631154412,52.797182884224405,-2.1405446769144656,1,7.8500000000000005
158,34.935226493021325,14.497603555583758,1.9689053136729857,13.806114237877416,34.87647807910761,7.799372831878625,16.096152849793306,-4.747406839832451,16.09379488036724,-18.883209507334996,14.074228667913747,6.371026258315511,21.63689514889812,17.76323611066762,2.2846776194977423,-2.512722198208013,48.900306957917934,-2.796736864755177,24.419209939223357,23.50227809120707,53.021459193587496,-2.3838541152120087,1,7.9
159,34.648828682020394,14.549409421156,2.0184523678295125,13.789543538815172,35.07782837183076,7.736735705370342,16.19172584896375,-4.698882893694609,16.318082953239667,-18.75644142391151,14.254502920679705,6.361665724835811,21.881409941610936,17.694740131311153,2.3847541455670385,-2.495288920815212,49.311581983036135,-2.8049407810408407,24.678904897205527,23.381599189346474,53.225987903384,-2.605740080955043,1,7.95
160,34.360034435091436,14.603284847495305,2.0556151999112817,13.76881297441703,35.281089505086776,7.677698514269735,16.28717617337989,-4.6507139124932015,16.542409595281327,-18.629390069383767,14.435069125062018,6.352042198373303,22.12448727510512,17.62735671909804,2.4779305632275133,-2.4836252256909184,49.72945245031171,-2.833204901942054,24.939201643754064,23.26065544842907,53.41076901361394,-2.806202574143574,1,8.0
161,34.06950983162338,14.659564908052005,2.0799858761019268,13.743775910851145,35.48639479333138,7.622512416861057,16.382495264337848,-4.6029246612238035,16.766777497364497,-18.50203568065143,14.615947649778114,6.342137330580326,22.366026861528276,17.561163494991792,2.5640083830602,-2.477921394953349,50.154187375524586,-2.8822835292673523,25.200142164117818,23.139428391311405,53.57580252427733,-2.9852415947776048,1,8.05
162,33.77792095100515,14.718584676276357,2.091156462585033,13.714285714285715,35.693877551020414,7.571428571428576,16.477674563133846,-4.555539904881972,16.991189350361452,-18.37435849461424,14.797158863545405,6.33193277310925,22.605928413027847,17.49623807995588,2.642789115646215,-2.4783677107207063,50.58605577445476,-2.952930964825255,25.46176844354561,23.017899540849953,53.72108843537416,-3.1428571428571366,1,8.1
163,33.77792095100515,14.718584676276357,2.091156462585033,13.714285714285715,35.693877551020414,7.571428571428576,16.477674563133846,-4.555539904881972,16.991189350361452,-18.37435849461424,14.797158863545405,6.33193277310925,22.605928413027847,17.49623807995588,2.642789115646215,-2.4783677107207063,50.58605577445476,-2.952930964825255,25.46176844354561,23.017899540849953,53.72108843537416,-3.1428571428571366,1,8.15
164,33.77792095100515,14.718584676276357,2.091156462585033,13.714285714285715,35.693877551020414,7.571428571428576,16.477674563133846,-4.555539904881972,16.991189350361452,-18.37435849461424,14.797158863545405,6.33193277310925,22.605928413027847,17.49623807995588,2.642789115646215,-2.4783677107207063,50.58605577445476,-2.952930964825255,25.46176844354561,23.017899540849953,53.72108843537416,-3.1428571428571366,1,8.200000000000001
