Frame,Away_1475_x,Away_1475_y,Away_1802_x,Away_1802_y,Away_3006_x,Away_3006_y,Away_3007_x,Away_3007_y,Away_3340_x,Away_3340_y,Away_4286_x,Away_4286_y,Away_4287_x,Away_4287_y,Away_4288_x,Away_4288_y,Away_4289_x,Away_4289_y,Away_4290_x,Away_4290_y,Away_4291_x,Away_4291_y,ball_x,ball_y,Period,Time [s]
0,47.66394557823131,5.0000000000000036,18.964625850340134,23.571428571428562,15.9360544217687,11.571428571428566,14.061224489795913,-1.5714285714285683,18.09931972789117,-19.0,0.9388901259379326,-19.302827502989647,6.465604642234901,2.4156369705409486,-9.013605442176871,-5.285714285714279,-10.414687341549055,4.986064577133598,-1.0816326530612272,15.71428571428572,-2.6680272108843575,24.7142857142857,-18.53197278911565,13.142857142857146,1,0.0
1,47.647802146272376,5.016195842025119,19.00238539849775,23.53087118328118,15.872382996190922,11.568924239169858,14.00761210246657,-1.5774186483678503,18.070711977576106,-19.015535022257602,0.9695068322498801,-19.305830920926518,6.479317344373994,2.4174787789510557,-8.92813153079448,-5.111975845455487,-10.450480122604798,5.1570250668105855,-1.0872897748415313,15.716405542588962,-2.8085048314076477,24.593422016943368,-18.143824404761894,13.06891741071428,1,0.05
2,47.63811608709706,5.025913347240189,19.046673780453567,23.489393893249876,15.831295787102755,11.567064496957496,13.972920860545157,-1.5813698373885565,18.051744606298648,-19.025927464183606,1.0038243440591736,-19.30454667506879,6.492961847388861,2.4193114272613294,-8.843284306860909,-4.938391904017696,-10.49101037640698,5.3313783176169975,-1.0906840479097335,15.717677439570927,-2.942416346641192,24.47415364138865,-17.776181972789104,12.998883928571434,1,0.1
3,47.633964918879,5.03007799233236,19.096558305664956,23.44712811588953,15.810596604199093,11.56588481151952,13.955349103803306,-1.5834458571729524,18.04168424601356,-19.031529327049846,1.0414598922849807,-19.299266975176018,6.506332938387285,2.421107352499369,-8.759053807705744,-4.7650463711711515,-10.535601321134742,5.508639649391509,-1.09213873636753,15.718222538277473,-3.0699879802711543,24.357040961040095,-17.42904549319728,12.932756696428566,1,0.15000000000000002
4,47.63442615979214,5.029615253988788,19.151106283589314,23.40420526575498,15.808089257174778,11.565420649584071,13.95309517201273,-1.5838104264032498,18.039797528675606,-19.032692612128194,1.0820307078464757,-19.290284031007825,6.519225404477077,2.4228389916927484,-8.67543007065862,-4.592023156686107,-10.583576174967096,5.688324381972759,-1.0919771043166628,15.718161971754524,-3.1914459559835717,24.242644349316265,-17.10241496598637,12.870535714285717,1,0.2
5,47.63857732801013,5.025450608896622,19.209385023684057,23.36075675740103,15.821577555724701,11.565707477879172,13.964357404945037,-1.5826272637617185,18.04535108623962,-19.029769320690523,1.1251540216629168,-19.277890052323798,6.531434032765963,2.4244787818690616,-8.59240313304922,-4.4194061703327785,-10.634258156083142,5.869947835199413,-1.090522415858889,15.717616873047989,-3.307016497464601,24.131524179635726,-16.79629039115646,12.812220982142858,1,0.25
6,47.64549594170684,5.018509533742992,19.270461835406586,23.31691400538257,15.848865309543754,11.566780763132895,13.987334142371896,-1.5800600879306144,18.057611550660358,-19.023111454008692,1.1704470646534864,-19.262377248883546,6.542753610361661,2.4259991600558823,-8.509963032207073,-4.247279321881415,-10.686970482661955,6.053025328910098,-1.0880979350958744,15.716708375203728,-3.4169258284002932,24.024240825417024,-16.510671768707486,12.757812499999998,1,0.30000000000000004
7,47.654259519055934,5.009717505215075,19.333404028214318,23.27280842425441,15.887756328326795,11.56867597207333,14.020223724064984,-1.5762726175921393,18.07584555389262,-19.013071013354548,1.217527067737382,-19.244037830446636,6.5529789243720185,2.4273725632808194,-8.428099805461855,-4.075726521102258,-10.741036372882602,6.237072182943509,-1.0850269261294065,15.71555761126767,-3.52140017247676,23.921354660078737,-16.24555909863944,12.707310267857146,1,0.35000000000000003
8,47.66394557823131,5.0000000000000036,19.397278911564626,23.228571428571428,15.9360544217687,11.571428571428566,14.061224489795913,-1.5714285714285683,18.09931972789117,-19.0,1.2660112618338086,-19.22316400677273,6.561904761904762,2.428571428571427,-8.34680349014317,-3.9048316777655594,-10.795779044924174,6.421603717138229,-1.0816326530612272,15.714285714285712,-3.6206657533801505,23.8234260570394,-16.000952380952388,12.660714285714283,1,0.4
9,47.673631637406636,4.990282494784933,19.461153794914942,23.18433443288844,15.991563399564376,11.575074027926659,14.108534779336376,-1.5656916681221569,18.127300704610803,-18.984250415216863,1.315516877861941,-19.200047987621367,6.5693259100676755,2.4295681929553092,-8.266064123580644,-3.7346787016415033,-10.850521716965762,6.606135251332983,-1.0782383799930324,15.713013817303754,-3.7149487947965323,23.731015389717587,-15.77685161564626,12.618024553571429,1,0.45
10,47.682395214755765,4.981490466257016,19.524095987722674,23.140228851760288,16.052087071408636,11.579647808295668,14.16035293245803,-1.5592256263550976,18.159055116006314,-18.96617426027701,1.3656611467410524,-19.174981982752172,6.575037155968497,2.4303352934600544,-8.185871743103874,-3.565351502500404,-10.9045876071864,6.790182105366365,-1.0751673710265646,15.711863053367704,-3.80447552041197,23.644683031531855,-15.573256802721094,12.579241071428573,1,0.5
11,47.68931382845243,4.974549391103391,19.585172799445203,23.096386099741824,16.115429246996385,11.585185379263693,14.21487728893251,-1.5521941648096993,18.19384959403247,-18.946123536452333,1.4160612993902495,-19.148258201924754,6.5788332867150086,2.430845167113251,-8.10621638604252,-3.396933990112471,-10.957299933765238,6.973259599077054,-1.0727428902635654,15.710954555523465,-3.8894721539126373,23.56498935590075,-15.390167942176872,12.544363839285715,1,0.55
12,47.69346499667046,4.97038474601122,19.643451539539942,23.052937591387888,16.17939373602252,11.59172220755878,14.270306188531487,-1.5447610021681641,18.230950770644114,-18.924450245014654,1.4663345667288432,-19.12016885489869,6.580509089414985,2.431070250942488,-8.027088089726185,-3.2295100742479166,-11.007981914881274,7.1548830523037035,-1.0712882018057837,15.710409456816889,-3.970164918984585,23.492494736242847,-15.227585034013599,12.513392857142858,1,0.6000000000000001
13,47.69392623758357,4.969922007667644,19.69799951746429,23.01001474125333,16.241784348181863,11.599293759909044,14.324837971026607,-1.5370898571127716,18.269625277795974,-18.901506387235862,1.5160981796759327,-19.091006151433582,6.579859351176182,2.4309829819753315,-7.948476891484471,-3.0631636646770115,-11.055956768713639,7.334567784884958,-1.071126569754909,15.710348890293968,-4.046780039313962,23.427759545976684,-15.0855080782313,12.486328125000009,1,0.65
14,47.68977506936557,4.974086652759819,19.747884042675693,22.967748963892973,16.300404893169336,11.607935503042512,14.376670976189532,-1.5293444483257292,18.30913974744287,-18.87764396438781,1.5649693691507833,-19.061062301289038,6.576678859106378,2.4305557972393825,-7.870372828647017,-2.897978671170014,-11.100547713441369,7.511829116659467,-1.0725812582127132,15.710893989000503,-4.119543738586827,23.371344158520834,-14.963937074829934,12.463169642857139,1,0.7000000000000001
15,47.680089010190194,4.98380415797489,19.792172424631506,22.926271673861688,16.353059180679836,11.617682903687292,14.42400354379193,-1.5216884944892923,18.34876081153954,-18.853214977742372,1.6125653660726078,-19.030629514224632,6.570762400313299,2.429761133762231,-7.792765938543454,-2.734039003497117,-11.141077967243564,7.686182367465888,-1.0759755312808927,15.71216588598245,-4.188682240489294,23.323808947293852,-14.862872023809523,12.443917410714286,1,0.75
16,47.66394557823131,5.0000000000000036,19.829931972789126,22.885714285714286,16.397551020408173,11.62857142857142,14.465034013605443,-1.5142857142857065,18.38775510204082,-18.828571428571433,1.6585034013605287,-19.0,6.561904761904762,2.428571428571427,-7.715646258503409,-2.5714285714285716,-11.176870748299317,7.85714285714286,-1.0816326530612272,15.714285714285712,-4.25442176870748,23.28571428571428,-14.782312925170057,12.428571428571425,1,0.8
17,47.64063876263374,5.023372342043966,19.86057543754768,22.846159541948285,16.432247247937035,11.640592406613676,14.498408926279954,-1.507270191832363,18.425504382490402,-18.804027953257727,1.7024763794971314,-18.969418425694116,6.550018532690386,2.426974941116994,-7.639003825856432,-2.4102312847346217,-11.207417232528769,8.02430056466267,-1.0897561602103067,15.717329742865099,-4.3169682248764225,23.257376416420566,-13.42819780210521,12.51610829695568,1,0.8500000000000001
18,47.61032843642716,5.05371009340207,19.884897333073127,22.807495496831777,16.457766802400073,11.65356061549542,14.524567625978225,-1.5006574729872728,18.461850942787734,-18.779749728627962,1.7444798992180905,-18.93893928766356,6.535487508287052,2.4250232205383564,-7.562828677932263,-2.2505310531855276,-11.232880426816553,8.187544105532103,-1.1000706796044795,15.721194784311137,-4.376446222427164,23.23813505893061,-12.09218928049491,12.602474662801848,1,0.9
19,47.57339094361236,5.090574849891311,19.90403761447299,22.76956153257551,16.475291648818768,11.667246695088664,14.544397657741245,-1.4944334690435286,18.496752204421185,-18.755864566619657,1.7845852328223704,-18.90856953958433,6.518813286013652,2.4227836383973926,-7.48711085206039,-2.092411786551508,-11.253591295788322,8.346836754391527,-1.1121811106749409,15.725732787123292,-4.432960052739579,23.227085801982113,-10.774287360339159,12.687670526109923,1,0.9500000000000001
20,47.53020262819,5.133528207328641,19.919136236854975,22.732197031390214,16.4860037522146,11.681421285265486,14.558786566610033,-1.4885840912942723,18.530165588879125,-18.732500279170328,1.8228636526090034,-18.878316135132383,6.50049746318901,2.4203235662559264,-7.411840385570532,-1.935957394602795,-11.269880804069786,8.502141785881413,-1.1256923528529024,15.73079569980103,-4.486614007193734,23.223324234312887,-9.474492041637943,12.771695886879892,1,1.0
21,47.481139834160864,5.182131761531031,19.931333155326655,22.69524137548666,16.49108507760897,11.695855025897886,14.568621897625547,-1.4830952510326403,18.562048517649885,-18.709784678217645,1.8593864308769472,-18.848186027983733,6.481041637131889,2.4177103756758185,-7.337007315792259,-1.78125178710966,-11.282079916286616,8.653422474642085,-1.1402093055696123,15.736235470843763,-4.537512377169465,23.22594594466066,-8.192803324391253,12.854550745111794,1,1.05
22,47.42657890552576,5.235947108315435,19.94176832499565,22.658533947075583,16.491717590023384,11.710318556857928,14.574791195828823,-1.4779528595517308,18.592358412221902,-18.687845575699097,1.8942248399251962,-18.818186171814332,6.46094740516113,2.4150114382189214,-7.262601680055252,-1.6283788738423162,-11.290519597064552,8.80064209531397,-1.1553368682562453,15.741904048750987,-4.5857594540467925,23.234046521763208,-6.929221208599118,12.936235100805593,1,1.1
23,47.36689618628543,5.294535843498828,19.951581700969612,22.621914128367735,16.48908325447927,11.724582518017632,14.578182006260795,-1.4731428281447334,18.62105269408348,-18.666810783552286,1.9274501520527674,-18.78832352030019,6.4407163645955485,2.4122941254470853,-7.188613515689045,-1.477422564570996,-11.295530811029254,8.9437639225375,-1.1706799403440415,15.74765338202214,-4.631459529205647,23.246721554358245,-5.683745694261555,13.016748953961304,1,1.1500000000000001
24,47.30246802044056,5.357459562898177,19.961913238356054,22.58522130157386,16.4843640359981,11.738417549249037,14.579681873962453,-1.4686510681047127,18.648088784723008,-18.64680811371475,1.959133639558619,-18.758605027117248,6.420850112753985,2.4096258089221405,-7.115032860023327,-1.3284667690659608,-11.297444522806405,9.082751230953042,-1.1858434212642126,15.75333541915669,-4.674716894026,23.263066631183566,-4.456376781378519,13.096092304578933,1,1.2000000000000002
25,47.233670751992065,5.4242798623304544,19.97390289226272,22.548294848904728,16.478741899601317,11.751594290424187,14.580178343974858,-1.4644634907248435,18.67342410562886,-18.627965378124042,1.9893465747417827,-18.72903764594155,6.401850246955208,2.407073860205969,-7.041849750387705,-1.1815953970974293,-11.296591697021698,9.217567295201029,-1.2004322104479326,15.758802108654084,-4.715635839887775,23.28217734097692,-3.2471144699500467,13.174265152658457,1,1.25
26,47.16088072494056,5.494558337612571,19.98869061779716,22.510974152571055,16.473398810310396,11.763883381415118,14.580558961338932,-1.460566007298239,18.697016078289384,-18.610410388717753,2.0181602299012233,-18.699628330449,6.384218364518054,2.4047056508603966,-6.969054224111769,-1.036892358435672,-11.293303298300835,9.348175389921826,-1.2140512073264795,15.763905399013773,-4.754320658170983,23.30314927247605,-2.055958759976093,13.251267498199914,1,1.3
27,47.08447428328682,5.5678565845615715,20.007416370067006,22.4730985947836,16.469516733146754,11.775055462093874,14.58171127109573,-1.4569445291180398,18.718822124193004,-18.594270957433437,2.045645877335936,-18.67038403431562,6.368456062761327,2.4025885524472823,-6.896636318525174,-0.8944415628509023,-11.287910291269505,9.474538789755872,-1.2263053113310423,15.768497238735215,-4.790875640255501,23.32507801441873,-0.882909651456658,13.327099341203272,1,1.35
28,47.004827771031664,5.643736198994359,20.03122010417988,22.43450755775312,16.46827763313189,11.784881172332469,14.58452281828618,-1.453584967477364,18.738799664828015,-18.579674896208697,2.07187478934493,-18.641311711217398,6.355064939003864,2.400789936528465,-6.824586070957511,-0.7543269201133627,-11.280743640553425,9.596620769343538,-1.2367994218928478,15.772429576317863,-4.825405077521355,23.34705915554267,0.2720328556081829,13.401760681668542,1,1.4000000000000001
29,46.92231753217583,5.721758776727945,20.06124177524338,22.395040423690343,16.47086347528728,11.793131152002967,14.589881147951344,-1.4504732336693236,18.756906121682853,-18.566750016981004,2.0969182382271705,-18.612418314830318,6.344546590564484,2.3993771746657946,-6.752893518738424,-0.6166323399932998,-11.272134310778224,9.71438460332527,-1.2451384384430835,15.775554360261202,-4.858013261348445,23.3681882845857,1.4088687612185125,13.475251519595721,1,1.4500000000000002
30,46.83731991072008,5.801485913579275,20.098621338365145,22.35453657480603,16.478456224634304,11.799576040977385,14.598673805132135,-1.4475952389870843,18.77309891624582,-18.555624131688,2.12084749628169,-18.583710798830335,6.337402614761979,2.398417638421149,-6.6815486991975055,-0.48144173226093673,-11.262413266569649,9.827793566341418,-1.250927260412999,15.777723539064615,-4.888804483116758,23.38756099028552,2.527598065374278,13.547571854984806,1,1.5
31,46.75021125066511,5.882479205365299,20.144498748652765,22.312835393310937,16.492237846194474,11.803986479127751,14.611788334869567,-1.4449368947237833,18.787335470005328,-18.54642505226723,2.1437338358074456,-18.555196116893427,6.334134608915138,2.397978699356315,-6.610541649664414,-0.34883900668653983,-11.251911472553342,9.936810933032433,-1.253770787233798,15.778789061227632,-4.917883034206225,23.40427286137991,3.628220768075495,13.618721687835796,1,1.55
32,46.66136789601176,5.964300247902987,20.20001396121392,22.269776261415785,16.513390304989237,11.806133106326136,14.630112282204673,-1.442484112172484,18.79957320444972,-18.539280590656247,2.1656485291034544,-18.526881222695597,6.335244170342864,2.3981277290332184,-6.5398624074687595,-0.2189080730403464,-11.240959893355075,10.041399978038662,-1.2532739183367139,15.778602875249662,-4.945353205996828,23.417419486606605,4.710736869322193,13.688701018148713,1,1.6
33,46.57116619076079,6.046510637009313,20.26630693115616,22.225198561331347,16.54309556604006,11.805786562444574,14.654533192178418,-1.4402228026263626,18.809769541067396,-18.53431855879261,2.1866628484687114,-18.498773069912843,6.341232896363895,2.3989320990136513,-6.469501009940146,-0.0917328410925552,-11.229889493600453,10.141523976000565,-1.2490415531528827,15.7770169296302,-4.971319289868518,23.42609645470337,5.775146369114319,13.757509845923531,1,1.6500000000000001
34,46.47998247891294,6.128671968501249,20.34451761358709,22.178941675268366,16.582535594368352,11.80271748735506,14.685938609831783,-1.4381388773785793,18.817881901346688,-18.531666768613906,2.206848066202151,-18.470878612221156,6.352602384297061,2.400459180859492,-6.3994474944082125,0.0326027793865481,-11.219031237915214,10.237146201558495,-1.240678591113651,15.77388317286867,-4.995885577201216,23.429399354407977,6.821449267451912,13.825148171160276,1,1.7000000000000002
35,46.388193104468876,6.210345838195739,20.435785963614386,22.13084498543758,16.632892354995597,11.79669652092967,14.725216080205774,-1.436218247722208,18.82386770677598,-18.53145303205769,2.2262754546028436,-18.443204803296446,6.369854231461195,2.4027763461325646,-6.329691898202581,0.15401487862675511,-11.20871609092504,10.328229929352897,-1.2277899316501326,15.769053553464534,-5.019156359374904,23.426423774458158,7.849645564334978,13.891615993858915,1,1.75
36,46.29617441142948,6.291093841909768,20.54125193634563,22.080747874049752,16.695347812943314,11.78749430304044,14.773253148341366,-1.4344468249504099,18.827684378843635,-18.533805161061522,2.2450162859697387,-18.415758596814726,6.393490035175088,2.4059509663947583,-6.260224258652827,0.27241954685779457,-11.199275017255626,10.414738434024123,-1.2099804741935607,15.762380019917241,-5.0412359277695575,23.416265303591675,8.85973525976348,13.95691331401946,1,1.8
37,46.20430274379548,6.3704775754602965,20.662055486888484,22.028489723315616,16.77108393323286,11.774881473559386,14.830937359279575,-1.4328105203563017,18.829289339038027,-18.53885096756295,2.263141832601809,-18.38854694645201,6.424011392757576,2.4100504132078733,-6.191034613088649,0.38773287430945347,-11.191038981532671,10.496634990212636,-1.1868551181751767,15.753714520726263,-5.062228573765051,23.398019530546296,9.851718353737418,14.021040131641918,1,1.85
38,46.112954445567624,6.4480586346642745,20.799336570350484,21.973909915445926,16.861282680885765,11.758628672358558,14.899156258061382,-1.4312952452330159,18.828640008847543,-18.546718263499564,2.2807233667981235,-18.36157680588423,6.461919901527494,2.415142058133802,-6.122112998839587,0.4998709512114894,-11.18433894838182,10.5738828725588,-1.1580187630261842,15.742909004391045,-5.082238588741433,23.370782044059773,10.825594846256863,14.083996446726301,1,1.9000000000000001
39,46.02250586074666,6.523398615338692,20.95423514183932,21.916847832651417,16.967126020923445,11.738506539309984,14.978797389727758,-1.429886910873689,18.825693809760516,-18.557534860808918,2.2978321608575953,-18.334855128787396,6.507717158803604,2.4212932727343652,-6.053449453235321,0.6087498677936506,-11.179505882428789,10.64644535570303,-1.123076308177795,15.729815419411045,-5.101370264078561,23.33364843286984,11.781364737321717,14.14578225927259,1,1.9500000000000002
40,45.93333333333331,6.59605911330049,21.12789115646259,21.857142857142854,17.089795918367365,11.714285714285715,15.070748299319737,-1.4285714285714333,18.820408163265306,-18.57142857142857,2.314539487079271,-18.308388868837493,6.561904761904762,2.428571428571427,-5.9850340136054445,0.7142857142857141,-11.176870748299317,10.714285714285708,-1.0816326530612272,15.714285714285712,-5.119727891156451,23.28571428571428,12.719028026932055,14.206397569280774,1,2.0
41,45.84574028383282,6.665716601348488,21.321131549953336,21.794642863252488,17.230155463022747,11.685803342096799,15.175654911026264,-1.4273372989922168,18.81283591431088,-18.58843448347045,2.3309369600520116,-18.28216482932899,6.6248399613905455,2.437024509410575,-5.916839504282715,0.8164264418746671,-11.17661468502127,10.777430310589846,-1.0334130877861858,15.696270380897026,-5.137390978370481,23.226522660673083,13.638584715087834,14.26584237675089,1,2.0500000000000003
42,45.75973843876794,6.7325070602088,21.533531180546447,21.72922969379858,17.38779224383014,11.653162587310405,15.29319666562828,-1.4261833802933246,18.803411601688346,-18.608216789743825,2.3471975635243467,-18.256089212030304,6.696302620783569,2.4466229478324144,-5.848769897612501,0.9152474455764232,-11.178319529231416,10.836157857468756,-0.9786244651761847,15.67611408465696,-5.154339902177403,23.1574064931952,14.54003480178908,14.324116681682902,1,2.1
43,45.67526660116566,6.7966813475894154,21.764351887102215,21.66079368372093,17.561974974513767,11.616533119432715,15.422811383054729,-1.4251111200048239,18.79266518764946,-18.630346959232348,2.363514623534688,-18.230048068328394,6.7759282568473225,2.4573177886212663,-5.780711952943226,1.0108559813641833,-11.181417291968794,10.89081015541833,-0.9175940287332321,15.65426003436004,-5.170530256049545,23.080146188071826,15.423378287035794,14.381220484076849,1,2.15
44,45.59226357405325,6.858490321198278,22.01285550848099,21.5892251679593,17.751972368797894,11.576084607969905,15.563936883234545,-1.4241219656568544,18.781126634445897,-18.654396460919695,2.3800814661214913,-18.20392744961015,6.863352386345155,2.469060076561495,-5.712552429623372,1.1033593052111046,-11.185339984272385,10.941729004934508,-0.8506490219593584,15.63115143880078,-5.185917633459087,22.996522150094194,16.288615170827928,14.43715378393268,1,2.2
45,45.51066816045781,6.91818483874342,22.27830388354304,21.51441448145348,17.957053140406806,11.531986722428156,15.716010986096657,-1.423217364779485,18.769325904329364,-18.679936763789488,2.3970914173231153,-18.177613407262527,6.958210526040571,2.481800856437452,-5.644178087001439,1.1928646730903498,-11.189519617181166,10.989256206513161,-0.7781166883565787,15.607231506773687,-5.200457627878347,22.908314784053474,17.135745453165548,14.491916581250427,1,2.25
46,45.43041916340652,6.976015757932734,22.5599588511487,21.43625195914324,18.176486003064753,11.484409132313676,15.878471511569971,-1.422398764902792,18.7577929595516,-18.706539336825358,2.4147378031780535,-18.15099199267242,7.060138192696929,2.4954911730334315,-5.575475684425876,1.2794793409751,-11.193388201734145,11.033733560650205,-0.7003242714269009,15.582943447073283,-5.214105832779456,22.817304494740874,17.964769134048602,14.54550887603009,1,2.3000000000000003
47,45.35145538592641,7.0322339364742446,22.857082250158278,21.35462793596837,18.409539670496017,11.433521507132616,16.050756279583446,-1.4216676135569204,18.74705776236425,-18.733775649010965,2.4332139497246708,-18.123949257226784,7.168770903077672,2.5100820711338256,-5.506331981245175,1.3633105648385178,-11.196377748970356,11.075502867841546,-0.6175990146723477,15.558730468494048,-5.2268178416347535,22.725271686947597,18.775686213477126,14.597930668271653,1,2.35
48,45.27371563104479,7.0870902320759095,23.1689359194321,21.269432746868656,18.655482856424847,11.379493516391198,16.232303110065985,-1.421025358271943,18.7376502750191,-18.761217169329928,2.4527131830013866,-18.09637125231252,7.2837441739462605,2.525524595522958,-5.436633736807744,1.4444656006537746,-11.197920269928746,11.1149059285831,-0.5302681615949045,15.53503577983052,-5.238549247916437,22.633996765464836,19.568496691451095,14.649181957975143,1,2.4000000000000004
49,45.197138701788575,7.140835502445672,23.494781697830497,21.180556726783852,18.913584274575545,11.32249482959556,16.422549822946607,-1.4204734465779614,18.730100459767783,-18.78843536676595,2.4734288290466573,-18.068144029316574,7.404693522066051,2.5417697909851555,-5.366267710462147,1.5230517043940284,-11.197447775648364,11.152284543370762,-0.43865895569657903,15.512302589877184,-5.249255645096721,22.545260135083815,20.34320056797052,14.69926274514053,1,2.45
50,45.1216634011851,7.193720605291548,23.833881424213736,21.087890210653782,19.183112638672377,11.262695116251932,16.62093423815407,-1.420013326005077,18.724938278862044,-18.815001710302603,2.4955542138989006,-18.03915363962587,7.531254464200528,2.558768702304787,-5.2951206615567905,1.5991761320324653,-11.194392277168188,11.187980512700443,-0.3430986404794395,15.490974107428556,-5.25889262664789,22.46084220059571,21.099797843035407,14.748173029767829,1,2.5
51,45.04722853226143,7.245996398321484,24.185496937442124,20.99132353341816,19.463336662439595,11.20026404586645,16.826894175617483,-1.4196464440833763,18.72269369455362,-18.84048766892357,2.5192826635964902,-18.00928613462731,7.663062517113076,2.576472374266184,-5.223079349440161,1.672946139542267,-11.188185785527187,11.222335637068026,-0.24391445944545578,15.471493541279177,-5.267415786042154,22.382523366791734,21.838288516645754,14.795912811857054,1,2.5500000000000003
52,44.973772898044686,7.2979137392434295,24.54889007637602,20.890747030016815,19.75352505960148,11.13537128794534,17.03986745526565,-1.419374248342966,18.72389666909417,-18.864464711612506,2.544807504177859,-17.97842756570786,7.799753197567132,2.5948318516536766,-5.150030533460759,1.7444689828965423,-11.178260311764419,11.255691716969451,-0.14143365609663588,15.454304100223517,-5.274780716751797,22.312084038463087,22.558672588801556,14.842482091408172,1,2.6
53,44.90123530156204,7.349723485765388,24.923322679875717,20.78605103538952,20.052946543882285,11.06818651199475,17.259291897027545,-1.419198186313962,18.729077164735415,-18.886504307353036,2.5723220616814864,-17.94646398425441,7.940962022326107,2.61379817925163,-5.075860972967002,1.8138519180685164,-11.164047866918832,11.288390552900607,-0.03598347393502521,15.439848993056088,-5.280943012249011,22.251304620400973,23.260950059502804,14.887880868421197,1,2.6500000000000004
54,44.82955454584059,7.401676495595314,25.308056586801534,20.67712588447604,20.360869829006297,10.9988793875209,17.484605320832152,-1.4191197055264224,18.738765143729076,-18.906177925128816,2.6020196621457456,-17.9132814416539,8.086324508153428,2.63332240184435,-5.000457427307417,1.881202201031342,-11.144980462029448,11.320773945357395,0.07210884353741363,15.428571428571423,-5.285858266006036,22.201965517396587,23.945120928749503,14.932109142896156,1,2.7
55,44.758669433907485,7.454023626441192,25.70235363601379,20.563861912216197,20.676563628697778,10.927619584029939,17.71524554660833,-1.4191402535104967,18.75349056832686,-18.92305703392346,2.63409363160907,-17.878765989293264,8.235476171812545,2.6533555642162217,-4.923706655830449,1.9466270877581864,-11.120490108135254,11.353183694835732,0.18269014061927946,15.420756224144007,-5.289436218533541,22.165355771544963,24.611185196541683,14.975166914833009,1,2.75
56,44.68851876878989,7.507015736010977,26.105475666372758,20.44614945354971,20.99929665668099,10.854576771028064,17.950650394285006,-1.4192612777962192,18.773783400780452,-18.936713102720656,2.6687372961098106,-17.842803678559406,8.388052530066863,2.673848711151555,-4.845495417884559,2.010233834222216,-11.090008816275308,11.385961601831495,0.2963036128118537,15.416054631468302,-5.291403198495553,22.140798974156482,25.259142862879308,15.017054184231776,1,2.8000000000000003
57,44.619041353514945,7.560903682012653,26.516684516738792,20.323878843416395,21.328337626680224,10.779920618021478,18.190257683791152,-1.4194842259137344,18.800173603341573,-18.94671760050402,2.7061439816865054,-17.805280560839265,8.5436890996798,2.694752887434726,-4.765710472818213,2.0721296963966322,-11.052968597488494,11.41944946684064,0.4136665434170922,15.413959510818762,-5.2914396815946,22.127127353845392,25.88899392776237,15.05777095109247,1,2.85
58,44.55017599110977,7.615938322154175,26.93524202597221,20.196940416756025,21.662955252419714,10.703820794516325,18.433505235055662,-1.4198105453931438,18.83319113826195,-18.952641996257185,2.7465070143775137,-17.766082687519766,8.702021397414768,2.7160191378500347,-4.684238579979931,2.132421930254558,-11.008801462813905,11.453989090359025,0.5354962157368679,15.413963722469795,-5.289226143533099,22.123173139225855,26.5007383911909,15.097317215415046,1,2.9000000000000004
59,44.48186148460153,7.672370514143531,27.360410032933288,20.065224508508386,22.002418247623805,10.626446970018836,18.679830868007485,-1.4202416837645058,18.87336596779328,-18.954057758963835,2.7900197202212533,-17.725096109987824,8.862684940035216,2.7375985071818665,-4.6009664987181305,2.191217791769176,-10.9569394232905,11.489922272882595,0.662509913073182,15.415560126695874,-5.2844430600135395,22.127768558912145,27.094376253164878,15.13569297719954,1,2.95
60,44.41403663701731,7.730451115688672,27.791450376482352,19.928621453613246,22.34599532601667,10.54796881403515,18.92867240257557,-1.4207790885579552,18.921228054187253,-18.95053635760758,2.8368754252561352,-17.682206879630396,9.025315244304561,2.759442040214512,-4.515780988381314,2.2486245369136575,-10.8968144899573,11.527590814907208,0.7954249187278994,15.418241583771447,-5.276770906738408,22.139745841518447,27.66990751368434,15.172898236445937,1,3.0
61,44.34664025138426,7.790430984497597,28.227624895479767,19.787021587010393,22.69295520132262,10.468555996071466,19.17946765868883,-1.4214242073035697,18.97730735969558,-18.94164926117209,2.8872674555206084,-17.63730104783436,9.189547826986214,2.7815007817323383,-4.428568808317996,2.3047494216611835,-10.827858673853285,11.567336516928805,0.9349585160029692,15.42150095397095,-5.265890159410141,22.15793721565899,28.227332172749236,15.208932993154278,1,3.0500000000000003
62,44.27961113072956,7.85256097827824,28.668195428785776,19.64031524363961,23.042566587265945,10.38837818563399,19.431654456276185,-1.422178487531441,19.042133846569996,-18.926967938640985,2.941389137053076,-17.59026466598668,9.355018204843631,2.803725776519716,-4.339216717876544,2.359699701984908,-10.749503986017451,11.609501179443297,1.0818279882003239,15.424831097568806,-5.251481293731224,22.181174909948,28.766650230359613,15.243797247324503,1,3.1
63,44.21288807808034,7.917091954738615,29.112423815260705,19.488392758440654,23.394098197570905,10.307605052228878,19.684670615266576,-1.4230433767717043,19.116237477062207,-18.906063858997907,2.9994337958919868,-17.54098378547427,9.521361894640204,2.8260680693609697,-4.247611476405465,2.4135826338580255,-10.661182437488801,11.65442660294658,1.2367506186218975,15.42772487483952,-5.233224785404108,22.208291152999685,29.287861686515384,15.277490998956655,1,3.1500000000000004
64,44.14640989646372,7.984274771586659,29.55957189376491,19.331144466353344,23.74681874596172,10.22640626536232,19.937953955588924,-1.4240203225544272,19.200148213423866,-18.87850849122655,3.0615947580757137,-17.489344457684044,9.688214413139352,2.8484787050404132,-4.153639843253279,2.466505473253656,-10.56232603930636,11.702454587934543,1.4004436905695998,15.429675146057484,-5.210801110131317,22.23811817342828,29.790966541216694,15.310014248050711,1,3.2
65,44.08011538890683,8.054360286530343,30.00890150315864,19.168460702317407,24.09999694616271,10.14495149454051,20.19094229717215,-1.4251107724097114,19.294396017906735,-18.843873304310506,3.128065349642675,-17.435232734002952,9.855211277104495,2.870908728342413,-4.057188577768423,2.5185754761450188,-10.452366802509102,11.753926934903069,1.573624487345357,15.430174771497125,-5.183890743615258,22.26948819984796,30.2759647944634,15.34136699460667,1,3.25
66,44.01394335843682,8.12759935727765,30.459674482302262,19.000231801272676,24.45290151189817,10.063410409269606,20.443073459945225,-1.4263161738676582,19.399510852762482,-18.80172976723343,3.1990388966313503,-17.378534665817895,10.021988003299086,2.8933091840513128,-3.958144439299387,2.569899898505262,-10.330736738136036,11.80918544434815,1.7570102922511024,15.428716611432934,-5.152174161558424,22.30123346087298,30.74285644625556,15.371549238624546,1,3.3000000000000003
67,43.947832608080844,8.204242841536532,30.911152670056083,18.826348098158903,24.80480115689229,9.981952679055828,20.693785263837036,-1.4276379744583643,19.51602268024287,-18.75164934897897,3.274708725080134,-17.319136304515826,10.188180108486527,2.9156311169514497,-3.8563941871946015,2.6205859963075673,-10.196867857226149,11.868571916765625,1.951318388588784,15.424793526139359,-5.115331839663289,22.332186185117575,31.1916414965932,15.400560980104316,1,3.35
68,43.88172194086604,8.284541597014993,31.362597905280392,18.646699927915876,25.154964594869412,9.900747973405338,20.94251552877656,-1.4290776217119214,19.64446146259958,-18.693203518530765,3.355268161027409,-17.25692370148361,10.353423109430274,2.9378255718271715,-3.751824580802564,2.670741025525068,-10.050192170818438,11.932428152651399,2.15726605966029,15.417898375890816,-5.073044253632279,22.36117860119592,31.622319945476296,15.42840221904602,1,3.4000000000000004
69,43.815550159819516,8.36874648142099,31.813272026835506,18.461177625483362,25.50266053955376,9.819965961824316,21.18870207469269,-1.430636563158431,19.785357162084303,-18.625963744872475,3.4409105305116445,-17.19178290810827,10.517352522893713,2.9598435934628022,-3.644322379471794,2.7204722421309744,-9.890141689951907,12.001095952501407,2.375570588767614,15.407524020961752,-5.024991879167928,22.387042937722256,32.034891792904844,15.45507295544963,1,3.45
70,43.749256067968425,8.45710835246247,32.26243687358173,18.26967152580116,25.847157704669627,9.739776313818943,21.431782721514345,-1.4323162463280044,19.93923974094877,-18.54950149698774,3.5318291595712226,-17.123599975776642,10.67960386564025,2.981636226642709,-3.5337743425506694,2.7698869020984294,-9.716148425665605,12.074917116811541,2.6069492592125982,15.393163321626607,-4.970855191972693,22.408611423310806,32.429357038878834,15.480573189315145,1,3.5
71,43.682778468339926,8.54987806784744,32.709354284379444,18.07207196380904,26.187724803941272,9.66034869889544,21.6711952891705,-1.4341181187507286,20.106639161444654,-18.463388243860198,3.6282173742445916,-17.052260955875703,10.839812654433352,3.0031545161512248,-3.4200672293877177,2.81909226140061,-9.527644388998425,12.154233446077704,2.85211935429723,15.374309138159855,-4.910314667748986,22.424716286575787,32.805715683398304,15.504902920642571,1,3.5500000000000003
72,43.61605616396111,8.64730648528384,33.153286098088884,17.868269274446792,26.523630551092957,9.581852786559935,21.906377597590037,-1.4360436279566953,20.28808538582372,-18.36719545447347,3.7302685005701544,-16.977651899792367,10.997614406036451,3.024349506772668,-3.303087799331407,2.868195576010673,-9.324061590989452,12.239386740795794,3.1117981573234035,15.350454330835936,-4.843050782199317,22.434189756131392,33.163967726463184,15.528062149431905,1,3.6
73,43.549027957859195,8.74964446247965,33.593494153570376,17.658153792654172,26.854143659848983,9.504458246318643,22.13676746670191,-1.4380942214760106,20.484108376337602,-18.26049459781126,3.8381758645863524,-16.899658858913543,11.152644637212923,3.0451722432914154,-3.182722811730189,2.9173041019018298,-9.104832042677664,12.330718801461739,3.3867029515930756,15.321091759929253,-4.768744011026159,22.43586406059187,33.50411316807356,15.550050875683153,1,3.6500000000000004
74,43.48163265306122,8.857142857142854,34.02924028968426,17.44161585337099,27.178532843933596,9.428334747677747,22.36180271643505,-1.4402713468387713,20.69523809523809,-18.14285714285715,3.9521327923315663,-16.818167884626167,11.30453886472623,3.0655737704918002,-3.058859025932561,2.966525095047199,-8.869387755102036,12.428571428571425,3.6775510204081634,15.285714285714292,-4.687074829931976,22.42857142857143,33.82615200822939,15.570869099396315,1,3.7
75,43.41350713559516,8.969638531378317,34.45956973884494,17.218777376301812,27.49628789963415,9.353633622030863,22.58123342567225,-1.4425508437658823,20.92161667299225,-18.014090054658816,4.072418030993289,-16.73313636806493,11.453061221961324,3.085522408176077,-2.931545893225649,3.0158205285370143,-8.617647596666792,12.532731211943302,3.9845777084457867,15.244039505057778,-4.597717675137602,22.41153853478724,34.13008424693067,15.590516820571384,1,3.75
76,43.34308062349197,9.085312364878549,34.882661307683236,16.99068662021049,27.807782953490314,9.280432848321356,22.796058709111833,-1.4448061207413836,21.161834912928875,-17.874942282519882,4.199652012355198,-16.644807059355387,11.598490308789543,3.1050555762182377,-2.8014836326510117,3.0645712439295996,-8.351477865236852,12.640763898685979,4.30609060588405,15.196683961195657,-4.500322824937447,22.3855698383683,34.41590988417741,15.608994039208365,1,3.8000000000000003
77,43.26848041778337,9.201931241732979,35.2964771963841,16.758623428625683,28.113613214604918,9.208792067380026,23.007589940405964,-1.4468849784401474,21.414095786592164,-17.726398271807927,4.33454058934997,-16.55349404837095,11.741233341703687,3.124227969510201,-2.6695351551890116,3.1120127999003504,-8.073231716042383,12.74968002523061,4.639915364276183,15.144488933956163,-4.39453451814423,22.35186424454657,34.68362891996962,15.626300755307252,1,3.85
78,43.187833819501094,9.317262046031036,35.69897960513246,16.523867645076038,28.414373892080746,9.138770920037677,23.217138493206804,-1.4486352175370028,21.676602265526313,-17.569442467890607,4.477789614910336,-16.45951142498488,11.881697537196658,3.143094282943851,-2.53656337181991,3.157380755124648,-7.78526230431349,12.856490128008348,4.983877635175432,15.088295703167553,-4.279996993570753,22.311620658553984,34.93324135430725,15.642436968868063,1,3.9000000000000004
79,43.09926812967689,9.42907166186213,36.08813073411323,16.287699113090227,28.710660195020544,9.070429047125122,23.42601574116655,-1.4499046387068315,21.947557321275468,-17.40505931613553,4.6301049419689395,-16.36317327907061,12.02029011176127,3.1617092114111305,-2.403431193523926,3.1999106682778446,-7.489922785280359,12.95820474345034,5.335803070135109,15.028945548658065,-4.156354490029743,22.266037985622514,35.019027963490906,15.333374954998357,1,3.95
80,43.000910649342465,9.535126973315654,36.461892783511395,16.05139767619688,29.003067332527095,9.003826089473149,23.63553305793735,-1.4505410426244871,22.225163925383875,-17.234233261910337,4.79219242345855,-16.264793700501457,12.157418281890376,3.1801274498038987,-2.271001531281442,3.238838098035331,-7.189566314173067,13.05183440798773,5.693517320708482,14.96727975025592,-4.023251246333992,22.216315130984082,35.1024268738106,15.032915064775164,1,4.0
81,42.890888679529574,9.63319486448109,36.81822795351182,15.816243177924674,29.292190513703208,8.939021687912563,23.847001817171424,-1.4503922299647931,22.507625049395713,-17.057948750582582,4.964757912311873,-16.164686779150735,12.293489264076854,3.198403693014109,-2.1401372960726306,3.2733986030724833,-6.886546046221793,13.13438965805166,6.0548460384487885,14.904139587789366,-3.880331501296206,22.163650999870672,35.183438085266346,14.741057298198399,1,4.05
82,42.76732952126996,9.721042219447817,37.1550984442995,15.583515461802238,29.57862494765163,8.876075483274166,24.061733392520907,-1.4493060014026513,22.793143664855187,-16.87719022751994,5.148507261461555,-16.06316660489183,12.42891027481355,3.216592635933649,-2.0117013988778307,3.3028277420646734,-6.583215136656676,13.202881030073307,6.417614874909304,14.840366341086657,-3.7272394937291917,22.109244497514226,35.2620615978581,14.457801655268149,1,4.1000000000000005
83,42.62836047559532,9.79643592230528,37.470466456059334,15.354494371358259,29.86296584347517,8.815047116388762,24.281039157637995,-1.4471301576128803,23.079922743306447,-16.692942138090004,5.3441463238403575,-15.960547267598098,12.564088530593303,3.2347489734544346,-1.8865567506773184,3.326361073687296,-6.2819267407078385,13.254319060483793,6.779649481643318,14.776801289976028,-3.5636194624457147,22.054294529146667,35.33829741158592,14.183148135984334,1,4.15
84,42.4721088435374,9.857142857142858,37.762294188976256,15.130459750121368,30.14580841027658,8.755996228087165,24.506230486174864,-1.4437124992703627,23.366165256293705,-16.506188927660403,5.55238095238094,-15.857142857142852,12.699431247909,3.2529274004683866,-1.765566262451343,3.3432341566156945,-5.9850340136054445,13.285714285714285,7.138775510204085,14.714285714285714,-3.3891156462584937,21.999999999999993,35.412145526449784,13.917096740347015,1,4.2
85,42.29734471454532,9.901759062284581,38.02898671266594,14.91197426227177,30.427635808120105,8.698973024643646,24.7383482182428,-1.438945696220971,23.65038019612105,-16.317760738373913,5.773518169609874,-15.75319063581256,12.835272684282366,3.2711728124532984,-1.6493496645523358,3.3529515693104512,-5.694470108842255,13.295064258649116,7.493329553533918,14.653473876371041,-3.2036686541167527,21.947324587308554,35.48360594244966,13.659647468356162,1,4.25
86,42.10540933173758,9.93219719299279,38.27072057446689,14.696731854595804,30.708483000915557,8.643989974106383,24.977351059789797,-1.4329018949946315,23.932300638131913,-16.127870499474053,6.006269676428829,-15.648620555546124,12.971655261350726,3.2894909072306344,-1.5375539648211056,3.3560939693727496,-5.410488172961724,13.284314597985349,7.84369197013135,14.594271968695558,-3.0084045755152475,21.89629105631641,35.55267865958562,13.410800320011766,1,4.3
87,41.898286726649985,9.95119905876438,38.488115191148374,14.481709294531365,30.988272903534213,8.591050109967103,25.22292718322292,-1.4256981112923637,24.211965678429728,-15.936576836979446,6.248948343333462,-15.543285740695536,13.108548441780398,3.3078775832077554,-1.4295829904706445,3.3535110341889545,-5.1329213507699265,13.256397938873247,8.190754059883982,14.536399166249943,-2.804745870085215,21.84668694427005,35.619363677857606,13.170555295313875,1,4.3500000000000005
88,41.67796093081844,9.961506469096273,38.68178997947959,14.263883349516341,31.26692843084733,8.540156465717475,25.474764760949267,-1.417451360815123,24.48941441311777,-15.74393837690881,6.499867040819235,-15.437039315612779,13.245921688237573,3.3263287387920193,-1.3248405687139226,3.3460524411454404,-4.86160278707294,13.214246916463088,8.535407122679398,14.479574644024858,-2.594114997457858,21.798299788415964,35.683660997265626,12.938912394262438,1,4.4
89,41.446415975778805,9.965861233485365,38.85236435622983,14.040230786988635,31.544372497726215,8.491312074849187,25.732551965375905,-1.4082786592638945,24.764685938299458,-15.550013745280749,6.757338639381754,-15.329734404649855,13.383744463388554,3.3448402723908086,-1.2227305267638648,3.334567867628568,-4.596365626676885,13.160794165905086,8.878542458405192,14.423517577010958,-2.3779344172643526,21.750917126000637,35.74557061780969,12.715871616857479,1,4.45
90,41.20563589306698,9.967005161428574,39.000457738168336,13.80772837438614,31.82052801904206,8.444519970853921,25.995976968909964,-1.3982970223396582,25.03781935007811,-15.354861568113963,7.019676009516552,-15.22122413215876,13.521986229899607,3.3634080824114783,-1.1226566918334333,3.3199069910247174,-4.337043014387793,13.098972322349564,9.22105136694898,14.367947140198883,-2.157626589135983,21.704326494270546,35.805092539489806,12.501432963098976,1,4.5
91,40.95760471421875,9.967680062422836,39.12668954206427,13.563352879146715,32.09531790966622,8.399783187223337,26.264727943958505,-1.387623465743409,25.308853744557105,-15.158540471427102,7.285192021719205,-15.11136162249148,13.660616450436931,3.382028067261387,-1.024022891135591,3.3029194887202435,-4.083468095011769,13.031714020946723,9.56382514819834,14.312582508579295,-1.9346139727038834,21.658315430472186,35.86222676230595,12.295596432986958,1,4.55
92,40.70430647077003,9.97062774596503,39.231679184686975,13.304081068708273,32.36866508446991,8.357104757449179,26.538493062928612,-1.3763750051760981,25.5778282178398,-14.961109081238797,7.5521995464852525,-15.000000000000002,13.799604587666837,3.4006961253479187,-0.9262329518833226,3.2844550381015263,-3.8354740133549132,12.96195189684687,9.907755102040845,14.257142857142847,-1.710319027599291,21.612671471852043,35.91697328625815,12.098362026521416,1,4.6000000000000005
93,40.447631082489565,9.978012236362845,39.316411261420754,13.027886260555114,32.64049193588259,8.31648770840685,26.816960063761954,-1.364668700584274,25.844781660268183,-14.762626130015816,7.819231515042453,-14.887087904202,13.938920104250263,3.419408155077692,-0.8287838810731677,3.265233221473001,-3.592853689235545,12.892139401779213,10.25352514060559,14.20139914423259,-1.4859327552617905,21.56722182312441,35.96933211134638,11.90972974370235,1,4.65
94,40.1890920220779,9.989686417167144,39.38333108211046,12.736727972357176,32.91071876656641,8.277935040507002,27.099814946538196,-1.352621788896573,26.109752139138735,-14.563150776017048,8.085701101547162,-14.7729560352776,14.07853246282703,3.4381600548545577,-0.7315454048359142,3.245453240811359,-3.355239142520984,12.822813253788965,10.600989624987786,14.14532946160119,-1.2617203243643518,21.521952358874774,36.01930323757066,11.729699584529758,1,4.7
95,39.930108650468355,10.004925386739517,39.43524913521595,12.433562271830816,33.17926535674179,8.241449747543982,27.38674327687155,-1.3403515512872495,26.37277751598654,-14.3627422839494,8.351241540887923,-14.658030608572593,14.218411126031702,3.4569477230816044,-0.6344804290860706,3.225184203011367,-3.1222221680908078,12.754030987500355,10.949795528524083,14.088963684353638,-1.037715445388328,21.476888621156448,36.06688666493097,11.558271549003614,1,4.75
96,39.67210032859436,10.023004243441584,39.47497590919717,12.12134522669239,33.44605148662902,8.207034823312176,27.6774306203763,-1.3279752689305124,26.633895652346695,-14.161459918519867,8.615486067953354,-14.542737839432833,14.358525556498813,3.4757670581619386,-0.5375518597380544,3.2044952149677948,-2.8933945608245786,12.685850137537534,11.299589824551202,14.032331687594985,-0.8139518288150949,21.43205615202274,36.112082393427336,11.395445637123943,1,4.800000000000001
97,39.416486417389315,10.043198085634955,39.50532189251409,11.803032904658256,33.71099693644849,8.17469326160598,27.971562542666675,-1.3156102230005724,26.893144409754317,-13.959362944435393,8.878067917631943,-14.427503943204073,14.498845216862906,3.4946139584986535,-0.4407226027062683,3.183455383575425,-2.6683481156018907,12.618328238524702,11.650019486405824,13.97546334643026,-0.590463185125961,21.387480493526912,36.154890423059726,11.241221848890781,1,4.8500000000000005
98,39.164686277786615,10.064782011681245,39.52909757362654,11.481581373444774,33.974021486420554,8.144428056219784,28.268824609356862,-1.3033736946716779,27.15056164974449,-13.756510626402916,9.138620324812276,-14.31275513523217,14.639339569758526,3.5134843224948558,-0.34395556390520543,3.162133815728998,-2.446674627302321,12.551522825086058,12.00073148742462,13.918388535964498,-0.3672832248023019,21.343187187722297,36.19531075382818,11.095600184304063,1,4.9
99,38.918119270719636,10.08703111994206,39.54911344099454,11.159946700768275,34.23504491676559,8.116242200947946,28.56890238606113,-1.2913829651180193,27.406185233852323,-13.552962229129413,9.396776524382918,-14.19891763086286,14.779978077820209,3.532374048553682,-0.2472136492492308,3.140599618323277,-2.227965890805426,12.485491431845796,12.351372800944311,13.861137131302744,-0.1444456583254788,21.2992017766622,36.23334338573263,10.958580643363801,1,4.95
100,38.6782047571218,10.109220508779023,39.568179983077925,10.841084954345128,34.4939870077039,8.090138689584858,28.87148143839373,-1.2797553155138024,27.660053023612907,-13.348777017321815,9.652169751232396,-14.086417645441971,14.920730203682494,3.551279035078194,-0.15045976465283756,3.11892189825307,-2.01181370099076,12.420291593428095,12.701590400301548,13.803739007549993,0.07801580382320025,21.25554980239991,36.268988318773154,10.830163226070045,1,5.0
101,38.44636209792648,10.130625276553731,39.589107688336696,10.527952201891694,34.750767539455865,8.066120515924903,29.176247331968884,-1.2686080270332853,27.912202880561388,-13.144014255687052,9.90443324024929,-13.97568139431531,15.061565409979908,3.5701951804715013,-0.053656816030443505,3.097169762413105,-1.7978098527379547,12.355980844457173,13.051031258833039,13.746224039811318,0.30006745116237443,21.21225680698873,36.302245552949735,10.710347932422772,1,5.050000000000001
102,38.22401065406707,10.150520521627813,39.6147070452307,10.22350451112434,35.00530629224185,8.044190673762465,29.48288563240083,-1.2580583808506631,28.16267266623279,-12.938733208932115,10.15320022632216,-13.867135092828665,15.202453159347037,3.589118383136752,0.04323229070354116,3.0754123176981643,-1.5855461409265192,12.292616719557182,13.39934234987547,13.688622103191737,0.5216755732106526,21.169348332481942,36.33311508826234,10.59913476242193,1,5.1000000000000005
103,38.01256978647701,10.16818134236288,39.64778854221991,9.930697949759395,35.25752304628223,8.02435215689193,29.791081905303752,-1.2482236581401753,28.41150024216228,-12.732993141763936,10.398103944339557,-13.761204956327878,15.34336291441843,3.608044541477002,0.14024464963464595,3.0537186710030215,-1.3746143604360697,12.230256753352357,13.746170646765524,13.63096307279629,0.7428064594867267,21.126849920932887,36.361596924711,10.49652371606759,1,5.15
104,37.813458856089646,10.18288283712054,39.69116266776418,9.652488585513238,35.507337581797316,8.006607959107681,30.100521716291958,-1.2392211400760027,28.658723469884933,-12.52685331888947,10.638777629190045,-13.65831720015869,15.484264137828545,3.626969553895382,0.2374173548485058,3.0321579292224157,-1.1646063061461618,12.168958480466863,14.091163122839868,13.573276823730001,0.9634263995092435,21.084787114394842,36.38769106229568,10.402514793359698,1,5.2
105,37.6280972238384,10.1939001042624,39.74763991032351,9.391832486102205,35.75466967900751,7.990961074204079,30.410890630979665,-1.231168107832394,28.904380210935837,-12.320373005015664,10.874854515762163,-13.558898039666936,15.625126292212009,3.645889318794969,0.33478750043059746,3.010799199251146,-0.9551137729363957,12.10877943552493,14.43396675143527,13.515593231097917,1.1835016827968718,21.043185454921126,36.41139750101641,10.3171079942983,1,5.25
106,37.457904250656654,10.200508242150093,39.82003075835782,9.15168571924265,35.99943911813313,7.97741449597553,30.72187421498104,-1.2241818425835689,29.14850832685013,-12.113611464849477,11.105967838944458,-13.463373690198438,15.7659188402033,3.6647997345789096,0.432392180466556,2.989711587983974,-0.7457285556862817,12.049777153150679,14.774228505888331,13.457942170005053,1.4029985988681983,21.002070484565003,36.432716240873184,10.240303318883369,1,5.300000000000001
107,37.30429929747782,10.201982349145197,39.91114570032698,8.935004352650942,36.24156567939456,7.965971218216421,31.03315803391044,-1.2183796255037276,29.391145679162875,-11.906627963097847,11.331750833625527,-13.372170367098937,15.906611244437011,3.683696699650272,0.5302684890419032,2.9689642023156564,-0.5360424492754732,11.992009167968366,15.111595359535777,13.400353515556452,1.6218834372419302,20.961467745379796,36.45164728186599,10.172100767114912,1,5.3500000000000005
108,37.16870172523525,10.197597523609346,40.02379522469089,8.744744454043445,36.480969143012146,7.956634234721111,31.344427653382017,-1.2138787377671045,29.6323301294092,-11.69948176446774,11.551836734693865,-13.285714285714285,16.04717296754768,3.702576112412178,0.6284535202422215,2.94862614914096,-0.32564724858348015,11.935533014602152,15.445714285714283,13.342857142857136,1.8401224874367212,20.921402779418816,36.468190623994836,10.112500338992923,1,5.4
109,37.05220139983829,10.186790560053526,40.15999610069222,8.583030182792099,36.71757347673442,7.949448547119572,31.65545131133359,-1.2107479799823075,29.87216799132527,-11.492238921671394,11.765980243235688,-13.204309146799162,16.187580165942027,3.721434770335309,0.7269809335733797,2.9287598192378557,-0.11425745832906004,11.880406839619651,15.77633361394787,13.285475786032372,2.0576827827640627,20.881893158212527,36.6811825067542,10.29557437966396,1,5.45
110,36.95457020709957,10.16964503758618,40.3185902207041,8.448658064891333,36.95131939842265,7.944627188384086,31.96632793499727,-1.2088622304956107,30.111039387451765,-11.284992639442192,11.974421925127452,-13.127768592743793,16.327835771115577,3.74027306716066,0.8258706502223871,2.9094007389172245,0.09792157741253874,11.826691237362134,16.10360709850973,13.228203615288152,2.2745343317070574,20.84292457120011,36.886049358563625,10.471664669464719,1,5.5
111,36.875250537807716,10.146406231465145,40.497625757882325,8.339592717991158,37.182151813466305,7.942425199322515,32.27723912392878,-1.2080478870876177,30.349392892530368,-11.07784291051884,12.17752381244328,-13.055783751347356,16.467949408336125,3.7590922956968438,0.9251391567965701,2.8905777183731383,0.31056180472683564,11.774447414114285,16.427789849860403,13.171027659850715,2.4906478865416606,20.804474737297927,37.08279117942309,10.6407712083952,1,5.550000000000001
112,36.81368478275127,10.117319416948215,40.695150885382795,8.253798759741596,37.410015627254786,7.943097620742694,32.58836647768378,-1.20813134753902,30.587677081302832,-10.870889727640012,12.37564793725716,-12.988045750408949,16.60793070287138,3.7778937487524256,1.024802939903247,2.872319567799654,0.5233351696994707,11.723736576160736,16.749136978460378,13.113934948946303,2.7059941995438352,20.76652137542234,37.271407969332586,10.802893996455367,1,5.6000000000000005
113,36.76931533271876,10.082629869293246,40.909213776361334,8.189240807792686,37.63485574517759,7.94689949345252,32.899891595818,-1.2089390096304602,30.82634052851091,-10.664233083544406,12.569156331643299,-12.924245717727738,16.7477892799891,3.7966787191359987,1.1248784861497212,2.854655097390873,0.7359136184159558,11.674619929786198,17.06790359477022,13.056912511801121,2.920544022989535,20.729042204489705,37.45189972829214,10.958033033645275,1,5.65
114,36.741584578498816,10.042582863758039,41.13786260397377,8.143883479794457,37.856617072624104,7.954085858259819,33.2119960778871,-1.2102972711425863,31.06583180889633,-10.457972970970722,12.758411027675724,-12.864074781102822,16.887534764957024,3.8154484996561515,1.225382282143334,2.837613117340851,0.9479690969618634,11.627158681275343,17.384344809250443,12.999947377641424,3.134268109154747,20.692014943416368,37.62426645630179,11.106188319964879,1,5.7
115,36.72993491088003,9.997423675600412,41.37914554137593,8.115691393396883,38.07524451498382,7.964911755972456,33.52486152344675,-1.212032529856031,31.306599497200764,-10.25220938265764,12.9437740574285,-12.807224068333365,17.02717678304286,3.834204383121483,1.3263308144913966,2.8212224378436566,1.1591735514227954,11.581414036912836,17.698715732361546,12.943026575693446,3.3471372103153416,20.655417311118708,37.788508153361455,11.247359855414212,1,5.75
116,36.73380872065093,9.947397580078198,41.631110761723676,8.10262916625004,38.29068297764619,7.979632227398312,33.8386695320527,-1.2139711835514666,31.549092168166005,-10.047042311343832,13.125607452975764,-12.753384707218444,17.166724959514426,3.8529476623405396,1.427740569801205,2.8055118690933987,1.3691989278843093,11.537447202983364,18.01127147456407,12.886137135183372,3.55912207874738,20.61922702651306,37.94462481947117,11.38154763999326,1,5.800000000000001
117,36.75264839860011,9.892749852449223,41.89180643817283,8.102661416003917,38.50287736600058,7.9985023133451865,34.153601703260605,-1.2159396300095162,31.793758396533757,-9.842571749768005,13.304273246391558,-12.702247825557318,17.306188919639403,3.8716796301219714,1.5296280346800928,2.790510221284111,1.577717172432,11.4953193857716,18.322267146318495,12.829266085337478,3.7701934667267647,20.58342180851581,38.09261645463093,11.50875167370202,1,5.8500000000000005
118,36.78589633551612,9.833725767971309,42.15928074387922,8.113752760308573,38.711772585436535,8.021777054620996,34.469839636626176,-1.2177642670108566,32.04104675704578,-9.638897690668843,13.480133469750015,-12.653504551148972,17.445578288685567,3.8904015792743145,1.6320096957353862,2.7762463046098897,1.7844002311513867,11.455091791562204,18.63195785808545,12.772400455381987,3.980322126529473,20.547979376043287,38.23248305884078,11.628971956540513,1,5.9
119,36.832994922187545,9.770570601902271,42.43158185199867,8.133867816813975,38.91731354134343,8.049711492033593,34.78756493170509,-1.2192714923361063,32.29140582444376,-9.436120126785006,13.653550155125153,-12.606846011792658,17.584902691920654,3.909114802606168,1.7349020395744563,2.762748929264811,1.988920050128102,11.416825626639875,18.940598720325355,12.715527274543101,4.189478810431453,20.512877448011892,38.36422463210066,11.74220848850869,1,5.95
120,36.89338654940297,9.703529629499934,42.70675793568706,8.160971203170199,39.11944513911076,8.082560666390794,35.10695918805306,-1.2202877037659663,32.545284173469476,-9.23433905085523,13.824885334591148,-12.561963335287484,17.724171754612385,3.9278205929261345,1.8383215528044863,2.7500469054429413,2.190948575447658,11.380582097289285,19.248444843498795,12.65863357204709,4.397634270708673,20.47809374333791,38.48784117441057,11.848461269606599,1,6.0
121,36.966513607950944,9.632848126022116,42.98285716810019,8.193027537027227,39.318112284127984,8.120579618500505,35.428204005225766,-1.2206392990810409,32.80313037886463,-9.03365445561819,13.994501040222016,-12.51854764943253,17.863395102028527,3.946520243042789,1.9422847220329003,2.7381690433383725,2.390157753195634,11.346422409795085,19.555751338066244,12.60170637712013,4.604759259637097,20.44360598093776,38.60333268577056,11.947730299834213,1,6.050000000000001
122,37.05181848862006,9.558771366726639,43.25792772239396,8.22800143603512,39.51325988178448,8.164023389170572,35.75148098277889,-1.220152676061987,33.06539301537096,-8.834166333812554,14.16275930409187,-12.476290082026981,18.002582359436822,3.965215045764735,2.046808033866994,2.7271441531451663,2.586219529457648,11.31440777044198,19.862773314488265,12.544732718988524,4.810824529492674,20.409391879727796,38.71069916618058,12.040015579191557,1,6.1000000000000005
123,37.14874358219888,9.481544626871313,43.53001777172415,8.26385751784387,39.704832837469716,8.213147019208826,36.07697172026814,-1.2186542324894671,33.33252065773019,-8.635974678177027,14.33002215827477,-12.434881760869988,18.141743152105015,3.983906293900531,2.1519079749140717,2.717001045057365,2.778805850319219,11.284599385514632,20.169765883225352,12.487699626878431,5.015800832551363,20.375429158624335,38.80994061564066,12.125317107678605,1,6.15
124,37.25673127947596,9.401413181713993,43.797175489246555,8.298560400103502,39.89277605657316,8.268205549423142,36.404857817249194,-1.2159703661441335,33.604961880684066,-8.439179481450317,14.496651634844827,-12.394013813760628,18.28088710530082,4.002595280258782,2.2576010317814434,2.707768529269118,2.967588661865972,11.257058461297717,20.476984154738048,12.430594130016116,5.219658921089129,20.341695536543792,38.90105703415079,12.203634885295367,1,6.2
125,37.37522397123991,9.318622306512468,44.05744904811715,8.330074700464056,40.07703444448423,8.329454020621384,36.73532087327776,-1.2119274748066193,33.88316525897432,-8.243880736371052,14.663009765876128,-12.3533773684981,18.420023844292047,4.021283297648066,2.363903691076451,2.699475415974434,3.152239910183427,11.231846204075906,20.784683239486867,12.373403257627807,5.422369547381928,20.308168732402475,38.98404842171099,12.274968912041851,1,6.25
126,37.50366404827926,9.233417276524602,44.308886621491595,8.356365036575557,40.257552906592394,8.397147473611403,37.06854248790953,-1.206351956257568,34.16757936734266,-8.050178435677976,14.829458583442753,-12.312663552881483,18.559162994346373,4.039971638876987,2.4708324394064203,2.6921505153674286,3.332431541357178,11.209023820133865,21.093118247932352,12.31611403893972,5.623903463705712,20.274826465116778,39.05891477832121,12.33931918791804,1,6.300000000000001
127,37.641493901382596,9.146043367008177,44.54953638252585,8.375396026087994,40.4342763482871,8.47154094920106,37.40470426070014,-1.1990702082776599,34.458652780530834,-7.858172572109762,14.996360119618826,-12.271563494709955,18.69831418073156,4.05866159675411,2.57840376337864,2.6858226376421435,3.507835501472776,11.188652515756305,21.402544290535012,12.258713503178107,5.824231422336453,20.24164645360302,39.12565610398151,12.396685712923949,1,6.3500000000000005
128,37.788155921338515,9.056745853221013,44.7774465043757,8.38513228665141,40.60714967495778,8.552889488198222,37.743987791205406,-1.1899086286475387,34.75683407328059,-7.667963138405093,15.164076406478296,-12.229768321782638,18.837487028715348,4.077354464088042,2.6866341496004282,2.680520592992676,3.678123736615836,11.170793497227887,21.713216477755314,12.201188679569162,6.023324175550075,20.20860641677759,39.18427239869188,12.447068487059592,1,6.4
129,37.94309249893554,8.965770010420977,44.99066516019706,8.383538435915854,40.77611779199386,8.641448131410735,38.086574678980895,-1.1786936151478227,35.06257182033364,-7.4796501273026585,15.332969476095421,-12.186969161898665,18.97669116356554,4.096051533687358,2.79554008467915,2.6762731916130913,3.8429681928718806,11.155507970833273,22.025389920053875,12.143526597339163,6.221152475622594,20.175684073556837,39.23476366245224,12.49046751032493,1,6.45
130,38.1057460249623,8.873361113865847,45.18724052314565,8.368579091531302,40.94112560478484,8.73747191964646,38.43264652358237,-1.1652515655592033,35.37631459643171,-7.2933335315411485,15.503401360544217,-12.142857142857146,19.11593621054979,4.1147540983606525,2.9051380552220616,2.6731092436974726,4.002040816326533,11.142857142857146,22.339319727891183,12.085714285714294,6.417687074829926,20.142857142857135,39.2771298952627,12.52688278271998,1,6.5
131,38.27555893936729,8.779764387191195,45.36581769493463,8.338722263672272,41.10221540473216,8.841054343216346,38.78231299255942,-1.1494650913462998,35.69834015018019,-7.109072855583725,15.675652152686709,-12.097193299922829,19.25522961643592,4.13346315831338,3.0154337486814384,2.6710401183811237,4.1551170601452725,11.132861383256024,22.655123936501646,12.027752936367698,6.612918633575408,20.110106226069703,40.03459139292281,11.705139585450953,1,6.550000000000001
132,38.45197387873885,8.68522484754356,45.52742949150614,8.294449532611123,41.259819027285346,8.951642690443808,39.13539602543761,-1.1314416587097904,36.028242925639056,-6.926765650791378,15.849674188536829,-12.050018298222753,19.394570113991975,4.152178543338502,3.1263896558893176,2.670007420564304,4.302386405813705,11.12537771667375,22.97237228021531,11.969700390760103,6.806917444771862,20.077423454485302,40.772305291016394,10.904819860736417,1,6.6000000000000005
133,38.634433528825326,8.589987460447196,45.6737056573595,8.236745871144727,41.41446569390601,9.068522699155341,39.49164562973632,-1.111344947534305,36.36544654073194,-6.746268980249623,16.02533786489647,-12.001442710349538,19.533954257485988,4.170899790625828,3.2379574685226244,2.669935314088527,4.444141841897281,11.120222331426014,23.290497418136127,11.911628652799047,6.9997737094594354,20.04480384186954,41.490271589543454,10.125923608576368,1,6.65
134,38.82238057537501,8.494297191426387,45.80627593699399,8.166596252069885,41.56668462605572,9.190980107177433,39.85081181297497,-1.0893386377045076,36.70937461338248,-6.567439907043908,16.20251357856749,-11.95157710889577,19.67337860118598,4.189626437365197,3.3500888782582847,2.67074796279528,4.580676356961543,11.117211415828534,23.608932009368083,11.853609726392214,7.191577628678324,20.012242401988097,42.18849028850391,9.368450828970854,1,6.7
135,39.0152577041362,8.398399006005379,45.92677007490909,8.08498564818345,41.717005045196004,9.318300652336598,40.212644582673,-1.0655864091050433,37.05945076151429,-6.3901354942597655,16.38107172635184,-11.900532066454103,19.812839699360055,4.208358020746433,3.4627355767732,2.6723695305260633,4.712282939571937,11.116161158196983,23.927108713015013,11.795715615447143,7.382419403468673,19.979734148606546,42.866961387897824,8.632401521919816,1,6.75
136,39.21250760085718,8.302537869708457,46.03681781560413,7.992899032282279,41.865956172788465,9.449770072459316,40.57689394634988,-1.0402519416206002,37.41509860305104,-6.214212804982598,16.56088270505129,-11.848418155617102,19.952334106276247,4.227094077959353,3.575849255744403,2.6747241811223637,4.839254578294025,11.116887746847075,24.244460188181016,11.738018323871453,7.572389234870717,19.947274095490574,43.52568488772516,7.917775687423275,1,6.800000000000001
137,39.413572951286326,8.206958748059854,46.13804890357846,7.8913213771631945,42.01406723029471,9.584674105372091,40.94330991152499,-1.013498915135833,37.77574175591631,-6.039528902297948,16.741816911467772,-11.795345948977454,20.09185837620261,4.245834146193772,3.6893816068487486,2.6777360784256627,4.9618842616932834,11.119207370094477,24.56041909396994,11.680589855572755,7.761577323924517,19.914857256405774,44.164660787985966,7.22457332548124,1,6.8500000000000005
138,39.61789644117189,8.111906606583876,46.23209308333146,7.781237655623063,42.16186743917625,9.722298488901432,41.31164248571777,-0.9854910095353523,38.14080383803375,-5.865940849291292,16.923744742403223,-11.741426019127731,20.231409063407234,4.2645777626395525,3.803284321763225,2.68132938627751,5.080464978335231,11.122936216254901,24.87441808948574,11.62350221445864,7.950073871670372,19.882478645117807,44.78388908868019,6.552794436093698,1,6.9
139,39.824920756262216,8.017626410804763,46.320580099362445,7.663632840458679,42.309886020894666,9.861928960873826,41.6816416764477,-0.9563919047038419,38.509708467326966,-5.693305709048089,17.106536594659456,-11.686768938660567,20.370982722158097,4.283324464486499,3.9175090921647704,2.6854282685193622,5.19528971678538,11.127890473644037,25.18588983383237,11.5668274044367,8.137969079148391,19.850133275392288,45.38336978980786,5.90243901926067,1,6.95
140,40.03408858230556,7.924363126246785,46.40513969617081,7.539491904466915,42.45865219691158,10.00285125911575,42.053057491234156,-0.9263652805259514,38.88187926171964,-5.5214805446537945,17.29006286503833,-11.631485280168539,20.510575906723375,4.302073788924431,4.032007609730355,2.6899568889927306,5.306651465609219,11.133886330577571,25.494266986113814,11.51063742941455,8.325353147398774,19.817816160994845,45.963102891368976,5.273507074982131,1,7.0
141,40.244842605050316,7.832361718434225,46.48740161825594,7.409799820444623,42.6086951886885,10.144351121453743,42.425639937596614,-0.8955748168863448,39.25673983913537,-5.350322419193958,17.474193950341792,-11.575685616244343,20.65018517137102,4.320825273143161,4.146731566136824,2.6948394115391014,5.41484321337227,11.140739975371217,25.798982205433937,11.455004293299783,8.512316277461643,19.785522315691125,46.52308839336355,4.6659986032580925,1,7.050000000000001
142,40.456625510244685,7.741867152891334,46.568995610117135,7.275541561188631,42.76054421768706,10.285714285714286,42.79913902305448,-0.864184193669667,39.63371381749777,-5.179688395754016,17.658800247371687,-11.519480519480512,20.78980707036912,4.339578454332556,4.26163265306119,2.7000000000000037,5.520157948640028,11.148267596340622,26.09946815089676,11.400000000000011,8.698948670377238,19.753246753246756,47.063326295791526,4.079913604088562,1,7.1000000000000005
143,40.668879983637076,7.653124395142378,46.65155141625382,7.1377020994957485,42.914728505368785,10.42622648972387,43.17330475512716,-0.8323570907605871,40.012224814730516,-5.009435537419474,17.84375215292988,-11.46298056246973,20.92943815798573,4.358332869682393,4.3766625621804085,2.705362818216886,5.622888659977997,11.156285381801544,26.39515748160617,11.34569655342282,8.885340527185686,19.720984487427362,47.583816598652945,3.515252077473521,1,7.15
144,40.88104871097573,7.566378410711631,46.73669878116529,6.997266408162889,43.071777273195316,10.565173471309011,43.547887141334144,-0.8002571880437108,40.391696448757195,-4.839420907275777,18.02892006381829,-11.406296317804554,21.06907498848897,4.377088056382552,4.4917729851713695,2.710852030031298,5.723328335951707,11.164609520069641,26.685482856666187,11.292165957475827,9.07158204892718,19.688730531998583,48.08455930194788,2.9720140234129984,1,7.2
145,41.092574378009004,7.481874165123356,46.82606744935099,6.855219459986814,43.23221974262811,10.701840968296203,43.92263618919487,-0.7680481654037655,40.77155233750146,-4.669501568408425,18.21417437683877,-11.349538358077679,21.20871411614678,4.3958435516228,4.606915613711049,2.716391799284691,5.821769965126638,11.173056199460582,26.969876935180686,11.23948021606663,9.25776343664191,19.65647990072605,48.56555440567615,2.450199441906961,1,7.25
146,41.30289967048517,7.399856623901835,46.921287165310204,6.712546227764441,43.39658513512883,10.835514718511924,44.297301906228704,-0.7358937027253668,41.15121609888694,-4.499534583902911,18.39938548879322,-11.292817255881635,21.348352095227288,4.414598892593005,4.722042139476366,2.721906289818596,5.918506536068293,11.181441608290129,27.24777237625367,11.187711333102815,9.443974891370031,19.624227607375403,49.02680190983793,1.9498083329554274,1,7.300000000000001
147,41.511467274152544,7.3205707525712915,47.0239876735423,6.570231684292551,43.565402672159024,10.965480459782695,44.67163429995513,-0.7039574798931645,41.53011135083727,-4.329377016844707,18.584423796483513,-11.236243583809099,21.487985479998542,4.433353616482979,4.837104254144267,2.727319665474484,6.013831037342187,11.18958193487389,27.518601838989053,11.136931312491974,9.630306614151692,19.591968665712248,49.46830181443315,1.4708406965583931,1,7.3500000000000005
148,41.71771987475941,7.24426151665606,47.1357987185467,6.429260802368001,43.739201575180246,11.091023929934984,45.045383377893565,-0.672403176791837,41.90766171127605,-4.158885930319268,18.769159696711526,-11.179927914452664,21.6276108247286,4.452107260482536,4.952053649391722,2.732556090093886,6.108036457513846,11.197293367527632,27.781797982490783,11.08721215814176,9.8168488060271,19.559698089502252,49.89005411946178,1.013296532715853,1,7.4
149,41.92110015805414,7.171173881680318,47.25835004482272,6.290618554787631,43.9185110656541,11.211430866795332,45.41829914756344,-0.6413944733060294,42.28329079812692,-3.9879183874121416,18.953463586279135,-11.12398082040495,21.767224683685498,4.470859361781501,5.066842016895606,2.737539727518263,6.201415785148713,11.204392094567007,28.036793465862804,11.038625873959715,10.00369166803642,19.527410892511018,50.29205882492388,0.5771758414278315,1,7.45
150,42.121050809785,7.101552813168397,47.39327139686972,6.155289914348311,44.10386036504219,11.32598700819021,45.79013161648413,-0.6110950493203765,42.65642222931357,-3.8163314512087205,19.137205861988225,-11.068512874258579,21.906823611137327,4.489609457569725,5.1814210483329255,2.7421947415891412,6.294262008812362,11.210694304307719,28.283020948209074,10.991244463853484,10.190925401219836,19.495102088504208,50.674315930819375,0.16247862269429478,1,7.5
151,42.31701451570031,7.0356432766445485,47.54219251918706,6.024259853846837,44.295778694805946,11.433978091946114,46.16063079217521,-0.581668584719567,43.02647962275952,-3.643982184794552,19.320256920640674,-11.013634648606176,22.046404161352108,4.508357085037019,5.295742435380597,2.746445296147982,6.386868117070275,11.216016185065454,28.51991308863353,10.945139931730617,10.378640206617511,19.46276669124741,51.03682543714834,-0.23079512348475248,1,7.550000000000001
152,42.50843396154837,6.973690237633033,47.7067431562741,5.898513346080084,44.494795276407125,11.534689855889546,46.529546682155974,-0.5532787593882114,43.39288659638848,-3.470727651255089,19.50248715903837,-10.959456716040343,22.185962888597913,4.527101781373207,5.409757869715532,2.7502155550363447,6.4795270984879565,11.220173925155937,28.746902546240136,10.90038428149878,10.56692628526962,19.430399714506294,51.37958734391077,-0.6026453971092908,1,7.6000000000000005
153,42.69475183307745,6.915938661658127,47.88855305263027,5.77903536384488,44.70143933130712,11.62740803784703,46.89662929394598,-0.5260892532110225,43.75506676812409,-3.296424913675834,19.683766973983204,-10.906089649153692,22.325496347142817,4.545843083768101,5.523419043014725,2.753429682095658,6.572531941630924,11.222983712894836,28.963421980132814,10.85704951706551,10.755873838216317,19.397996172046476,51.7026016511066,-0.9530721981793107,1,7.65
154,42.87541081603596,6.862633514244078,48.08925195275486,5.666810879938056,44.91624008096763,11.711418375645023,47.261628635064504,-0.5002637460726064,44.112443755889906,-3.1209310351422324,19.86396676227703,-10.853644020538868,22.465001091254823,4.5645805294115505,5.636677646955107,2.7560118411674703,6.666175635064647,11.224261736597832,29.168904049415513,10.815207642338446,10.945573066497813,19.365551077633604,52.00586835873592,-1.2820755266948507,1,7.7
155,43.04985359617206,6.814019760915197,48.31046960114722,5.562824867156483,45.13972674685022,11.786006607110048,47.62429471303111,-0.47596591785763676,44.46444117760963,-2.944103078739805,20.042956920721736,-10.802230402788458,22.60447367520205,4.583313655493353,5.749485373213572,2.757886196093244,6.760751167354652,11.223824184580641,29.36278141319219,10.774930661225183,11.13611417115428,19.333059445033275,52.28938746679868,-1.5896553826558817,1,7.75
156,43.21752285923422,6.770342367195699,48.55383574230676,5.468062298296977,45.372428550416394,11.85045847006859,47.98437753536515,-0.4533594484507779,44.81048265120686,-2.765798107554011,20.220607846119222,-10.751959368495118,22.743910653252513,4.602041999203375,5.861793913467123,2.7589769107145,6.856551527066472,11.221487245158947,29.544486730566806,10.736290577633316,11.327587353225844,19.300516288011178,52.55315897529483,-1.8758117660624234,1,7.800000000000001
157,43.37786129097066,6.731846298609855,48.820980120732784,5.383508146156377,45.614874713127804,11.904059702347174,48.341627109586156,-0.43260801773668417,45.14999179460524,-2.58587318467031,20.396789935271322,-10.70294149025141,22.883308579674285,4.620765097731391,5.973554959392631,2.7592081488727294,6.953869702765554,11.217067106648436,29.71345266064326,10.699359395470458,11.520082813752719,19.267916620332905,52.797182884224405,-2.1405446769144656,1,7.8500000000000005
158,43.53031157712969,6.69877652068196,49.1135324809247,5.3101473835315325,45.86759445644596,11.946096041772273,48.69579344321343,-0.41387530559999564,45.482392225728354,-2.4041853731742275,20.571373584979963,-10.655287340649998,23.02266400873542,4.639482488267268,6.084720202667082,2.758504074409428,7.052998683017475,11.210379957364836,29.869111862525564,10.664209118644187,11.713690753775069,19.23525545576409,53.021459193587496,-2.3838541152120087,1,7.9
159,43.67431640345966,6.671377998936261,49.43312256738183,5.248964983219289,46.131117001832465,11.975853226170365,49.04662654376651,-0.3973249919253763,45.80710756249991,-2.220591736151233,20.74422919204703,-10.609107492283487,23.16197349470396,4.6581937080008124,6.195241334967417,2.756788851166096,7.154231456387698,11.20124198562381,30.01089699531759,10.630911751062126,11.908501374333088,19.202527808070375,53.225987903384,-2.605740080955043,1,7.95
160,43.80931845570881,6.649895698897027,49.78138012460359,5.2009459180164805,46.40597157074889,11.99261699336801,49.393876418764776,-0.3831207565974614,46.12356142284349,-2.0349493366867764,20.915227153274387,-10.564512517744463,23.30123359184797,4.676898294121845,6.305070047970581,2.7539866429842212,7.257861011441701,11.18946937974104,30.138240718123342,10.599539296631875,12.104604876466919,19.169728691017383,53.41076901361394,-2.806202574143574,1,8.0
161,43.9347604196255,6.634574586088534,50.15993489708931,5.167075160719952,46.69268738465677,11.995673081191647,49.73729307572767,-0.37142627950093443,46.43117742468273,-1.8471152378663735,21.084237865463884,-10.521612989625602,23.440440854435536,4.695595783820207,6.4141580333534876,2.7500216137053086,7.364180336745066,11.174878328032252,30.250575690046748,10.570163759261014,12.302091461216769,19.136853118370748,53.57580252427733,-2.9852415947776048,1,8.05
162,44.050084980958026,6.625659626035034,50.570416629338375,5.148337684126543,46.9917936650177,11.984307227467808,50.07662652217462,-0.3624052405204594,46.72937918594122,-1.6569465027754842,21.251131725417444,-10.480519480519472,23.579591836734693,4.714285714285719,6.5224569827930985,2.7448179271708586,7.473482420863237,11.157285018813113,30.34733457019175,10.54285714285716,12.501051329622761,19.103896103896094,53.72108843537416,-3.1428571428571366,1,8.1
163,44.050084980958026,6.625659626035034,50.570416629338375,5.148337684126543,46.9917936650177,11.984307227467808,50.07662652217462,-0.3624052405204594,46.72937918594122,-1.6569465027754842,21.251131725417444,-10.480519480519472,23.579591836734693,4.714285714285719,6.5224569827930985,2.7448179271708586,7.473482420863237,11.157285018813113,30.34733457019175,10.54285714285716,12.501051329622761,19.103896103896094,53.72108843537416,-3.1428571428571366,1,8.15
164,44.050084980958026,6.625659626035034,50.570416629338375,5.148337684126543,46.9917936650177,11.984307227467808,50.07662652217462,-0.3624052405204594,46.72937918594122,-1.6569465027754842,21.251131725417444,-10.480519480519472,23.579591836734693,4.714285714285719,6.5224569827930985,2.7448179271708586,7.473482420863237,11.157285018813113,30.34733457019175,10.54285714285716,12.501051329622761,19.103896103896094,53.72108843537416,-3.1428571428571366,1,8.200000000000001
