Frame,Away_424_x,Away_424_y,Away_3410_x,Away_3410_y,Away_3411_x,Away_3411_y,Away_3412_x,Away_3412_y,Away_3413_x,Away_3413_y,Away_6670_x,Away_6670_y,Away_6671_x,Away_6671_y,Away_6672_x,Away_6672_y,Away_6673_x,Away_6673_y,Away_7420_x,Away_7420_y,Away_14592_x,Away_14592_y,ball_x,ball_y,Period,Time [s]
0,21.563294627776127,4.443824747839355,19.829931972789126,22.85714285714285,15.647619047619045,14.000000000000012,8.436734693877547,9.857142857142858,6.561904761904762,-8.857142857142854,29.780952380952375,-14.142857142857142,32.23265306122448,-0.8571428571428541,31.655782312925172,8.285714285714285,29.925170068027203,16.0,49.19889309988337,0.5823566585276296,27.617687074829934,25.14285714285714,12.330612244897956,17.42857142857143,1,0.0
1,21.415935759526818,4.0979165575131695,19.737288048312195,22.69507790688857,15.489809813101665,13.80419066570918,8.575039190166923,9.832525716920353,6.644013592609691,-8.891686323241581,29.691556088195806,-14.148082642124493,32.08608150799732,-0.9210302194722808,31.529999780547218,8.247185698665172,29.78770786662624,15.913626162414236,49.26897555760038,0.5811707702526874,27.556444305028926,25.14406535493108,12.82140731823611,15.771903105106063,1,0.05
2,21.280813212559018,3.766411798343944,19.657824450913616,22.533025479273977,15.350377562809536,13.61436800884467,8.713110574942252,9.807950068760553,6.737295771672134,-8.928923480348244,29.60488754175782,-14.171339961970816,31.94923192542842,-0.985118933020889,31.414785648608888,8.205517619742485,29.66223860840288,15.825440029144445,49.33016950848501,0.5801352873199431,27.504082210818993,25.138553933703268,13.3024836772507,14.148040094976643,1,0.1
3,21.15769498927333,3.448929675481446,19.59120835734163,22.371011251878254,15.228825139424387,13.430368161697437,8.850956928386982,9.783414474452677,6.841364005034937,-8.96876095891178,29.520889584523186,-14.21186133136953,31.82191263590465,-1.0494941044900312,31.309923390804357,8.16078175186524,29.548499332902942,15.735483438598727,49.38288519131412,0.5792432679443422,27.460402400144766,25.126467393797732,13.773841321941788,12.556982398183179,1,0.15000000000000002
4,21.046349092070308,3.1450893940754394,19.537106944344522,22.20906090228056,15.124655385627925,13.252027256558511,8.988586330684466,9.758917495786084,6.955830998640873,-9.011105389381228,29.43950505937663,-14.268878979294044,31.703931961812902,-1.1142408405810502,31.215196480827842,8.113049797952376,29.446227079672216,15.643798229185158,49.42753284486456,0.5784877703409026,27.425206480950973,25.107950249838495,14.23548025230933,10.998730014725652,1,0.2
5,20.946543523350492,2.8545101592757494,19.495187388670537,22.04720010806007,15.037371144101982,13.07918142571886,9.126006862018183,9.734457694550022,7.080309458432747,-9.055863402205595,29.360676809202875,-14.34162513471782,31.59509822553999,-1.1794442479953082,31.130388392373504,8.062393460922912,29.3551588882565,15.55042623931177,49.46452270791327,0.5778618527245601,27.398296061182375,25.08314701644958,14.687400468353369,9.473282944604092,1,0.25
6,20.858046285514504,2.5768111762321118,19.46511686706789,21.885454546795987,14.966475257528252,12.911666801469488,9.263226602571493,9.710033632533785,7.214412090353381,-9.10294162783389,29.28434767688664,-14.429332026614231,31.495219749472806,-1.2451894334341624,31.055282599135563,8.00888444369579,29.27503179820162,15.45540930738673,49.494265019237076,0.5773585733102987,27.379472748783662,25.05220220825502,15.129601970073876,7.980641187818451,1,0.30000000000000004
7,20.78062538096284,2.3116116500943305,19.446562556284867,21.72384989606747,14.911470568588465,12.749319516101409,9.40025363252784,9.685643871526665,7.3577516003455505,-9.152246696715116,29.210460505312668,-14.531231883956686,31.404104855998213,-1.3115615035989754,30.989662574808193,7.952594449189992,29.2055828490533,15.358789271818013,49.517170017612884,0.5769709903131415,27.36853815169956,25.015260339878836,15.56208475747082,6.5208047443687756,1,0.35000000000000003
8,20.714048812096138,2.058530786012191,19.43919163306971,21.56241183345368,14.871859919964463,12.591975701905588,9.537096032070622,9.661286973317953,7.509940694352104,-9.203685239298242,29.1389581373657,-14.64655693571863,31.321561867503096,-1.3786455651910703,30.9333117930856,7.893595180324513,29.146549080357385,15.260607971013751,49.5336479418176,0.5766921619480043,27.36529387787476,24.972465925945052,15.984848830544278,5.093773614255056,1,0.4
9,20.65808458131492,1.8171877891354535,19.442671274170692,21.40116603653383,14.847146154337928,12.439471491173022,9.673761881383243,9.636961499696945,7.670592078315816,-9.257163886032302,29.06978341593043,-14.774539410873457,31.2473991063743,-1.4465267249118334,30.886013727661915,7.831958340018324,29.097667531659656,15.160907243382034,49.544109030628,0.5765151464298817,27.369541535253994,24.92396348107768,16.397894189294185,3.699547797477277,1,0.45
10,20.612500691019804,1.5872018646139079,19.456668656336063,21.240138182887044,14.83683211439062,12.29164301619471,9.81025926064914,9.6126660124529,7.839318458179498,-9.312589267366297,29.002879183891647,-14.914411538394585,31.181424894998706,-1.515290089462584,30.847551852231394,7.767755631190388,29.05867524250592,15.059728927330884,49.548963522821104,0.5764330019737764,27.381082731781998,24.869897519900775,16.801220833720592,2.338127294035429,1,0.5
11,20.577065143611293,1.3681922175973538,19.48085095631405,21.07935395009254,14.840420642804297,12.148326409261658,9.946596250051691,9.588399073375124,8.015732539885963,-9.369868013749203,28.938188284134018,-15.065405547255418,31.123447555763157,-1.5850207655446835,30.8177096404882,7.701058756759696,29.029309252441966,14.957114861268426,49.54862165717368,0.5764387867946342,27.39971907540347,24.810412557038322,17.194828763823455,1.0095121039295456,1,0.55
12,20.551545941490005,1.159778053235566,19.51488535085293,20.91883901572948,14.857414582260722,12.009357802664837,10.082780929774334,9.564159244252918,8.199447029378025,-9.428906755630052,28.87565355954234,-15.226753666429412,31.073275411054528,-1.6558038598595186,30.796270566126495,7.631939419645203,29.009306601013567,14.853106883602706,49.54349367246269,0.5765255591074249,27.425252174063115,24.745653107114396,17.5787179796028,-0.2862977728404019,1,0.6000000000000001
13,20.53571108705647,0.9615785766782908,19.55843901670095,20.758619057377015,14.887316775441626,11.874573328695256,10.218821380000463,9.539945086875553,8.39007463259845,-9.48961212345784,28.815217853001283,-15.397688124889951,31.03071678325969,-1.7277244791084274,30.78301810284054,7.560469322765922,28.998404327766547,14.74774683274182,49.53398980746498,0.5766863771271611,27.457483635705664,24.675763684752965,17.95288848105858,-1.5493023362743894,1,0.65
14,20.529328582711276,0.7732129930753473,19.611179130606356,20.59871975261434,14.929630065028755,11.743809119643895,10.354725680913493,9.515755163032313,8.587228055490044,-9.551890747681577,28.756824007395597,-15.577441151610463,30.99557999476554,-1.8008677299927334,30.77773572432442,7.486720169040769,28.996339472246675,14.641076547093823,49.52052030095739,0.5769142990687789,27.49621506827584,24.60088880457809,18.317340268190875,-2.7795015863724357,1,0.7000000000000001
15,20.532166430854993,0.5943005075765007,19.672772869317434,20.43916677902065,14.983857293703876,11.61690130780178,10.490501912696832,9.4915880345125,8.790520003995692,-9.61564925875022,28.70041486561006,-15.765244975564341,30.967673367958888,-1.8753187192138372,30.780206904272415,7.410763661388779,29.002849073999766,14.533137865066827,49.50349539171688,0.5772023831472671,27.541248079718358,24.521172981213805,18.672073340999603,-3.9768955231345227,1,0.75
16,20.5439926338882,0.4244603253315503,19.74288740958243,20.27998581417508,15.049501304148748,11.493686025459866,10.626158155533922,9.467442263105397,8.999563184058118,-9.680794287112818,28.64593327052934,-15.960331825725039,30.946805225226612,-1.951162553473053,30.790215116378693,7.33267150272891,29.017670172571616,14.423972625068869,49.483325318520265,0.5775436875776294,27.592384277977914,24.436760729284103,19.017087699484847,-5.141484146560678,1,0.8
17,20.56457519421144,0.2633116514902474,19.821189928149536,20.121202535656824,15.126064939045106,11.37399940490917,10.761702489608126,9.443316410600302,9.213970301620147,-9.747232463218381,28.59332206503819,-16.161933931065946,30.93278388895561,-2.028484339471738,30.807543834337423,7.2525153959801365,29.040539807507997,14.313622665508037,49.46042032014445,0.5779312705747867,27.64942527099922,24.34779656341302,19.352383343646544,-6.273267456650874,1,0.8500000000000001
18,20.593682114225324,0.11047369120242025,19.90734760176712,19.96284262104508,15.213051041074726,11.257677578440692,10.897142995102906,9.419209038786484,9.43335406262463,-9.814870417515863,28.542524092021345,-16.369283520560447,30.925417681532725,-2.107369183911259,30.831976531842802,7.170367044061431,29.071195018354732,14.20212982479242,49.435190635366325,0.5783581903537862,27.712172666727028,24.25442499822459,19.677960273484693,-7.372245453405114,1,0.9
19,20.63108139633035,-0.03443435038220429,20.00102760718334,19.804931747919,15.309962452919313,11.144556678345397,11.03248775220165,9.39511870945324,9.657327173014327,-9.883614780454318,28.493482194363548,-16.581612823182013,30.924514925344855,-2.1879021934929495,30.86329668258902,7.086298149891771,29.1093728446576,14.08953594133007,49.408046502962755,0.5788175051295491,27.78042807310604,24.15679054834284,19.99381848899936,-8.43841813682343,1,0.9500000000000001
20,20.676541042927113,-0.17179326811383164,20.10189712114647,19.64749559385774,15.416302017260646,11.034472836914297,11.167744841087721,9.37104398438986,9.885502338732014,-9.953372182482722,28.446139214949508,-16.798154067904054,30.929883942778776,-2.27016847491822,30.901287760270268,7.000380416390125,29.1548103259624,13.975882853529088,49.37939816171062,0.5793022731170402,27.853993098080966,24.055037728391767,20.29995799019049,-9.47178550690579,1,1.0
21,20.729829056416214,-0.30198385684264795,20.20962332040478,19.49055983644051,15.53157257678047,10.927262186438384,11.302922341944626,9.346983425385629,10.117492265720536,-10.024049254050077,28.400437996663943,-17.018139483699965,30.941333056221442,-2.35425313488835,30.945733238580743,6.912685546475511,29.20724450181492,13.861212399797548,49.34965585038684,0.5798055525312917,27.932669349596495,23.949311052995427,20.596378777058057,-10.472347563652185,1,1.05
22,20.790713439198193,-0.4253869114189311,20.32387338170654,19.334150153246462,15.655276974160564,10.82276085920865,11.438028334955714,9.32293559422985,10.35290965992273,-10.095552625605379,28.35632138239163,-17.24080129954315,30.958670588059686,-2.4402412801047313,30.996416591214604,6.823285243066866,29.266412411760957,13.745566418543499,49.319229807768195,0.5803204015872496,28.0162584355974,23.83975503677785,20.883080849602123,-11.440104307062668,1,1.1
23,20.85896219367364,-0.5423832266928238,20.444314481799978,19.17829222185479,15.786918052082635,10.720804987516095,11.573070900304376,9.298899052711784,10.591367227281337,-10.167788927597663,28.313732215017293,-17.465371744407037,30.9817048606804,-2.528218017268716,31.053121291866066,6.7322512090831585,29.332051095346298,13.628986748175063,49.28853027263169,0.580839878499883,28.104561964028385,23.72651419436303,21.160064207822657,-12.375055737137162,1,1.1500000000000001
24,20.93434332224308,-0.6533535975146136,20.570613797433353,19.02301171984467,15.925998653228445,10.621230703651712,11.708058118174105,9.274872362620737,10.832477673739199,-10.240664790475897,28.272613337425597,-17.691083047265067,31.010244196470428,-2.6182684530816527,31.11563081422932,6.639655147443373,29.403897592116746,13.511515227100286,49.25796748375411,0.5813570414841616,28.197381542834098,23.609733040375,21.427328851719658,-13.277201853875727,1,1.2000000000000002
25,21.016624827307105,-0.7586788187344821,20.702438505354912,18.868334324795242,16.072021620279784,10.52387413990649,11.842998068748216,9.25085408574598,11.075853705239126,-10.314086844689088,28.232907592501352,-17.917167437090633,31.04409691781662,-2.710477694244897,31.183728631998545,6.5455687610665105,29.481688941618135,13.393193693727234,49.22795167991239,0.5818649487550841,28.294518779959358,23.489556089437784,21.684874781293125,-14.146542657278355,1,1.25
26,21.105574711266314,-0.8587396852026584,20.839455782312918,18.714285714285708,16.224489795918366,10.428571428571427,11.977898832210204,9.226842783876835,11.321108027723913,-10.387961720686253,28.19455782312924,-18.14285714285715,31.08307134710585,-2.8049308474597936,31.257198218867916,6.45006375287153,29.565162183396193,13.274063986464002,49.19889309988337,0.5823566585276296,28.395775283348808,23.36612785617544,21.932701996543095,-14.983078147345013,1,1.3
27,21.20096097652121,-0.9539169917693483,20.98133280505564,18.560891565895258,16.382906022825935,10.335158701937534,12.112768488743445,9.202837018802557,11.56785334713635,-10.462196048916384,28.157506872194052,-18.367384393538025,31.12697580672501,-2.9017130194276985,31.335823048531655,6.353211825777414,29.654054356996756,13.154167943718672,49.17120198244397,0.5828252290167631,28.500952660947174,23.239592855211946,22.170810497469496,-15.786808324075748,1,1.35
28,21.302551625472425,-1.0445915332847957,21.127736750331323,18.40817755720302,16.54677314368428,10.243472092295754,12.24761511853134,9.178835352312456,11.81570236941924,-10.536696459828493,28.121697582580428,-18.58998141810669,31.17561861906095,-3.00090931684997,31.419386594683917,6.255084682703125,29.74810250196558,13.033547403899293,49.14528856637104,0.583263718437435,28.609852520699228,23.11009560117136,22.3992002840724,-16.557733187470514,1,1.4000000000000001
29,21.410114660520478,-1.131144104599216,21.27833479488819,18.256169365788235,16.715594001175102,10.153347731937119,12.382446801757313,9.1548363461958,12.06426780051542,-10.611369583871593,28.087072797173175,-18.809880445536564,31.228808106500527,-3.102604846427979,31.507672331018938,6.1557540265676485,29.847043657848513,12.91224420541396,49.12156309044147,0.5836651850046676,28.722276470549602,22.97778060867768,22.61787135635177,-17.295852737529337,1,1.4500000000000002
30,21.523418084065966,-1.2139555005627904,21.432794115474522,18.10489266923001,16.88887143798021,10.064621753152625,12.517271618604763,9.1308385622419,12.313162346367704,-10.686122051494653,28.053575358856996,-19.02631370480102,31.2863525914306,-3.20688471486305,31.60046373123087,6.0552915602899695,29.950614864191337,12.790300186670756,49.100435793432155,0.5840226869333969,28.838026118443064,22.84279239235495,22.826823714307622,-18.001166974252204,1,1.5
31,21.64222989850945,-1.2934065160257677,21.590781888838585,17.95437314510757,17.066108296781294,9.977130288233232,12.65209764925713,9.106840562240022,12.561998712918852,-10.760860493146694,28.021148110516606,-19.238513424873524,31.348060396238093,-3.3138340288565256,31.697544269013882,5.953768986789057,30.058553160539798,12.667757186077756,49.08231691411996,0.5843292824386314,28.956903072324355,22.705275466827192,23.026057357939916,-18.673675897639143,1,1.55
32,21.76631810625149,-1.3698779458383825,21.75196529172861,17.80463647100006,17.246807420260154,9.890709469469982,12.786932973897773,9.082840907979461,12.810389606111706,-10.83549153927673,27.989733895036764,-19.445711834727483,31.413739843309788,-3.423537895109796,31.79869741806222,5.851258008983869,30.170595586439727,12.544657042043006,49.067616691281735,0.5845780297353258,29.078708940138142,22.56537434671842,23.21557228724872,-19.313379507690122,1,1.6
33,21.895450709692653,-1.4437505848508403,21.916011500892857,17.655708324486675,17.430471651098507,9.80519542915386,12.921785672710158,9.058838161249515,13.057947731889032,-10.909921820333746,27.95927555530219,-19.6471411633363,31.483199255032588,-3.5360814203242006,31.903706652070017,5.7478303297934055,30.286479181436924,12.42104159297461,49.056745363694404,0.5847619870384548,29.20324532982912,22.423233546652682,23.39536850223396,-19.920277804405163,1,1.6500000000000001
34,22.029395711233533,-1.5154052279133463,22.082587693079603,17.507614383146578,17.616603831978132,9.720424299575818,13.056663825877692,9.034830883839478,13.304285796193666,-10.984057966766734,27.92971593419761,-19.842033639673392,31.55624695379339,-3.651549711201091,32.012355444731526,5.643557652136649,30.405940985077187,12.296952677280645,49.05011317013481,0.5848742125630122,29.330313849342083,22.278997581253975,23.565446002895698,-20.49437078778425,1,1.7000000000000002
35,22.16792111327466,-1.585222669876116,22.25136104503708,17.360380324558953,17.804706805580757,9.636232213026908,13.191575513583771,9.010817637538603,13.54901650496843,-11.057806609024695,27.900997874607796,-20.02962149271217,31.63269126197901,-3.770027874441815,32.124427269740885,5.538511678932545,30.528718036906273,12.172432133369195,49.04813034937992,0.5849077645239772,29.459716106621677,22.132810965146344,23.725804789233905,-21.035658457827388,1,1.75
36,22.310794918216622,-1.6535837055894076,22.421998733513533,17.21403182630297,17.99428341458816,9.552455301798057,13.326528816011773,8.986796984136204,13.791752564156091,-11.131074377556699,27.873064219417408,-20.20913695142606,31.71234050197634,-3.891601016747726,32.239705600792284,5.432764113100104,30.65454737647003,12.047521799648298,49.051207140206515,0.5848557011362806,29.591253709612687,21.984818212953797,23.87644486124858,-21.544140814534586,1,1.8
37,22.45778512846001,-1.7208691299033934,22.594167935257236,17.068594565957792,18.18483650168207,9.468929698180311,13.461531813345164,8.96276748542158,14.032106679699448,-11.203767902811663,27.845857811511227,-20.37981224478846,31.795002996172254,-4.01635424482018,32.35797391157992,5.32638665755827,30.78316604331424,11.922263514526064,49.05975378139153,0.5847110806149599,29.724728266259767,21.83516383930037,24.01736621893972,-22.019817857905835,1,1.85
38,22.608659746405316,-1.787459737668307,22.76753582701643,16.924094221102607,18.375868909544245,9.38549153446465,13.59659258576734,8.938727703184,14.269691557541368,-11.275793815238622,27.819321493773973,-20.540879601772808,31.880487066953602,-4.144372665360545,32.479015675797996,5.2194510152260625,30.914311076984678,11.79669911641057,49.07418051171182,0.5844669611749458,29.859941384507668,21.683992358810098,24.14856886230735,-22.46268958794113,1,1.9000000000000001
39,22.763186774453196,-1.853736323734393,22.941769585539383,16.7805564693166,18.566883480856433,9.301976942942071,13.731719213461679,8.91467619921275,14.504119903624598,-11.34705874528661,27.793398109090354,-20.6915712513525,31.968601036707263,-4.275741385070159,32.60261436714069,5.112028889022402,31.047719517027087,11.670870443709862,49.094897569944266,0.5841164010312275,29.99669467230107,21.531448286106976,24.270052791351425,-22.872756004640486,1,1.9500000000000002
40,22.921134215004184,-1.9200796829518425,23.1165363875743,16.63800698817893,18.757383058300338,9.218222055903558,13.866919776611633,8.890611535297124,14.735004423891965,-11.417469323404596,27.76803050034512,-20.83111942250098,32.05915322782005,-4.410545510650383,32.72855345930218,5.004191981866299,31.18312840298738,11.544819334832047,49.122315194865756,0.5836524583987744,30.134789737584725,21.37767613581506,24.381818006072017,-23.250017108003885,1,2.0
41,23.08227007045884,-1.9868706101708993,23.291503409869534,16.496471455268768,18.94687048455782,9.134063005640106,14.00220235540061,8.866532273226419,14.961957824286268,-11.486932180041563,27.743161510423008,-20.95875634419165,32.15195196267893,-4.548870148802552,32.85661642597666,4.896011996676743,31.320274774411278,11.418587628185174,49.15684362525317,0.5830681914925901,30.274028188303337,21.222820422558357,24.483864506469047,-23.594472898031317,1,2.0500000000000003
42,23.246362343217704,-2.0544899002417303,23.46633782917324,16.35597554816532,19.134848602310548,9.04933592444272,14.137575030012018,8.842436974789905,15.184592810750331,-11.555353945646555,27.718733982208743,-21.07371424539788,32.246805563670684,-4.690800406228045,32.98658674085836,4.78756063637268,31.45889567084458,11.292217162177355,49.19889309988337,0.5823566585276296,30.414211632401617,21.06702566096089,24.576192292542558,-23.906123374722835,1,2.1
43,23.413179035681388,-2.1233183480146134,23.640774729364658,16.216525316442898,19.320945658354248,8.963922688267555,14.273042692016979,8.818324769325452,15.402674923700594,-11.622678096279573,27.69479344722109,-21.175436873332284,32.343522353182195,-4.836421389628189,33.118244947504365,4.678907493855309,31.598726194983954,11.165747161387753,49.2486909690457,0.5815063416265331,30.5551416778243,20.910436365646696,24.76643417827362,-23.367308476731598,1,2.15
44,23.582488150250466,-2.193736748339749,23.814820822846663,16.07804829765661,19.50529151594032,8.877888147731571,14.408597478537619,8.794197056364983,15.616581041448285,-11.688995490444789,27.671796191514822,-21.26421404816385,32.44191065360033,-4.985818205704351,33.25135986892356,4.570113721954628,31.739493702129526,11.039206395080084,49.30573302907909,0.5804874185425751,30.696619932516096,20.753197051239788,24.95099720174405,-22.844577605546053,1,2.2
45,23.754057689325478,-2.266125896067329,23.98855072915313,15.94045240135677,19.688141442434144,8.791342897116815,14.54422833808381,8.770055802989098,15.826840876778268,-11.754433832257307,27.65030118977871,-21.340547108300726,32.541778787312005,-5.139075961157899,33.385697397987826,4.461238363482856,31.88092361073226,10.912621018689203,49.369332187834914,0.5792654909367246,30.83844800442169,20.595452232364195,25.129881362953867,-22.337930761166234,1,2.25
46,23.927655655306992,-2.3408665860476012,24.162039067817872,15.803645537093571,19.869750705201113,8.704397530705414,14.679924219165422,8.745902976278307,16.03398414247536,-11.819120825832307,27.63086741670163,-21.40493739215106,32.642935076704006,-5.296279762690158,33.52102342756894,4.352340461252222,32.02274133924316,10.78601718764988,49.43880135316461,0.5778061604699266,30.980427501485842,20.437346423643962,25.30308666190303,-21.84736794359213,1,2.3000000000000003
47,24.1030500505956,-2.418339613130786,24.335360458374723,15.667535614417318,20.050374571606554,8.617162642779457,14.815674070292234,8.721740543313132,16.238540551324462,-11.883184175284976,27.614053846972336,-21.45788623812301,32.745187844163226,-5.457514717002504,33.657103850538775,4.243479058074914,32.16467230611323,10.659421057396958,49.513453432919526,0.5760750288031358,31.122360031653244,20.279024139703083,25.470613098591606,-21.3728891528237,1,2.35
48,24.280008877591847,-2.4989257721670795,24.508589520357525,15.532030542878287,20.230268309015887,8.529748827621061,14.951466839974183,8.697570471174151,16.441039816110454,-11.946751584730427,27.60041945527967,-21.499894984624717,32.84834541207657,-5.622865930796268,33.793704559769125,4.134713196763171,32.30644192979342,10.532858783365263,49.59260133495106,0.5740376975972873,31.26404720286863,20.12062989516559,25.632460673019494,-20.914494388861023,1,2.4000000000000004
49,24.45830013869631,-2.583005858006721,24.681800873300105,15.397038232026738,20.40968718479442,8.442266679512295,15.087291476721084,8.673394726941865,16.642011649618148,-12.00995075828384,27.59052321631246,-21.53146497006433,32.9522161028309,-5.792418510772823,33.93059144813188,4.026101920129187,32.44777562873469,10.406356520989627,49.67555796711063,0.5716597685133457,31.405290623076706,19.96230820465551,25.788629385186802,-20.472183651704036,1,2.45
50,24.63769183630957,-2.67096066549992,24.855069136736283,15.262466591412945,20.588886466307585,8.354826792735297,15.223136929042802,8.649215277696804,16.841985764632426,-12.072909400060375,27.584924104759466,-21.553097532850003,33.05660823881301,-5.966257563633516,34.067530408498826,3.9177042709851837,32.58839882138806,10.279940425704872,49.761636237249576,0.5689068432122314,31.545891900222177,19.80420358279688,25.939119235093457,-20.045956941352742,1,2.5
51,24.817951972832166,-2.7631709894969068,25.028468930199963,15.128223530587173,20.768121420920714,8.267539761572145,15.35899214544915,8.62503409051952,17.04149187393819,-12.135755214175193,27.5841810953095,-21.56529401138988,33.16133014240983,-6.144468196079702,34.20428733374177,3.8095792921433618,32.72803692620454,10.153636652945805,49.850149053219354,0.5657445233549333,31.68565264224974,19.64646054421371,26.083930222739504,-19.635814257807176,1,2.5500000000000003
52,24.998848550664697,-2.8600176248478824,25.20207487322491,14.994216959099704,20.947647315999177,8.180516180304927,15.49484607444999,8.600853132490556,17.241059690320267,-12.198615904743463,27.58885316265138,-21.568555744092116,33.26619013600822,-6.327135514812742,34.3406281167326,3.701786026415974,32.86641536163506,10.027471358147274,49.940409322871254,0.5621384106023768,31.82437445710418,19.48922360353002,26.2230623481249,-19.241755601067307,1,2.6
53,25.180149572207668,-2.961881366403075,25.37596158534497,14.8603547865008,21.12771941890834,8.093866643215755,15.630687664555246,8.576674370690421,17.44121892656352,-12.261619175880345,27.59949928147393,-21.563384069364876,33.370996541995034,-6.514344626533973,34.476318650343124,3.5943835166151934,33.003259546130614,9.901470696744063,50.03172995405678,0.5580541066155262,31.96185895273017,19.332637275369862,26.356515611249698,-18.863780971133156,1,2.6500000000000004
54,25.361623039861726,-3.0691430090126963,25.55020368609405,14.726544922340727,21.308592997013587,8.007701744586715,15.766505864274714,8.552499772199669,17.642499295452808,-12.324892731700926,27.616678426465914,-21.550280325616274,33.47555768275714,-6.706180637944744,34.611124827445195,3.487430805553239,33.138294898142235,9.775660824171043,50.12342385462717,0.5534572130553025,32.097907737072426,19.17684607435724,26.48429001211383,-18.501890368004688,1,2.7
55,25.543036956027404,-3.182183347527009,25.724875795005886,14.592695276169744,21.49052331768027,7.9221320786999305,15.902289622118232,8.528331304098833,17.845430509773003,-12.388564276320466,27.64094957231621,-21.529745851254496,33.57968188068136,-6.902728655746437,34.7448125409106,3.380986936042341,33.27124683612085,9.650067895863017,50.214803932433945,0.5483133315826891,32.23232241807566,19.02199451511616,26.606385550717345,-18.156083791681972,1,2.75
56,25.724159323105283,-3.3013831767961612,25.900052531614357,14.458713757538138,21.67376564827379,7.837268239837488,16.0380278865957,8.504170933468451,18.05054228230898,-12.452761513854092,27.672871693713574,-21.502281984687656,33.68317745815467,-7.104073786640362,34.87714768361121,3.275110950894709,33.401840778517474,9.524718067254783,50.30518309532845,0.5425880638586358,32.36490460368461,18.868227112270706,26.722802227060242,-17.826361242164957,1,2.8000000000000003
57,25.904758143495897,-3.4271232916704104,26.07580851545335,14.32450827599618,21.858575256159476,7.7532208222814765,16.173709606216924,8.480020627389047,18.258364325845594,-12.517612148416925,27.713003765346805,-21.468390064323906,33.78585273756383,-7.310301137327926,35.007896148418865,3.169861892922564,33.52980214378307,9.39963749378123,50.39387425116206,0.5362470115440587,32.49545590184397,18.71568838044483,26.833540041142506,-17.512722719453627,1,2.85
58,26.084601419599863,-3.5597844869999826,26.252218366056617,14.189986741094136,22.04520740870273,7.670100420314018,16.309323729491794,8.455882352941185,18.46942635316767,-12.583243884124157,27.761904761904763,-21.428571428571423,33.88751604129574,-7.521495814510435,35.136823828205365,3.0652988049381067,33.65485635036863,9.274852330877115,50.480190307786174,0.5292557762999414,32.62377792049845,18.564522834262608,26.938598992964128,-17.21516822354801,1,2.9000000000000004
59,26.26366397508592,-3.6994114400611497,26.42935670295804,14.055057062382275,22.233998831909652,7.587931085775591,16.44486541864699,8.431756971211378,18.683960245254568,-12.649712623261198,27.82007471023134,-21.383241816591536,33.98819983008582,-7.737616930504193,35.2638660498034,2.961415951651434,33.77700255867628,9.150360861135107,50.56365281860014,0.521642057255485,32.74988257372808,18.414746167532556,27.03797908252514,-16.933697754448108,1,2.95
60,26.442747918695936,-3.844704357834681,26.607298145691455,13.919627149410854,22.425612086349354,7.506390700740327,16.580354690776737,8.407640919310348,18.901006555863297,-12.71678706079443,27.88777784579085,-21.332474570558468,34.0888331180636,-7.958119620085198,35.38963587588917,2.857948485364215,33.89733489691241,9.026049875778998,50.64461791919513,0.5136819434130218,32.874623000153775,18.26585879080116,27.131680309825505,-16.668311312153904,1,3.0
61,26.622862180439938,-3.9940273297273463,26.786117313790694,13.783604911730155,22.620791191231717,7.425070604840763,16.71581777669205,8.383529528354753,19.1193080069454,-12.784164089860534,27.965219456202867,-21.276257433399508,34.19056905770717,-8.182333023644336,35.51491580309967,2.7545667802759883,34.017221235234686,8.901778293190448,50.72365039071031,0.5057136212431496,32.99906264453183,18.117232293799493,27.219702674865257,-16.419008896665442,1,3.0500000000000003
62,26.805015690327963,-4.145744445145958,26.965888826789566,13.64689825889045,22.820280165766647,7.343562137709425,16.851280907203936,8.359418129461309,19.337607320452328,-12.851540603596161,28.052604829086825,-21.214578148042122,34.294560801494555,-8.409586281572544,35.640488328071925,2.65094121058633,34.13802944380063,8.777405031751057,50.801315014284796,0.4980752772164425,33.12426495161848,17.96823826625853,27.30204617764436,-16.18579050798265,1,3.1
63,26.990217378370055,-4.2982197934972985,27.14668730422195,13.509415100442004,23.02482302916394,7.261456638978807,16.98677031312348,8.335302053746716,19.554647218335564,-12.91861349513795,28.150139252062225,-21.147424457413667,34.40196150190391,-8.639208534260712,35.767135947442945,2.546742150494734,34.26112739276792,8.652789009842488,50.878176571057764,0.49110509780354195,33.25129336616999,17.818248297909303,27.378710818162865,-15.9686561461056,1,3.1500000000000004
64,27.17947617457624,-4.449817464188201,27.32858736562167,13.371063345935088,23.235163800633515,7.1783454482814655,17.1223122252617,8.311176632327644,19.769170422546615,-12.985079657622551,28.25802801274855,-21.07478410444151,34.51392431141326,-8.870528922099806,35.89564115784978,2.4416399742008004,34.387882952294056,8.527789145846357,50.95479984216833,0.48514126947501696,33.38121133294257,17.66663397848283,27.449696596420733,-15.767605811034235,1,3.2
65,27.373801008956548,-4.598901546625449,27.51166363052253,13.231750904919975,23.45204649938524,7.093819905249919,17.25793287442967,8.28703719632083,19.979919655037,-13.050635984186659,28.376476398765295,-20.996644832053008,34.63160238250069,-9.102876585480688,36.02678645592941,2.335305055904048,34.519663992536614,8.40226435814428,51.03174960875564,0.4805219787014752,33.51508229669254,17.51276689771012,27.515003512417945,-15.582639502768583,1,3.25
66,27.57420081152108,-4.743836130215869,27.69599071845843,13.091385686946923,23.676215144628962,7.007471349516693,17.393658491438373,8.262879076842932,20.185637637758155,-13.114979367966896,28.505689697731896,-20.912994383175597,34.7561488676443,-9.335580664794309,36.16135433831889,2.227407769804019,34.657838383653235,8.276073565117903,51.109590651958804,0.4775854119534762,33.653969702176056,17.356018645322226,27.574631566154554,-15.413757221308641,1,3.3000000000000003
67,27.781684512279824,-4.882985304366225,27.881643248963133,12.94987560156622,23.908413755574564,6.918891120714303,17.52951530709889,8.238697605010668,20.38506709266163,-13.177806702099947,28.645873197267857,-20.82382050073662,34.88871691932217,-9.567970300431556,36.300127301655216,2.1176184901002744,34.80377399580146,8.149075685148857,51.18888775291703,0.4766697557016468,33.79893699414943,17.19576081105014,27.628580757630548,-15.260958966654412,1,3.35
68,27.997261041242837,-5.0147131584833495,28.06869584157049,12.807128558328122,24.14938635143192,6.8276705584752975,17.66552955222224,8.214488111940732,20.57695074169888,-13.2388148797224,28.797232184992694,-20.72911092766346,35.030459690012336,-9.799374632783376,36.44388784257542,2.005607590992348,34.958838699138894,8.021129636618763,51.27020569276942,0.4781131964166093,33.9510476173689,17.03136498462487,27.676851086845883,-15.124244738805888,1,3.4000000000000004
69,28.221939328420145,-5.137383781974065,28.25722311581441,12.663052466782908,24.39987695141089,6.733401002432185,17.80172745761947,8.190245928749821,20.760031306821396,-13.297700793971023,28.959971948525887,-20.628853406883525,35.18253033219291,-10.029122802240664,36.59341845771655,1.8910454466798006,35.12440036382311,7.892094337909241,51.354109252655114,0.4822539205689231,34.11136501659072,16.862202755777453,27.719442553800587,-15.00361453776308,1,3.45
70,28.456728303821862,-5.24936126424512,28.44729969122868,12.51755523648081,24.660629574721344,6.635673792217487,17.938135254101645,8.165966386554626,20.933051509980693,-13.354161337982358,29.134297775486854,-20.523035681324142,35.34608199834197,-10.256543949194326,36.749501643715604,1.7736024313621654,35.301826860011694,7.761828707401942,51.44116321371328,0.489430114629186,34.2809526365711,16.687645714238883,27.75635515849468,-14.89906836352597,1,3.5
71,28.70231774402003,-5.3494427778276545,28.639033594994324,12.370583993482974,24.93205872006748,6.534187217963204,18.074764346900267,8.14164745531135,21.09510956965118,-13.407978820986008,29.320212597094514,-20.41173576081415,35.52191304438029,-10.481094151649147,36.912691401207496,1.653060185165398,35.492070933637606,7.630223993297988,51.5316880010923,0.499770808804642,34.46056010764725,16.50724799630259,28.50529670872889,-15.228933382287565,1,3.5500000000000003
72,28.958120811835116,-5.438157827749941,28.83266648488126,12.222242729893777,25.213260804130677,6.429067371799133,18.211566838928945,8.117297660334245,21.246725690398982,-13.45927721658297,29.516909918965165,-20.295392722787916,35.70940263999944,-10.702737238065376,37.08262774681855,1.5296454119210872,35.69442483373549,7.497300763076506,51.625026615977696,0.5125684082491606,34.649681802479826,16.321293924511384,29.237829523903176,-15.551571311436229,1,3.6
73,29.22323151664967,-5.516469002164552,29.0284734263066,12.072674654328425,25.50300272308668,6.320547296354571,18.348480007521808,8.092928165777067,21.388775573313225,-13.508265914467186,29.72338089031448,-20.174535911581234,35.90757515833369,-10.921563974516978,37.25872220117314,1.4036960813872836,35.90776568511526,7.363111914036143,51.72027770356422,0.5269061618532328,34.84749827931053,16.1302503679705,29.953953604017588,-15.866982150971953,1,3.6500000000000004
74,29.49674386784619,-5.585338889224051,29.22672948468742,11.922022975402129,25.800051373111152,6.208860034258778,18.485441130012884,8.068550135793593,21.522134919482944,-13.555154304332554,29.938616660358104,-20.049694671529878,36.11545497251731,-11.13766512707814,37.44038628489551,1.2755501633219455,36.13097061258696,7.227710343475532,51.81653990904671,0.5418673185073498,35.05319009638092,15.93458419578515,30.653668949072088,-16.17516590089475,1,3.7
75,29.77775187480725,-5.645730077081004,29.427709725440884,11.770430901730114,26.103173650379887,6.0942386281410315,18.62238748373636,8.04417473453753,21.647679429997225,-13.600151775872975,30.161608378311723,-19.921398346969685,36.33206645568461,-11.351131461822842,37.62703151860991,1.1455456274830853,36.36291674096051,7.091148948693296,51.91291187761987,0.5565351271020029,35.26593781193268,15.734762277060545,31.336975559066673,-16.476122561204633,1,3.75
76,30.06534954691534,-5.6986051538880425,29.631689213984053,11.618041641927576,26.411136451068522,5.976916120630615,18.759256346026245,8.019813126162674,21.766284805945126,-13.6434677187824,30.391347193391045,-19.790176282236413,36.5564339809698,-11.562053744825185,37.81806942294064,1.0140204436287383,36.602481195045925,6.9534806269880605,52.0084922544785,0.5699928365277023,35.4849219842074,15.531251480901915,32.00387343400136,-16.769852131901583,1,3.8000000000000003
77,30.358630893553,-5.7449267077976565,29.838943015734074,11.464998404609759,26.722706671352803,5.857125554356791,18.89598499421671,7.995476474822755,21.87882674841577,-13.68531152275468,30.626824254811744,-19.656557821665864,36.787581921507226,-11.770522742159224,38.012911518511984,0.8813125815168829,36.84854109965321,6.814758275658516,52.1023796848174,0.5813236956749344,35.70932317144675,15.324518676414467,32.65436257387614,-17.056354612985597,1,3.85
78,30.656689924102754,-5.785657326962472,30.049746196108018,11.311444398391863,27.036651207408497,5.735099971948831,19.0325107056418,7.971175944671557,21.986180958498196,-13.725892577483771,30.867030711789475,-19.52107230959382,37.02453465043109,-11.976629219899017,38.21096932594819,0.7477600109055453,37.09997357959231,6.675034792003234,52.19367281383128,0.5896109534342097,35.93832193189228,15.11503073270341,33.28844297869101,-17.33563000445669,1,3.9000000000000004
79,30.958620647947154,-5.8217595995350395,30.264373820522994,11.1575228318891,27.351736955411234,5.611072416036027,19.16877075763562,7.946922699862799,22.089223137281493,-13.765420272663597,31.110957713539907,-19.384249090356107,37.26631654087573,-12.18046394411863,38.41165436587355,0.6137007015526987,37.355655759673226,6.534363073320879,52.28147028671499,0.593937858696024,36.171098823785755,14.90325451887397,33.90611464844598,-17.607678306314863,1,3.95
80,31.263517074468684,-5.854196113667955,30.483100954396132,11.003376913716682,27.666730811536787,5.48527592924765,19.30470242753229,7.922727904550275,22.188828985854727,-13.80410399798802,31.357596409278763,-19.246617508288463,37.51195196597537,-12.382117680892145,38.61437815891234,0.47947262321637907,37.614464764705914,6.392796016910097,52.36487074866325,0.5933876603508782,36.40683440536864,14.689656904031368,34.50737758314107,-17.872499518560083,1,4.0
81,31.570473213049926,-5.883929457513768,30.706202663144506,10.849149852489848,27.980399671960832,5.357943554212962,19.4402429926659,7.898602722887698,22.285874205306968,-13.842153143151002,31.605937948221683,-19.10870690772674,37.76046529886431,-12.581681196293637,38.81855222568884,0.3454137456545837,37.87527771950039,6.250386520069481,52.44297284487082,0.5870436072892392,36.644709234882654,14.474704757280806,35.09223178277622,-18.13009364119237,1,4.05
82,31.87858307307336,-5.911922219225065,30.933954012185293,10.69498485682378,28.291510432859113,5.229308333561257,19.575329730370555,7.874558319028866,22.381234496727302,-13.879777097846402,31.854973479584334,-18.971046633006704,38.010880912676804,-12.77924525639712,39.02358808682734,0.21186203862534855,38.13697174886665,6.107187480097708,52.51487522053254,0.5739889484016562,36.88390387056943,14.258864947727517,35.66067724735149,-18.380460674211736,1,4.1000000000000005
83,32.18694066392157,-5.939136986954427,31.16663006693554,10.541025135333719,28.598829990407314,5.099603309921793,19.709899917980323,7.85060585712752,22.475785561204844,-13.917185251768194,32.10369415258242,-18.834166028464153,38.26222318054716,-12.97490062727673,39.228897262952074,0.07915547188662259,38.39842397761462,5.963251794293407,52.579676520843165,0.5533069325785863,37.12359887067053,14.042604344476736,36.21271397686682,-18.623600617618163,1,4.15
84,32.494639994977035,-5.966536348854415,31.40450589281236,10.387413896634868,28.9011252407812,4.969061525923852,19.843890832829324,7.826756501337381,22.570403099828596,-13.954586994610235,32.35109111643162,-18.698594438434878,38.513516475609656,-13.168738075006496,39.43389127468736,-0.05236798480356299,38.65851153055435,5.818632359955192,52.63647539099743,0.5240808087105256,37.36297479342767,13.82638981663364,36.74834197132228,-18.859513471411667,1,4.2
85,32.80077507562229,-5.9950828930776074,31.647856555232863,10.234294349342447,29.19716308015644,4.837916024196716,19.977239752251677,7.803021415812263,22.665962813687685,-13.992191716066463,32.59615552034755,-18.564861207254648,38.76378517099848,-13.360848365660472,39.637981642657444,-0.1823703616871819,38.91611153249574,5.673382074381715,52.68437047619016,0.4853938256879991,37.60121219708241,13.610688233303446,37.267561230717845,-19.088199235592235,1,4.25
86,33.10443991523991,-6.025739207776557,31.896957119614168,10.081809702071657,29.48571040470878,4.706399847369653,20.109883953581466,7.779411764705881,22.76334040387117,-14.030208805830801,32.83787851354599,-18.4334956792593,39.01205363984799,-13.551322265312736,39.84057988748662,-0.3105136890062417,39.17010110824885,5.527553834871606,52.722460421616084,0.43632923240148813,37.837491639876376,13.3959664635914,37.77037175505346,-19.309657910159892,1,4.3
87,33.40493219272623,-6.059271696881282,32.15194233613494,9.930067916970719,29.76580547710732,4.574710382360312,20.241795765466176,7.755932473306877,22.863237078467655,-14.06880680605497,33.075488853548066,-18.304896306700535,39.25759200767631,-13.740255201883313,40.041225409270425,-0.43657277844477993,39.41962575363173,5.381174314769383,52.75011922932052,0.37630658244352333,38.07116704665577,13.182597930326363,38.2567735443292,-19.523889495114595,1,4.3500000000000005
88,33.70236426503328,-6.095662027431349,32.412385694020074,9.779035970319795,30.037572025994894,4.442902393239994,20.37308772180731,7.73256351144338,22.96565607356367,-14.107990868722094,33.30916573109717,-18.17893797349371,39.50065340953712,-13.927761250675951,40.239969125989475,-0.5607735674547754,39.66490444849516,5.234165291603095,52.7678223287509,0.30609064821476895,38.302285808684694,12.970582271231947,38.72676659854504,-19.73089399045639,1,4.4
89,33.99705215862691,-6.1346956822437555,32.67772036725604,9.628645591932111,30.30140514650761,4.310994988368327,20.503907407819696,7.709278610078429,23.070426132245334,-14.147725298273084,33.53932594524217,-18.055364671470116,39.741736732867935,-14.11395914884041,40.43698983509567,-0.6834547749303339,39.90642454369787,5.086422318946756,52.776320506205174,0.2267825068179093,38.53106868383184,12.759825677755408,39.180350917700956,-19.930671396185243,1,4.45
90,34.28931189997298,-6.176158144135512,32.94737952982933,9.478828511620792,30.557699933781745,4.179007276105002,20.63440240871821,7.6860515001749805,23.177375997598762,-14.187974399148898,33.76638629503197,-17.9339203924611,39.98134086510631,-14.298967633526397,40.632466334040856,-0.8049551197654838,40.1446733900987,4.937840950374229,52.776364547981274,0.13948323535563845,38.75773642996589,12.550234341344002,39.617526501796995,-20.123221712301163,1,4.5
91,34.579459515537266,-6.2198348959235865,33.22079635572636,9.329516459199013,30.806851482953455,4.046958364809624,20.76472030971771,7.66285591269608,23.286334412710023,-14.22870247579046,33.990763579515445,-17.81434912829793,40.21996469368971,-14.482905441883673,40.826577420276955,-0.9256133208543114,40.3801383385565,4.788316739459505,52.76870524037714,0.04529391093062145,38.98250980495547,12.341714453444954,40.038293350833115,-20.308544938804157,1,4.55
92,34.867811031785735,-6.265511420425028,33.49740401893362,9.180641164479951,31.04925488915892,3.91486736284188,20.89500869603307,7.639665578604721,23.39713012066521,-14.269873832638684,34.21287459774149,-17.6963948708119,40.45810710605582,-14.665891311061957,41.01950189125579,-1.0457680970908447,40.613306739930046,4.63774523977656,52.7540933696907,-0.05468438935440901,39.2056095666693,12.13417220550559,40.442651464809344,-20.48664107569421,1,4.6000000000000005
93,35.15468247518418,-6.312973200456784,33.77663569343759,9.032134357276817,31.285305247534367,3.782753378561442,21.02541515287917,7.616454228863919,23.5095918645504,-14.311452774134548,34.43313614875899,-17.579801611834316,40.69626698964206,-14.848043978210939,41.21141854442935,-1.1657581673691269,40.84466594507818,4.486022004899273,52.73327972221995,-0.15935058839679273,39.42725647297606,11.927513788973108,40.83060084372565,-20.657510122971345,1,4.65
94,35.44038987219844,-6.362005718835892,34.05792455322469,8.883927767402717,31.515397653215967,3.650635520327923,21.156087265470823,7.593195594436647,23.623548387451688,-14.353403604718965,34.65196503161684,-17.464313343196512,40.934943231885974,-15.029482180480434,41.402506177249414,-1.2859222505832537,41.07470330485973,4.333042588401646,52.70701508426275,-0.26760360909386466,39.64767128174431,11.721645395294779,41.20214148758203,-20.821152080635553,1,4.7
95,35.72524924929439,-6.412394458379332,34.340703772281444,8.735953124670884,31.739927201339906,3.5185328965010054,21.287172619022932,7.569863406285981,23.738828432455172,-14.395690628832863,34.86977804536387,-17.349674056729732,41.17463472022517,-15.210324655020083,41.5929435871679,-1.4065990656272438,41.30390617013349,4.178702543857617,52.67605024211711,-0.3783423743428631,39.867074750842875,11.51647321591791,41.55727339637855,-20.97756694868683,1,4.75
96,36.00957663293792,-6.463924901904086,34.62440652459427,8.588142158894478,31.959288987042413,3.386464615440367,21.418818798750387,7.546431395374878,23.85526074264697,-14.438278150917188,35.08699198904906,-17.235627744265283,41.415840342097155,-15.390690138979663,41.78290957163669,-1.5281273313951547,41.532761891758305,4.022897424841126,52.641135982081,-0.490465807041152,40.08568763814033,11.311903442289704,41.895996570115116,-21.12675472712516,1,4.800000000000001
97,36.293688049594834,-6.516382532227186,34.908465984149636,8.440426599886642,32.17387810545968,3.25444978550563,21.55117338986799,7.522873292666363,23.97267406111309,-14.481130475412877,35.304023661721246,-17.1219183976345,41.659058984939435,-15.570697369508878,41.97258292810771,-1.6508457667810725,41.76175782059296,3.8655227849261333,52.60302309045234,-0.6028728300860567,40.30373070150535,11.107842265857448,42.218311008791815,-21.268715415950574,1,4.8500000000000005
98,36.577899525731006,-6.569552832165605,35.19231532493405,8.292738177460587,32.38408965172784,3.122507515056468,21.684383977590674,7.499162829123464,24.09089713093968,-14.524211906760836,35.52128986242932,-17.008290008668656,41.90478953618956,-15.75046508375747,42.162142454032775,-1.7750930906790112,41.99138130749635,3.7064741776865815,52.56246235352899,-0.7144623663748252,40.52142469880666,10.904195878068393,42.52421671240862,-21.403449015163073,1,4.9
99,36.86252708781229,-6.623221284536355,35.475387720933924,8.145008621429456,32.590318720983134,2.9906569124525184,21.818598147133294,7.475273735709131,24.209758695212827,-14.56748674940205,35.73920739022214,-16.894486569199067,42.153530883285086,-15.9301120188752,42.3517669468638,-1.9012080219830665,42.222119703327195,3.5456471566964107,52.52020455760903,-0.8241333388048405,40.73899038791288,10.7008704703698,42.81371368096551,-21.53095552476263,1,4.95
100,37.14788676230456,-6.6771733721564,35.75711634613576,7.997169661606446,32.792960408361786,2.8589170860534723,21.953963483710695,7.4511797433864535,24.329087497018627,-14.610919307777401,35.95819304414864,-16.780252071056996,42.40578191366355,-16.10975691201172,42.54163520405265,-2.0295292795872526,42.45446035894433,3.38293727552959,52.4770004889903,-0.9307846702733366,40.9566485266927,10.497772234208945,43.08680191446249,-21.651234944749252,1,5.0
101,37.4342945756736,-6.731194577842804,36.03693437452599,7.8491530278047295,32.99240980899993,2.727307144218945,22.09062757253774,7.426854583118375,24.448712279443118,-14.654473886327876,36.1786636232577,-16.665330506073783,42.66204151476251,-16.289518500316838,42.73192602305126,-2.160395582385665,42.68889062520665,3.218240087760043,52.43360093397083,-1.033315283677701,41.174619873014784,10.294807361033032,43.34348141289957,-21.764287275122935,1,5.050000000000001
102,37.722066554385314,-6.785070384412503,36.31427498009111,7.700890449837458,33.1890620180338,2.5958461953086265,22.228737998829303,7.402271985867912,24.56846178557243,-14.698114789494369,36.40103592659818,-16.54946586608071,42.92280857401945,-16.46951552094024,42.92281820131144,-2.294145649272308,42.9258978529729,3.0514511469617496,52.39075667884851,-1.1306241019151921,41.39312518474781,10.091882042289392,43.58375217627675,-21.8701125158837,1,5.1000000000000005
103,38.011518724905585,-6.838586274682528,36.58857133681759,7.552313657517833,33.38331213059956,2.464553347682156,22.368442347800283,7.377405682598091,24.688164758492675,-14.741806321717835,36.625726753218984,-16.432402142909087,43.18858197887192,-16.64986671103166,43.11449053628513,-2.4311181991412876,43.165969393101946,2.8824660067086536,52.34921850992126,-1.221610047883144,41.612385219760455,9.888902469425245,43.807614204594024,-21.96871066703154,1,5.15
104,38.30296711370023,-6.891527731469861,36.859256618691845,7.403354380659014,33.57555524183341,2.3334477096991955,22.509888204665472,7.352229404271933,24.807649941289903,-14.785512787439185,36.853152902169015,-16.313883328390173,43.45986061675749,-16.830690807740833,43.307121825424204,-2.571651950886627,43.4095925964526,2.7111802205746702,52.30973721348706,-1.3051720444788442,41.832620735921324,9.685774833887862,44.015067497851355,-22.06008172856644,1,5.2
105,38.59672774723511,-6.9436802375914946,37.125763999700425,7.253944349074157,33.766186446871586,2.2025483897194085,22.653223154639768,7.3267168818524135,24.926746077050215,-14.829198491099381,37.08373117249713,-16.19365341435532,43.737143375113696,-17.01210654821751,43.5008908661805,-2.716085623402407,43.657254813883654,2.5374893421337674,52.273063575843885,-1.3802090145996269,42.0540524910992,9.482405327124484,44.20611205604884,-22.144225700488416,1,5.25
106,38.893116651976065,-6.99482927586446,37.38752665382968,7.1040152925764595,33.95560084085022,2.071874496102441,22.79859478293811,7.3008418463025535,25.045281908859728,-14.87282773713938,37.31787836325224,-16.071456392635795,44.020929141378076,-17.194232669611406,43.69597645600593,-2.8647579355826527,43.90944339625395,2.3612889249599145,52.239948383289594,-1.4456198811428032,42.276901243162676,9.278700140582394,44.380747879186366,-22.221142582797448,1,5.300000000000001
107,39.19244985438898,-7.044760329105723,37.64397775506618,6.953498940979096,34.144193518905524,1.9414451372079424,22.946150674775275,7.274578028585368,25.16308617980448,-14.916364830000061,37.556011273483186,-15.947036255062914,44.31171680298814,-17.377187909072216,43.89255739235241,-3.018007606321439,44.166645694422265,2.182474522627032,52.21114242212228,-1.5003035670056744,42.50138774998046,9.074565465708838,44.53897496726403,-22.29083237549357,1,5.3500000000000005
108,39.495043380939684,-7.0932588801322884,37.894550477396315,6.802327024095241,34.332359576173744,1.811279421395599,23.09603841536616,7.247899159663856,25.279987632970595,-14.959774074122388,37.798546702238916,-15.820136993467962,44.61000524738143,-17.561091003749713,44.09081247267177,-3.1761733545128146,44.429349059247464,2.000941688709073,52.187396478639755,-1.5431589950855509,42.727732769421195,8.86990749395109,44.68079332028176,-22.35329507857675,1,5.4
109,39.80094362418058,-7.140129793499278,38.13890209385562,6.650535418764483,34.520494107791,1.6813964570250486,23.248317114020068,7.2207947185340675,25.395860183271957,-15.003027265510251,38.04563826427765,-15.69065036437149,44.915974580409525,-17.74583578553921,44.290831723934964,-3.3392895630165667,44.69771129736798,1.8167516320954307,52.16928494472598,-1.5733587499784736,42.956018660046404,8.664718698064489,44.79070181650644,-20.962159494731026,1,5.45
110,40.10911844101024,-7.1852554607143055,38.37758627367555,6.4985765899321395,34.70899220889353,1.5518153524559348,23.402691976424073,7.193317176324036,25.510758432933763,-15.04612616641966,38.29638683719502,-15.559059183051051,45.22852978157965,-17.930416465318594,44.49235009118919,-3.506173270555556,44.97057203854051,1.6306281829370741,52.156676634608985,-1.5911700630756274,43.185774183189245,8.459336676036799,44.89732946209748,-19.61255034622404,1,5.5
111,40.418266054413735,-7.2285376550231035,38.61138078513664,6.347007149569983,34.89824897461751,1.4225552160479293,23.558779732359707,7.16553475219487,25.624782156009026,-15.089080030669448,38.54963011429609,-15.425994029473431,45.54625704881321,-18.113602348711257,44.695013749000594,-3.6753371798183063,45.246441368301525,1.4434608267004934,52.14926396810283,-1.5971338274668494,43.416389700875534,8.254185307163901,45.000676257055005,-18.304467633055665,1,5.550000000000001
112,40.72708468737621,-7.269878149671374,38.84106339651936,6.196383709649782,35.08865950009913,1.2936351561606854,23.716197111608487,7.137515665307653,25.73803112655073,-15.131898112078526,38.80420578888584,-15.292085483605398,45.867742580031546,-18.294162741340656,44.89846887193541,-3.8452939934933847,45.52382937218733,1.2561390488521103,52.1467393650214,-1.5917909362420017,43.64725557513128,8.049688470741664,45.100742201378914,-17.037911355226008,1,5.6000000000000005
113,41.034272562882705,-7.309178717904859,39.0674118761042,6.047262882143235,35.28061888047462,1.1650742811538553,23.874560843951862,7.109328134823465,25.85060511861184,-15.174589664465834,39.058951554269235,-15.15796412541383,46.19157257315598,-18.470866948830277,45.10236163455982,-4.014556414269401,45.80124613573433,1.0695523348583382,52.14879524517876,-1.5756822824909802,43.877762167982375,7.846270046065934,45.19752729506929,-15.812881512735013,1,5.65
114,41.33852790391839,-7.346341132969304,39.29120399217175,5.900201279022154,35.474522210880124,1.036891699387116,24.03348765917141,7.0810403799034365,25.96260390624541,-15.217163941650306,39.31270510375137,-15.024260534865393,46.516333226107754,-18.64248427680354,45.306338211440064,-4.18163714483487,46.07720174447889,0.8845901701856568,52.1551240283889,-1.5493487593036555,44.107299841454775,7.644353912432597,45.291031538126106,-14.629378105582692,1,5.7
115,41.63854893346832,-7.381267168110411,39.51321751300246,5.75575551225827,35.67076458645187,0.9091065192200967,24.192594287048642,7.052720619708595,26.074127263504423,-15.259630197450765,39.564304130637225,-14.891605291926966,46.84061073680828,-18.807784030883894,45.51004477714231,-4.345048887878338,46.35020628395744,0.7021420403004596,52.16541813446584,-1.5133312597699087,44.33525895757443,7.4443639491375215,45.381254930549325,-13.487401133769048,1,5.75
116,41.933033874517605,-7.413858596573909,39.73423020687683,5.61448219382332,35.86974110232605,0.781737849012464,24.35149745736507,7.024437073400063,26.18527496444186,-15.301997685686207,39.81258632823181,-14.760628976565334,47.16299130317883,-18.96553551669481,45.71312750623284,-4.503304346088445,46.618769839706246,0.5230974306692024,52.17936998322357,-1.468170676979592,44.56102987836719,7.24672403547655,45.46819747233898,-12.386950597294115,1,5.800000000000001
117,42.220680950051374,-7.44401719160556,39.95501984207539,5.476937935689076,36.071846853638824,0.6548047971238805,24.509813899902188,6.996257960138905,26.296146783110707,-15.34427566017552,40.05638938984013,-14.631962168747258,47.482061123140795,-19.11450803985972,45.91523257327778,-4.654916222153691,46.881402497261746,0.3483458267583322,52.19667199447608,-1.4144079040226147,44.784002965859116,7.051858050745568,45.55185916349504,-11.328026496157833,1,5.8500000000000005
118,42.50018838305471,-7.471644726451071,40.17636418687861,5.343679349827294,36.27747693552641,0.5283264719140038,24.667160344441534,6.968251499086256,26.406842493564017,-15.386473374737585,40.2945510087672,-14.506235448439554,47.79640639461543,-19.253470906002068,46.11600615284338,-4.798397218762691,47.13661434216036,0.1787767140342757,52.217016588037374,-1.3525838339888492,45.003568582076056,6.8601898742404295,45.63224000401754,-10.310628830360235,1,5.9
119,42.770254396512705,-7.496642974356161,40.39904100956706,5.21526304820972,36.48702644312502,0.4023219817424965,24.823153520764613,6.9404859094031615,26.517461869854735,-15.42860008319132,40.525908878318056,-14.38407939560897,48.104613315524084,-19.3811934207453,46.315094419495786,-4.932260038603958,47.38291545993838,0.015279577963479483,52.24009618372148,-1.2832393599681418,45.219117089043934,6.672143385257026,45.709339993906475,-9.334757599901316,1,5.95
120,43.02957721341046,-7.518913708566564,40.62382807842116,5.092245642808102,36.70089047157082,0.276810434968987,24.977410158652923,6.913029410250719,26.62810468603587,-15.470665039355687,40.749300691797664,-14.266124590222384,48.40526808378807,-19.4964448897129,46.512143547801315,-5.055017384366102,47.61881593613226,-0.14125609598764385,52.265603201342365,-1.2069153750504078,45.4300388487887,6.488142463091172,45.78315913316184,-8.400412804781052,1,6.0
121,43.27685505673307,-7.538358702328022,40.851503161721475,4.975183745594205,36.91946411600002,0.15181093995314254,25.12954698788802,6.885950220790019,26.73887071616046,-15.512677497049545,40.96356414251105,-14.15300161224651,48.69695689732875,-19.59799461852829,46.70679971232608,-5.165181958737663,47.842825856278274,-0.2899408223526285,52.293230060714066,-1.1241527723254794,45.635724223336375,6.308610987038794,45.85369742178363,-7.507594444999491,1,6.050000000000001
122,43.51078614946568,-7.554879728886234,41.082844027748486,4.864633968539773,37.14314247154882,0.027342605054649877,25.27918073825138,6.859316560182157,26.84985973428144,-15.554646710091799,41.16753692376329,-14.045341041648166,48.978265954067446,-19.684611912814887,46.89870908763637,-5.261266464407196,48.05345530591289,-0.4298851156650184,52.32266918165055,-1.0354924448832667,45.83556357471276,6.133972836395707,45.92095485977184,-6.656302520556594,1,6.1000000000000005
123,43.730068714593344,-7.568378561486945,41.318628444782725,4.761152923616585,37.3723206333534,-0.09657546136686733,25.425928139524522,6.833196647588212,26.96117151445186,-15.596581932301412,41.3600567288593,-13.943773458394142,49.247781451925434,-19.755066078196233,47.08751784829828,-5.341783604063281,48.24921437057246,-0.5601994904584251,52.35361298396586,-0.9414752858136219,46.02894726494384,5.964651890457824,45.98493144712647,-5.846537031452387,1,6.15
124,43.9334009751012,-7.578756973375897,41.559634181104684,4.66529722279637,37.60739369654992,-0.2199241509517418,25.569405921488986,6.80765870216927,27.072905830724704,-15.638492417497211,41.539961251104145,-13.84892944245126,49.50408958882409,-19.808126420295686,47.27287216887814,-5.405246080394476,48.42861313579332,-0.679994461266407,52.38575388747397,-0.84264218820645,46.21526565605558,5.801072028520958,46.045627183847564,-5.078297977686859,1,6.2
125,44.11948115397429,-7.5859167377988115,41.80663900499488,4.577623478050864,37.84875675627465,-0.34268435534032077,25.709230813926276,6.782770943086423,27.185162457152952,-15.680387419498212,41.70608818380284,-13.76143957378626,49.74577656268467,-19.84256224473676,47.45441822394204,-5.450166596089379,48.59016168711189,-0.7883805426225078,52.41878431198886,-0.7395340451516077,46.39390911007388,5.643657129881019,46.10304206993506,-4.35158535925999,1,6.25
126,44.28700747419776,-7.589759628001399,42.06042068473379,4.4986883013518515,38.09680490766371,-0.4648369661729419,25.845019546617884,6.758601589500777,27.298041167789645,-15.722276192123239,41.85727522026041,-13.681934432365969,49.97142857142857,-19.857142857142858,47.63180218805625,-5.47505785383651,48.73237011006451,-0.8844682490602668,52.45239667732458,-0.6326917497389712,46.56426798902466,5.4928310738338375,46.157176105388984,-3.6663991761718004,1,6.300000000000001
127,44.435187116234694,-7.590254010428289,42.321206118225504,4.428864228470946,38.351461408049154,-0.5862446749781154,25.976388849345362,6.735218860573373,27.411641736687727,-15.764167989191256,41.992790568666294,-13.610812805801752,50.18001042929914,-19.85114026072388,47.80471690877052,-5.479020291380092,48.854303133424125,-0.9677102818143527,52.48628340329511,-0.5226561950584215,46.725965058513474,5.348843964862936,46.20802929020938,-3.022739428422305,1,6.3500000000000005
128,44.56526309045982,-7.587634624319499,42.58701872186863,4.36778749037931,38.61076216354596,-0.7062973728368592,26.102955451890203,6.7126909754653425,27.52606393790024,-15.806072064521135,42.113624496748095,-13.547546312283318,50.372001415827825,-19.82583724903532,47.97304192556868,-5.463505286686779,48.957244058909716,-1.0389280889234946,52.52013690971449,-0.4099682741998396,46.87955269846443,5.211250808202284,46.25560162439614,-2.420606116011474,1,6.4
129,44.67898736472595,-7.582202802114018,42.85533104168525,4.314910241847927,38.87227124246505,-0.8242667507183691,26.224336084033915,6.691086153337757,27.64140754548013,-15.847997671931815,42.22119778711777,-13.491374777644932,50.54825942686824,-19.7830193132192,48.13670345091815,-5.430551952778929,49.043030831476855,-1.099285305127546,52.553649616396626,-0.295168880253087,47.02581569238114,5.079432834273427,46.29989310794941,-1.859999238939327,1,6.45
130,44.77811190688579,-7.574259876250735,43.123615623697496,4.269684637647851,39.13355271311727,-0.9394244995918597,26.340147475558005,6.670472613351703,27.75777233348046,-15.889954065242195,42.31693122238734,-13.441538027720874,50.70964235827393,-19.72447194441737,48.29562769728624,-5.3821994026788085,49.11350139608113,-1.149945565166337,52.58651394315558,-0.17879890630804,47.16553882376728,4.952771273498002,46.34090374086902,-1.3409187972058545,1,6.5
131,44.86438868479214,-7.56410717916861,43.389345013927546,4.231562832550061,39.39217064381347,-1.0510423104265414,26.45000635624403,6.650918574668285,27.875258075954182,-15.93195049827117,42.4022455851688,-13.397275888345417,50.85700810589841,-19.65198063377187,48.4497408771405,-5.320486749408772,49.170493697678,-1.1920725037796973,52.618422309805396,-0.06139924545459394,47.29950687612656,4.8306473562975745,46.37863352315509,-0.8633647908110658,1,6.550000000000001
132,44.939569666297686,-7.552046043306579,43.649991758397526,4.199996981325585,39.64568910286449,-1.1583918741915804,26.55352945587349,6.632492256448562,27.993964546954295,-15.973996224837673,42.47856165807423,-13.357828185352888,50.99121456559521,-19.567330872424623,48.59896920294816,-5.2474531059910925,49.21584568122305,-1.226829755707471,52.64906713616003,0.05648920921738949,47.42850463296259,4.71244231309374,46.41308245480758,-0.42733721975493694,1,6.6000000000000005
133,45.00540681925525,-7.538377801103544,43.90302840312954,4.174439238745468,39.891672158581194,-1.2607448818561773,26.65033350422785,6.61526187785365,28.113991520533848,-16.01610049876061,42.54730022371555,-13.322434744577498,51.11311963321794,-19.472308151517552,48.743238887176695,-5.165137585448118,49.25139529167186,-1.2553809556894633,52.67814084203348,0.17432556461803897,47.55331687777902,4.597537374308099,46.44425053582651,-0.032836084037506624,1,6.65
134,45.06365211151756,-7.523403784998472,44.14592749414575,4.154341759580671,40.12768387927445,-1.3573730243895565,26.740035231088697,6.599295658044613,28.235438770745798,-16.058272573858915,42.60988206470484,-13.290335391853567,51.22358120462011,-19.368697962192666,48.88247614229348,-5.075579300802146,49.27898047397994,-1.278889738465529,52.70533584723972,0.29156892765747355,47.6747283940796,4.48531377036222,46.4721377662119,0.320138616341259,1,6.7
135,45.11605751093732,-7.507425327430287,44.37616157746829,4.139156698602278,40.35128833325511,-1.4475479927608896,26.822251366237488,6.584661816182567,28.358406071643156,-16.10052170395142,42.667727963654116,-13.260769953015387,51.32345717565521,-19.25828579559187,49.0166071807659,-4.980817365075509,49.30043917310289,-1.298519738775492,52.73034457159282,0.40767840524579296,47.79352396536793,4.375152731677718,46.49674414596366,0.631586881381331,1,6.75
136,45.164374985367374,-7.490743760837924,44.59120319911933,4.128336210581238,40.560049588834005,-1.530541477939372,26.896598639455785,6.571428571428573,28.482993197278915,-16.14285714285714,42.72225870317533,-13.232978253897206,51.41360544217687,-19.142857142857142,49.14555821506132,-4.8828908912904865,49.31760933399618,-1.3154345913591632,52.752859434906775,0.5221131042931646,47.910488375147665,4.266435488676161,46.518069675081875,0.9015087110827334,1,6.800000000000001
137,45.210356502660396,-7.473660417660312,44.78852490512094,4.121332450288612,40.75153171432201,-1.6056251708941993,26.96269378052506,6.559664142943732,28.60929992170607,-16.185288144394907,42.77489506588053,-13.206200120333325,51.49488390003859,-19.02419749513042,49.26925545764722,-4.783838992469426,49.33232890161544,-1.3307979309564255,52.7725728569955,0.6343321317096783,48.026406406922604,4.15854327177915,48.41886629238126,-0.05265926227838236,1,6.8500000000000005
138,45.25575403066921,-7.456476630336402,44.96559924149528,4.117597572495394,40.923298778029995,-1.6720707625945865,27.02015351922687,6.549436749889122,28.737426018977615,-16.22782396238367,42.82705783438171,-13.17967537815802,51.56815044509395,-18.904092343553675,49.3876251209909,-4.685700781634634,49.34643582091618,-1.3457733923070405,52.78917725767312,0.7437945944054872,48.14206284419626,4.050857311408286,50.03954551344697,-0.8662130079862851,1,6.9
139,45.30231953724651,-7.439493731305102,45.11989875426452,4.11658373197261,41.07291484826879,-1.7291499440097242,27.068594585342684,6.540814611425851,28.867471263146548,-16.270473850642343,42.880167791290916,-13.15264385320554,51.63426297319643,-18.784327179268818,49.500593417559784,-4.590515371808397,49.36176803685394,-1.3615246101509209,52.80236505675355,0.8499595992906906,48.258242470472375,3.9427588379851377,51.38010733827916,-1.5391525260409697,1,6.95
140,45.351804990245014,-7.423013053005358,45.24889598945078,4.117743083491282,41.19794399334928,-1.776134406108789,27.107633708654063,6.533865946714994,28.9995354282659,-16.31324706298981,42.93564571922018,-13.124345371310234,51.694079380199675,-18.66668749341784,49.608086559821245,-4.500321876013044,49.38016349438432,-1.3792152192278184,52.811828674050815,0.9522862532754323,48.375730069254594,3.833629081931305,52.44055176687775,-2.071477816442437,1,7.0
141,45.405962357517595,-7.407335927876106,45.35006349307618,4.120527781822403,41.295950281582236,-1.812295839860995,27.13688761894248,6.5286589749176285,29.13371828838862,-16.35615285324502,42.99491240078142,-13.094019758306334,51.74845756195716,-18.55295877714269,49.710030760242724,-4.417159407270906,49.403460138462755,-1.400008854277611,52.81726052937894,1.0502336632698017,48.4953104240466,3.722849273668395,53.22087879924274,-2.463188879190681,1,7.050000000000001
142,45.46654360691689,-7.392763688356286,45.42087381116287,4.124389981737031,41.36449778127862,-1.836905936235529,27.155973045989477,6.525261915194871,29.270119617567737,-16.3992004752268,43.05938861858671,-13.060906840028105,51.79825541432244,-18.444926521585273,49.80635223129152,-4.343067078604275,49.43349591404492,-1.4250691500401291,52.818353042551905,1.1432609361839619,48.61776831835206,3.609800643617984,53.72108843537416,-2.7142857142857215,1,7.1000000000000005
143,45.535300706295715,-7.379597666884823,45.458799489732996,4.128781838006147,41.40115056074923,-1.8492363862015904,27.164506719576558,6.52374298670778,29.408839189856252,-16.442399182754155,43.13049515524809,-13.024246442309842,51.84433083314908,-18.344376217887582,49.89697718543517,-4.280084003035469,49.47210876608631,-1.4555597412551533,52.814798633383674,1.2308271789280314,48.74388853567464,3.493864422201655,53.72108843537416,-2.7142857142857215,1,7.15
144,45.61398562350677,-7.36813919590065,45.46131307480869,4.133155505400765,41.403472688304944,-1.8485588807283948,27.16210536948524,6.524170408617467,29.549976779307144,-16.485758229645974,43.20965279337753,-12.983278390985882,51.88754171429061,-18.25309335719159,49.98183183514092,-4.2302492935868194,49.52113663954248,-1.4926442626625864,52.806289721688344,1.3123914984121055,48.87445585951798,3.374421839840998,53.72108843537416,-2.7142857142857215,1,7.2
145,45.704350326402874,-7.358689607842689,45.42588711241205,4.13696313869193,41.369028232256596,-1.834145110785099,27.14838572549703,6.526612400084994,29.693632159973443,-16.529286869721147,43.29828231558701,-12.937242511890416,51.92874595360055,-18.172863430639232,50.060842392876246,-4.195602063280632,49.582417479368964,-1.5374863490022241,52.79251872727985,1.387413001546327,49.01025507338581,3.250854126957611,53.72108843537416,-2.7142857142857215,1,7.25
146,45.80814678283673,-7.351550235149904,45.34999414856526,4.13965689265063,41.29538126091506,-1.8052667673409375,27.122964517393477,6.531137180271488,29.839905105908116,-16.57299435679857,43.39780450448863,-12.885378630857755,51.968801446932495,-18.105471929372406,50.13393507110851,-4.178181425139203,49.65778923052134,-1.591249635013896,52.773178069972175,1.4553507952408298,49.1520709607817,3.122542513973085,53.72108843537416,-2.7142857142857215,1,7.300000000000001
147,45.92712696066112,-7.347022410261231,45.231106729290524,4.140688922047898,41.18009584259118,-1.7611955413650762,27.085458474956045,6.53781296833798,29.98889539116414,-16.616889944697203,43.50964014269436,-12.826926573722233,52.008566090139965,-18.052704344533147,50.20103608230506,-4.180026492184858,49.74908983795516,-1.6550977554374415,52.747960169579365,1.5156639864057135,49.30068830520945,2.9888682313090165,53.72108843537416,-2.7142857142857215,1,7.3500000000000005
148,46.06304282772872,-7.345407465615576,45.066697400609826,4.139511381654747,41.0207360455958,-1.701203123826735,27.035484327966284,6.546707983445625,30.140702789794585,-16.660982887235903,43.635210012816174,-12.761126166318041,52.048897779076505,-18.016346167263336,50.2620716389334,-4.203176377439906,49.85815724662585,-1.7301943450126809,52.71655744591543,1.5678116819511405,49.4568918901726,2.8492125093869927,53.72108843537416,-2.7142857142857215,1,7.4
149,46.2176463518924,-7.347006733651875,44.854238708545374,4.135576426242188,40.814865938239805,-1.624561205695105,26.97265880620569,6.557890444755439,30.295427075852412,-16.705282438233617,43.7759348974661,-12.687217234479524,52.09065440959567,-17.998182888704978,50.31696795346081,-4.249670193926669,49.98682940148915,-1.817703038479458,52.67866231879435,1.6112529887871767,49.62146649917492,2.702956578628575,53.72108843537416,-2.7142857142857215,1,7.45
150,46.39268950100485,-7.352121546809072,44.59120319911933,4.128336210581238,40.560049588834005,-1.530541477939372,26.896598639455785,6.571428571428573,30.4531680233906,-16.749797851509257,43.933235579256234,-12.604439604040946,52.13469387755102,-17.999999999999996,50.36565123835475,-4.321547054667465,50.13694424750054,-1.9187874705776027,52.63396720803012,1.645447013824004,49.79519691571996,2.5494816694553952,53.72108843537416,-2.7142857142857215,1,7.5
151,46.39268950100485,-7.352121546809072,44.59120319911933,4.128336210581238,40.560049588834005,-1.530541477939372,26.896598639455785,6.571428571428573,30.4531680233906,-16.749797851509257,43.933235579256234,-12.604439604040946,52.13469387755102,-17.999999999999996,50.36565123835475,-4.321547054667465,50.13694424750054,-1.9187874705776027,52.63396720803012,1.645447013824004,49.79519691571996,2.5494816694553952,53.72108843537416,-2.7142857142857215,1,7.550000000000001
152,46.39268950100485,-7.352121546809072,44.59120319911933,4.128336210581238,40.560049588834005,-1.530541477939372,26.896598639455785,6.571428571428573,30.4531680233906,-16.749797851509257,43.933235579256234,-12.604439604040946,52.13469387755102,-17.999999999999996,50.36565123835475,-4.321547054667465,50.13694424750054,-1.9187874705776027,52.63396720803012,1.645447013824004,49.79519691571996,2.5494816694553952,53.72108843537416,-2.7142857142857215,1,7.6000000000000005
153,46.39268950100485,-7.352121546809072,44.59120319911933,4.128336210581238,40.560049588834005,-1.530541477939372,26.896598639455785,6.571428571428573,30.4531680233906,-16.749797851509257,43.933235579256234,-12.604439604040946,52.13469387755102,-17.999999999999996,50.36565123835475,-4.321547054667465,50.13694424750054,-1.9187874705776027,52.63396720803012,1.645447013824004,49.79519691571996,2.5494816694553952,53.72108843537416,-2.7142857142857215,1,7.65
154,46.39268950100485,-7.352121546809072,44.59120319911933,4.128336210581238,40.560049588834005,-1.530541477939372,26.896598639455785,6.571428571428573,30.4531680233906,-16.749797851509257,43.933235579256234,-12.604439604040946,52.13469387755102,-17.999999999999996,50.36565123835475,-4.321547054667465,50.13694424750054,-1.9187874705776027,52.63396720803012,1.645447013824004,49.79519691571996,2.5494816694553952,53.72108843537416,-2.7142857142857215,1,7.7
155,46.39268950100485,-7.352121546809072,44.59120319911933,4.128336210581238,40.560049588834005,-1.530541477939372,26.896598639455785,6.571428571428573,30.4531680233906,-16.749797851509257,43.933235579256234,-12.604439604040946,52.13469387755102,-17.999999999999996,50.36565123835475,-4.321547054667465,50.13694424750054,-1.9187874705776027,52.63396720803012,1.645447013824004,49.79519691571996,2.5494816694553952,53.72108843537416,-2.7142857142857215,1,7.75
156,46.39268950100485,-7.352121546809072,44.59120319911933,4.128336210581238,40.560049588834005,-1.530541477939372,26.896598639455785,6.571428571428573,30.4531680233906,-16.749797851509257,43.933235579256234,-12.604439604040946,52.13469387755102,-17.999999999999996,50.36565123835475,-4.321547054667465,50.13694424750054,-1.9187874705776027,52.63396720803012,1.645447013824004,49.79519691571996,2.5494816694553952,53.72108843537416,-2.7142857142857215,1,7.800000000000001
