Frame,Home_12_x,Home_12_y,Home_68_x,Home_68_y,Home_1209_x,Home_1209_y,Home_1652_x,Home_1652_y,Home_1776_x,Home_1776_y,Home_2337_x,Home_2337_y,Home_3300_x,Home_3300_y,Home_7621_x,Home_7621_y,ball_x,ball_y,Period,Time [s]
0,15.9360544217687,-27.857142857142858,5.9850340136054445,0.8571428571428541,31.056496733595676,20.997244625231573,27.329251700680263,-0.5714285714285791,12.330612244897956,17.42857142857143,21.11555807413344,11.867098211959133,32.521088435374146,12.142857142857146,20.118367346938783,31.714285714285722,12.330612244897956,17.42857142857143,1,0.0
1,16.188569791808924,-27.95139763521881,6.069851257583791,0.8192267077052222,30.935272649733584,20.879478831175646,27.356594088243025,-0.773761611712064,12.428047225846857,17.404512863708888,21.31476404214861,11.761515117011035,32.29669722551298,12.097053809327575,20.028644354066728,31.777247090833225,12.82140731823611,15.771903105106063,1,0.05
2,16.436229097718673,-28.030596070949134,6.155302361142592,0.7808919717522076,30.818491069316416,20.759392239371778,27.382900234624802,-0.9679543150116802,12.533734576653435,17.374519974620554,21.504206758797295,11.660952588498649,32.085872994777205,12.047916767099077,19.947788094024112,31.833719770362034,13.3024836772507,14.148040094976643,1,0.1
3,16.679225332838207,-28.09517838999568,6.241389568792676,0.7421371670596386,30.706166381649272,20.637069912099317,27.408190105071668,-1.1543837129370222,12.647515463695102,17.33870275869539,21.684224645531557,11.56523659962296,31.888362684157553,11.995529506969609,19.875627872924024,31.883828667080845,13.773841321941788,12.556982398183179,1,0.15000000000000002
4,16.91775149050767,-28.145584818020335,6.328115125044976,0.702960811403353,30.598312976037313,20.512596911637562,27.432483664829498,-1.333426837097772,12.769231053349234,17.29717121332239,21.855156123803376,11.474193123585016,31.70391323464482,11.939975519737112,19.81199299687961,31.927698695198263,14.23548025230933,10.998730014725652,1,0.2
5,17.152000564067286,-28.182255580684867,6.415481274410343,0.6633614225592033,30.494945241785672,20.386058300265844,27.455800879144366,-1.5054607191035236,12.898722511993242,17.25003533589053,22.0173396150648,11.38764813358576,31.532271587229715,11.88133829619957,19.75671277200395,31.965454768923024,14.687400468353369,9.473282944604092,1,0.25
6,17.382165546857195,-28.205630903651183,6.50349026139971,0.623337518302998,30.39607756819952,20.257539140263475,27.478161713262203,-1.6708623905638964,13.035831006004504,17.19740512378878,22.17111354076785,11.30542760282623,31.373184682903027,11.819701327154913,19.709616504410214,31.997221802463812,15.129601970073876,7.980641187818451,1,0.30000000000000004
7,17.608439432217622,-28.21615101258111,6.5921443305238885,0.5828876164105511,30.30172434458396,20.127124493909772,27.499586132429016,-1.8300088830885572,13.180397701760484,17.139390574406146,22.316816322364502,11.227357504507403,31.22639946265552,11.75514810340109,19.670533500211484,32.02312471002925,15.56208475747082,6.5208047443687756,1,0.35000000000000003
8,17.83101521348879,-28.214256133136466,6.681445726293787,0.5420102346577296,30.211899960244136,19.994899423484053,27.520094101890802,-1.983277228287096,13.332263765638517,17.07610168513159,22.454786381306825,11.153263811830291,31.091662867477936,11.687762115736076,19.63929306552093,32.043288405828015,15.984848830544278,5.093773614255056,1,0.4
9,18.05008588401084,-28.200386490979113,6.771396693220331,0.5007038908203515,30.12661880448518,19.860948991265637,27.53970558689353,-2.1310444577691516,13.49127036401602,17.00764845335412,22.585362139046786,11.082972497995875,30.96872183836103,11.617626854957798,19.615724506451592,32.05783780406881,16.397894189294185,3.699547797477277,1,0.45
10,18.26584443712398,-28.174982311770925,6.861999475814361,0.45896710267425017,30.045895266612284,19.725358259533834,27.558440552683212,-2.2736876031443654,13.657258663270401,16.93414087646266,22.7088820170365,11.016309536205169,30.85732331629558,11.54482581186425,19.599657129116657,32.066897818960285,16.801220833720592,2.338127294035429,1,0.5
11,18.478483866168403,-28.13848382117369,6.9532563185867735,0.41679838799526353,29.969743735930543,19.58821229056799,27.576318964505806,-2.4115836960223427,13.830069829779093,16.85568895184625,22.825684436727926,10.953100899659216,30.75721424227233,11.469442477253352,19.590920239629256,32.07059336471115,17.194828763823455,1.0095121039295456,1,0.55
12,18.688197164484308,-28.091331244849286,7.04516946604846,0.3741962645592099,29.898178601745105,19.44959614664738,27.593360787607313,-2.545109768012717,14.00954502991942,16.77240267689383,22.93610781957308,10.893172561558957,30.668141557282027,11.391560341923075,19.589343144102457,32.06904935553004,17.5787179796028,-0.2862977728404019,1,0.6000000000000001
13,18.895177325411865,-28.033964808459537,7.137741162710266,0.3311592501419176,29.831214253361072,19.309594890051336,27.609585987233707,-2.674642850725117,14.19552543006883,16.684392048994418,23.040490587023974,10.836350495105386,30.589852202315456,11.31126289667136,19.594755148649416,32.06239070562564,17.95288848105858,-1.5493023362743894,1,0.65
14,19.09961734229126,-27.966824737666304,7.230973653083126,0.28768586251922446,29.768865080083646,19.168293583059192,27.625014528631006,-2.8005599757691897,14.387852196604726,16.591767065536935,23.139171160532662,10.782460673499537,30.52209311836337,11.228633632296173,19.606985559383233,32.05074232920659,18.317340268190875,-2.7795015863724357,1,0.7000000000000001
15,19.301710208462723,-27.890351258131407,7.3248691816779035,0.2437746194669731,29.711145471217936,19.025777287950262,27.63966637704517,-2.9232381747545206,14.586366495904487,16.49463772391043,23.232487961551133,10.731329069942412,30.464611246416496,11.143756039595438,19.625863682417048,32.03422914048164,18.672073340999603,-3.9768955231345227,1,0.75
16,19.5016489172664,-27.80498459551673,7.419429993005486,0.19942403876098214,29.65806981606911,18.882131067003854,27.6535614977222,-3.0430544792907814,14.790909494345517,16.39311402150384,23.320779411531433,10.682781657634989,30.417153527465622,11.056713609367169,19.65121882386397,32.01297605365938,19.017087699484847,-5.141484146560678,1,0.8
17,19.699626462042517,-27.71116497548411,7.514658331576713,0.1546326381770845,29.609652503942247,18.737439982499282,27.666719855908077,-3.160385920987562,15.001322358305233,16.287305955706163,23.40438393192558,10.636644409778297,30.3794669025015,10.967589832409265,19.68288028983713,31.987107982948565,19.352383343646544,-6.273267456650874,1,0.8500000000000001
18,19.895835836131255,-27.609332623695316,7.610556441902559,0.10939893549114231,29.565907924142525,18.59178909671587,27.679161416848775,-3.2756095314545104,15.21744625416104,16.177323523906388,23.483639944185565,10.592743299573286,30.3512983125149,10.87646819951972,19.720677386449644,31.956749842557798,19.677960273484693,-7.372245453405114,1,0.9
19,20.0904700328728,-27.499927765812295,7.7071265684938375,0.06372144847891605,29.526850465975112,18.44526347193296,27.690906145790294,-3.3891023423012743,15.439122348290299,16.063276723493466,23.558885869763436,10.550904300221015,30.332394698496525,10.783432201496465,19.764439419814632,31.92202654669579,19.99381848899936,-8.43841813682343,1,0.9500000000000001
20,20.283722045607334,-27.38339062749682,7.804370955861439,0.017598694916301554,29.492494518745104,18.297948170429823,27.701974007978613,-3.5012413851374387,15.666191807070435,15.945275551856405,23.63046013011123,10.510953384922438,30.3225030014372,10.688565329137441,19.813995696045176,31.883063009571202,20.29995799019049,-9.47178550690579,1,1.0
21,20.475784867675074,-27.260161434410758,7.9022918485162705,-0.02897080742089713,29.462854471757662,18.149928254485808,27.712384968659737,-3.6124036915726516,15.89849579687885,15.82343000638418,23.69870114668092,10.472716526878592,30.32137016232767,10.591951073240619,19.869175521254498,31.839984145392688,20.596378777058057,-10.472347563652185,1,1.05
22,20.666851492416185,-27.130680412215952,8.000891490969193,-0.07598854075682765,29.437944714317904,18.001288786380226,27.722158993079635,-3.7229662932165457,16.13587548409292,15.697850084465765,23.763947340924553,10.436019699290442,30.32874312215868,10.49367292460398,19.929808201555623,31.792914868368968,20.883080849602123,-11.440104307062668,1,1.1
23,20.857114913170868,-26.995387786574263,8.100172127731096,-0.12345598731568601,29.417779635731016,17.852114828392388,27.73131604648431,-3.833306221678741,16.37817203509008,15.568645783490147,23.826537134294135,10.400688875359,30.344368821920966,10.393814374025425,19.99572304306168,31.741980092708673,21.160064207822657,-12.375055737137162,1,1.1500000000000001
24,21.04676812327932,-26.854723783147502,8.200136003312894,-0.17137462932162947,29.402373625302047,17.702491442801627,27.739876094119733,-3.9438005085688745,16.625226616247712,15.435927100846289,23.886808948241715,10.366550028285282,30.36799420260531,10.292458912302935,20.06674935188584,31.687304732620486,21.427328851719658,-13.277201853875727,1,1.2000000000000002
25,21.236004116081716,-26.70912862759754,8.300785362225415,-0.21974594899881056,29.391741072336238,17.552503691887242,27.747859101231906,-4.054826185496546,16.876880393943225,15.29980403392319,23.945101204219277,10.33342913127028,30.399366205202483,10.18969003023447,20.14271643414119,31.62901370231309,21.684874781293125,-14.146542657278355,1,1.25
26,21.425015884918274,-26.55904254558619,8.402122448979583,-0.26857142857143484,29.38589636613868,17.402236637928564,27.755285033066787,-4.166760284071422,17.132974534554016,15.160386580109854,24.00175232367888,10.301152157514986,30.438231770703208,10.085591218617985,20.223453595940867,31.567231915995173,21.932701996543095,-14.983078147345013,1,1.3
27,21.61399642312915,-26.404905762775336,8.504149508086286,-0.3178525502636259,29.384853896014505,17.2517753432049,27.762173854870387,-4.2799798359031,17.39335020445747,15.017784736795214,24.057100728072548,10.269545080220404,30.48433784009828,9.980245968251424,20.308790143397992,31.502084287875377,22.170810497469496,-15.786808324075748,1,1.35
28,21.803138724054584,-26.247158504826796,8.606868784056378,-0.3675907962995797,29.38862805126887,17.101204869995566,27.768545531888687,-4.394861872601219,17.657848570030993,14.872108501368267,24.11148483885223,10.23843387258753,30.537431354378416,9.873737769932738,20.39855538262566,31.433695732162363,22.3992002840724,-16.557733187470514,1,1.4000000000000001
29,21.99263578103467,-26.086240997402403,8.71028252140075,-0.4177876489034631,29.397233221206932,16.9506102805799,27.774420029367697,-4.511783425775416,17.92631079765198,14.723467871218007,24.165243077470024,10.20764450781737,30.597259254534418,9.76615011445988,20.49257861973701,31.362191163064836,22.61787135635177,-17.295852737529337,1,1.4500000000000002
30,22.182680587409727,-25.922593466164027,8.814392964630285,-0.4684445902994383,29.410683795133803,16.800076637237204,27.779817312553345,-4.6311215270352974,18.19857805369785,14.571972843733397,24.218713865377893,10.177002959110931,30.663568481557025,9.657566492630814,20.590689160845173,31.28769549479146,22.826823714307622,-18.001166974252204,1,1.5
31,22.37346613651985,-25.756656136773476,8.919202358255927,-0.5195631027116772,29.428994162354623,16.64968900224681,27.784757346691666,-4.753253207990493,18.474491504546002,14.417733416303443,24.272235624027925,10.146335199669188,30.736105976437006,9.548070395243501,20.692716312063276,31.21033364155092,23.026057357939916,-18.673675897639143,1,1.55
32,22.565185421705287,-25.588869234892655,9.024712946788428,-0.5711446683643467,29.452178712174543,16.49953243788801,27.789260097028638,-4.878555500250655,18.753892316573808,14.260859586317103,24.326146774872093,10.115467202693186,30.814618680165058,9.437745313095878,20.79848937950438,31.13023051755188,23.21557228724872,-19.313379507690122,1,1.6
33,22.758031436306176,-25.419672986183347,9.130926974738827,-0.6231907694816042,29.480251833898688,16.34969200644015,27.79334552881024,-5.007405435425382,19.036621656158687,14.101461351163353,24.380785739362395,10.08422494138386,30.89885353373202,9.3266747369859,20.90783766928167,31.04751103700299,23.39536850223396,-19.920277804405163,1,1.6500000000000001
34,22.952197173662782,-25.249507616307408,9.237846686617882,-0.6757028882876358,29.513227916832214,16.200252770182505,27.797033607282476,-5.140180045124328,19.32252068967806,13.939648708231186,24.436490938950918,10.05243438894227,30.98855747812862,9.214942157711544,21.020590487508244,30.962300114112963,23.565446002895698,-20.49437078778425,1,1.7000000000000002
35,23.147875627115233,-25.078813350926687,9.345474326936554,-0.7286825070066135,29.55112135028026,16.051299791394456,27.800344297691307,-5.277256360957084,19.611430583509303,13.775531654909605,24.49360079508963,10.019921518569399,31.083477454345612,9.102631066070744,21.136577140297234,30.874722663090445,23.725804789233905,-21.035658457827388,1,1.75
36,23.34525979000371,-24.908030415703074,9.453812140205663,-0.7821311078626946,29.593946523547945,15.90291813235527,27.80329756528275,-5.4190114145333,19.90319250402979,13.60922018858755,24.552453729230585,9.986512303466226,31.183360403373747,8.989824952861456,21.25562693376173,30.784903598144112,23.87644486124858,-21.544140814534586,1,1.8
37,23.54454265566848,-24.73759903629833,9.562862370936166,-0.8360501730800314,29.641717825940468,15.75519285534428,27.805913375302776,-5.565822237462625,20.197647617616973,13.440824306654022,24.613388162825768,9.952032716833763,31.287953266203797,8.87660730888163,21.377569174014894,30.692967833482648,24.01736621893972,-22.019817857905835,1,1.85
38,23.74591721744965,-24.56795943837437,9.672627263638887,-0.890441184882825,29.694449646762852,15.6082090226408,27.808211692997364,-5.718065861354664,20.49463709064821,13.270454006498003,24.676742517327213,9.91630873187303,31.397002983826496,8.763061624929213,21.502233167169827,30.599040283314714,24.14856886230735,-22.46268958794113,1,1.9000000000000001
39,23.949576468687468,-24.399551847592978,9.78310906282475,-0.9453056254952179,29.75215637532035,15.462051696524172,27.810212483612492,-5.876119317819035,20.794002089500935,13.098219285508465,24.74285521418696,9.87916632178499,31.51025649723265,8.649271391802198,21.629448219339658,30.50324586184897,24.270052791351425,-22.872756004640486,1,1.9500000000000002
40,24.155713402722085,-24.232816489616035,9.894310013004578,-1.0006449771414063,29.814852400918056,15.316805939273685,27.811935712394163,-6.040359638465386,21.095583780552513,12.924230141074387,24.812064674857005,9.840431459770679,31.627460747412965,8.535320100298492,21.759043636637475,30.405709483294146,24.381818006072017,-23.250017108003885,1,2.0
41,24.364521012893714,-24.06819359010537,10.006232358689335,-1.0564607220455087,29.882552112861113,15.17255681316866,27.81340134458839,-6.211163854903311,21.39922333018039,12.748596570584773,24.884709320789387,9.799930119031076,31.748362675358248,8.421291241216093,21.89084872517644,30.306556061858867,24.483864506469047,-23.594472898031317,1,2.0500000000000003
42,24.576192292542558,-23.906123374722835,10.118878344389866,-1.1127543424317647,29.955269900454677,15.029389380488396,27.81462934544111,-6.388908998742488,21.70476190476191,12.571428571428585,24.96112757343611,9.757488272767194,31.87270922205919,8.307268305352906,22.024692791069626,30.205910511751803,24.576192292542558,-23.906123374722835,1,2.1
43,24.790920235008763,-23.74704606913029,10.232240433161902,-1.1695208610727643,30.033020153003847,14.887388703512267,27.81563968019837,-6.573972101592501,22.0120406706745,12.392836140994781,25.04152429086944,9.713000576609279,32.000248032758144,8.193334350024287,22.160405140430246,30.103897747181627,24.76643417827362,-23.367308476731598,1,2.15
44,25.008897833632567,-23.591401898989528,10.346271962240522,-1.2267294629351264,30.115817259813795,14.746639844519553,27.816452314106062,-6.766730195063008,22.320900794295568,12.212929276672385,25.12557007764265,9.666636415904705,32.13072956970353,8.079570698614939,22.297815079371297,30.00064268235705,24.95099720174405,-22.844577605546053,1,2.2
45,25.23031808175418,-23.43963108996242,10.460916487405685,-1.2843428735338744,30.203675610189656,14.607227865789561,27.81708721241029,-6.967560310763608,22.631183442002516,12.031817975850359,25.21280197492922,9.618633858430092,32.26390499939535,7.966058241026954,22.436751914005995,29.896270231486692,25.129881362953867,-22.337930761166234,1,2.25
46,25.45537397271371,-23.292173867710805,10.576117564437373,-1.3423238183840749,30.29660959343656,14.469237829601637,27.817564340356935,-7.176839480303955,22.94272978017273,11.849612235917682,25.30275702390267,9.56923097196208,32.39952548833357,7.852877867162436,22.577044950447398,29.790905308779283,25.30308666190303,-21.84736794359213,1,2.3000000000000003
47,25.6842584998514,-23.149470457896594,10.691818749115535,-1.4006350230008378,30.394633598859674,14.332754798235088,27.817903663192045,-7.394944735293638,23.2553809751836,11.666422054263334,25.39497226573647,9.518665824277278,32.53734220301819,7.740110466923441,22.718523494808714,29.684672828443468,25.470613098591606,-21.3728891528237,1,2.35
48,25.91716465650745,-23.0119610861815,10.807963597220098,-1.4592392128991665,30.497762015764142,14.197863833969228,27.818125146161606,-7.622253107342337,23.568978193412555,11.482357428276302,25.488984741604153,9.46717648315231,32.67710630994918,7.627836930212097,22.861016853202965,29.57769770468789,25.632460673019494,-20.914494388861023,1,2.4000000000000004
49,26.154285436022015,-22.880085978227484,10.924495664531015,-1.5180991135941762,30.606009233455023,14.064649999083374,27.818248754511558,-7.859141628059645,23.883362601236968,11.297528355345563,25.584331492679176,9.415001016363796,32.81856897562653,7.516138146930449,23.00435433174336,29.47010485172127,25.788629385186802,-20.472183651704036,1,2.45
50,26.395813831735317,-22.75428535969631,11.041358506828242,-1.5771774506008558,30.719389641237548,13.933198355856856,27.81829445348795,-8.105987329055193,24.19837536503428,11.112044832860098,25.680549560135084,9.362377491688385,32.961481366550224,7.405095006980625,23.148365236542922,29.362019183752242,25.939119235093457,-20.045956941352742,1,2.5
51,26.641942836987564,-22.634999456249886,11.158495679891733,-1.6364369494343445,30.837917628416815,13.803593966568979,27.818282208336736,-8.36316724193862,24.513857651181837,10.92601685820889,25.777175985145337,9.30954397690267,33.10559464922022,7.294788400264683,23.292878873714834,29.253565614989526,26.083930222739504,-19.635814257807176,1,2.5500000000000003
52,26.89286544511889,-22.522668493549983,11.27585073950139,-1.6958403356096265,30.961607584297965,13.675921893499053,27.818231984303896,-8.631058398319535,24.82965062605706,10.739554428780922,25.87374780888348,9.256738539783319,33.25065999013653,7.185299216684732,23.437724549372234,29.14486905964176,26.2230623481249,-19.241755601067307,1,2.6
53,27.14877464946951,-22.417732697258526,11.393367241437222,-1.7553503346418455,31.090473898186143,13.550267198926406,27.81816374663545,-8.910037829807596,25.145595456037356,10.552767541965153,25.96980207252294,9.204199248106903,33.39642855579913,7.076708346142826,23.58273156962818,29.036054431917634,26.356515611249698,-18.863780971133156,1,2.6500000000000004
54,27.40986344337965,-22.320632293037292,11.510988741479164,-1.814929672045996,31.224530959386485,13.426714945130378,27.81809746057735,-9.20048256801239,25.461533307500112,10.365766195150606,26.064875817237326,9.152164169650094,33.542651512708005,6.969096678541082,23.727729240595835,28.92724664602576,26.48429001211383,-18.501890368004688,1,2.7
55,27.676324820189468,-22.231807506548147,11.628658795407159,-1.874541073337163,31.36379315720415,13.305350194390236,27.818053091375564,-9.502769644543575,25.77730534682275,10.178660385726209,26.1585060842,9.100871372189488,33.68908002736313,6.862545103781596,23.872546868388355,28.818570616174924,26.606385550717345,-18.156083791681972,1,2.75
56,27.948351773239143,-22.151698563452943,11.746320959001139,-1.934147264030409,31.508274880944246,13.186258008985343,27.818050604276152,-9.817276091010775,26.092752740382643,9.991560111080986,26.250229914584573,9.050558923501715,33.835465266264514,6.757134511766409,24.01701375911877,28.710151256573706,26.722802227060242,-17.826361242164957,1,2.8000000000000003
57,28.22613729586888,-22.08074568941352,11.863918788041111,-1.9937109696408146,31.657990519911934,13.069523451194996,27.818109964525046,-10.14437893902359,26.407716654557213,9.8045753686039,26.339584349564515,9.001464891363412,33.981558395912124,6.652945792397655,24.160959218900288,28.60211348143083,26.833540041142506,-17.512722719453627,1,2.85
58,28.50987438141889,-22.019389110091684,11.981395838306948,-2.053194915683388,31.812954463412353,12.95523158329852,27.81825113736827,-10.484455220191704,26.722038255723863,9.617816155683947,26.42610643031331,8.953827343551202,34.12711058280592,6.550059835577407,24.30421255384597,28.49458220495494,26.938598992964128,-17.21516822354801,1,2.9000000000000004
59,28.799603216005597,-21.9677997643631,12.098705578748646,-2.112568374106226,31.973092702076375,12.843407825647,27.818449389680858,-10.837410050891643,27.035616009972035,9.43137410795556,26.509593562481623,8.907750460358308,34.27191752105388,6.448433495169777,24.44663454871694,28.387659305202252,27.03797908252514,-16.933697754448108,1,2.95
60,29.094752756850312,-21.925071443958316,12.215841130996013,-2.171826802589471,32.137977631837806,12.7338390308786,27.818501194854438,-11.20126088656786,27.348577582239567,9.245267414035109,26.590884609628798,8.862802872144444,34.41595301519611,6.347527480886917,24.588211902866217,28.28135451561914,27.131680309825505,-16.668311312153904,1,3.0
61,29.39459915395072,-21.890028653821666,12.332805529848883,-2.2309722052461196,32.30709324995617,12.62625240970332,27.8181583279097,-11.57355326743168,27.66110793717625,9.059495900784496,26.67107879979137,8.818419321785898,34.55923539738056,6.246678466403061,24.72896279429483,28.175654533499483,27.219702674865257,-16.419008896665442,1,3.0500000000000003
62,29.698418557304397,-21.86149589889746,12.449601810107108,-2.290006586189353,32.479923553691016,12.520375172831088,27.81717256386728,-11.951832733694546,27.97339203943196,8.874059395065505,26.751275361005828,8.774034552158987,34.70178299975527,6.1452231253923895,24.868905401003737,28.070546056137186,27.30204617764436,-16.18579050798265,1,3.1
63,30.005487116908956,-21.838297684130083,12.566233006570524,-2.348931949532201,32.65595254030187,12.415934530971851,27.815295677747898,-12.333644825567761,28.285614853656558,8.688957723740042,26.832573521308692,8.729083306140012,34.84361415446828,6.042498131529107,25.008057900993997,27.966015780826154,27.378710818162865,-15.9686561461056,1,3.1500000000000004
64,30.315080982762023,-21.81925851446383,12.68270215403892,-2.4077502993877733,32.834664207048306,12.312657694835568,27.81227944457223,-12.716535083262732,28.597961344499897,8.504190713669937,26.916072508736473,8.683000326605285,34.984747193667644,5.937840158487413,25.146438472266574,27.86205040486027,27.449696596420733,-15.767605811034235,1,3.2
65,30.626476304861193,-21.80320289484303,12.79901228731214,-2.46646363986921,33.01554255118984,12.210271875132221,27.807875639360986,-13.098049046990816,28.910616476611835,8.319758191717028,27.00287155132571,8.635220356431098,35.1252004495013,5.8305858799415065,25.284065292822476,27.75863662553344,27.515003512417945,-15.582639502768583,1,3.25
66,30.938949233204085,-21.78895533021206,12.915166441190031,-2.5250739750895637,33.19807156998599,12.108504282571714,27.801836037134816,-13.475732256963386,29.22376521464221,8.135659984743185,27.094069877112887,8.585178138493788,35.26499225411739,5.720071969565592,25.42095654066269,27.655761140139568,27.574631566154554,-15.413757221308641,1,3.3000000000000003
67,31.251775917788294,-21.775340325515227,13.031167650472419,-2.5835833091619396,33.38173526069635,12.00708212786406,27.793912412914413,-13.847130253391825,29.537592523240914,7.951895919610258,27.190766714134476,8.53230841566963,35.40414093966387,5.605635101033861,25.557130393788277,27.553410645972523,27.628580757630548,-15.260958966654412,1,3.35
68,31.56423250861144,-21.76118238569686,13.147018949959122,-2.6419936461994147,33.56601762058038,11.905732621719162,27.78385654172047,-14.209788576487487,29.852283367057755,7.7684658231801,27.29406129042708,8.476045930834943,35.54266483828874,5.4866119480205064,25.6926050302002,27.451571840326224,27.676851086845883,-15.124244738805888,1,3.4000000000000004
69,31.87559515567111,-21.7453060157013,13.262723374449964,-2.7003069903151142,33.75040264689772,11.804182974847006,27.77142019857367,-14.561252766461743,30.16802271074261,7.585369522314553,27.40505283402715,8.415825426866041,35.68058228214012,5.362339184199757,25.8273986278995,27.3502314204946,27.719442553800587,-15.00361453776308,1,3.45
70,32.18514000896495,-21.726535720472874,13.378283958744792,-2.7585253456221195,33.93437433690781,11.702160397957535,27.75635515849468,-14.89906836352597,30.484995518945343,7.402606843875471,27.524840572971204,8.351081646639216,35.81791160336595,5.232153483245793,25.961529364887127,27.249376083771484,27.75635515849468,-14.89906836352597,1,3.5
71,32.49233499536351,-21.704004264559092,13.493703737643425,-2.8166507162335215,34.117505136299236,11.599452774171064,27.738560579990782,-15.221386086061086,30.803342365193078,7.22024420554106,27.65420513167725,8.281411703160249,35.954712203929695,5.095571778527864,26.095015419164124,27.1489925274508,28.50529670872889,-15.228933382287565,1,3.5500000000000003
72,32.7974151492289,-21.67807745092018,13.608985745945686,-2.874685106262427,34.29972128447649,11.496090676249302,27.71852515551559,-15.5287773651262,31.123026258522085,7.03861438825493,27.792652720089162,8.207062189952657,36.091207765056424,4.9528320421954115,26.227874968731488,27.049067448826463,29.237829523903176,-15.551571311436229,1,3.6
73,33.100807281796286,-21.649429342119436,13.724133018451447,-2.9326305198219402,34.481037469273105,11.392165349364356,27.696884961009243,-15.822418809949896,31.443965816845967,6.858116763777058,27.9393709445323,8.128442070669514,36.22766303778655,4.804352506092985,26.360126191590183,26.94958754519234,29.953953604017588,-15.866982150971953,1,3.6500000000000004
74,33.402938204300774,-21.618734000720245,13.839148589960486,-2.9904889610250955,34.661468378522564,11.287768038688274,27.67427607241193,-16.103487029760817,31.766079658078244,6.679150703867394,28.09354741133206,8.04596030896378,36.36434277316056,4.650551402065027,26.491787265741312,26.850539513842357,30.653668949072088,-16.17516590089475,1,3.7
75,33.70423472797739,-21.586665489285977,13.954035495272649,-3.048262433985081,34.841028700058395,11.182989989393121,27.651334565663866,-16.373158633787654,32.08928640013252,6.502115580285894,28.254369726813785,7.960025868488509,36.5015117222189,4.491846961956087,26.622876369185743,26.751910052070386,31.336975559066673,-16.476122561204633,1,3.75
76,34.00512366406139,-21.55389787037999,14.068796769187763,-3.105952942814934,35.01973312171407,11.07792244665101,27.628696516705187,-16.632610231258983,32.41350466092234,6.327410764792552,28.42102549730285,7.871047712896681,36.639434636002,4.328657417610681,26.753411679924582,26.653685857170355,32.00387343400136,-16.769852131901583,1,3.8000000000000003
77,34.30603182378777,-21.52110520656564,14.183435446505692,-3.163562491627736,35.19759633132315,10.97265665563399,27.606998001476068,-16.88301843140346,32.73865305836125,6.155435629147295,28.59270232912461,7.779434805841345,36.77837626555038,4.161401000873294,26.88341137595882,26.55585362643612,32.65436257387614,-17.056354612985597,1,3.85
78,34.607386018391686,-21.48896156040628,14.29795456202622,-3.221093084536622,35.37463301671908,10.867283861514164,27.586875095916714,-17.125559843449707,33.06465021036284,5.986589545110132,28.768587828604456,7.685596110975497,36.91860136190442,3.9904959435884297,27.01289363528943,26.4584000571616,33.28844297869101,-17.33563000445669,1,3.9000000000000004
79,34.9096130591082,-21.458140994465264,14.412357150549205,-3.2785467256546785,35.55085786573541,10.761895309463547,27.568963875967285,-17.361411076626364,33.39141473484068,5.821271884440998,28.947869602067723,7.589940591952161,37.06037467610463,3.816360477600601,27.141876635917438,26.361311846640714,33.90611464844598,-17.607678306314863,1,3.95
80,35.21313975717244,-21.429317571305972,14.526646246874419,-3.3359254190949534,35.726285566205625,10.656582244654304,27.553900417567977,-17.591748740162075,33.71886524970834,5.659882018899845,29.12973525583979,7.492877212424336,37.20396095919143,3.6394128347543147,27.270378555843845,26.264575692167327,34.50737758314107,-17.872499518560083,1,4.0
81,35.51839292381954,-21.403165353491787,14.640824885801774,-3.393231168970639,35.90093080596325,10.551435912258434,27.54232079665893,-17.81774944328546,34.046920372879335,5.502819320246666,29.313372396246045,7.394814936045044,37.34962496220528,3.4600712468940715,27.398417573069633,26.16817829103534,35.09223178277622,-18.13009364119237,1,4.05
82,35.82579937028459,-21.380358403585998,14.754896102131081,-3.450465979394716,36.074808272841764,10.446547557448067,27.534861089180353,-18.040589795225134,34.37549872226728,5.350483160241418,29.497968629611833,7.296162726467308,37.49763143618666,3.2787539458644064,27.52601186559585,26.07210634053865,35.66067724735149,-18.380460674211736,1,4.1000000000000005
83,36.1357859078027,-21.361570784152008,14.868862930662116,-3.5076318544803757,36.247932654674706,10.342008425395251,27.53215737107243,-18.261446405209774,34.70451891578572,5.203272910644056,29.682711562262522,7.197329547344115,37.648245132176,3.095879163509786,27.65317961142349,25.97634653797118,36.21271397686682,-18.623600617618163,1,4.15
84,36.448779347608955,-21.347476557753176,14.982728406194779,-3.564730798340643,36.42031863929557,10.237909761272055,27.534845718275317,-18.481495882467996,35.03389957134823,5.06158794321456,29.866788800523484,7.098724362328509,37.80173080121376,2.9118651316747215,27.779938988553507,25.880885580626792,36.74834197132228,-18.859513471411667,1,4.2
85,36.765206500938476,-21.33874978695286,15.096495563528835,-3.621764815088653,36.591980914537835,10.134342810250594,27.543562206729202,-18.701914836228426,35.36355930686838,4.925827629712881,30.04938795072008,7.000756135073503,37.958353194340404,2.7271300822037627,27.906308174986936,25.785710165799415,37.267561230717845,-19.088199235592235,1,4.25
86,37.0854941790264,-21.336064534314442,15.210167437464158,-3.678735908837519,36.76293416823506,10.031398817502893,27.558942912374253,-18.923879875719688,35.69341674025972,4.796391341898974,30.229696619177698,6.903833829232094,38.11837706259636,2.5420922469413605,28.032305348724822,25.690806990782942,37.77037175505346,-19.309657910159892,1,4.3
87,37.40994789253677,-21.33992426692595,15.323747062800594,-3.735646083700291,36.93321919194563,9.929133827411786,27.58149760160372,-19.148238767887598,36.02331826262212,4.673552623250014,30.407088002288805,6.808277186483995,38.28206284056931,2.35714063855288,28.157948687768116,25.59616275287123,38.2567735443292,-19.523889495114595,1,4.3500000000000005
88,37.738387949849496,-21.35015006997433,15.437237474337897,-3.7924973437900644,37.10298119212746,9.827463081202938,27.61123080262328,-19.37452391054656,36.352821357800806,4.557081704111813,30.58167765671446,6.714049060615704,38.44965369703574,2.1725473929870094,28.283256370117826,25.50176414935821,38.72676659854504,-19.73089399045639,1,4.4
89,38.070513358773496,-21.366392433171157,15.550641706875956,-3.849291693219954,37.27239147896342,9.726266619312801,27.648020734091556,-19.601938859228163,36.68141128282718,4.446622986547395,30.75376672918294,6.621023083440378,38.62138848431933,1.9885554270132315,28.408246573775013,25.407597877537768,39.180350917700956,-19.930671396185243,1,4.45
90,38.406023127117614,-21.38830184622811,15.663962795214601,-3.9060311361030613,37.44162136263636,9.625424482177728,27.69174561466732,-19.829687169463963,37.00857329473281,4.341820872619803,30.923656366422343,6.529072886771202,38.7975060547437,1.805407657401088,28.532937476740603,25.313650634703833,39.617526501796995,-20.123221712301163,1,4.5
91,38.74461626269073,-21.41552879885675,15.77720377415362,-3.962717676552477,37.61084215332909,9.524816710234191,27.742283663009253,-20.05697239678559,37.333792650549135,4.242319764392023,31.091647715160914,6.438072102421333,38.978245260632626,1.623347000920062,28.657347257015655,25.21990911815025,40.038293350833115,-20.308544938804157,1,4.55
92,39.085991773301764,-21.447723780768744,15.890367678492884,-4.019353318681269,37.78022516122447,9.424323343918566,27.799513097776035,-20.282998096724548,37.65655460730768,4.1477640639271,31.25804192212686,6.34789436220399,39.163844954309674,1.44261637433969,28.78149409260114,25.126360025170964,40.442651464809344,-20.48664107569421,1,4.6000000000000005
93,39.4298486667596,-21.48453728167568,16.003457543032198,-4.075940066602565,37.949941696505356,9.32382442366727,27.863312137626373,-20.506967824812463,37.97634442203993,4.05779817328804,31.42314013404835,6.258413297932294,39.35454398809862,1.2634586944294706,28.905396161498082,25.03299005305983,40.83060084372565,-20.657510122971345,1,4.65
94,39.775885950873096,-21.525619791289238,16.11647640257143,-4.132479924429455,38.12016306935455,9.22319998991671,27.933559001219024,-20.728085136580944,38.29264735177733,3.9720664945378594,31.587243497653557,6.1695025414194555,39.55058121432313,1.0861168779589054,29.02907164170747,24.939785899110774,41.20214148758203,-20.821152080635553,1,4.7
95,40.12380263345113,-21.57062179932098,16.22942729191035,-4.1889748962750515,38.29106058995496,9.122330083103321,28.010131907212614,-20.945553587561513,38.604948653551396,3.890213429739566,31.750653159670783,6.081035724478628,39.752195485306814,0.9108338416975176,29.152538711230335,24.846734260617684,41.55727339637855,-20.97756694868683,1,4.75
96,40.47329772230261,-21.619193795482502,16.342313245848842,-4.245426986252369,38.462805568489365,9.021094743663491,28.092909074265897,-21.158576733285756,38.91273358439366,3.8118833809562322,31.913670266828113,5.992886478923029,39.95962565337344,0.7378525024148042,29.27581554806767,24.75382183487446,41.895996570115116,-21.12675472712516,1,4.800000000000001
97,40.8240702252364,-21.670986269485482,16.45513729918671,-4.301838198474607,38.63556931514062,8.919374012033643,28.181768721037557,-21.366358129285288,39.21548740133555,3.7367207502508073,32.0765959658538,5.904928436565793,40.17311057084662,0.5674157768802873,29.398920330220424,24.661035319174985,42.218311008791815,-21.268715415950574,1,4.8500000000000005
98,41.17581915006138,-21.725649711041516,16.567902486723778,-4.358210537054776,38.80952314009161,8.817047928650181,28.27658906618632,-21.568101331091675,39.51269536140858,3.6643699396863614,32.23973140347603,5.817035229220107,40.39288909005007,0.3997665818635039,29.5218712356897,24.56836141081319,42.52421671240862,-21.403449015163073,1,4.9
99,41.5282435045865,-21.78283460986226,16.680611843259868,-4.414546006106037,38.98483835352511,8.713996533949532,28.37724832837084,-21.76300989423648,39.80384272164425,3.59447535132589,32.403377726422995,5.72908048869915,40.619200063307446,0.23514783413391768,29.64468644247644,24.47578680708295,42.81371368096551,-21.53095552476263,1,4.95
100,41.88104229662052,-21.84219145565928,16.793268403594894,-4.470846609741443,39.16168626562401,8.61009986836811,28.48362472624989,-21.950287374251275,40.08841473907406,3.5266813872324385,32.5678360814229,5.64093784681611,40.85228234294248,0.07380245046105074,29.767384128581664,24.38329820527815,43.08680191446249,-21.651234944749252,1,5.0
101,42.23391453397244,-21.903370738144247,16.905875202528556,-4.527114352074123,39.34023818657112,8.505237972342286,28.595596478482108,-22.12913732666767,40.36589667072941,3.4606324494689904,32.73340761520393,5.552480935384115,41.09237478127879,-0.08402665238557006,29.889982472006366,24.290882302692687,43.34348141289957,-21.764287275122935,1,5.050000000000001
102,42.586559224451086,-21.96602294702871,17.018435274860764,-4.5833512372171334,39.52066542654935,8.399290886308506,28.713041803726263,-22.2987633070172,40.635773773641894,3.395972940098575,32.90039347449431,5.463583386216412,41.339716230640086,-0.23809655763642268,30.012499650751582,24.198525796620487,43.58375217627675,-21.8701125158837,1,5.1000000000000005
103,42.93867537586533,-22.029798572024376,17.130951655391335,-4.639559269283592,39.70313929574141,8.292138650703196,28.835838920640995,-22.458368870831496,40.89753130484295,3.3323472611842186,33.06909480602221,5.374118831126133,41.594545543350044,-0.3881643485220383,30.134953842818266,24.10621538435545,43.807614204594024,-21.96871066703154,1,5.15
104,43.28996199602408,-22.094348102842787,17.24342737892008,-4.695740452386584,39.887831104330274,8.183661305962742,28.96386604788504,-22.607157573642098,41.15065452136409,3.2693998147889567,33.23981275651584,5.283960901926442,41.85710157173234,-0.5339871082728754,30.25736322620745,24.013937763191436,44.015067497851355,-22.06008172856644,1,5.2
105,43.64011809273622,-22.15932202919562,17.355865480246845,-4.75189679063921,40.074912162498734,8.073738892523547,29.097001404117076,-22.744332970980604,41.394628680236785,3.206775002975777,33.412848472703395,5.1929832304305545,42.12762316811064,-0.6753219201194218,30.379745978920134,23.921679630422354,44.20611205604884,-22.144225700488416,1,5.25
106,43.98884267381061,-22.22437084079449,17.468268994171446,-4.808030288154566,40.26455378042963,7.9622514508220545,29.235123207995834,-22.8690986183786,41.62893903849253,3.14411722780771,33.588503101313066,5.101059448451615,42.40634918480864,-0.8119258672921845,30.50212027895735,23.829427683342114,44.380747879186366,-22.221142582797448,1,5.300000000000001
107,44.33583474705618,-22.28914502735098,17.58064095549374,-4.864142949045739,40.45692726830578,7.849079021294652,29.37810967818005,-22.98065807136765,41.85307085316282,3.081070891347776,33.76707778907306,5.0080631878028035,42.69351847415006,-0.9435560330216365,30.624504304320045,23.737168619244613,44.53897496726403,-22.29083237549357,1,5.3500000000000005
108,44.68079332028176,-22.35329507857675,17.69298439901353,-4.9202367774258535,40.65220393631008,7.734101644377758,29.525839033328335,-23.078214885479312,42.06650938127915,3.017280395659011,33.9488736827116,4.913868080297303,42.989369888458484,-1.0699695005382799,30.746916233009276,23.644889135423735,44.68079332028176,-22.35329507857675,1,5.4
109,45.02335361920562,-22.4165199902114,17.805302359530657,-4.976313777407953,40.85037941087632,7.617308308709541,29.678112958962398,-23.16118632716742,42.26897562152804,2.952445275219274,34.1339992855225,4.8184191604722235,43.293766601359316,-1.1909634240644555,30.86937424302601,23.55257592917338,44.79070181650644,-20.962159494731026,1,5.45
110,45.362895741183344,-22.47871278210663,17.91759787184494,-5.032375953105167,41.050746583442354,7.499123795735134,29.83442700805565,-23.22984450657448,42.46113353921633,2.886485594165924,34.32179252706251,4.721947073760429,43.60506907168431,-1.3064952417901199,30.9918965123713,23.46021569778746,44.89732946209748,-19.61255034622404,1,5.5
111,45.6987360014799,-22.539814980142193,18.029873970756242,-5.088425308630615,41.252422661696976,7.380081835101441,29.994200200444407,-23.284675244765314,42.643882841305924,2.819376549051151,34.51139869345393,4.624753868318684,43.921262079567015,-1.416562462896976,31.114501219046083,23.367795138559863,45.000676257055005,-18.304467633055665,1,5.550000000000001
112,46.03019071536024,-22.599768110197772,18.142133691064352,-5.144463848097337,41.45452485332908,7.260716156455331,30.156851555965062,-23.32616436280469,42.818123234758716,2.7510933364271986,34.7019630708191,4.5271415923037965,44.2403304051409,-1.5211625965668143,31.237206541051407,23.275300948784466,45.100742201378914,-17.037911355226008,1,5.6000000000000005
113,46.35657619808927,-22.65851369815307,18.25438006756911,-5.200493575618448,41.65617036602745,7.141560489443703,30.321800094453934,-23.35479768175738,42.98475442653657,2.6816111528462137,34.892630945280374,4.429412293872509,44.560258828539354,-1.6202931519814487,31.360030656388275,23.1827198257552,45.19752729506929,-15.812881512735013,1,5.65
114,46.67720876493198,-22.715993269887782,18.36661613507036,-5.256516495307056,41.85647640748093,7.023148563713455,30.488464835747372,-23.371061022688167,43.14467612360137,2.6109051948604796,35.08254760296014,4.331868021181653,44.87903212989594,-1.7139516383226263,31.48299174305768,23.09003846676594,45.291031538126106,-14.629378105582692,1,5.7
115,46.9914047311533,-22.772148351281643,18.47884492836792,-5.312534611276235,42.05456018537832,6.906014108911486,30.656264799681747,-23.37544020666178,43.29878803291502,2.538950659022151,35.270858329980726,4.234810822388004,45.19463508934412,-1.8021355647720982,31.60610797906065,22.9972435691106,45.381254930549325,-13.487401133769048,1,5.75
116,47.29848041201826,-22.826920468214368,18.591069482261638,-5.3685499276391155,42.249538907408436,6.790690854684656,30.824619006093386,-23.368421054743035,43.44798986143943,2.4657227418834546,35.456708412464494,4.138542745648358,45.505052487017295,-1.884842440511689,31.729397542398146,22.90432183008305,45.46819747233898,-12.386950597294115,1,5.800000000000001
117,47.59775212279169,-22.880251146565605,18.703292831551302,-5.424564448508758,42.44052978126016,6.677712530679897,30.99294647481867,-23.350489387996667,43.59318131613646,2.3911966399965787,35.639243136533764,4.043365839119467,45.808269103048964,-1.962069774723111,31.852878611071187,22.81125994697723,45.55185916349504,-11.328026496157833,1,5.8500000000000005
118,47.88853617873865,-22.93208191221517,18.8155180110368,-5.48058017799827,42.62665001462229,6.567612866544059,31.160666225693944,-23.322131027487476,43.73526210396799,2.315347549913769,35.817607788310944,3.949582150958148,46.102269717572675,-2.033815076588198,31.9765693630808,22.71804461708699,45.63224000401754,-10.310628830360235,1,5.9
119,48.17014889512402,-22.98235429104268,18.927748055517924,-5.536599120220741,42.807016815183665,6.4609255919240764,31.327197278555527,-23.283831794280232,43.87513193189595,2.238150668187209,35.99094765391833,3.8574937293211873,46.38503911072184,-2.100075855288673,32.10048797642798,22.624662537706254,45.709339993906475,-9.334757599901316,1,5.95
120,48.44190658721278,-23.031009808927877,19.03998599979446,-5.592623279289293,42.98074739063308,6.358184436466801,31.491958653239806,-23.23607750943974,44.013690506882156,2.159581191369106,36.1584080194783,3.767402622365358,46.65456206262991,-2.16084962000635,32.22465262911372,22.531100406128918,45.78315913316184,-8.400412804781052,1,6.0
121,48.703125570269876,-23.0779899917505,19.15223487866632,-5.6486546593169855,43.146958948659396,6.259923129819148,31.654369369583115,-23.179353994030706,44.15183753588853,2.0796143160116585,36.319134171113184,3.6796108782474475,46.908823353430435,-2.2161338799229706,32.349081499139025,22.43734491964888,45.85369742178363,-7.507594444999491,1,6.050000000000001
122,48.95312215956026,-23.1232363653902,19.2644977269333,-5.704695264416923,43.30476869695143,6.166675401627992,31.81384844742181,-23.114147069117948,44.290472725877045,1.9982252386671062,36.47227139494535,3.5944205451242617,47.145807763256805,-2.2659261442203396,32.47379276450492,22.343382775560023,45.92095485977184,-6.656302520556594,1,6.1000000000000005
123,49.19121267034889,-23.16669045572671,19.376777579395245,-5.760747098702203,43.45329384319799,6.07897498154025,31.969814906592237,-23.040942555766225,44.43049578380941,1.9153891558876388,36.61696497709717,3.5121336711525486,47.36350007224247,-2.31022392208018,32.59880460321238,22.249200671156256,45.98493144712647,-5.846537031452387,1,6.15
124,49.41671341790072,-23.208293788639757,19.489077470851953,-5.8168121662859145,43.591651595087946,5.997355599202787,32.12168776693074,-22.960226275040323,44.5728064166477,1.8310812642254577,36.75236020369096,3.433052304489129,47.55988506052101,-2.34902472268432,32.72413519326244,22.154785303731472,46.045627183847564,-5.078297977686859,1,6.2
125,49.62894071748069,-23.247987890009064,19.601400436103276,-5.872892471281196,43.71895916031009,5.92235098426249,32.2688860482737,-22.872484048005024,44.718304331353686,1.745276760232776,36.877602360849075,3.3574784932907904,47.73294750822583,-2.382326055214511,32.849802712656064,22.06012337057957,46.10304206993506,-4.35158535925999,1,6.25
126,49.82721088435374,-23.28571428571428,19.713749509949032,-5.928990017801066,43.83433374655325,5.854494866366296,32.410828770457435,-22.77820169572503,44.86788923488928,1.657950840461815,36.991836734693855,3.285714285714291,47.88067219549041,-2.4101254288525347,32.9758253393943,21.965201568994452,46.157176105388984,-3.6663991761718004,1,6.300000000000001
127,50.01107354424037,-23.32144404008183,19.826127727189082,-5.985106809958689,43.937228160782986,5.794119046297941,32.5471176148062,-22.67787310297274,45.02219244570398,1.5692846531594054,37.094525512148756,3.217950923089645,48.00179837507462,-2.432411946159899,33.102212732320915,21.870012830610335,46.20802929020938,-3.022739428422305,1,6.3500000000000005
128,50.18101156468322,-23.355266371224612,19.938538122623182,-6.041244851867116,44.028437607071695,5.740747609389022,32.67808490859589,-22.572024409350547,45.18077172819764,1.4802831533510432,37.1863984833413,3.1539364194396424,48.0980831902438,-2.4491410832170852,33.22894047365087,21.774575024422703,46.25560162439614,-2.420606116011474,1,6.4
129,50.337741123680395,-23.38730003570226,20.05098373105126,-6.097406147639455,44.109092888768515,5.693702712107959,32.80424564059032,-22.461189818168496,45.34291645825769,1.3921572477568094,37.26850233920011,3.0933079819602773,48.1720382568897,-2.460259909484338,33.35597562644192,21.678912253767393,46.29989310794941,-1.859999238939327,1,6.45
130,50.48197839923012,-23.417663790074375,20.163467587273065,-6.153592701388809,44.18032480922258,5.652306510923181,32.926114799553176,-22.34590353273652,45.507916011771584,1.3061178430968274,37.34188377065378,3.035702817847577,48.22617519090415,-2.4657154944218904,33.48328525375176,21.58304862198024,46.34090374086902,-1.3409187972058545,1,6.5
131,50.614439569330465,-23.446476390900553,20.275992726088464,-6.209806517228272,44.24326417178305,5.615881162303136,33.04420737424834,-22.226699756364653,45.67505976462673,1.2233758460912265,37.40758946863096,2.980758134297511,48.26300560817877,-2.465454907489972,33.6108364186382,21.487008232397052,46.37863352315509,-0.8633647908110658,1,6.550000000000001
132,50.735840811979585,-23.47385659474042,20.388562182297278,-6.266049599270933,44.29904177979901,5.583748822716277,33.15903835343949,-22.104112692362822,45.843637092710566,1.1451421634601062,37.466666124060254,2.928111138506102,48.28504112460544,-2.4594252181488163,33.7385961841589,21.39081518835365,46.41308245480758,-0.42733721975493694,1,6.6000000000000005
133,50.84689830517569,-23.49992315815352,20.501178990699344,-6.32232395162988,44.348788436619614,5.555231648631066,33.2711227258905,-21.97867654404107,46.01293737191054,1.0726277019235857,37.520160427870245,2.8773990376693677,48.29479335607575,-2.4475734958586575,33.86653161337169,21.294493593185855,46.44425053582651,-0.032836084037506624,1,6.65
134,50.94832822691691,-23.524794837699535,20.61384618609447,-6.378631578418228,44.39363494559401,5.529651796515905,33.38097548036516,-21.850925514709374,46.18224997811416,1.0070433682017796,37.56911907098959,2.8282590389832674,48.294773918481575,-2.4298468100797206,33.99460976933421,21.19806755022949,46.4721377662119,0.320138616341259,1,6.7
135,51.040846755201365,-23.548590389938013,20.726566803282545,-6.434974483749048,44.43471211007123,5.506331422839265,33.48911160562719,-21.721393807677714,46.35086428720877,0.949600069014802,37.61458874434688,2.7803283496438445,48.28749442771463,-2.4061922302722483,34.12279771510429,21.101561162820403,46.49674414596366,0.631586881381331,1,6.75
136,51.12517006802722,-23.57142857142857,20.83934387706332,-6.491354671735447,44.473150733400516,5.484592684069594,33.59604609044037,-21.590615626256053,46.518069675081875,0.9015087110827334,37.65761613887074,2.733244176847077,48.275466499666706,-2.3765568258964755,34.25106251373964,21.004998534294373,46.518069675081875,0.9015087110827334,1,6.800000000000001
137,51.20201434339265,-23.59342813873082,20.952180442236653,-6.54777414649055,44.51008161893096,5.463757736675318,33.702293923568554,-21.459125173754458,46.68315551762091,0.8639802011257319,37.69924794548978,2.6866437277889634,48.2612017502295,-2.3408876664126255,34.37937122829803,20.90840376798727,48.41886629238126,-0.05265926227838236,1,6.8500000000000005
138,51.27209575929576,-23.614707848404365,21.065079533602415,-6.604234912127403,44.54663557001168,5.44314873712492,33.80837009377545,-21.327456653482827,46.845411190713264,0.8382254458639165,37.740530855132626,2.640164209665532,48.24721179529469,-2.2991318212809237,34.50769092183712,20.811800967234873,50.03954551344697,-0.8662130079862851,1,6.9
139,51.33613049373474,-23.635386457008778,21.17804418596036,-6.660738972759128,44.583943389991866,5.422087841886796,33.91478958982487,-21.196144268751205,47.004126070246436,0.8254553520173338,37.782511558727876,2.593442829672737,48.23600825075417,-2.251236359961613,34.63598865741473,20.715214235373033,51.38010733827916,-1.5391525260409697,1,6.95
140,51.39483472470772,-23.655582721103713,21.291077434110377,-6.7172883324988,44.623135882220566,5.399897207429418,34.02206740048059,-21.065722222869557,47.1585895321078,0.8268808263061512,37.826236747204135,2.546116795006645,48.230102732499574,-2.1971483519149175,34.76423149808856,20.61866767573758,52.44055176687775,-2.071477816442437,1,7.0
141,51.44892463021288,-23.675415397248727,21.40418231285229,-6.773884995459537,44.66534385004698,5.375898990221222,34.1307185145064,-20.936724719147882,47.308090952184905,0.8437127754505027,37.87275311149005,2.4978233128632152,48.23200685642277,-2.1368148666010818,34.89238650691639,20.522185391664294,53.22087879924274,-2.463188879190681,1,7.050000000000001
142,51.49911638824835,-23.695003242003455,21.517361856985914,-6.830530965754404,44.711698096820186,5.349415346730667,34.24125792066606,-20.809685960896168,47.45191970636509,0.8771621061704493,37.92310734251421,2.4481995904384615,48.244232238415385,-2.0701829734803443,35.020420746955935,20.425791486489025,53.72108843537416,-2.7142857142857215,1,7.1000000000000005
143,51.54612617681226,-23.714465011927466,21.630619101311076,-6.887228247496522,44.7633294258893,5.3197684334261925,34.35420060772339,-20.68514015142438,47.589365170535835,0.928439725186144,37.97834613120525,2.3968828349283817,48.26929049436925,-1.9971997420129144,35.14830128126494,20.329510063547616,53.72108843537416,-2.7142857142857215,1,7.15
144,51.590670173902815,-23.733919463580413,21.743957080627595,-6.943978844799016,44.82136864060354,5.286280406776218,34.47006156444213,-20.563621494042536,47.719716720584586,0.9987565392176626,38.039516168491765,2.343510253528984,48.309693240176074,-1.917812241659046,35.27599517290113,20.233365226175863,53.72108843537416,-2.7142857142857215,1,7.2
145,51.63346455751813,-23.753485353521846,21.857378829735314,-7.00078476177492,44.88694654431196,5.248273423249208,34.58935577958609,-20.445664192060644,47.84226373239876,1.089323454985124,38.10766414530238,2.287719053436262,48.36795209172761,-1.831967541878968,35.403469484922276,20.137381077709584,53.72108843537416,-2.7142857142857215,1,7.25
146,51.675225505656336,-23.773281438311407,21.97088738343411,-7.057648002537338,44.96119394036372,5.205069639313627,34.71259824191909,-20.331802448788622,47.956295581865824,1.2013513792086863,38.183836752565675,2.2291464418462343,48.446578664915606,-1.7396127121328708,35.530691280386115,20.04158172148462,53.72108843537416,-2.7142857142857215,1,7.300000000000001
147,51.716669196315635,-23.793426474508692,22.084485776523707,-7.114570571199405,45.04524163210799,5.155991211437883,34.84030394020482,-20.222570467536517,48.06110164487322,1.3360512186084297,38.26908068121034,2.1674296259548833,48.54808457563183,-1.640694821881066,35.65762762235039,19.945991260836784,53.72108843537416,-2.7142857142857215,1,7.3500000000000005
148,51.75851180749412,-23.814039218673273,22.198177043804037,-7.171554471874189,45.14022042289377,5.100360296090439,34.972987863207116,-20.1185024516143,48.155971297308376,1.4946338799044545,38.36444262216492,2.102205812958224,48.67498143976805,-1.53516094058371,35.784245573872816,19.8506337991019,53.72108843537416,-2.7142857142857215,1,7.4
149,51.801469517189986,-23.835238427364807,22.311964220074877,-7.228601708674785,45.24726111607036,5.037499049739726,35.111164999689755,-20.02013260433195,48.240193915058725,1.6783102698169086,38.470969266358075,2.0331122100522534,48.82978087321591,-1.4229581377011047,35.91051219801111,19.755533439615785,53.72108843537416,-2.7142857142857215,1,7.45
150,51.84625850340139,-23.85714285714285,22.42585034013603,-7.2857142857142865,45.36749451498672,4.966729628854232,35.25535033841653,-19.927995128999484,48.3130588740117,1.888291295065853,38.589707304718374,1.9597860244329706,49.01499449186729,-1.304033482693426,36.03639455782313,19.660714285714285,53.72108843537416,-2.7142857142857215,1,7.5
151,51.84625850340139,-23.85714285714285,22.42585034013603,-7.2857142857142865,45.36749451498672,4.966729628854232,35.25535033841653,-19.927995128999484,48.3130588740117,1.888291295065853,38.589707304718374,1.9597860244329706,49.01499449186729,-1.304033482693426,36.03639455782313,19.660714285714285,53.72108843537416,-2.7142857142857215,1,7.550000000000001
152,51.84625850340139,-23.85714285714285,22.42585034013603,-7.2857142857142865,45.36749451498672,4.966729628854232,35.25535033841653,-19.927995128999484,48.3130588740117,1.888291295065853,38.589707304718374,1.9597860244329706,49.01499449186729,-1.304033482693426,36.03639455782313,19.660714285714285,53.72108843537416,-2.7142857142857215,1,7.6000000000000005
153,51.84625850340139,-23.85714285714285,22.42585034013603,-7.2857142857142865,45.36749451498672,4.966729628854232,35.25535033841653,-19.927995128999484,48.3130588740117,1.888291295065853,38.589707304718374,1.9597860244329706,49.01499449186729,-1.304033482693426,36.03639455782313,19.660714285714285,53.72108843537416,-2.7142857142857215,1,7.65
154,51.84625850340139,-23.85714285714285,22.42585034013603,-7.2857142857142865,45.36749451498672,4.966729628854232,35.25535033841653,-19.927995128999484,48.3130588740117,1.888291295065853,38.589707304718374,1.9597860244329706,49.01499449186729,-1.304033482693426,36.03639455782313,19.660714285714285,53.72108843537416,-2.7142857142857215,1,7.7
155,51.84625850340139,-23.85714285714285,22.42585034013603,-7.2857142857142865,45.36749451498672,4.966729628854232,35.25535033841653,-19.927995128999484,48.3130588740117,1.888291295065853,38.589707304718374,1.9597860244329706,49.01499449186729,-1.304033482693426,36.03639455782313,19.660714285714285,53.72108843537416,-2.7142857142857215,1,7.75
156,51.84625850340139,-23.85714285714285,22.42585034013603,-7.2857142857142865,45.36749451498672,4.966729628854232,35.25535033841653,-19.927995128999484,48.3130588740117,1.888291295065853,38.589707304718374,1.9597860244329706,49.01499449186729,-1.304033482693426,36.03639455782313,19.660714285714285,53.72108843537416,-2.7142857142857215,1,7.800000000000001
