Frame,Away_3269_x,Away_3269_y,Away_3270_x,Away_3270_y,Away_3271_x,Away_3271_y,Away_11005_x,Away_11005_y,Away_12132_x,Away_12132_y,Away_14856_x,Away_14856_y,Away_19900_x,Away_19900_y,Away_19901_x,Away_19901_y,Away_19902_x,Away_19902_y,Away_20705_x,Away_20705_y,ball_x,ball_y,Period,Time [s]
0,-31.158754040000122,10.095252912790224,-37.961972323092525,3.8112622899189748,-35.066345977111915,-7.666409955908569,-16.18931401788273,-6.349354400845698,-22.76296134919139,4.769510714364242,-50.1156462585034,-0.7142857142857094,-28.41515819146721,18.58358053029519,-32.2956515209857,21.73604925995677,-36.96291148778803,23.15563608486977,-10.455782312925166,6.857142857142862,-35.08650842304128,29.516158835272563,1,0.0
1,-31.48598883530981,10.06018284914908,-38.22686620516793,3.8369725326015445,-35.37897974610655,-7.536855080884951,-16.43145760765244,-6.34019750338905,-22.982900181537676,4.747003106655364,-50.11303160027746,-0.7153340579464151,-28.765133336651367,18.535889782065947,-32.791923337189445,21.504347548810244,-37.020877221571126,23.451659021403277,-10.728175745393266,6.913947843059735,-35.109860063449695,29.3552075051427,1,0.05
2,-31.79790689325983,10.024910284308582,-38.47765032956671,3.859688940799453,-35.67801358724906,-7.4141046280581255,-16.675076363391646,-6.3268990843275965,-23.204042958893623,4.727348045397137,-50.111170135779155,-0.7160804096060781,-29.0979480541726,18.490356173146083,-33.26748012043889,21.275639933287657,-37.07228683234731,23.7300467872184,-10.995042225814561,6.969600237189311,-35.128241764700554,29.210069745679363,1,0.1
3,-32.09482217884206,9.989439295182244,-38.7146353670646,3.879471235980988,-35.963739804740314,-7.298005142036446,-16.920067329086727,-6.309656049911047,-23.426184271235183,4.710492952966631,-50.10999730554612,-0.7165506542934094,-29.413839232668742,18.446955048044178,-33.72268768136562,21.049973550352224,-37.117299994400895,23.991114845406834,-11.256435068839018,7.02411115778031,-35.14180126584999,29.07958887941824,1,0.15000000000000002
4,-32.37704865704846,9.953773958683609,-38.93813198843736,3.8963791396144782,-36.23645070278115,-7.1884031674282545,-17.166327548724144,-6.288665306389149,-23.649118708538374,4.696385251740949,-50.10944855011598,-0.7167706770370185,-29.713043760777587,18.4056617512688,-34.157911830601236,20.827395536967078,-37.15607638201615,24.235178659060352,-11.512407589116572,7.07749172308149,-35.15068630595421,28.96260822889505,1,0.2
5,-32.64490029287093,9.917918351726192,-39.14845086446076,3.9104723731682207,-36.496438585572434,-7.085145248841901,-17.413754066290277,-6.264123760011621,-23.8726408607792,4.6849723640971765,-50.109459310026374,-0.7167663628655779,-29.99579852713695,18.366451627328473,-34.57351837877734,20.607953030095377,-37.18877566947736,24.462553691270685,-11.763013101297252,7.129753051341598,-35.15504462406932,28.857971116645487,1,0.25
6,-32.89869105130138,9.881876551223495,-39.34590266591054,3.9218106581105476,-36.74399575731501,-6.988077930885748,-17.66224392577159,-6.236228317028171,-24.096545317933646,4.67620171241241,-50.10996502581494,-0.7165635968077553,-30.26234042038467,18.329300020731846,-34.96987313652554,20.39169316670032,-37.215557531068846,24.673555405129594,-12.008304920030964,7.180906260809423,-35.1550239592515,28.764520865205284,1,0.30000000000000004
7,-33.1387348973317,9.84565263408903,-39.53079806356246,3.930453715909757,-36.97941452220974,-6.897047758168125,-17.91169417115446,-6.205175883688521,-24.320626669977745,4.6700207190637535,-50.11090113801929,-0.7161882638921889,-30.512906329158564,18.294182275987442,-35.34734191447747,20.178663083745022,-37.23658164107487,24.868499263728815,-12.248336359967695,7.230962469733651,-35.150772050556895,28.681100797110116,1,0.35000000000000003
8,-33.36534579595384,9.809250677236346,-39.70344772819226,3.936461268034161,-37.20298718445747,-6.811901275297323,-18.162001846425337,-6.171163366242428,-24.544679506887466,4.666376806428305,-50.11220308717706,-0.7156662491475516,-30.747733142096408,18.261073737603837,-35.706290523264705,19.96890991819268,-37.252007673779744,25.047700730160074,-12.48316073575748,7.279932796363102,-35.142436637041655,28.606554234895686,1,0.4
9,-33.5788377121597,9.772674757578951,-39.8641623305757,3.939893035952092,-37.41500604825905,-6.7324850268817835,-18.413063995570678,-6.134387670939586,-24.768498418638806,4.66521739688313,-50.11380631382589,-0.715023437602496,-30.967057747836055,18.22994975008961,-36.047084773518854,19.76248080700645,-37.26199530346774,25.21147526751514,-12.712831362050173,7.327828358946497,-35.130165457761954,28.539724501097716,1,0.45
10,-33.77952461094117,9.73592895203037,-40.01325254148851,3.9408087411318236,-37.615763417815344,-6.658645557529806,-18.6647776625768,-6.0950457040297685,-24.991877995207798,4.66648991280535,-50.1156462585034,-0.7142857142857094,-31.171117035015303,18.200785657953322,-36.37009047587152,19.559422887149495,-37.26670420442317,25.36013833888575,-12.937401553495832,7.374660275732569,-35.114106251773926,28.479454918251903,1,0.5
11,-33.96772045729019,9.69901733750411,-40.15102903170648,3.939268105041659,-37.80555159732719,-6.590229411849722,-18.917039891430207,-6.053334371762653,-25.214612826570402,4.670141776572021,-50.11765836174723,-0.7134789642258397,-31.36014789227197,18.17355680570354,-36.67567344095433,19.35978329558497,-37.26629405093031,25.494005407363645,-13.156924624744384,7.420439664970103,-35.09440675813374,28.42458880889395,1,0.55
12,-34.14373921619867,9.661943990913711,-40.27780247200533,3.9353308491499686,-37.984662890995445,-6.527083134449881,-19.169747726117293,-6.009450580387965,-25.43649750270266,4.676120410560269,-50.11977806409501,-0.7126290724515161,-31.53438720824389,18.148238537848826,-36.96419947939886,19.16360916927606,-37.26092451727347,25.61339193604057,-13.371453890445832,7.465177644907852,-35.07121471589754,28.37396949555955,1,0.6000000000000001
13,-34.30789485265851,9.624712989172684,-40.393883533160825,3.929056694925011,-38.153389603020976,-6.469053269938637,-19.4227982106245,-5.963591236155465,-25.65732661358053,4.68437323714719,-50.121940806084375,-0.7117619239914302,-31.694071871568834,18.124806198897794,-37.23603440183673,18.970947645185916,-37.25075527773692,25.71861338800829,-13.581042665250123,7.508885333794543,-35.04467786412149,28.326440300784395,1,0.65
14,-34.46050133166163,9.587328409194532,-40.49958288594871,3.920505363835134,-38.312024037604616,-6.415986362924343,-19.6760883889382,-5.915953245314829,-25.876894749180018,4.694847678709841,-50.12408202825294,-0.7109034038742253,-31.83943877088465,18.10323513335895,-37.491544018899546,18.7818458602777,-37.23594600660496,25.809985226358496,-13.785744263807215,7.551573849878944,-35.01494394186174,28.280844547104234,1,0.7000000000000001
15,-34.60187261819995,9.549794327892798,-40.59521120114476,3.9097365773486197,-38.46085849894723,-6.367728958015314,-19.929515305044863,-5.866733514115814,-26.09499649947715,4.707491157625357,-50.12613717113836,-0.7100793971285743,-31.970724794829177,18.083500685740933,-37.73109414121891,18.59635095151458,-37.216656378161886,25.887822914182983,-13.985612000767112,7.593254311409795,-34.98216068817445,28.236025557054727,1,0.75
16,-34.73232267726539,9.51211482218099,-40.68107914952469,3.896810056933787,-38.600185291249666,-6.324127599819915,-20.182976002930882,-5.816128948808135,-26.31142645444792,4.722251096270809,-50.12804167527825,-0.7093157887831151,-32.08816683204017,18.065578200552252,-37.95505057942642,18.414510055859704,-37.19304606669199,25.95244191457347,-14.18069919077974,7.633937836635872,-34.94647584211577,28.190826653171595,1,0.8
17,-34.85216547384983,9.474293968972635,-40.75749740186428,3.881785524058957,-38.73029671871277,-6.285028832946512,-20.436367526582675,-5.764336455641551,-26.52597920406831,4.73907491702327,-50.12973098121023,-0.7086384638665254,-32.192001771155496,18.049443022301503,-38.16377914415369,18.236370310276254,-37.16527474647956,26.00415769062169,-14.371059148495108,7.6736355438059185,-34.90803714274184,28.14409115799053,1,0.8500000000000001
18,-34.96171497294522,9.436335845181254,-40.82477662893927,3.864722700192428,-38.85148508553742,-6.250279202003387,-20.689586919986684,-5.711552940865716,-26.73844933831432,4.757910042259879,-50.131140529471956,-0.7080733074074727,-32.28246650081295,18.035070495497255,-38.357645646032324,18.061978851727407,-37.133502091808886,26.043285705419432,-14.556745188563134,7.71235855116866,-34.86699232910885,28.09466239404728,1,0.9
19,-35.061285139543436,9.398244527720358,-40.883227501525404,3.8456813068025126,-38.964042695924434,-6.21972525159894,-20.94253122712932,-5.65797531073041,-26.948631447161976,4.778703894357698,-50.13220576060104,-0.7076462044345857,-32.35979790965032,18.02243596464809,-38.537015895693926,17.891382817176293,-37.09788777696425,26.0701414220584,-14.737810625633854,7.7501179769728905,-34.823489140272926,28.04138368387752,1,0.9500000000000001
20,-35.15118993863643,9.36002409350346,-40.933160690398466,3.824721065357523,-39.06826185407468,-6.19321352634151,-21.19509749199697,-5.603800471485342,-27.156320120587257,4.801403895693824,-50.132862115135126,-0.7073830399765564,-32.424232886305475,18.011514774262555,-38.70225570377011,17.724629343586106,-37.058591476229964,26.085040303630358,-14.9143087743572,7.786924939467325,-34.77767531529022,27.98309835001693,1,1.0
21,-35.23174333521607,9.321678619444107,-40.97488686633417,3.8019016973257873,-39.16443486418902,-6.170590570839439,-21.447182758576105,-5.549225329380246,-27.361309948566152,4.825957468645356,-50.13304503361184,-0.7073096990620183,-32.476008319416195,18.002282268849232,-38.85373088089246,17.56176556791999,-37.01577286389031,26.08829781322704,-15.086292949383145,7.822790556900736,-34.729698593216916,27.918649715001223,1,1.05
22,-35.30325929427432,9.283212182455804,-41.00871670010827,3.7772829241755876,-39.25285403046829,-6.151702929701038,-21.698684070853126,-5.494446790664829,-27.563395521074696,4.852312035589373,-50.13268995656881,-0.7074520667196489,-32.5153610976203,17.994713792916684,-38.9918072376926,17.40283862714112,-36.969591614229586,26.08022941394019,-15.25381646536166,7.857725947521865,-34.67970671310914,27.846881101366126,1,1.1
23,-35.366051780803076,9.244628859452083,-41.03496086249656,3.750924467375267,-39.33381165711336,-6.136397147534677,-21.94949847281444,-5.439661761588834,-27.762371428088862,4.880415018903003,-50.13173232454368,-0.707836027978077,-32.54252810955561,17.988784690973482,-39.11685058480213,17.24789565821264,-36.92020740153207,26.06115056886156,-15.416932636942697,7.891742229579482,-34.62784741402305,27.766635831647328,1,1.1500000000000001
24,-35.42043475979421,9.205932727346438,-41.05393002427474,3.722886048393117,-39.40760004832506,-6.124519768948721,-22.199523008446487,-5.385067148401963,-27.958032259584648,4.910213840963279,-50.130107578074046,-0.7084874678660088,-32.55774624385994,17.984470307528216,-39.229226732852645,17.09698379809775,-36.867779900082056,26.031376741082894,-15.57569477877627,7.924850521322342,-34.57426843501482,27.676757228380534,1,1.2000000000000002
25,-35.4667221962397,9.167127863052395,-41.065934856218604,3.693227388697428,-39.47451150830426,-6.115917338551487,-22.44865472173568,-5.330859857353975,-28.15017260553805,4.941655924147347,-50.12775115769759,-0.7094322714120878,-32.56125238917112,17.98174598708944,-39.32930149247576,16.95015018375957,-36.81246878416386,25.991223393695904,-15.730156205512303,7.957061940999165,-34.5191175151406,27.576088614101433,1,1.25
26,-35.505228055131425,9.128218343483498,-41.07128602910387,3.662008209756559,-39.53483834125181,-6.110436400951297,-22.696790656668437,-5.277236794694566,-28.338587055925114,4.974688690832283,-50.1245985039519,-0.7106963236449428,-32.55328343412694,17.980587074165708,-39.417440674303094,16.8074419521613,-36.75443372806174,25.94100598979239,-15.880370231800779,7.988387606858729,-34.46254239345652,27.463473311345766,1,1.3
27,-35.53626630146129,9.089208245553227,-41.0702942137063,3.629288233038784,-39.58887285136857,-6.107923500756552,-22.94382785723116,-5.224394866673478,-28.52307020072178,5.009259563395178,-50.120585057374626,-0.7123055095932656,-32.53407626736522,17.980968913265613,-39.49401008896623,16.66890624026609,-36.693834406060006,25.881039992464054,-16.026390172291684,8.018838637149779,-34.40469080901877,27.3377546426492,1,1.35
28,-35.5601509002212,9.050101646175163,-41.063270080801665,3.595127180012427,-39.63690734285537,-6.108225182575567,-23.1896633674103,-5.1725309795404115,-28.70341662990408,5.045315964213128,-50.1156462585034,-0.7142857142857094,-32.50386777752379,17.9828668488977,-39.559375547096764,16.5345901850371,-36.63083049244294,25.811640864802662,-16.168269341634982,8.048426150121088,-34.34571050088347,27.19777593054745,1,1.4000000000000001
29,-35.57719581640311,9.010902622262762,-41.0505243011657,3.5595847721458087,-39.67923411991308,-6.1111879910166715,-23.434194231192276,-5.121842039545126,-28.879420933448,5.082805315663213,-50.10975290186715,-0.7166486476161785,-32.462894853240456,17.98625622557059,-39.61390285932632,16.404540923437494,-36.565581661494846,25.733124069899937,-16.30606105448059,8.077161264021353,-33.35657357958122,26.827016120416488,1,1.4500000000000002
30,-35.5877150149989,8.971615250729585,-41.03236754557414,3.5227207309072175,-39.716145486742555,-6.11665847068825,-23.67731749256347,-5.072524952937325,-29.050877701329565,5.121675040122551,-50.10301719795998,-0.7193493189396563,-32.41139438315303,17.9911123877928,-39.657957836286506,16.27880559243045,-36.49824758750001,25.645805070847658,-16.43981862547856,8.105055097099381,-32.39696313354173,26.46732376730435,1,1.5
31,-35.592022461000504,8.932243608489118,-41.009110484802775,3.484594777764981,-39.747933747544636,-6.124483166198629,-23.91893019551035,-5.024776625966751,-29.217581523524732,5.1618725599682085,-50.09558671126733,-0.7223285624763145,-32.34960325589933,17.997410680072928,-39.691906288608926,16.15743132897911,-36.42898794474271,25.54999933073752,-16.569595369278826,8.132118767603906,-31.466879162765,26.118698871211066,1,1.55
32,-35.59043211939981,8.89279177245493,-40.98106378962733,3.4452666341874068,-39.77489120652019,-6.134508622156115,-24.158929384019327,-4.978793964883092,-29.37932699000954,5.203345297577296,-50.08760900627459,-0.7255272124463588,-32.27775836011718,18.005126446919526,-39.71611402692518,16.040465270046653,-36.35796240750726,25.446022312661317,-16.695444600531317,8.158363393783663,-30.56632166725102,25.781141432136604,1,1.6
33,-35.58325795518875,8.8532638195405,-40.94853813082356,3.4047960216427975,-39.79731016787006,-6.146581383169097,-24.397212102076786,-4.934773875936114,-29.535908690759975,5.246040675326903,-50.07923164746718,-0.7288861030700141,-32.196096584444376,18.014235032841178,-39.73094686186686,15.927954552596239,-36.28533065007794,25.33418947971077,-16.817419633886068,8.183800093887438,-29.695290646999794,25.454651450080977,1,1.6500000000000001
34,-35.57081393335923,8.813663826659354,-40.911844179167225,3.3632426615994806,-39.81548293579509,-6.1605479938459276,-24.633675393669176,-4.8929132653755225,-29.68712121575203,5.289906115594118,-50.07060219933053,-0.7323460685674815,-32.104854817518756,18.024711782346444,-39.7367706040656,15.819946313591053,-36.21125234673905,25.21481629497761,-16.93557378399301,8.208439986163963,-28.85378610201132,25.139228925044204,1,1.7000000000000002
35,-35.55341401890317,8.773995870725026,-40.871292605434064,3.3206662755257543,-39.82970181449614,-6.17625499879491,-24.8682163027829,-4.853409039451037,-29.832759154961707,5.3348890407560345,-50.06186822635004,-0.7358479431589954,-32.00426994797811,18.036532039943896,-39.733951064152976,15.716487689994205,-36.13588717177487,25.0882182215536,-17.049960365502137,8.232294188861992,-28.041808032285594,24.834873857026235,1,1.75
36,-35.53137217681246,8.734264028651026,-40.82719408039985,3.2771265848899493,-39.840259108174074,-6.1935489426244175,-25.100731873404424,-4.8164581044124,-29.972617098365028,5.380936873189736,-50.05317729301114,-0.7393325610647034,-31.89457886446029,18.049671150142125,-39.72285405276062,15.617625818768907,-36.05939479946968,24.954710722530454,-17.160632693063402,8.255373820230282,-27.259356437822625,24.541586246027123,1,1.8
37,-35.505002372079055,8.694472377350877,-40.77985927484031,3.232683311160355,-39.84744712102974,-6.2122763699427885,-25.331119149520113,-4.782257366509302,-30.106489635937965,5.427997035272347,-50.044676963799226,-0.7427407565048404,-31.776018455603065,18.064104457449666,-39.703845380520114,15.523407836878294,-35.9819349041078,24.814609260999973,-17.26764408132676,8.277689998517571,-26.506431318622408,24.259366092046832,1,1.85
38,-35.474618569694826,8.654624993738103,-40.729598859531215,3.187396175805264,-39.851558157263966,-6.23228382535836,-25.55927517511642,-4.7510037319915,-30.23417135765652,5.476016949380925,-50.036514803199715,-0.746013363699636,-31.64882561004429,18.079807306375105,-39.67729085806308,15.43388088128556,-35.90366715997353,24.668229300053852,-17.3710478449422,8.299253841972641,-25.783032674684954,23.98821339508537,1,1.9000000000000001
39,-35.4405347346517,8.614725954726232,-40.67672350524832,3.1413249002930335,-39.85288452107764,-6.253417853479487,-25.785096994179742,-4.7228941071087425,-30.355456853496708,5.524944037892571,-50.02883837569804,-0.7490912168692816,-31.513237216421754,18.096755041427024,-39.64355629602111,15.349092088953839,-35.82475124135111,24.515886302783855,-17.47089729855968,8.3200764688442,-25.089160506010238,23.72812815514276,1,1.9500000000000002
40,-35.403064831941606,8.574779337228751,-40.62154388276735,3.094529206091936,-39.851718516671596,-6.275524998914525,-26.008481650696506,-4.698125398110682,-30.470140713434517,5.5747257231843905,-50.02179524577959,-0.7519151502339826,-31.369490163373293,18.114923007113966,-39.603007505025815,15.269088596846322,-35.74534682252488,24.357895732281722,-17.5672457568292,8.34016899738106,-24.42481481259829,23.47911037221897,1,2.0
41,-35.36252282655644,8.5347892181592,-40.56437066286407,3.047068814670333,-39.84835244824669,-6.298451806271761,-26.229326188653147,-4.676894511247114,-30.578017527445947,5.625309427633485,-50.0155329779298,-0.7544259980139353,-31.217821339536705,18.13428654794454,-39.55601029570881,15.193917541926144,-35.665613577779105,24.1945730516392,-17.66014653440068,8.359542545831896,-23.78999559444909,23.241160046314018,1,2.0500000000000003
42,-35.31922268348812,8.494759674431114,-40.50551451631425,2.999003447496479,-39.84307862000377,-6.3220448201596255,-26.447527652036065,-4.6593983527677185,-30.678881885507007,5.676642573616914,-50.01019913663408,-0.7565645944293741,-31.058467633549817,18.154821008427266,-39.50293047870167,15.123626061156498,-35.585711181398096,24.026233723948014,-17.749652945924144,8.37820823244553,-23.184702851562637,23.014277177427925,1,2.1
43,-35.27347836772855,8.454694782957993,-40.445286113893616,2.950392826038715,-39.836189336143704,-6.346150585186402,-26.66298308483171,-4.6458338289222425,-30.772528377593694,5.728672583511787,-50.00594128637783,-0.7582717737004563,-30.891665934050447,18.176501733070754,-39.444133864636036,15.058261291500525,-35.50579930766613,23.853193212299946,-17.835818306049507,8.396177175470683,-22.60893658393895,22.798461765560635,1,2.15
44,-35.22560384426967,8.414598620653358,-40.38399612637793,2.9012966717653406,-39.82797690086732,-6.370615645960459,-26.875589531026474,-4.636397845960406,-30.858751593682012,5.781346879695207,-50.0029069916465,-0.7594883700474652,-30.717653129676375,18.19930406638355,-39.37998626414349,14.997870369921394,-35.4260376308675,23.67576697978671,-17.91869592942677,8.41346049315611,-22.06269679157801,22.593713810712202,1,2.2
45,-35.175913078103356,8.374475264430748,-40.32195522454295,2.8517747061446763,-39.81873361837549,-6.395286547090105,-27.085244034606788,-4.631287310131911,-30.937346123747947,5.834612884544267,-50.00124381692547,-0.7601552176905286,-30.53666610906547,18.22320335287425,-39.31085348785564,14.942500433382284,-35.3465858252865,23.494270489500067,-17.9983391307059,8.430069303750564,-21.54598347447982,22.40003331288258,1,2.25
46,-35.124720034221546,8.334328791203658,-40.259474079164406,2.801886650645026,-39.808751792869074,-6.420009833183766,-27.291843639559048,-4.630699127686537,-31.008106557767487,5.888418020436042,-50.001099326700164,-0.7602131508499107,-30.348941760855507,18.248174937051406,-39.237101346404096,14.892198618846344,-35.26760356520742,23.309019204531726,-18.074801224536845,8.446014725502799,-21.058796632644384,22.21742027207182,1,2.3000000000000003
47,-35.07233867761616,8.294163277885609,-40.19686336101808,2.751692226734702,-39.798323728548894,-6.444632048849713,-27.49528538986973,-4.634830204873955,-31.07082748571667,5.9427097097476285,-50.002621085456006,-0.7596030037458025,-30.15471697368434,18.274194163423566,-39.159095650420475,14.847012063276727,-35.18925052491457,23.120328587973493,-18.148135525569618,8.461307876661575,-20.60113626607171,22.045874688279877,1,2.35
48,-35.01908297327908,8.25398280139016,-40.13443374087971,2.701251155882021,-39.787741729615824,-6.468999738696303,-27.695466329525217,-4.643877447943923,-31.125303497571476,5.9974353748561375,-50.005956657678404,-0.7582656105984191,-29.954228636189736,18.301236376499347,-39.07720221053635,14.80698790363661,-35.11168637869222,22.928514102917063,-18.218395348454152,8.475959875475617,-20.173002374761776,21.88539656150678,1,2.4000000000000004
49,-34.965266886202244,8.213791438630786,-40.072495889525044,2.650623159555297,-39.77729810027072,-6.492959447331889,-27.8922835025119,-4.658037763146154,-31.17132918330791,6.052542438138631,-50.01125360785277,-0.7561418056279181,-29.74771363700954,18.329276920787283,-38.991786837383366,14.772173276889164,-35.035070800824656,22.733891212454193,-18.285634007840425,8.48998184019371,-19.774394958714616,21.735985891752502,1,2.45
50,-34.91120438137755,8.17359326652102,-40.01136047772984,2.5998679592228173,-39.76728514471442,-6.516357719364825,-28.085633952816263,-4.67750805673035,-31.208699132901955,6.107978321972234,-50.01865950046452,-0.7531724230545822,-29.535408864781562,18.358291140795977,-38.903215341593096,14.74261531999755,-34.959563465596176,22.536775379676627,-18.349904818378416,8.503384889064586,-19.405314017930188,21.597642679017078,1,2.5
51,-34.857209423796924,8.133392361974394,-39.951338176269836,2.549045276352923,-39.75799516714779,-6.539041099403452,-28.275414724424675,-4.702485234946277,-31.237207936329632,6.163690448734022,-50.028321899999085,-0.7492982970985449,-29.317551208143623,18.388254381033956,-38.811853533797155,14.718361169924917,-34.88532404729109,22.33748206767611,-18.411261094718068,8.516180140337013,-19.065759552408515,21.470366923300475,1,2.5500000000000003
52,-34.80359597845227,8.09319280190442,-39.892739655920806,2.4982148324139137,-39.74972047177167,-6.560856132056106,-28.461522861323594,-4.733166204043646,-31.256650183566915,6.219626240801088,-50.04038837094186,-0.7444602619800792,-29.094377555733526,18.419141986009812,-38.718067224627156,14.699457963634435,-34.81251222019367,22.136326739544383,-18.469756151509376,8.528378712259716,-18.755731562149606,21.354158624602707,1,2.6
53,-34.75067801033551,8.052998663224617,-39.83587558745848,2.4474363488740867,-39.74275336278692,-6.581649361931128,-28.643855407499423,-4.769747870272168,-31.26682046458985,6.275733120550534,-50.05500647777826,-0.7385991519193379,-28.8661247961891,18.450929300232122,-38.6222222247147,14.685952838089312,-34.74128765858821,21.9336248583732,-18.525443303402312,8.539991723081478,-18.475230047153435,21.24901778292378,1,2.6500000000000004
54,-34.69876948443855,8.012814022848499,-39.78105664165862,2.3967695472017776,-39.737386144394385,-6.601267333636868,-28.822309406938565,-4.8124271398815734,-31.267513369374388,6.331958510359443,-50.072323784993706,-0.7316558011365748,-28.633029818148138,18.483591668209446,-38.52468434469138,14.677892930252632,-34.67181003675901,21.72969188725429,-18.57837586504682,8.551030291051045,-18.22425500742005,21.15494439826368,1,2.7
55,-34.6481843657533,7.972642957689595,-39.728593489297,2.3462741488652816,-39.73391112079494,-6.619556591781663,-28.996781903627493,-4.861400919121588,-31.258523487896543,6.388249832604922,-50.09248785707362,-0.7235710438519376,-28.395329510248484,18.51710443445035,-38.42581939518881,14.67532537708761,-34.60423902899036,21.524843289279417,-18.62860715109288,8.561505534417165,-18.00280644294939,21.07193847062242,1,2.75
56,-34.59923661927167,7.932489544661426,-39.67879680114933,2.2960098753329046,-39.73262059618941,-6.636363680973905,-29.167169941552537,-4.916866114241962,-31.23964541013232,6.4445545096640435,-50.1156462585034,-0.7142857142857094,-28.153260761127935,18.551442943463424,-38.325993186838595,14.6782973155574,-34.538734309566536,21.319394527540304,-18.676190476190477,8.571428571428566,-17.8108843537415,20.999999999999986,1,2.8000000000000003
57,-34.552171024833946,7.892357125222403,-39.63186156120405,2.246026913943029,-39.73371266701691,-6.6515997403462315,-29.333437548823113,-4.9789268427373194,-31.21081172292703,6.500767194557253,-50.14181361336763,-0.7037939489310034,-27.907135988402224,18.586568051847593,-38.22555067796589,14.686775519153528,-34.47543902372894,21.113609641408047,-18.721179154989567,8.580810520334044,-17.868971294399305,20.99062479721737,1,2.85
58,-34.50695562167358,7.852246099010421,-39.58752000630021,2.196337315514213,-39.73700859866956,-6.665434287128923,-29.49581669004006,-5.047316067082234,-31.17250700060305,6.556571462878199,-50.17047278414745,-0.6923030933729174,-27.657569725598673,18.62238266456323,-38.124753417669986,14.700405307480855,-34.414430200547194,20.907546975371037,-18.76362650214012,8.589662499382317,-17.93320732089855,20.980135221495036,1,2.9000000000000004
59,-34.46348926387251,7.812156130208311,-39.545388686489545,2.146943596735147,-39.742235448777684,-6.6781014330765585,-29.6546063139272,-5.121673960996103,-31.125353814352138,6.611598120863918,-50.2009736929232,-0.6800737954694569,-27.40525203522255,18.65877519866112,-38.023842102743686,14.718751636672618,-34.35576834004809,20.701213450197045,-18.80358583229211,8.597995626822149,-18.002779625837974,20.968538066911236,1,2.95
60,-34.42167080551258,7.77208688299886,-39.50508415182375,2.097848274294406,-39.74912027497164,-6.689835289943719,-29.810105369208316,-5.2016406981984025,-31.06997473536599,6.665477974751442,-50.232666261775165,-0.6673667030786657,-27.150872979779077,18.695634071192018,-37.92305742997987,14.741379462862124,-34.29951394225835,20.4946159866538,-18.841110460095482,8.605821020902312,-18.076875401816206,20.955840127544118,1,3.0
61,-34.381399100675665,7.732038021564904,-39.466222952354606,2.049053864880669,-39.75739013488178,-6.700869969484974,-29.962612804607232,-5.286856452408614,-31.006992334836337,6.717841830777761,-50.264900412783675,-0.6544424640585592,-26.8951226217735,18.732847699206655,-37.82264009617134,14.767853742182544,-34.24572750720473,20.28776150550906,-18.876253700200245,8.613149799871529,-18.154681841431906,20.942048197471905,1,3.0500000000000003
62,-34.34257300344361,7.6920092100892,-39.42842163813377,2.0005628851825557,-39.76677208613847,-6.711439583454967,-30.11242756884771,-5.376961397346175,-30.937029183954866,6.76832049517989,-50.29702606802903,-0.6415617262671668,-26.638691023711115,18.770304499755802,-37.722830798110955,14.797739430767152,-34.19446953491396,20.080656927530566,-18.90906886725636,8.61999308197855,-18.23538613728376,20.92716907077282,1,3.1
63,-34.30509136789833,7.652000112754624,-39.39129675921303,1.9523778518886972,-39.77699318637204,-6.721778243608244,-30.2598486106536,-5.47159570673053,-30.860707853913333,6.816544774194873,-50.32839314959156,-0.6289851375625375,-26.382268248097095,18.807892889890255,-37.62387023259153,14.830601484749186,-34.1458005254128,19.87330917348606,-18.939609275913753,8.626361985472148,-18.31817548197046,20.911209541525,1,3.1500000000000004
64,-34.268853048121635,7.612010393743926,-39.35446486564405,1.9045012816877547,-39.78778049321287,-6.732120061699432,-30.40517487874866,-5.570399554281158,-30.778650915903416,6.862145474059698,-50.35835157955157,-0.6169733458026815,-26.12654435743672,18.845501286660696,-37.52599909640589,14.866004860261887,-34.099780978728006,19.665725164143296,-18.967928240822445,8.632267628601074,-18.402237068090617,20.89417640380671,1,3.2
65,-34.23375689819543,7.572039717239933,-39.317542507478585,1.856935691268361,-39.79886106429129,-6.7426991494830775,-30.54870532185668,-5.673013113717514,-30.691480941116865,6.904753401011372,-50.38625127998935,-0.6057869988456187,-25.87220941423524,18.88301810711795,-37.42945808634689,14.903514513438488,-34.05647139488631,19.457911820270027,-18.994079076632367,8.637721129614079,-18.48675808824296,20.876076451696065,1,3.25
66,-34.199701772201564,7.53208774742544,-39.28014623476837,1.8096835973191336,-39.80996195723766,-6.753749618713812,-30.690738888701496,-5.7790765587590505,-30.599820500745373,6.943999361286962,-50.411442172985254,-0.5956867445493885,-25.619953480997893,18.920331768312742,-37.334487899207375,14.942695400412253,-34.01593227391446,19.249876062633977,-19.01811509799353,8.642733606759904,-18.57092573502612,20.856916479271344,1,3.3000000000000003
67,-34.1665865242219,7.492154148483279,-39.241892597565105,1.7627475165287343,-39.82081022968232,-6.765505581146204,-30.831574528006875,-5.888230063125223,-30.50429216598066,6.979514161123408,-50.433274180619556,-0.5869332307720251,-25.37046662022994,18.957330687295833,-37.241329231780156,14.983112477316395,-33.978224115839204,19.041624812002908,-19.040089619555886,8.64731617828729,-18.653927201038762,20.836703280610674,1,3.35
68,-34.134310008338325,7.452238584596213,-39.20239814592052,1.7161299655857705,-39.83113293925564,-6.778201148534879,-30.971511188496635,-6.000113800535509,-30.405518508014428,7.0109286067577745,-50.45109722497259,-0.5797871053715775,-25.124438894436594,18.99390328111798,-37.15022278085806,15.024330700284175,-33.94340742068729,18.833164989144578,-19.060055955969382,8.651479962445023,-18.734949678879566,20.8154436497923,1,3.4000000000000004
69,-34.102771078632685,7.412340719947088,-39.16127942988634,1.6698334611789276,-39.840657143587975,-6.792070432634387,-31.110847818894566,-6.114367944709325,-30.30412209803844,7.0378735044270515,-50.46426122812467,-0.5745090162060174,-24.882560366123133,19.029937966829948,-37.06140924323394,15.065915025448826,-33.91154268848547,18.624503514826703,-19.078067421884,8.655236077481845,-18.813180361147214,20.793144380894393,1,3.45
70,-34.07186858918686,7.3724602187186985,-39.11815299951429,1.6238605199968048,-39.84910990030966,-6.807347545199331,-31.24988336792447,-6.23063266936617,-30.20072550724437,7.059979660368262,-50.47211611215609,-0.5713596111334129,-24.64552109779478,19.065323161482485,-36.97512931570063,15.1074304089436,-33.88269041926048,18.415647309817054,-19.09417733194972,8.65859564164649,-18.887806440440357,20.769812267995164,1,3.5
71,-34.04150139408274,7.332596745093855,-39.0726354048561,1.5782136587280533,-39.85621826705105,-6.824266597984327,-31.388916784310137,-6.3485481482254995,-30.095951306823935,7.076877880818432,-50.47401179914718,-0.5705995380117695,-24.414011151956796,19.09994728212635,-36.89162369505095,15.148441806901715,-33.85691111303907,18.206603294883365,-19.10843900081651,8.661569773187715,-18.95801510935767,20.74545410517281,1,3.5500000000000003
72,-34.01156834740215,7.292749963255357,-39.02434319596349,1.5328953940613101,-39.861709301442495,-6.843061702743925,-31.528247016775406,-6.4677545550067235,-29.99042206796888,7.088198972014575,-50.46929821117824,-0.5724894446991411,-24.188720591114425,19.133698745812328,-36.81113307807775,15.188514175456456,-33.834265269848,17.99737839079342,-19.12090574313434,8.664169590354295,-19.02299356049784,20.720076686505518,1,3.6
73,-33.981968303226985,7.2529195373860045,-38.97289292288817,1.4879082426851982,-39.86531006111437,-6.863966971232743,-31.668173014044005,-6.587892063429361,-29.88476036187088,7.093573740193693,-50.457325270329605,-0.5772899790535521,-23.97033947777289,19.166465969591115,-36.733898161573855,15.227212470741033,-33.81481338971398,17.78797951831488,-19.131630873553142,8.666406211394962,-19.081928986459495,20.693686806071483,1,3.6500000000000004
74,-33.95260011563909,7.213105131668595,-38.91790113568188,1.4432547212883877,-39.866747603697,-6.887216515205388,-31.808993724839777,-6.708600847212843,-29.779588759721683,7.092632991592799,-50.43744289868155,-0.5852617889330276,-23.75955787443747,19.19813737051354,-36.660159642332104,15.264101648888685,-33.7986159726638,17.57841359821558,-19.14066770672294,8.668290754558482,-19.13400857984133,20.666291257948913,1,3.7
75,-33.92336263872034,7.173306410285973,-38.85898438439634,1.3989373465594974,-39.865748986820755,-6.913044446416407,-31.95100809788653,-6.829521080076618,-29.675529832712993,7.085007532448912,-50.40900101831442,-0.596665522195592,-23.557065843613376,19.22860136563034,-36.59015821714532,15.298746666032658,-33.785733518724186,17.368687551263232,-19.148069557293688,8.669834338093585,-19.178419533241996,20.637896836215987,1,3.75
76,-33.894154726552614,7.13352303742091,-38.79575921908327,1.354958635187159,-39.862041268115966,-6.941684876620412,-32.094515081908035,-6.950292935740149,-29.573206152036537,7.070328168999053,-50.371349551308526,-0.6117618266992608,-23.36355344780587,19.257746371992226,-36.524134582806354,15.330712478306218,-33.77622652792188,17.158808298225573,-19.153889739915325,8.671048080249047,-19.214349039260192,20.60851033495091,1,3.8000000000000003
77,-33.864875233217774,7.0937546772562365,-38.72784218979439,1.3113211038600197,-39.855351505213015,-6.973371917572021,-32.23981362562809,-7.070556587922912,-29.473240288884007,7.048225707480239,-50.32383841974415,-0.6308113503020778,-23.17971074952022,19.28546080664999,-36.46232943610803,15.359564041842537,-33.770155500283636,16.94878275987034,-19.158181569237886,8.671943099273612,-19.240984290494552,20.5781385482319,1,3.85
78,-33.83542301279769,7.054000993974735,-38.654849846581435,1.268027269266716,-39.845406755742225,-7.0083396810257845,-32.387202677770524,-7.189952210344347,-29.376254814447144,7.018330954129485,-50.26581754570164,-0.6540747408620823,-23.006227811261645,19.311633086654407,-36.404983473843174,15.384866312774939,-33.76758093583619,16.738617856965334,-19.160998359911236,8.672530513416014,-19.25751247954377,20.546788270137135,1,3.9000000000000004
79,-33.80569691937421,7.014261651759214,-38.57639873949612,1.225079648095871,-39.831934077333976,-7.046822278736319,-32.53698118705912,-7.308119976723893,-29.282872299917646,6.9802747151837785,-50.19663685126128,-0.6818126462372748,-22.84379469553539,19.336151629056197,-36.352337392804635,15.406184247236633,-33.768563334606306,16.528320510278245,-19.16239342658544,8.672821440925029,-19.26312079900652,20.5144662947448,1,3.95
80,-33.77559580702923,6.974536314792509,-38.49210541859018,1.1824807570361504,-39.81466052761859,-7.089053822458205,-32.68944810221765,-7.424700060781061,-29.193715316487236,6.933687796880161,-50.1156462585034,-0.7142857142857094,-22.693101464846702,19.35890485090615,-36.304631889785234,15.423082801360849,-33.77316319662072,16.317897640576845,-19.162420083910437,8.672827000049418,-19.25699644148144,20.481179416133102,1,4.0
81,-33.745036280872576,6.934823717743865,-38.40194024268482,1.140210673017326,-39.7935418262872,-7.135040610614589,-32.84474749974752,-7.539412219497245,-29.109326803870893,6.878327143026193,-50.02252335225131,-0.7516360457803385,-22.554659753183607,19.379809342451495,-36.262042626537124,15.43522638410135,-33.781419413444404,16.10737794645134,-19.161131646536173,8.6725583090379,-20.3668457354124,19.41777826137373,1,4.05
82,-33.71400595012615,6.895118877228409,-38.30728880567931,1.0981597139337032,-39.76944834127397,-7.183877688302759,-33.002403967260314,-7.652294542901765,-29.029931175876595,6.814454247711648,-49.918256368300334,-0.7935315531538074,-22.42826748046505,19.398894386725356,-36.22448512464953,15.442677215693914,-33.79328444279508,15.896877237781721,-19.158581429112626,8.672026486139245,-21.451012566343323,18.378984736641822,1,4.1000000000000005
83,-33.68251017503975,6.8554158803477305,-38.20989051024241,1.056195757920718,-39.74347910257382,-7.234432287288592,-33.16178722014523,-7.763464704285919,-28.955673214835567,6.742456742596854,-49.80416120518879,-0.8395216017537092,-22.313544138092823,19.41621743995738,-36.191809870671044,15.445596969194805,-33.808689133928766,15.686533102270493,-19.154822746289803,8.671242649602208,-22.50949693427418,17.364798841937407,1,4.15
84,-33.65055431586327,6.815708814203427,-38.11148475904284,1.0141866831138444,-39.716733140181674,-7.285571639337892,-33.32226697379146,-7.873040376941025,-28.886697703079058,6.662722259342132,-49.68155376145499,-0.8891555569276557,-22.210109217468677,19.431835958377196,-36.16386735115021,15.444147317660315,-33.82756433610143,15.476483127620108,-19.149908912717635,8.670217917675545,-23.542298839204975,16.375220577260517,1,4.2
85,-33.61814373284653,6.775991765897065,-38.01381095474937,0.9720003676485516,-39.69030948409246,-7.336162976216543,-33.48321294358816,-7.981139234158341,-28.823149422938307,6.575638429607813,-49.551749935637275,-0.9419827840232106,-22.117582209994335,19.44580739821441,-36.1405080526356,15.438489934146707,-33.84984089856905,15.266864901533028,-19.143893243046097,8.668963408607986,-24.54941828113572,15.41024994261108,1,4.25
86,-33.58528378623939,6.736258822530251,-37.918608500030736,0.9295046896602702,-39.665307164301105,-7.385073529690395,-33.64399484492452,-8.087878949229195,-28.76517315674455,6.481592885054213,-49.41606562627395,-0.9975526483879569,-22.035582607071557,19.458189215698663,-36.12158246167577,15.428786491710294,-33.8754496705876,15.057816011711743,-19.136829051925165,8.667490240648322,-25.530855260066424,14.469886937989157,1,4.3
87,-33.551979836291686,6.696504071204576,-37.82761679755572,0.8865675272844501,-39.642825210802535,-7.431170531525307,-33.80398239318972,-8.193377195444864,-28.712913686829015,6.380973257341669,-49.27581673190335,-1.055414515369526,-21.963729900102116,19.46903886705957,-36.10694106481928,15.415198663407324,-33.90432150141303,14.849474045858722,-19.128769654004806,8.665809532045264,-26.486609775997056,13.554131563394716,1,4.3500000000000005
88,-33.51823724325329,6.656721599021596,-37.742575249993045,0.8430567586565849,-39.62396265359167,-7.473321213487114,-33.96254530377295,-8.297751646096632,-28.666515795522958,6.274167178130494,-49.132319151063776,-1.1151177503154672,-21.901643580487743,19.478413808526753,-36.09643434861468,15.397888122294106,-33.93638724030135,14.64197659167642,-19.119768363934984,8.663932401047573,-27.416681828927636,12.662983818827744,1,4.4
89,-33.48406136737403,6.6169054930829425,-37.665223260011466,0.7988402619120759,-39.60981852266343,-7.510392807341665,-34.11905329206339,-8.401119974475812,-28.626124265157603,6.161562279081028,-48.98688878229358,-1.1762117185733874,-21.848943139630183,19.486371496329866,-36.089912799610545,15.377016541426896,-33.97157773650853,14.43546123686734,-19.10987849636568,8.661869965904033,-28.321071418858175,11.796443704288288,1,4.45
90,-33.44945756890377,6.577049840490171,-37.59730023027974,0.7537859151864071,-39.601491848012756,-7.541252544854796,-34.272876073450206,-8.50359985387369,-28.59188387806418,6.043546191853582,-48.84084152413106,-1.2382457854908653,-21.805248068931192,19.492969386698494,-36.08722690435542,15.352745593861997,-34.009823839290526,14.23006556913392,-19.099153365946858,8.659633344863371,-29.199778545788636,10.954511219776313,1,4.5
91,-33.41443120809235,6.537148728344893,-37.54054556346663,0.7077615966150285,-39.60008165963456,-7.564767657792395,-34.42338336332259,-8.605308957581585,-28.56393941657395,5.920506548108498,-48.69549327511454,-1.3007693164154928,-21.770177859792526,19.498264935862295,-36.08822714939787,15.325236952655663,-34.051056397903324,14.025927176178662,-19.087646287328482,8.657233656174334,-30.052803209719052,10.137186365291834,1,4.55
92,-33.37898764518964,6.497196243748686,-37.49669866224087,0.6606351843333945,-39.60668698752378,-7.579805377920271,-34.56994487706974,-8.706364958890747,-28.54243566301815,5.792830979506098,-48.55215993378235,-1.3633316766948684,-21.74335200361595,19.502315600050892,-36.09276402128646,15.294652290864207,-34.095206261602925,13.823183645704006,-19.07541057516054,8.654682018085687,-30.8801454106494,9.344469140834837,1,4.6000000000000005
93,-33.34313224044545,6.457186473803125,-37.4674989292712,0.6122745564769457,-39.62240686167532,-7.585232937004336,-34.71193033008081,-8.806885531092517,-28.52751739972799,5.660907117706689,-48.41215739867282,-1.425482231676594,-21.724389991803168,19.505178835493872,-36.10068800656975,15.261153281543864,-34.14220427964528,13.621972565412444,-19.06249954409296,8.651989548846155,-31.681805148579716,8.576359546405332,1,4.65
94,-33.30687035410966,6.417113505609822,-37.4546857672264,0.5625475911811657,-39.64834031208414,-7.579917566810337,-34.848709437745,-8.906988347478118,-28.51932940903473,5.525122594370612,-48.276801568324245,-1.4867703467082136,-21.71291131575599,19.506912098420912,-36.11184959179629,15.224901597750966,-34.19198130128636,13.422431523006463,-19.048966508775774,8.649167366704546,-32.45778242350997,7.832857582003311,1,4.7
95,-33.2702073464321,6.376971426270348,-37.45999857877521,0.5113221665814754,-39.685586368745135,-7.562726499104236,-34.97965191545147,-9.006791081338967,-28.51801647326959,5.385865041158204,-48.14740834127498,-1.546745387137359,-21.70853546687611,19.507572845061596,-36.12609926351465,15.18605891254176,-34.244468175782146,13.224698106188491,-19.03486478385889,8.64622658990956,-33.20807723544015,7.113963247628794,1,4.75
96,-33.23314857766265,6.336754322886295,-37.48517676658639,0.45846616081335384,-39.73524406165323,-7.5325269656518055,-35.10412747858944,-9.106411405966234,-28.52372337476384,5.243522089729756,-48.025293616063315,-1.6049567183115894,-21.71088193656532,19.507218531645567,-36.143287508273374,15.144786898972535,-34.29959575238862,13.028909902661018,-19.0202476839923,8.643178336709981,-33.93268958437028,6.419676543281756,1,4.800000000000001
97,-33.19569940805113,6.296456282559261,-37.53195973332867,0.40384745201225086,-39.79841242080337,-7.488186198218916,-35.22150584254805,-9.205966994651266,-28.53659489584869,5.098481371745634,-47.91177329122759,-1.6609537055785164,-21.71957021622536,19.505906614402466,-36.16326481262104,15.101247230099588,-34.35729488036177,12.835204500126544,-19.005168523825983,8.64003372535454,-34.631619470300365,5.749997468962216,1,4.8500000000000005
98,-33.15786519784738,6.256071392390832,-37.602086881670814,0.3473339183135923,-39.87619047619047,-7.428571428571421,-35.33115672271649,-9.305575520685402,-28.55677581885537,4.951130518866136,-47.80816326530612,-1.714285714285718,-21.734219797257953,19.503694549561885,-36.18588166310621,15.055601578979172,-34.41749640895755,12.64371948628751,-18.989680618009913,8.636803874092006,-35.304866893230404,5.104926024670165,1,4.9
99,-33.119669172376305,6.215598332954492,-37.69673050414735,0.28885544455712875,-39.96936284268412,-7.352830822240605,-35.43260598504061,-9.40530010401648,-28.584319378682235,4.801848820214922,-47.715473576238075,-1.7645610881198264,-21.754450171064885,19.500639793353482,-36.210988546277406,15.008011618667581,-34.48013118743193,12.454592448846396,-18.97383728119404,8.633499901171115,-35.95243185316036,4.484462210405588,1,4.95
100,-33.081206017262815,6.175054158711479,-37.814794452755834,0.22858994239958688,-40.07745647465253,-7.261236279819312,-35.52600409769283,-9.504985651218977,-28.618912620495962,4.6509821947689565,-47.63349081956595,-1.8116240841235294,-21.779880829047894,19.49679980200686,-36.23843594868324,14.958639022221107,-34.545130065040915,12.267960975505675,-18.957691828028327,8.630132924840634,-36.57431435009029,3.88860602616851,1,5.0
101,-33.04258828320685,6.134460517594937,-37.95461546935966,0.16677733020194097,-40.199683911338575,-7.154340635665858,-35.611657679402214,-9.604422515523902,-28.660151042030318,4.498868218968481,-47.561695730233126,-1.8553779376786408,-21.810131262608728,19.49223203175164,-36.26807435687224,14.907645462696014,-34.61242389104045,12.083962653967815,-18.941297573162785,8.626714063349311,-37.170514384020144,3.31735747195893,1,5.050000000000001
102,-33.00392852090838,6.09383905753796,-38.114530295822156,0.103657526325199,-40.335257691985156,-7.032696724138539,-35.68987334889789,-9.703401050162316,-28.707630141019074,4.345844469253824,-47.499569043182944,-1.8957258841669073,-21.844820963149136,19.48699393881747,-36.29975425739297,14.855192613148567,-34.681943514686544,11.902735071935288,-18.924707831247336,8.623254434945885,-37.741031954949946,2.770716547776834,1,5.1000000000000005
103,-32.96533928106736,6.053211426473715,-38.29287567400668,0.03947044913034972,-40.48339035583513,-6.896857379595647,-35.760957724908906,-9.801711608365258,-28.760945415196,4.192248522065209,-47.44659149335876,-1.9325711589700703,-21.883569422070895,19.481142979433965,-36.333326136794,14.80144214663509,-34.75361978523514,11.724415817110572,-18.907975916931978,8.619765157879142,-38.285867062879696,2.2486832536222217,1,5.15
104,-32.92693311438373,6.012599272335311,-38.4879883457766,-0.025543983021593986,-40.643294442131385,-6.747375436395483,-35.82521742616435,-9.89914454336381,-28.8196923622949,4.038417953842957,-47.40224381570392,-1.9658169974698905,-21.925996130775697,19.47473660983073,-36.36864048162387,14.746555736211825,-34.82738355194224,11.54914247719612,-18.891155144866648,8.616257350397781,-38.80501970780939,1.751257589495108,1,5.2
105,-32.888822571557455,5.972024243055894,-38.69820505299524,-0.09114585176966272,-40.8141824901168,-6.584803728896318,-35.882959071393316,-9.99549020838896,-28.883466480049528,3.8846903410273383,-47.36600674516179,-1.9953666350481722,-21.971720580665348,19.467832286237435,-36.40554777843116,14.690695054935066,-34.90316566406381,11.37705263989443,-18.87429882970137,8.612742130750597,-39.298489889739024,1.2784395553954684,1,5.25
106,-32.85112020328846,5.9315079865686124,-38.92186253752598,-0.15709523875288225,-40.99526703903427,-6.409695091456481,-35.93448927932487,-10.09053895667179,-28.951863266193644,3.7314032600586042,-47.33736101667572,-2.021123307086633,-22.02036226314158,19.460487464883656,-36.443898513764424,14.634021775861125,-34.980896970855824,11.208283892907966,-18.857460286086063,8.60923061718633,-39.76627760866861,0.8302291513233467,1,5.300000000000001
107,-32.81393856027672,5.891072150806553,-39.15729754123217,-0.2231522256101914,-41.18576062812664,-6.222602358434229,-35.98011466868812,-10.184081141443322,-29.02447821846105,3.5788942873770573,-47.31578736518907,-2.042990248967019,-22.071540669606136,19.452759601999073,-36.48354317417221,14.576697572046221,-35.060508321574254,11.042973823939176,-18.84069282867073,8.605733927953745,-40.208382864598136,0.4066263772786993,1,5.3500000000000005
108,-32.777390193222175,5.850738383702907,-39.402846805977155,-0.28907689398063524,-41.3848757966368,-6.0240783641878926,-36.020141858212114,-10.275907115934624,-29.100906834585505,3.427500999422962,-47.30076652564519,-2.0608706960711203,-22.124875291460782,19.444706153813257,-36.524332246203095,14.518884116546674,-35.141930565475086,10.88126002069057,-18.8240497721053,8.602263181301577,-40.6248056575276,0.0076312332615358965,1,5.4
109,-32.74158765282479,5.810528333190763,-39.6568470736243,-0.3546293255032347,-41.59182508380764,-5.8146759430757555,-36.05487746662596,-10.365807233376735,-29.18074461230079,3.2775609726366093,-47.29177923298743,-2.074667883780698,-22.17998562010725,19.436384576555856,-36.566116216405625,14.460743082418759,-35.22509455181429,10.723280070864583,-18.807584431039803,8.598829495478578,-41.01554598745702,-0.3667562807281291,1,5.45
110,-32.706643489784504,5.770463647203282,-39.91763508603695,-0.41956960181698183,-41.80582102888204,-5.594947929456105,-36.08462811265873,-10.4535718470007,-29.263587049340654,3.129411783458259,-47.28830622215916,-2.0842850474775076,-22.236491146947298,19.427852326456517,-36.60874557132837,14.402436142718757,-35.30993112984784,10.56917156216371,-18.791350120124147,8.595443988733516,-41.380603854386386,-0.7165361646902957,1,5.5
111,-32.672670254801254,5.730565973673567,-40.18354758507846,-0.4836578045608781,-42.026076171102865,-5.3654471576872425,-36.10970041503951,-10.538991310037565,-29.349029643438907,2.9833910083282027,-47.28982822810371,-2.089625422543324,-22.29401136338269,19.419166859744813,-36.65207079751988,14.344124970502945,-35.39637114883171,10.41907208229042,-18.775400154008334,8.592117779315108,-41.71997925831569,-1.0417084186250123,1,5.550000000000001
112,-32.63978049857503,5.690856960534786,-40.45292131261218,-0.5466540153739348,-42.25180304971301,-5.126726462127446,-36.13040099249738,-10.621855975718352,-29.436667892329314,2.839836223686718,-47.29582598576445,-2.0905922443598755,-22.35216576081515,19.410385632650417,-36.695942381528724,14.285971238827592,-35.4843454580219,10.273119218947171,-18.759787847342327,8.588861985472157,-42.03367219924493,-1.342273042532206,1,5.6000000000000005
113,-32.608086771805766,5.651358255720037,-40.7240930105015,-0.6083183158951584,-42.48221420395534,-4.879338677135024,-36.14703646376143,-10.701956197274129,-29.526097293745643,2.6990850059740787,-47.30578023008474,-2.087088748308936,-22.410573830646452,19.40156610140293,-36.74021080990346,14.22813662074902,-35.57378490667435,10.131450559836466,-18.74456651477609,8.585687725453381,-42.32168267717413,-1.6182300364118969,1,5.65
114,-32.57770162519338,5.612091507162484,-40.995399420609715,-0.6684107877635554,-42.71652217307275,-4.623836637068299,-36.15991344756073,-10.779082327935962,-29.61691334542166,2.561474931630548,-47.31917169600793,-2.079018169772273,-22.468855064278344,19.392765722232,-36.78472656919265,14.170782789323445,-35.66462034404505,9.994203692660724,-18.729789470959602,8.582606117507536,-42.58401069210327,-1.8695794002641228,1,5.7
115,-32.54873760943787,5.573078362795244,-41.265177284800224,-0.7266915126181371,-42.95393949630808,-4.360773176285519,-36.16933856262437,-10.853024720934878,-29.708711545091166,2.427343577096428,-47.33548111847736,-2.066283744131636,-22.526628953112553,19.38404195136722,-36.829340145944826,14.114071417607201,-35.75678261938999,9.861516205122445,-18.715510030542845,8.57962827988339,-42.82065624403236,-2.0963211340888406,1,5.75
116,-32.521307275239174,5.534340470551446,-41.53176334493635,-0.7829205720978857,-43.193678712904266,-4.090701129144999,-36.175618427681435,-10.923573729501882,-29.8010873904879,2.2970285188120005,-47.354189232436404,-2.0487887067687915,-22.583514988550846,19.37545224503824,-36.87390202670859,14.058164178656558,-35.850202581965135,9.733525684924127,-18.701781508175728,8.576765330829673,-43.03161933296138,-2.2984552378860843,1,5.800000000000001
117,-32.49552317329723,5.495899478364225,-41.79349434288147,-0.8368580478418269,-43.43495236210414,-3.814173330005045,-36.179059661461,-10.99051970686805,-29.893636379345665,2.170867333217496,-47.37477677282841,-2.026436293065505,-22.639132661994974,19.367054059474672,-36.91826269803247,14.003222745527772,-35.944811081026444,9.610369719768208,-18.688657218508308,8.57402838859515,-43.842163787627804,-2.297489136760648,1,5.8500000000000005
118,-32.47149785431201,5.4577770341667415,-42.04870702049893,-0.8882640214889673,-43.67697298315061,-3.5317426132239196,-36.17996888269216,-11.053653006264467,-29.985954009398235,2.049197596753241,-47.39672447459673,-1.999129738403518,-22.693101464846702,19.35890485090615,-36.962272646465046,13.949408791277163,-36.04053896582993,9.492185897357169,-18.676190476190477,8.571428571428566,-44.621788290345094,-2.2965598896291133,1,5.9
119,-32.44934386898344,5.4199947858920865,-42.295738119652086,-0.9368985746783229,-43.91895311528654,-3.2439618131599532,-36.17865271010397,-11.112763980922123,-30.077635778379356,1.9323568858594837,-47.41951307268472,-1.9667722781646158,-22.745040888507763,19.351062075562307,-37.00578235855486,13.89688398896096,-36.13731708563154,9.379111805393485,-18.664434595872244,8.5689769975787,-45.370492841113276,-2.295667496491471,1,5.95
120,-32.429173768011495,5.382574381473412,-42.53292438220429,-0.9825217890488713,-44.16010529775481,-2.9513837641714322,-36.17541776242555,-11.167642984072067,-30.168277184022823,1.8206827769765357,-47.442623302035734,-1.9292671477305443,-22.794570424379906,19.34358318967274,-37.04864232085048,13.84581001163551,-36.23507628968726,9.271285031579627,-18.653442892203582,8.566684785294266,-46.088277439932305,-2.294811957347702,1,6.0
121,-32.411100102096114,5.345537468843866,-42.75860255001889,-1.024893746239643,-44.399642069798304,-2.6545613006166295,-36.17057065838596,-11.218080368945369,-30.257473724062415,1.714512846544651,-47.46553589759313,-1.8865175824830596,-22.84130956386489,19.336525649467095,-37.09070301990049,13.796348532357035,-36.33374742725306,9.168843163618055,-18.643268679834446,8.564563052824035,-46.77514208680221,-2.2939932721978114,1,6.050000000000001
122,-32.39523542193725,5.308905695936564,-42.971109364959254,-1.0637745278896444,-44.636775970659905,-2.35404725685386,-36.16441801671429,-11.263866488773067,-30.34482089623189,1.6141846710041075,-47.48773159430026,-1.8384268178039374,-22.88487779836445,19.329946911175007,-37.1318149422534,13.748661224181838,-36.43326134758492,9.07192378921124,-18.63396527341479,8.562622918416762,-47.431086781723,-2.293211441041817,1,6.1000000000000005
123,-32.381692278234844,5.272700710684628,-43.168781568888726,-1.0989242156378676,-44.87071953958248,-2.0503944672414303,-36.15726645613962,-11.304791696786209,-30.42991419826503,1.5200358267951586,-47.50869112710048,-1.7848980890749429,-22.92489461928036,19.323904431026072,-37.171828574457805,13.702909760166195,-36.533548899938815,8.980664496061666,-18.625585987594626,8.560875500321202,-48.05611152469465,-2.2924664638797156,1,6.15
124,-32.37058322168888,5.236944161021211,-43.34995590367066,-1.1301028911233186,-45.10068531580892,-1.7441557661376121,-36.149422595391044,-11.340646346215838,-30.51234912789563,1.4324038903581406,-47.52789523093714,-1.7258346316778033,-22.960979518014362,19.318455665249942,-37.21059440306225,13.659255813366407,-36.634540933570726,8.89520287187182,-18.61818413702389,8.559331916786086,-48.65021631571719,-2.2917583407115014,1,6.2
125,-32.36202080299928,5.2016576948794615,-43.51296911116841,-1.1570706359849996,-45.32588583858209,-1.4358839879007024,-36.14119305319762,-11.371220790292973,-30.59172118285744,1.3516264381333019,-47.544824640753596,-1.6611396809943089,-22.992751985968194,19.313658070076237,-37.247962914615314,13.617861056838713,-36.736168297736626,8.815676504344152,-18.611813036352572,8.558003286060195,-49.21340115479059,-2.2910870715371323,1,6.25
126,-32.356117572866005,5.166862960192464,-43.656157933245346,-1.1795875318619506,-45.54553364714487,-1.1261319668889922,-36.132884448288436,-11.396305382248705,-30.667625860884225,1.2780410465609016,-47.558960091493205,-1.590716472406186,-23.01983151454362,19.309569101734567,-37.28378459566553,13.578887163639438,-36.838361841692496,8.742222981181138,-18.606526000230616,8.55690072639227,-49.74566604191485,-2.2904526563566936,1,6.300000000000001
127,-32.352986081989,5.132581604893388,-43.77785911176479,-1.1974136603931393,-45.75884128074015,-0.8154525374607925,-36.12480339939259,-11.415690475314033,-30.739658659709782,1.211985292081217,-47.56978231809933,-1.5144682412952297,-23.041837595142376,19.30624621645459,-37.31790993276149,13.54249580682484,-36.9410524146943,8.674979890085233,-18.602376343308002,8.556035356031046,-50.24701097709,-2.2898550951701178,1,6.3500000000000005
128,-32.35273888106822,5.098835276915358,-43.87640938859012,-1.2103091032176012,-45.965021278610806,-0.5043985339744094,-36.117256525239156,-11.429166422720062,-30.80741507706788,1.153796751134565,-47.5767720555153,-1.4322982230432058,-23.058389719166232,19.303746870465876,-37.350189412451705,13.508848659451207,-37.04417086599802,8.614084818758919,-18.59941738023471,8.555418293225296,-50.71743596031602,-2.28929438797744,1,6.4
129,-32.35548852080362,5.065645624191521,-43.950145505584686,-1.2180339419743043,-46.16328617999972,-0.1935227907881054,-36.11055044455722,-11.436523577697775,-30.870490610692286,1.1038130001611943,-47.5794100386845,-1.3441096530318601,-23.06910737801693,19.302128519998092,-37.380473521284785,13.478107394574797,-37.14764804485963,8.559675354904696,-18.597702425660692,8.555060656223752,-51.156940991592904,-2.2887705347786347,1,6.45
130,-32.36134755189516,5.033034294654964,-43.99740420461184,-1.2203482583022984,-46.352848524149756,0.11662185773981831,-36.104991776075856,-11.437552293478248,-30.928480758316784,1.0623716156013685,-47.57717700255026,-1.24980576664293,-23.07361006309621,19.30144862128087,-37.40861274580927,13.450433685251925,-37.25141480053511,8.511889086224983,-18.59728479423593,8.55497356327519,-51.56552607092067,-2.288283535573722,1,6.5
131,-32.37042852504276,5.001022936238875,-44.016522227534935,-1.2170121338405704,-46.53292085030382,0.4254825772510412,-36.10088713852415,-11.432042923292522,-30.980981017675134,1.0298101738954184,-47.56955368205595,-1.1492897992582147,-23.071517265805845,19.3017646305438,-37.43445757257369,13.425989204538856,-37.35540198228043,8.470863600422316,-18.59821780061039,8.555168132628367,-51.9431911982993,-2.2878333903626973,1,6.550000000000001
132,-32.382843990946405,4.9696331968763765,-44.00583631621733,-1.2077856502281077,-46.702715697704754,0.7325065333873008,-36.09854315063118,-11.419785820371645,-31.027586886501126,1.0064662514835785,-47.55602081214492,-1.042464986259441,-23.062448477547566,19.30313400401654,-37.45785848812666,13.404935625491863,-37.45954043935157,8.436736485199104,-18.60055475943404,8.555655482531995,-52.28993637372881,-2.28742009914555,1,6.6000000000000005
133,-32.398706500306034,4.938886724500571,-43.96368321252236,-1.1924288891039407,-46.86144560559546,1.037140891790291,-36.09826643112606,-11.40057133794665,-31.067893862528535,0.9926774248061121,-47.536059127760524,-0.9292345630284086,-23.046023189723122,19.305614197928683,-37.47866597901671,13.387434621167237,-37.56376102100452,8.409645328257856,-18.60434898535685,8.556446731234873,-52.60576159720918,-2.2870436619222905,1,6.65
134,-32.41812860382158,4.908805167044613,-43.88839965831341,-1.170701932107071,-47.00832311321882,1.3388328181016957,-36.10036359873783,-11.374189829248584,-31.10149744349112,0.9887812703033455,-47.50914936384611,-0.80950176494683,-23.021860893734285,19.3092626685099,-37.4967305317924,13.373647864621256,-37.667994576495225,8.389727717301042,-18.60965379302881,8.557552996985732,-52.89066686874043,-2.286704078692923,1,6.7
135,-32.441222852193036,4.879410172441623,-43.77832239545381,-1.1423648608765102,-47.142560759817705,1.6370294779632435,-36.105141272195596,-11.34043164750853,-31.12799312712266,0.9951153644155082,-47.47477225534505,-0.6831698273964952,-22.989581080982784,19.314136871989785,-37.51190263300229,13.3637370289102,-37.77217195507969,8.37712124003111,-18.61652249709984,8.558985398033307,-53.144652188322546,-2.286401349457439,1,6.75
136,-32.46810179612031,4.850723388624747,-43.63178816580693,-1.1071777570512549,-47.26337108463499,1.931178037016628,-36.112906070228426,-11.299087145957456,-31.146976411156942,1.0120172835829262,-47.43240853720068,-0.5501419857591697,-22.94880324287038,19.320294264597962,-37.52403276919494,13.357863787090348,-37.87622400601387,8.371963484150545,-18.625008412219966,8.560755052626378,-53.367717555955544,-2.2861354742158326,1,6.800000000000001
137,-32.498877986303384,4.822766463527121,-43.447133711236106,-1.0649007022703016,-47.36996662691356,2.220725660903587,-36.12396461156543,-11.249946677826495,-31.158042793327716,1.0398246042458341,-47.381538944356365,-0.41032147541659014,-22.899146870798813,19.327792302564053,-37.53297142691893,13.35618981221797,-37.980081578553744,8.37439203736183,-18.635164853039104,8.562873079013691,-53.55986297163941,-2.285906452968119,1,6.8500000000000005
138,-32.533663973442195,4.795561045081878,-43.222695773604705,-1.0152937781727056,-47.4615599258963,2.505119515265765,-36.13862351493565,-11.19280059634664,-31.16078777136879,1.0788749028445244,-47.321644211755455,-0.2636115317505417,-22.84023145616985,19.336688442117705,-37.53856909272277,13.358876777349368,-38.0836755219553,8.38454448736743,-18.64704513420726,8.565350595443991,-53.72108843537415,-2.285714285714287,1,6.9
139,-32.5725723082367,4.7691287812221255,-42.95681109477608,-0.9581170663974051,-47.53736352082608,2.783806765744915,-36.1571893990682,-11.127439254748937,-31.154806843013905,1.129505755819299,-47.25220507434131,-0.109915390142761,-22.771676490385236,19.34704013948853,-37.54067625315507,13.366086355540808,-38.18693668547451,8.402558421869793,-18.660702570374387,8.568198720166038,-53.72108843537415,-2.285714285714287,1,6.95
140,-32.615715541386834,4.7434913198810325,-42.64781641661357,-0.893130648583436,-47.59658995094578,3.0562345779827407,-36.17996888269216,-11.053653006264467,-31.139695505996873,1.1920547396103967,-47.17270226705728,0.050863714024981445,-22.693101464846702,19.35890485090615,-37.53914339476436,13.377980219848583,-38.289795918367346,8.428571428571434,-18.676190476190477,8.571428571428566,-53.72108843537415,-2.285714285714287,1,7.0
141,-32.615715541386834,4.7434913198810325,-42.64781641661357,-0.893130648583436,-47.59658995094578,3.0562345779827407,-36.17996888269216,-11.053653006264467,-31.139695505996873,1.1920547396103967,-47.17270226705728,0.050863714024981445,-22.693101464846702,19.35890485090615,-37.53914339476436,13.377980219848583,-38.289795918367346,8.428571428571434,-18.676190476190477,8.571428571428566,-53.72108843537415,-2.285714285714287,1,7.050000000000001
142,-32.615715541386834,4.7434913198810325,-42.64781641661357,-0.893130648583436,-47.59658995094578,3.0562345779827407,-36.17996888269216,-11.053653006264467,-31.139695505996873,1.1920547396103967,-47.17270226705728,0.050863714024981445,-22.693101464846702,19.35890485090615,-37.53914339476436,13.377980219848583,-38.289795918367346,8.428571428571434,-18.676190476190477,8.571428571428566,-53.72108843537415,-2.285714285714287,1,7.1000000000000005
143,-32.615715541386834,4.7434913198810325,-42.64781641661357,-0.893130648583436,-47.59658995094578,3.0562345779827407,-36.17996888269216,-11.053653006264467,-31.139695505996873,1.1920547396103967,-47.17270226705728,0.050863714024981445,-22.693101464846702,19.35890485090615,-37.53914339476436,13.377980219848583,-38.289795918367346,8.428571428571434,-18.676190476190477,8.571428571428566,-53.72108843537415,-2.285714285714287,1,7.15
144,-32.615715541386834,4.7434913198810325,-42.64781641661357,-0.893130648583436,-47.59658995094578,3.0562345779827407,-36.17996888269216,-11.053653006264467,-31.139695505996873,1.1920547396103967,-47.17270226705728,0.050863714024981445,-22.693101464846702,19.35890485090615,-37.53914339476436,13.377980219848583,-38.289795918367346,8.428571428571434,-18.676190476190477,8.571428571428566,-53.72108843537415,-2.285714285714287,1,7.2
145,-32.615715541386834,4.7434913198810325,-42.64781641661357,-0.893130648583436,-47.59658995094578,3.0562345779827407,-36.17996888269216,-11.053653006264467,-31.139695505996873,1.1920547396103967,-47.17270226705728,0.050863714024981445,-22.693101464846702,19.35890485090615,-37.53914339476436,13.377980219848583,-38.289795918367346,8.428571428571434,-18.676190476190477,8.571428571428566,-53.72108843537415,-2.285714285714287,1,7.25
146,-32.615715541386834,4.7434913198810325,-42.64781641661357,-0.893130648583436,-47.59658995094578,3.0562345779827407,-36.17996888269216,-11.053653006264467,-31.139695505996873,1.1920547396103967,-47.17270226705728,0.050863714024981445,-22.693101464846702,19.35890485090615,-37.53914339476436,13.377980219848583,-38.289795918367346,8.428571428571434,-18.676190476190477,8.571428571428566,-53.72108843537415,-2.285714285714287,1,7.300000000000001
147,-32.615715541386834,4.7434913198810325,-42.64781641661357,-0.893130648583436,-47.59658995094578,3.0562345779827407,-36.17996888269216,-11.053653006264467,-31.139695505996873,1.1920547396103967,-47.17270226705728,0.050863714024981445,-22.693101464846702,19.35890485090615,-37.53914339476436,13.377980219848583,-38.289795918367346,8.428571428571434,-18.676190476190477,8.571428571428566,-53.72108843537415,-2.285714285714287,1,7.3500000000000005
148,-32.615715541386834,4.7434913198810325,-42.64781641661357,-0.893130648583436,-47.59658995094578,3.0562345779827407,-36.17996888269216,-11.053653006264467,-31.139695505996873,1.1920547396103967,-47.17270226705728,0.050863714024981445,-22.693101464846702,19.35890485090615,-37.53914339476436,13.377980219848583,-38.289795918367346,8.428571428571434,-18.676190476190477,8.571428571428566,-53.72108843537415,-2.285714285714287,1,7.4
