Frame,Home_12_x,Home_12_y,Home_1168_x,Home_1168_y,Home_2477_x,Home_2477_y,Home_7597_x,Home_7597_y,Home_8897_x,Home_8897_y,Home_19139_x,Home_19139_y,Home_20703_x,Home_20703_y,Home_20704_x,Home_20704_y,ball_x,ball_y,Period,Time [s]
0,-35.08650842304128,29.516158835272563,-23.968754604735366,-9.447581937823239,-17.8108843537415,20.999999999999986,-27.49998338691686,-14.724026013412356,-28.61596232823763,0.03307170888912736,-30.14764362587881,18.40845477145373,-10.600000000000001,-15.999999999999996,-5.55238095238094,6.857142857142862,-35.08650842304128,29.516158835272563,1,0.0
1,-35.109860063449695,29.3552075051427,-24.298713936431646,-9.367656062897687,-17.805090723405886,21.000933025977197,-27.81424772916463,-14.547801163926879,-28.871219221291735,0.052885516662859684,-30.766797787029414,18.385174822088075,-10.853278103873858,-15.84852003755498,-5.805659056254813,6.847675359490049,-35.109860063449695,29.3552075051427,1,0.05
2,-35.128241764700554,29.210069745679363,-24.617749765961705,-9.290379950064487,-17.800966040080503,21.00159727903917,-28.118680248963454,-14.378923394891958,-29.121039527622887,0.07310568710889384,-31.35121043115413,18.35257096184469,-11.10141711198489,-15.700113653209481,-6.053798064365823,6.83839996046845,-35.128241764700554,29.210069745679363,1,0.1
3,-35.14180126584999,29.07958887941824,-24.92607225002232,-9.21570680959504,-17.79836725116451,21.002015796864345,-28.413485713669346,-14.21723464461811,-29.36543539744745,0.09370321040474863,-31.901869579229597,18.3112632068028,-11.344466597604118,-15.554751198300139,-6.296847549985051,6.829314807036617,-35.14180126584999,29.07958887941824,1,0.15000000000000002
4,-35.15068630595421,28.96260822889505,-25.223891545310362,-9.143589851760778,-17.79715130405705,21.002211617131177,-28.698868890638334,-14.062576851415828,-29.604418980981837,0.11464907672801046,-32.41976325223247,18.261871573041688,-11.582476134002569,-15.412403024163668,-6.534857086383478,6.820418046153075,-35.15068630595421,28.96260822889505,1,0.2
5,-35.15504462406932,28.857971116645487,-25.51141780852266,-9.073982286833093,-17.79717514615719,21.002207777518088,-28.97503454722642,-13.914791953595667,-29.83800242844237,0.13591427625621263,-32.9058794711394,18.2050160766406,-11.815495294451235,-15.273039482136683,-6.767876246832176,6.8117078247764,-35.15504462406932,28.857971116645487,1,0.25
6,-35.1550239592515,28.764520865205284,-25.788861196356034,-9.006837325083474,-17.798295724864076,21.00202731570355,-29.242187450789643,-13.773721889468083,-30.066197890045405,0.15746979916689327,-33.361206256927055,18.14131673367876,-12.043573652221191,-15.136630923555876,-6.995954604602109,6.803182289865087,-35.1550239592515,28.764520865205284,1,0.30000000000000004
7,-35.150772050556895,28.681100797110116,-26.05643186550731,-8.942108176783286,-17.80036998757684,21.001693269366044,-29.500532368684,-13.639208597343625,-30.289017516007373,0.17928663563762426,-33.78673163057203,18.071393560235464,-12.266760780583436,-15.003147699757886,-7.219141732964353,6.794839588377722,-35.150772050556895,28.681100797110116,1,0.35000000000000003
8,-35.142436637041655,28.606554234895686,-26.31433997267336,-8.87974805220401,-17.803254881694592,21.001228676183985,-29.750274068265526,-13.51109401553282,-30.506473456544583,0.2013357758459534,-34.18344361305103,17.995866572389946,-12.485106252808997,-14.872560162079358,-7.437487205189907,6.786677867272824,-35.142436637041655,28.606554234895686,1,0.4
9,-35.130165457761954,28.539724501097716,-26.562795674550987,-8.81971016161701,-17.806807354616435,21.000656573835816,-29.99161731689022,-13.389220082346128,-30.71857786187345,0.22358820996944304,-34.552330225340675,17.915355786221472,-12.698659642168892,-14.744838661856999,-7.651040594549809,6.778695273508912,-35.130165457761954,28.539724501097716,1,0.45
10,-35.114106251773926,28.479454918251903,-26.802009127837,-8.761947715293738,-17.8108843537415,20.999999999999986,-30.224766881914103,-13.273428736094125,-30.925342882210295,0.24601492818561665,-34.89437948841763,17.83048121780928,-12.90747052193415,-14.619953550427438,-7.859851474315051,6.770889954044573,-35.114106251773926,28.479454918251903,1,0.5
11,-35.09440675813374,28.42458880889395,-27.03219048922827,-8.706413923505652,-17.815342826468903,20.999281992354994,-30.449927530693195,-13.163561915087316,-31.126780667771513,0.2685869206720415,-35.21057942325851,17.74186288323262,-13.111588465375792,-14.497875179127353,-8.063969417756702,6.76326005583831,-35.09440675813374,28.42458880889395,1,0.55
12,-35.07121471589754,28.37396949555955,-27.253549915421623,-8.653061996524166,-17.820039720197794,20.99852558857923,-30.66730403058352,-13.059461557636142,-31.32290336877348,0.29127517760627486,-35.50191805084,17.650120798570782,-13.31106304576483,-14.378573899293373,-8.263443998145771,6.75580372584869,-35.07121471589754,28.37396949555955,1,0.6000000000000001
13,-35.04467786412149,28.326440300784395,-27.46629756311388,-8.601845144620652,-17.82483198232727,20.997753826351158,-30.877101148941094,-12.960969602051195,-31.513723135432553,0.3140506891658597,-35.769383392138714,17.555874979902956,-13.505943836372342,-14.262020062262193,-8.458324788753252,6.748519111034238,-35.04467786412149,28.326440300784395,1,0.65
14,-35.01494394186174,28.280844547104234,-27.670643589001877,-8.552716578066603,-17.829576560256438,20.996989743349243,-31.07952365312191,-12.867927986642952,-31.699252117965095,0.3368844455283488,-36.01396346813133,17.459745443308446,-13.696280410469296,-14.148184019370463,-8.64866136285022,6.741404358353517,-35.01494394186174,28.280844547104234,1,0.7000000000000001
15,-34.98216068817445,28.236025557054727,-27.866798149782465,-8.505629507133392,-17.834130401384435,20.99625637725194,-31.27477631048205,-12.780178649721949,-31.87950246658749,0.3597474368712898,-36.2366462997945,17.362352204866486,-13.88212234132671,-14.03703612195482,-8.834503293707641,6.7344576147650335,-34.98216068817445,28.236025557054727,1,0.75
16,-34.94647584211577,28.190826653171595,-28.05497140215245,-8.460537142092477,-17.838350453110376,20.995576765737667,-31.46306388837746,-12.69756352959866,-32.0544863315161,0.38261065337224015,-36.43841990810483,17.26431528065636,-14.063519202215662,-13.928546721351982,-9.01590015459658,6.7276770272273465,-34.94647584211577,28.190826653171595,1,0.8
17,-34.90803714274184,28.14409115799053,-28.23537350280868,-8.417392693215264,-17.8420936628334,20.994973946484905,-31.644591154164175,-12.619924564583632,-32.22421586296727,0.40544508520876205,-36.62027231403902,17.166254686757284,-14.240520566407133,-13.822686168898553,-9.192901518788066,6.721060742699018,-34.90803714274184,28.14409115799053,1,0.8500000000000001
18,-34.86699232910885,28.09466239404728,-28.40821460844799,-8.376149370773195,-17.845216977952592,20.99447095717209,-31.81956287519825,-12.547103692987362,-32.38870321115741,0.4282217225583889,-36.783191538573675,17.0687904392485,-14.413176007172165,-13.719424815931236,-9.365556959553077,6.714606908138553,-34.86699232910885,28.09466239404728,1,0.9
19,-34.823489140272926,28.04138368387752,-28.57370487576718,-8.336760385037682,-17.847577345867126,20.994090835477667,-31.988183818835665,-12.47894285312035,-32.54796052630288,0.45091155559866847,-36.928165602685475,16.972542554209323,-14.581535097781773,-13.618733013786636,-9.533916050162698,6.708313670504513,-34.823489140272926,28.04138368387752,1,0.9500000000000001
20,-34.77767531529022,27.98309835001693,-28.732054461463132,-8.299178946280168,-17.84903171397606,20.99385661908009,-32.15065875243245,-12.41528398329316,-32.70199995862002,0.473485574507163,-37.05618252735106,16.878131047718952,-14.745647411507,-13.520581113801443,-9.69802836388791,6.702179176755433,-34.77767531529022,27.98309835001693,1,1.0
21,-34.729698593216916,27.918649715001223,-28.88347352223265,-8.263358264772101,-17.84943702967856,20.993791345657822,-32.30719244334461,-12.35596902181628,-32.85083365832522,0.49591476946142504,-37.16823033354707,16.786175935856658,-14.905562521618835,-13.424939467312347,-9.857943473999757,6.696201573849872,-34.729698593216916,27.918649715001223,1,1.05
22,-34.67970671310914,27.846881101366126,-29.028172214772567,-8.229251550784827,-17.848650240373704,20.993918052889295,-32.45798965892818,-12.300839907000192,-32.99447377563484,0.5181701306390073,-37.265297042250154,16.697297234701693,-15.061330001388333,-13.331778425655983,-10.013710953769243,6.690379008746356,-34.67970671310914,27.846881101366126,1,1.1
23,-34.62784741402305,27.766635831647328,-29.16636069577972,-8.196812014589833,-17.846528293460672,20.99425977845297,-32.603255166539185,-12.249738577155444,-33.13293246076526,0.5402226482174671,-37.34837067443697,16.612114960333326,-15.212999424086489,-13.241068340169008,-10.165380376467407,6.684709628403407,-34.62784741402305,27.766635831647328,1,1.1500000000000001
24,-34.57426843501482,27.676757228380534,-29.298249121950942,-8.165992866458549,-17.84292813633853,20.99483956002729,-32.743193733533616,-12.202506970592541,-33.26622186393283,0.5620433123743476,-37.418439251084166,16.53124912883078,-15.360620362984372,-13.152779562188071,-10.31300131536528,6.67919157977962,-34.57426843501482,27.676757228380534,1,1.2000000000000002
25,-34.5191175151406,27.576088614101433,-29.424047649983063,-8.13674731666236,-17.837706716406437,20.995680435290694,-32.8780101272675,-12.15898702562197,-33.394354135353936,0.5836031132871722,-37.47649079316837,16.45531975627334,-15.504242391352964,-13.066882443049861,-10.45662334373386,6.673823009833466,-34.5191175151406,27.576088614101433,1,1.25
26,-34.46254239345652,27.463473311345766,-29.543966436572926,-8.10902857547272,-17.83072098106348,20.99680544192165,-33.007909115096865,-12.11902068055427,-33.517341425244936,0.6048730411335467,-37.52351332166626,16.38494685874025,-15.643915082463307,-12.983347334091034,-10.596296034844217,6.668602065523544,-34.46254239345652,27.463473311345766,1,1.3
27,-34.40469080901877,27.3377546426492,-29.658215638417353,-8.082789853161032,-17.821827877708785,20.998237617598605,-33.13309546437772,-12.082449873699973,-33.63519588382223,0.6258240860909852,-37.560494857554446,16.32075045231075,-15.779688009586435,-12.902144586648214,-10.732068961967336,6.6635268938083625,-34.40469080901877,27.3377546426492,1,1.35
28,-34.34571050088347,27.19777593054745,-29.76700541221318,-8.05798435999876,-17.8108843537415,20.999999999999986,-33.25377394246608,-12.04911654336955,-33.74792966130213,0.64642723833704,-37.58842342180963,16.263350553064097,-15.911610745993334,-12.823244552058119,-10.863991698374253,6.6585956416464915,-34.34571050088347,27.19777593054745,1,1.4000000000000001
29,-34.28571411138143,27.04272027550814,-29.870561635070327,-8.03456311031891,-17.797825694889777,21.002103010932768,-33.37014931671797,-12.018862627873546,-33.855554907901045,0.6666534880492785,-37.60818086038675,16.213211014998674,-16.03973286495505,-12.746617581657361,-10.992113817335976,6.653806455996433,-33.35657357958122,26.827016120416488,1,1.4500000000000002
30,-34.2246738959419,26.87312988972655,-29.96917306575116,-8.012468334700877,-17.782900540198003,21.004506608717673,-33.48242635448939,-11.991530065522467,-33.95808377383533,0.6864738254052579,-37.620224319154204,16.17017104378919,-16.16410393974263,-12.672234026782622,-11.116484892123562,6.649157483816772,-32.39696313354173,26.46732376730435,1,1.5
31,-34.16252701326877,26.689886763329863,-30.0631441834311,-7.991640067785744,-17.766435867039604,21.00715813580398,-33.59080982313639,-11.966960794626837,-34.05552840932134,0.7058592405824973,-37.62490476895868,16.133913683029547,-16.284773543627086,-12.600064238770589,-11.23715449600801,6.644646872066014,-31.466879162765,26.118698871211066,1,1.55
32,-34.099210622065954,26.4938728864453,-30.152779467285576,-7.972018344214518,-17.74875865278806,21.010004934640985,-33.69550449001496,-11.944996753497096,-34.147900964575484,0.7247807237585829,-37.622573180646896,16.104121976313614,-16.40179124987942,-12.530078568957867,-11.354172202260344,6.640272767702715,-30.56632166725102,25.781141432136604,1,1.6
33,-34.03466188103735,26.285970249200044,-30.238383396490036,-7.953543198628193,-17.730195874816786,21.012994347677914,-33.79671512248114,-11.925479880443836,-34.23521358981409,0.7432092651110431,-37.61358052506556,16.080478967235237,-16.515206631770678,-12.462247368681114,-11.467587584151577,6.636033317685424,-29.695290646999794,25.454651450080977,1,1.6500000000000001
34,-33.96881794888684,26.067060841721286,-30.32026045021993,-7.936154665667868,-17.711074510499206,21.01607371736402,-33.89464648789091,-11.908252113777584,-34.317478435253555,0.7611158548174501,-37.598277773061376,16.062667699388257,-16.62506926257187,-12.396540989277078,-11.57745021495278,6.631926668972664,-28.85378610201132,25.139228925044204,1,1.7000000000000002
35,-33.901615984318305,25.83802665413622,-30.39871510765067,-7.91979277997452,-17.69172153720876,21.019190386148548,-33.98950335360031,-11.893155391808802,-34.39470765111023,0.778471483055337,-37.57701589548103,16.05037121636659,-16.731428715554035,-12.332929782082344,-11.683809667934963,6.627950968522999,-28.041808032285594,24.834873857026235,1,1.75
36,-33.83299314603566,25.59974967657206,-30.47405184795772,-7.904397576189184,-17.672463932318927,21.022291696480792,-34.08149048696538,-11.880031652847974,-34.46691338760048,0.7952471400022612,-37.55014586317126,16.043272561764056,-16.834334563988175,-12.27138409843359,-11.786715516369114,6.6241043632949586,-27.259356437822625,24.541586246027123,1,1.8
37,-33.76288659274281,25.35311189915596,-30.54657515031651,-7.889909088952884,-17.65362867320311,21.02532499081,-34.17081265534211,-11.86872283520569,-34.534107794940695,0.8114138158357704,-37.51801864697878,16.041054779174534,-16.933836381145348,-12.211874289667437,-11.886217333526293,6.620385000247075,-26.506431318622408,24.259366092046832,1,1.85
38,-33.69123348314362,25.09899531201518,-30.616589493902456,-7.87626735290666,-17.635542737234765,21.028237611585425,-34.257674626086526,-11.859070877192439,-34.596303023347225,0.8269425007334319,-37.48098521775025,16.043400912191878,-17.029983740296547,-12.154370707120622,-11.982364692677464,6.6167910263379035,-25.783032674684954,23.98821339508537,1,1.9000000000000001
39,-33.617970975942,24.838281905276883,-30.68439935789104,-7.863412402691552,-17.618533101787303,21.030976901256313,-34.34228116655463,-11.850917717118719,-34.653511223036446,0.8418041848727694,-37.43939654633241,16.049994004409953,-17.122826214712806,-12.098843702129765,-12.075207167093733,6.61332058852596,-25.089160506010238,23.72812815514276,1,1.9500000000000002
40,-33.54303622984186,24.571853669068265,-30.750309221457655,-7.851284272948572,-17.602926744234203,21.03349020227194,-34.42483704410246,-11.844105293295037,-34.70574454422472,0.8559698584313593,-37.39360360357197,16.060517099422636,-17.21241337766516,-12.045263626031513,-12.164794330046089,6.609971833769833,-24.42481481259829,23.47911037221897,1,2.0
41,-33.46636640354706,24.300592593516498,-30.814623563777772,-7.839822998318772,-17.589050641948877,21.03572485708157,-34.50554702608602,-11.838475544031942,-34.75301513712842,0.8694105115867304,-37.34395736031562,16.074653240823764,-17.298794802424606,-11.993600830162585,-12.251175754805562,6.6067429090280205,-23.78999559444909,23.241160046314018,1,2.0500000000000003
42,-33.38789865576153,24.02538066874882,-30.8776468640268,-7.828968613443121,-17.577231772304774,21.037628208134418,-34.58461587986134,-11.833870407639907,-34.795335151963926,0.8820971345164642,-37.290808787410064,16.092085472207224,-17.382020062262203,-11.943825665859562,-12.33440101464315,6.603631961259087,-23.184702851562637,23.014277177427925,1,2.1
43,-33.30757014518913,23.74709988489242,-30.93968360138022,-7.818661152962711,-17.567797112675333,21.03914759787979,-34.662248372784425,-11.83013182242946,-34.83271673894758,0.8940007173981036,-37.23450885570204,16.112496837166862,-17.462138730448952,-11.895908484459168,-12.414519682829894,6.600637137421552,-22.60893658393895,22.798461765560635,1,2.15
44,-33.22531803053379,23.466632232074478,-31.001038255013437,-7.808840651518552,-17.56107364043399,21.04023036876693,-34.738649272211305,-11.827101726711128,-34.86517204829576,0.9050922504091674,-37.175408536038226,16.135570379296563,-17.539200380255885,-11.849819637298017,-12.491581332636816,6.597756584473978,-22.06269679157801,22.593713810712202,1,2.2
45,-33.14107947049938,23.18485970042219,-31.06201530410189,-7.7994471437516415,-17.557388332954172,21.040823863245084,-34.81402334549799,-11.824622058795404,-34.89271323022487,0.9153427237272467,-37.11385879926533,16.160989142190157,-17.613254584954024,-11.80552947571281,-12.56563553733497,6.594988449374903,-21.54598347447982,22.40003331288258,1,2.25
46,-33.05479162378981,22.90266428006277,-31.122919227821026,-7.790420664303042,-17.557068167609355,21.04087542376351,-34.8885753600005,-11.8225347569928,-34.91535243495122,0.9247231275298751,-37.05021061623009,16.188436169441523,-17.68435091781438,-11.76300835104018,-12.636731870195323,6.592330879082856,-21.058796632644384,22.21742027207182,1,2.3000000000000003
47,-32.96639164910897,22.620927961123396,-31.18405450534628,-7.781701247813766,-17.560440121772952,21.040332392771486,-34.962510083074854,-11.820681759613834,-34.93310181269123,0.9332044519946243,-36.98481495777916,16.21759450464455,-17.752538952108015,-11.722226614616792,-12.704919904488943,6.589782020556414,-20.60113626607171,22.045874688279877,1,2.35
48,-32.87581670516074,22.34053273373128,-31.24572561585309,-7.773228928924866,-17.567831172818387,21.039142112718253,-35.03603228207705,-11.818905004969036,-34.94597351366123,0.9407576872989987,-36.91802279475929,16.24814719139304,-17.817868261105907,-11.683154617779328,-12.770249213486824,6.58734002075406,-20.173002374761776,21.88539656150678,1,2.4000000000000004
49,-32.78300395064905,22.0623605880136,-31.308237038516904,-7.7649437422773495,-17.57956829811914,21.037251926053077,-35.10934672436314,-11.817046431368901,-34.9539796880776,0.9473538236205942,-36.850185098017164,16.279777273280907,-17.880388418079107,-11.645762711864409,-12.832769370460046,6.585003026634379,-19.774394958714616,21.735985891752502,1,2.45
50,-32.68789054427776,21.78729351409756,-31.371893252513136,-7.756785722512249,-17.595978475048618,21.034609175225206,-35.18265817728912,-11.814947977123952,-34.95713248615672,0.9529638511369347,-36.7816528383995,16.312167793901995,-17.940148996298635,-11.61002124820873,-12.892529948679577,6.58276918515591,-19.405314017930188,21.597642679017078,1,2.5
51,-32.59041364475076,21.516213502110368,-31.436998737017262,-7.748694904270573,-17.61738868098027,21.031161202683915,-35.25617140821102,-11.812451580544666,-34.955444058114956,0.9575587600256017,-36.712776986753006,16.345001796850188,-17.997199569035512,-11.575900578148932,-12.94958052141645,6.580636643277165,-19.065759552408515,21.470366923300475,1,2.5500000000000003
52,-32.49051041077199,21.250002542179207,-31.503857971204674,-7.740611322193388,-17.644125893287537,21.02685535087845,-35.330091184484836,-11.809399179941627,-34.94892655416867,0.9611095404641332,-36.64390851392438,16.377962325719306,-18.051589709560762,-11.543371053021682,-13.003970661941702,6.578603547956715,-18.755731562149606,21.354158624602707,1,2.6
53,-32.3881180010453,20.989542624431266,-31.572775434250843,-7.732475010921686,-17.676517089343843,21.02163896225807,-35.404622273466586,-11.805632713625286,-34.93759212453423,0.9635871826300627,-36.575398390760334,16.410732424103248,-18.10336899114541,-11.512403024163648,-13.055749943526358,6.576668046153085,-18.475230047153435,21.24901778292378,1,2.6500000000000004
54,-32.2831735742746,20.735715738993758,-31.644055605331204,-7.724226005096522,-17.71488924652265,21.015459379272013,-35.47996944251232,-11.800994119906184,-34.921452919428006,0.9649626767009667,-36.50759758810757,16.44299513559587,-18.152586987060484,-11.482966842911498,-13.104967939441439,6.574828284824835,-18.22425500742005,21.15494439826368,1,2.7
55,-32.17561428916379,20.48940387599389,-31.718002963621178,-7.715804339358911,-17.759569342197413,21.008263944369588,-35.55633745897805,-11.795325337094795,-34.90052108906637,0.9652070128543931,-36.44085707681281,16.474433503791015,-18.199293270577005,-11.45503286060186,-13.151674222957936,6.573082410930475,-18.00280644294939,21.07193847062242,1,2.75
56,-32.065377304416764,20.25148902555882,-31.794921988296228,-7.707150048349908,-17.8108843537415,20.999999999999986,-35.63393109021973,-11.788468303501736,-34.874808783665685,0.9642911812678608,-36.37552782772274,16.504730572282558,-18.24353741496599,-11.428571428571438,-13.19591836734692,6.571428571428573,-17.8108843537415,20.999999999999986,1,2.8000000000000003
57,-31.95245694701797,20.022623476363112,-31.875071971049426,-7.698191749177263,-17.868971294399305,20.99062479721737,-35.71290286169457,-11.780316215514363,-34.84436925136858,0.9621878940310793,-36.31190238968758,16.533616132644884,-18.285368993498473,-11.403552898156839,-13.237749945879429,6.569864913277656,-17.868971294399305,20.99062479721737,1,2.85
58,-31.837076217074078,19.802540711270577,-31.958531453644483,-7.688812388816023,-17.93320732089855,20.980135221495036,-35.793196331264156,-11.770967301828316,-34.809420132022694,0.9588767508820873,-36.25003962357154,16.561006968374393,-18.324837579445475,-11.379947620694773,-13.27721853182643,6.568389583436278,-17.93320732089855,20.980135221495036,1,2.9000000000000004
59,-31.71951528297229,19.590744511692435,-32.04533379036277,-7.6788834967078605,-18.002779625837974,20.968538066911236,-35.87470281489115,-11.760571049215972,-34.77022016340194,0.9543390734710855,-36.18993996824231,16.586866610948007,-18.361992746078027,-11.357725947521846,-13.314373698458983,6.567000728862976,-18.002779625837974,20.968538066911236,1,2.95
60,-31.600054313099836,19.38673865903983,-32.13551233548564,-7.668276602294551,-18.076875401816206,20.955840127544118,-35.95731362853832,-11.749276944449909,-34.72702808328021,0.9485561834482548,-36.13160386256761,16.611158591842653,-18.396884066667138,-11.336858229974803,-13.349265019048092,6.565696496516285,-18.076875401816206,20.955840127544118,1,3.0
61,-31.47897347584393,19.190026934723942,-32.22910044329447,-7.65686323501783,-18.154681841431906,20.942048197471905,-36.04092008816837,-11.737234474302547,-34.6801026294314,0.9415094024637716,-36.07503174541514,16.633846442535265,-18.42956111448384,-11.317314819390221,-13.381942066864793,6.564475033354737,-18.154681841431906,20.942048197471905,1,3.0500000000000003
62,-31.356552939591786,19.000113120155937,-32.326131468070606,-7.644514924319469,-18.23538613728376,20.92716907077282,-36.125413509744,-11.724593125546413,-34.62970253962942,0.9331800521678221,-36.02022405565259,16.654893694502732,-18.460073462799166,-11.299066067104794,-13.412454415180111,6.56333448633691,-18.23538613728376,20.92716907077282,1,3.1
63,-31.233072872730638,18.816500996747024,-32.42663876409541,-7.631103199641173,-18.31817548197046,20.911209541525,-36.21068520922792,-11.711502384953992,-34.57608655164816,0.9235494542106069,-35.96718123214771,16.67426387922201,-18.48847068488411,-11.282082324455212,-13.440851637265085,6.562273002421301,-18.31817548197046,20.911209541525,1,3.1500000000000004
64,-31.108813443647705,18.63869434590837,-32.53065568565026,-7.616499590424701,-18.402237068090617,20.89417640380671,-36.296626502582875,-11.698111739297756,-34.51951340326154,0.9125989302422778,-35.91590371376817,16.69192052817,-18.51480235400974,-11.266333942778077,-13.467183306390703,6.561288728566488,-18.402237068090617,20.89417640380671,1,3.2
65,-30.984054820730197,18.466196949051138,-32.638215587016504,-7.600575626111787,-18.48675808824296,20.876076451696065,-36.38312870577154,-11.684570675350221,-34.46024183224346,0.9003098019130453,-35.86639193938168,16.707827172823627,-18.539118043447065,-11.251791273410083,-13.49149899582802,6.560379811730996,-18.48675808824296,20.876076451696065,1,3.25
66,-30.859077172365332,18.298512587586522,-32.749351822475504,-7.583202836144218,-18.57092573502612,20.856916479271344,-36.47008313475665,-11.67102867988383,-34.39853057636782,0.886663390873081,-35.81864634785597,16.721947344659846,-18.561467326467074,-11.2384246676879,-13.513848278848046,6.559544398873343,-18.57092573502612,20.856916479271344,1,3.3000000000000003
67,-30.734160666940323,18.135145042925696,-32.86409774630864,-7.5642527499636945,-18.653927201038762,20.836703280610674,-36.5573811055009,-11.657635239671139,-34.33463837340849,0.8716410187725708,-35.7726673780587,16.73424457515553,-18.58189977634083,-11.226204476948162,-13.534280728721795,6.558780636952119,-18.653927201038762,20.836703280610674,1,3.35
68,-30.609585472842394,17.975598096479796,-32.98248671279724,-7.543596897012002,-18.734949678879566,20.8154436497923,-36.64491393396704,-11.644539841484569,-34.2688239611394,0.8552240072616959,-35.72845546885761,16.744682395787624,-18.60046496633936,-11.215101052527542,-13.552845918720282,6.558086672925831,-18.734949678879566,20.8154436497923,1,3.4000000000000004
69,-30.485631758458773,17.81937552966005,-33.1045520762227,-7.521106806730828,-18.813180361147214,20.793144380894393,-36.732572936117755,-11.631891972096694,-34.20134607733444,0.8373936779906472,-35.68601105912041,16.753224338033064,-18.61721246973365,-11.205084745762695,-13.569593422114599,6.557460653753029,-18.813180361147214,20.793144380894393,1,3.45
70,-30.36257969217668,17.665981123877614,-33.23032719086637,-7.496654008561975,-18.887806440440357,20.769812267995164,-36.82024942791577,-11.619841118279904,-34.13246345976753,0.8181313526095964,-35.64533458771479,16.759833933368753,-18.632191859794755,-11.196125907990309,-13.584572812175725,6.556900726392243,-18.887806440440357,20.769812267995164,1,3.5
71,-30.24070944238331,17.514918660543668,-33.3598454110096,-7.470110031947165,-18.95801510935767,20.74545410517281,-36.907834725323795,-11.60853676680676,-34.06243484621255,0.7974183527687386,-35.60642649350846,16.764474713271614,-18.64545270979369,-11.188194890547022,-13.597833662174661,6.556405037802048,-18.95801510935767,20.74545410517281,1,3.5500000000000003
72,-30.120301177465915,17.365691921069388,-33.493140090933785,-7.441346406328119,-19.02299356049784,20.720076686505518,-36.99522014430455,-11.598128404449712,-33.99151897444342,0.7752360001182607,-35.56928721536913,16.767110209218586,-18.657044593001483,-11.181262044769472,-13.609425545382463,6.555971734940951,-19.02299356049784,20.720076686505518,1,3.6
73,-30.00163506581168,17.217804686865957,-33.63024458492026,-7.410234661146613,-19.081928986459495,20.693686806071483,-37.08229700082073,-11.588765517981294,-33.919974582234005,0.7515656163083384,-35.5339171921645,16.767703952686585,-18.66701708268918,-11.175297721994344,-13.619398035070141,6.555598964767504,-19.081928986459495,20.693686806071483,1,3.6500000000000004
74,-29.884991275807845,17.070760739344546,-33.77119224725039,-7.376646325844383,-19.13400857984133,20.666291257948913,-37.16895661083507,-11.58059759417395,-33.84806040735825,0.7263885229891435,-35.500316862762276,16.76621947515252,-18.67541975212775,-11.170272273558327,-13.627800704508706,6.555284874240268,-19.13400857984133,20.666291257948913,1,3.7
75,-29.77064997584163,16.92406385991631,-33.91601643220554,-7.340452929863176,-19.178419533241996,20.637896836215987,-37.25509029031028,-11.57377411980017,-33.77603518759003,0.6996860418108861,-35.46848666603019,16.76262030809332,-18.68230217458826,-11.166156050798048,-13.634683126969227,6.5550276103177225,-19.178419533241996,20.637896836215987,1,3.75
76,-29.658891334300233,16.777217829992466,-34.064750494067056,-7.301526002644727,-19.214349039260192,20.60851033495091,-37.34058935520907,-11.56844458163249,-33.70415766070326,0.6714394944237233,-35.43842704083591,16.75686998298591,-18.68771392334172,-11.16291940505014,-13.640094875722692,6.554825319958495,-19.214349039260192,20.60851033495091,1,3.8000000000000003
77,-29.549995519570896,16.62972643098416,-34.21742778711635,-7.259737073630799,-19.240984290494552,20.5781385482319,-37.42534512149414,-11.564758466443342,-33.63268656447183,0.6416302024778556,-35.410138426047155,16.748932031307213,-18.691704571659177,-11.160532687651317,-13.644085524040145,6.554676150121074,-19.240984290494552,20.5781385482319,1,3.85
78,-29.444242700040828,16.481093444302594,-34.37408166563473,-7.2149576722631155,-19.25751247954377,20.546788270137135,-37.50924890512824,-11.562865261005259,-33.56188063666965,0.610239487623474,-35.38362126053164,16.738769984534187,-18.694323692811594,-11.158966249938238,-13.646704645192571,6.554578247763998,-19.25751247954377,20.546788270137135,1,3.9000000000000004
79,-29.341913044097257,16.330822651358915,-34.53474548390358,-7.167059327983445,-19.26312079900652,20.5144662947448,-37.592192022074045,-11.562914452090691,-33.49199861507061,0.5772486715107306,-35.358875983157056,16.72634737414367,-18.69562086007006,-11.158190443247516,-13.648001812451016,6.554529759845814,-19.26312079900652,20.5144662947448,1,3.95
80,-29.24328672012738,16.178417833564325,-34.69945259620426,-7.115913570233527,-19.25699644148144,20.481179416133102,-37.67406578829429,-11.565055526472179,-33.423299237448624,0.5426390757898355,-35.33590303279113,16.711627731612666,-18.69564564670559,-11.15817561891583,-13.64802659908654,6.554528833325101,-19.25699644148144,20.481179416133102,1,4.0
81,-29.148597357098552,16.02348427158011,-34.868236356818144,-7.06139192845507,-19.238600436081292,20.44695712736128,-37.75479769844631,-11.569374876583383,-33.35601500341668,0.506394499768534,-35.31471279333336,16.694589191994293,-18.694447625989167,-11.15889212827988,-13.646828578370117,6.55457361516036,-20.3668457354124,19.41777826137373,1,4.05
82,-29.057892426298565,15.866033243068065,-35.04113012002658,-7.003365932089852,-19.2084891579752,20.411919717412687,-37.83445996196596,-11.575706517502875,-33.29027345994423,0.4685086533849238,-35.295355428810566,16.675268304646693,-18.692076371191845,-11.160310322676276,-13.644457323572816,6.554662252310132,-21.451012566343323,18.378984736641822,1,4.1000000000000005
83,-28.971172859595317,15.706177524940081,-35.218167240110944,-6.941707110579632,-19.16749281884632,20.376210174251714,-37.913160966983725,-11.583821369970382,-33.22617591583978,0.4289777242346668,-35.27789104828136,16.653716222504304,-18.688581455584647,-11.162400553441689,-13.64096240796563,6.554792891732973,-22.50949693427418,17.364798841937407,1,4.15
84,-28.888439588856745,15.544029894108073,-35.39938107135257,-6.876286993366122,-19.116441630377825,20.33997148584278,-37.99100910163008,-11.593490354725668,-33.16382367991188,0.38779789991342933,-35.26237976080432,16.629984098501453,-18.684012452438598,-11.165133171912833,-13.636393404819561,6.554963680387412,-23.542298839204975,16.375220577260517,1,4.2
85,-28.809693545950736,15.37970312748397,-35.58480496803284,-6.806977109891075,-19.05616580425291,20.303346640150256,-38.0681127540355,-11.604484392508526,-33.10331806096905,0.34496536801684446,-35.24888167543809,16.604123085572546,-18.678418935024705,-11.168478529426302,-13.63079988740569,6.555172765231997,-24.54941828113572,15.41024994261108,1,4.25
86,-28.734935662745222,15.213310001979641,-35.77447228443312,-6.733648989596254,-18.987495552154773,20.266478625138575,-38.144580312330476,-11.61657440405867,-33.044760367819826,0.3004763161406026,-35.237456901241266,16.576184336651966,-18.671850476614015,-11.17240697731877,-13.624231428994984,6.555418293225279,-25.530855260066424,14.469886937989157,1,4.3
87,-28.664166871108108,15.04496329450702,-35.968416374834774,-6.656174161923378,-18.91126108576654,20.22951042877208,-38.220520164645485,-11.629531310115881,-32.98825190927275,0.2543269318803465,-35.22816554727248,16.54621900467408,-18.664356650477533,-11.176888866926907,-13.616737602858512,6.555698411325789,-26.486609775997056,13.554131563394716,1,4.3500000000000005
88,-28.59738810290731,14.874775781978009,-36.166670593519164,-6.574424156314226,-18.82829261677144,20.192585039015217,-38.296040699110996,-11.643126031419904,-32.933893994136334,0.20651340283175215,-35.22106772259032,16.51427824257331,-18.655987029886315,-11.181894549587389,-13.608367982267287,6.5560112664920736,-27.416681828927636,12.662983818827744,1,4.4
89,-28.534600290010744,14.702860241304505,-36.36926829476762,-6.4882705022104865,-18.739420356852637,20.15584544383238,-38.37125030385751,-11.657129488710522,-32.88178793121912,0.1570319165904573,-35.216223536253416,16.480413203283998,-18.64679118811134,-11.187394376636863,-13.59917214049233,6.5563550056826605,-28.321071418858175,11.796443704288288,1,4.45
90,-28.475804364286297,14.529329449398436,-36.576242832861546,-6.397584729053964,-18.645474517693305,20.119434631187925,-38.44625736701548,-11.671312602727445,-32.832035029329624,0.10587866075215742,-35.213693097320366,16.44467503974057,-18.636818698423667,-11.193358699411966,-13.589199650804622,6.556727775856104,-29.199778545788636,10.954511219776313,1,4.5
91,-28.421001257601905,14.354296183171693,-36.78762756208228,-6.302238366286378,-18.547285310976637,20.083495589046308,-38.52117027671542,-11.685446294210477,-32.784736597276414,0.053049822912485355,-35.21353651484979,16.407114904877385,-18.626119134094303,-11.199757869249382,-13.578500086475282,6.557127723970946,-30.052803209719052,10.137186365291834,1,4.55
92,-28.370191901825482,14.177873219536187,-37.0034558367112,-6.20210294334947,-18.445682948385798,20.048171305371877,-38.59609742108777,-11.699301483899356,-32.739993943868,-0.0014584093328778636,-35.215813897900304,16.36778395162884,-18.614742068394275,-11.206562237485791,-13.56712302077525,6.557552996985724,-30.8801454106494,9.344469140834837,1,4.6000000000000005
93,-28.32337722882492,14.000173335403824,-37.22376101102965,-6.097049989685004,-18.341497641603976,20.013604768129028,-38.671147188263035,-11.71264909253386,-32.69790837791288,-0.05764984838829946,-35.2205853555305,16.3267333329293,-18.6027370745946,-11.21374215545783,-13.555118026975585,6.558001741858963,-31.681805148579716,8.576359546405332,1,4.65
94,-28.280558170468154,13.821309307686514,-37.448576439319005,-5.986951034734697,-18.235559602314368,19.979938965282216,-38.746427966371705,-11.725260040853696,-32.65858120821965,-0.11552830665806937,-35.22791099679902,16.284014201713177,-18.59015372596634,-11.221267974502146,-13.5425346783473,6.55847210554924,-32.45778242350997,7.832857582003311,1,4.7
95,-28.241735658623078,13.641393913296172,-37.677935475860636,-5.871677607940307,-18.12869904220014,19.947316884795796,-38.822048143544244,-11.73690524959868,-32.62211374359679,-0.17509759654658866,-35.237850930764466,16.239677710914826,-18.57704159578047,-11.229110045955435,-13.529422548161428,6.558962235015067,-33.20807723544015,7.113963247628794,1,4.75
96,-28.206910625157626,13.46053992914469,-37.911871474935886,-5.751101238743562,-18.02174617294446,19.915881514634158,-38.898116107911136,-11.74735563950852,-32.58860729285288,-0.23636153045812308,-35.25046526648542,16.193775013468656,-18.563450257308034,-11.237238721154311,-13.51583120968899,6.559470277214999,-33.93268958437028,6.419676543281756,1,4.800000000000001
97,-28.17608400193969,13.278860132144004,-38.15041779082613,-5.625093456586227,-17.915531206230536,19.885775842761714,-38.97474024760286,-11.756382131322992,-32.55816316479639,-0.29932392079707854,-35.26581411302054,16.146357262309053,-18.549429283820047,-11.245624351435499,-13.501810236201,6.559994379107568,-34.631619470300365,5.749997468962216,1,4.8500000000000005
98,-28.14925672083719,13.096467299205976,-38.39360777781272,-5.4935257909100645,-17.8108843537415,19.857142857142858,-39.052028950749886,-11.763755645781885,-32.53088266823589,-0.3639885799677788,-35.28395757942841,16.09747561037036,-18.535028248587565,-11.254237288135597,-13.48740920096853,6.560532687651335,-35.304866893230404,5.104926024670165,1,4.9
99,-28.12642971371803,12.913474207242535,-38.64137679637577,-5.3563161264289665,-17.708506217001965,19.830077057303058,-39.13009060548271,-11.769247103624918,-32.50683380679214,-0.4303214306208619,-35.304955774767635,16.047181210587027,-18.520296724881575,-11.263047882591293,-13.472677677262535,6.5610833498047985,-35.95243185316036,4.484462210405588,1,4.95
100,-28.107603912450138,12.7299936331656,-38.89326823179047,-5.2135677689454925,-17.608578956902132,19.804478989012125,-39.209033599931814,-11.77262742559186,-32.485951363334856,-0.4981368363924119,-35.32886880809688,15.995525215893384,-18.50528428597313,-11.272026486139263,-13.457665238354078,6.561644512526556,-36.57431435009029,3.88860602616851,1,5.0
101,-28.092780248901416,12.54613835388708,-39.148727475530706,-5.06543037953443,-17.511155124173527,19.7802007096009,-39.288966322227665,-11.773667532422468,-32.46813681554592,-0.5672112711648513,-35.35575678847468,15.942558779223837,-18.4900405051332,-11.281143450116126,-13.442421457514165,6.562214322775123,-37.170514384020144,3.31735747195893,1,5.050000000000001
102,-28.08195965493978,12.362021146318858,-39.407199919070386,-4.912053619270511,-17.41628726954775,19.757094276400217,-39.369997160500745,-11.772138344856494,-32.4532916411073,-0.6373212088205443,-35.385679824959695,15.888333053512781,-18.47461495563289,-11.290369125858584,-13.426995908013845,6.562790927509017,-37.741031954949946,2.770716547776834,1,5.1000000000000005
103,-28.075143062433146,12.177754787372868,-39.668130953883455,-4.753587149228491,-17.324027943756377,19.73501174674097,-39.45223450288155,-11.76781078363371,-32.441317317700914,-0.708243123241904,-35.418698026610535,15.832899191694572,-18.459057210743158,-11.299673864703264,-13.411438163124119,6.563372473686802,-38.285867062879696,2.2486832536222217,1,5.15
104,-28.072331403249407,11.993452053961002,-39.930965971443804,-4.590180630483112,-17.234429697530985,19.713805177954026,-39.535786737500544,-11.760455769493872,-32.43211532300871,-0.7797534883113286,-35.454871502485794,15.776308346703628,-18.44341684373507,-11.309028017986863,-13.395797796116025,6.563957108267029,-38.80501970780939,1.751257589495108,1,5.2
105,-28.07352560925652,11.80922572299518,-40.19515036322536,-4.421983724109137,-17.14754508160313,19.69332662737023,-39.620762252488205,-11.749844223176716,-32.42558713471257,-0.851628777911202,-35.4942603616441,15.718611671474306,-18.42774342787962,-11.31840193704601,-13.380124380260575,6.56454297820822,-39.298489889739024,1.2784395553954684,1,5.25
106,-28.07872661232234,11.625188571387282,-40.46012952070203,-4.249146091181301,-17.0634266467044,19.67342815232046,-39.70726943597503,-11.735747065421995,-32.42163423049447,-0.9236454659239319,-35.53692471314406,15.659860318940988,-18.412086536447838,-11.327765973217375,-13.364467488828808,6.5651282304689325,-39.76627760866861,0.8302291513233467,1,5.300000000000001
107,-28.087935344314815,11.441453376049264,-40.725348835347724,-4.071817392774351,-16.98212694356636,19.65396181013554,-39.79541667609148,-11.71793521696952,-32.42015808803633,-0.9955800262319314,-35.582924666044285,15.600105442038107,-18.39649574271077,-11.337090477837629,-13.348876695091741,6.565711012007713,-40.208382864598136,0.4066263772786993,1,5.3500000000000005
108,-28.101152737101835,11.258132913892972,-40.99025369863638,-3.8901472899630583,-16.903698522920607,19.634779658146385,-39.88531236096805,-11.696179598559011,-32.421060185020075,-1.0672089327175744,-35.632320329403385,15.539398193699984,-18.381020619939424,-11.34634580224341,-13.33340157232039,6.566289469783075,-40.6248056575276,0.0076312332615358965,1,5.4
109,-28.11837972255135,11.075339961830347,-41.254289502041885,-3.70428544382218,-16.82819393549868,19.615733753683813,-39.97706487873521,-11.670251130930199,-32.424241999127645,-1.1383086592632645,-35.685171812279975,15.477789726861046,-18.365710741404833,-11.355502297771396,-13.318091693785778,6.56686175075357,-41.01554598745702,-0.3667562807281291,1,5.45
110,-28.13961723253124,10.893187296773316,-41.516901637038174,-3.5143815154264253,-16.75566573203219,19.596676154078693,-40.07078261752346,-11.639920734822892,-32.429605008040944,-1.2086556797514092,-35.741539223732666,15.415331194455682,-18.350615680377988,-11.364530315758255,-13.302996632758955,6.567426001877755,-41.380603854386386,-0.7165361646902957,1,5.5
111,-28.16486619890941,10.711787695633745,-41.77753549509915,-3.3205851658505803,-16.6861664632527,19.577458916661904,-40.16657396546324,-11.60495933097684,-32.43705068944193,-1.2780264680644213,-35.80148267282007,15.352073749418217,-18.335785010129953,-11.373400207540648,-13.288165962510915,6.567980370114156,-41.71997925831569,-1.0417084186250123,1,5.550000000000001
112,-28.194127553553823,10.531253935323566,-42.03563646769873,-3.1230460561693922,-16.619748679891757,19.55793409876427,-40.264547310685074,-11.565137840131746,-32.44648052101251,-1.3461974980846512,-35.86506226860081,15.288068544683094,-18.32126830393175,-11.3820823244552,-13.2736492563127,6.568523002421309,-42.03367219924493,-1.342273042532206,1,5.6000000000000005
113,-28.22740222833233,10.351698792754691,-42.29064994631082,-2.9219138474575796,-16.556464932680974,19.53795375771671,-40.36481104131941,-11.520227183027437,-32.45779598043464,-1.4129452436945307,-35.93233812013347,15.223366733184688,-18.307115135054364,-11.390547017838593,-13.259496087435322,6.569052045757778,-42.32168267717413,-1.6182300364118969,1,5.65
114,-28.264691155112867,10.17323504483902,-42.54202132240935,-2.717338200789939,-16.496367772351903,19.51736995085004,-40.46747354549676,-11.469998280403628,-32.470898545390234,-1.4780461787764676,-36.003370336476685,15.158019467857367,-18.293375076768857,-11.39876463902752,-13.245756029149813,6.56956564708208,-42.58401069210327,-1.8695794002641228,1,5.7
115,-28.305995265763357,9.995975468488453,-42.78919598746823,-2.509468777241193,-16.43950974963614,19.496034735495137,-40.57264321134757,-11.414222053000096,-32.48568969356121,-1.5412767772128317,-36.07821902668906,15.092077901635541,-18.280097702346257,-11.40670553935859,-13.232478654727203,6.57006195335277,-42.82065624403236,-2.0963211340888406,1,5.75
116,-28.35131549215171,9.820032840614898,-43.03161933296138,-2.2984552378860843,-16.385943415265228,19.473800168982844,-40.68042842700235,-11.352669421556588,-32.50207090262953,-1.6024135128860353,-36.15694429982922,15.025593187453564,-18.267332585057545,-11.414340070168516,-13.219713537438501,6.570539111528398,-43.03161933296138,-2.2984552378860843,1,5.800000000000001
117,-28.400652766145832,9.645519938130269,-43.268736750362706,-2.084447243799375,-16.33572131997077,19.450518308644053,-40.790937580591546,-11.285111306812887,-32.5199436502771,-1.6612328596784676,-36.23960626495576,14.95861647824585,-18.255129298173788,-11.421638582793882,-13.207510250554728,6.57099526856748,-43.842163787627804,-2.297489136760648,1,5.8500000000000005
118,-28.45400801961364,9.472549537946485,-43.499993631146125,-1.8675944560558317,-16.288896014484344,19.4260412118096,-40.90427906024567,-11.211318629508717,-32.53920941418585,-1.7175112914725603,-36.32626503112729,14.89119892694673,-18.24353741496599,-11.428571428571438,-13.19591836734692,6.571428571428573,-44.621788290345094,-2.2965598896291133,1,5.9
119,-28.511382184423024,9.30123441697541,-43.72483536678555,-1.648046535730183,-16.245520049537486,19.400220935810356,-41.020561254095185,-11.131062310383847,-32.55976967203773,-1.7710252821506633,-36.416980707402445,14.823391686490657,-18.232606508705178,-11.435108958837764,-13.184987461086127,6.571837167070224,-45.370492841113276,-2.295667496491471,1,5.95
120,-28.572776192441918,9.131687352129019,-43.9427073487549,-1.425953143897176,-16.205645975861806,19.372909537977186,-41.139892550270574,-11.044113270178023,-32.58152590151465,-1.8215513055951948,-36.511813402839806,14.755245909811977,-18.22238615266239,-11.441221524929569,-13.174767105043337,6.572219202450961,-46.088277439932305,-2.294811957347702,1,6.0
121,-28.638190975538244,8.964021120319167,-44.15305496852808,-1.2014639416315729,-16.169326344188864,19.343959075640942,-41.26238133690234,-10.95024242963102,-32.60437958029854,-1.868865835688572,-36.61082322649801,14.6868127498451,-18.212925920108617,-11.446879478183508,-13.165306872489586,6.572572824529338,-46.77514208680221,-2.2939932721978114,1,6.050000000000001
122,-28.707627465579897,8.798348498457777,-44.35532361757902,-0.9747285900081161,-16.136613705250248,19.31322160613248,-41.38813600212092,-10.849220709482593,-32.62823218607136,-1.9127453463131738,-36.71407028743565,14.618143359524373,-18.20427538431492,-11.452053169936262,-13.156656336695866,6.572896180263874,-47.431086781723,-2.293211441041817,1,6.1000000000000005
123,-28.781086594434775,8.63478226345674,-44.54895868738162,-0.7458967501015823,-16.10756060977752,19.280549186782693,-41.517264934056826,-10.740819030472515,-32.65298519651498,-1.9529663113514035,-36.82161469471136,14.549288891784194,-18.1964841185523,-11.456712951524445,-13.148865070933251,6.573187416613136,-48.05611152469465,-2.2924664638797156,1,6.15
124,-28.858569293970834,8.473435192228012,-44.733405569409804,-0.5151180829866852,-16.082219608502246,19.2457938749224,-41.64987652084053,-10.624808313340502,-32.67854008931139,-1.9893052046856452,-36.933516557383726,14.480300499558977,-18.189601696091785,-11.460829174284724,-13.141982648472753,6.573444680535662,-48.65021631571719,-2.2917583407115014,1,6.2
125,-28.940076496055962,8.314420061683446,-44.90810965513749,-0.282542249738172,-16.06064325215604,19.208807727882476,-41.78607915060251,-10.500959478826344,-32.70479834214251,-2.0215385001983064,-37.04983598451138,14.411229335783085,-18.183677690204412,-11.464372189553783,-13.136058642585382,6.573666118989983,-49.21340115479059,-2.2910870715371323,1,6.25
126,-29.02560913255806,8.157849648734985,-45.07251633603859,-0.048318911430833965,-16.04288409147043,19.169442802993817,-41.92598121147325,-10.369043447669767,-32.73166143269024,-2.0494426717718,-37.17063308515294,14.342126553390907,-18.1787616741612,-11.467312348668269,-13.131142626542152,6.573849878934631,-49.74566604191485,-2.2904526563566936,1,6.300000000000001
127,-29.11516813534505,8.003836730294513,-45.22607100358701,0.18740227086062503,-16.028994677177028,19.127551157587234,-42.06969109158322,-10.228831140610568,-32.75903083863652,-2.0727941932885052,-37.29596796836699,14.27304330531679,-18.174903221233155,-11.469620002964867,-13.127284173614107,6.573994107328167,-50.24701097709,-2.2898550951701178,1,6.3500000000000005
128,-29.20875443628486,7.852494083273959,-45.368219049256666,0.4244716360614237,-16.019027560007366,19.082984848993604,-42.21731717906292,-10.080093478388504,-32.7868080376633,-2.0913695386308246,-37.42590074321217,14.204030744495189,-18.172151904691333,-11.471265503780197,-13.124532857072273,6.574096951129128,-50.71743596031602,-2.28929438797744,1,6.4
129,-29.306368967245373,7.703934484585205,-45.49840586452149,0.6627395230968096,-16.013035290693054,19.03559593454381,-42.3689678620428,-9.922601381743291,-32.81489450745251,-2.104945181681167,-37.560491518747064,14.135140023860423,-18.17055729780671,-11.472219202450944,-13.122938250187678,6.574156557296053,-51.156940991592904,-2.2887705347786347,1,6.45
130,-29.408012660094528,7.558270711140178,-45.616076840855364,0.9020562708920452,-16.011070419965648,18.98523647156868,-42.52475152865338,-9.756125771414746,-32.84319172568603,-2.1132975963219156,-37.69980040403031,14.066422296346902,-18.170168973850355,-11.472451450313786,-13.122549926231304,6.574171072787476,-51.56552607092067,-2.288283535573722,1,6.5
131,-29.513686446700213,7.415615539850794,-45.72067736973224,1.1422722183723826,-16.013185498556737,18.9317585173991,-42.684776567025104,-9.58043756814255,-32.87160117004586,-2.1162032564354933,-37.84388750812051,13.997928714889014,-18.171036506093266,-11.471932598705344,-13.123417458474234,6.57413864456194,-51.9431911982993,-2.2878333903626973,1,6.550000000000001
132,-29.623391258930358,7.276081747628928,-45.81165284262601,1.3832377044630697,-16.019433077197885,18.875014129365915,-42.84915136528847,-9.395307692666522,-32.90002431821389,-2.1134386359042496,-37.992812940076284,13.929710432421166,-18.17320946780649,-11.470632998962296,-13.125590420187446,6.574057419577997,-52.28993637372881,-2.28742009914555,1,6.6000000000000005
133,-29.737128028652865,7.139782111386513,-45.888448651010606,1.624803068089359,-16.029865706620683,18.8148553648,-43.01798431157395,-9.200507065726375,-32.92836264787204,-2.104780208610627,-38.14663680895622,13.861818601877694,-18.176737432261042,-11.468523002421316,-13.12911838464199,6.573925544794199,-52.60576159720918,-2.2870436619222905,1,6.65
134,-29.85489768773566,7.006829408035447,-45.95051018635991,1.8668186481764841,-16.0445359375567,18.75113428103221,-43.19138379401203,-8.995806608061928,-32.95651763670227,-2.090004448437013,-38.305419223818966,13.794304376193029,-18.181669972727935,-11.465572960419028,-13.134050925108891,6.573741167169061,-52.89066686874043,-2.286704078692923,1,6.7
135,-29.976701168046645,6.877336414487654,-45.99728284014787,2.1091347836497065,-16.063496320737485,18.683702935393402,-43.3694582007332,-8.780977240412888,-32.984390762386504,-2.068887829265778,-38.46922029372309,13.727218908301529,-18.188056662478207,-11.461753224292124,-13.140437614859163,6.573502433661125,-53.144652188322546,-2.286401349457439,1,6.75
136,-30.102539401453726,6.751415907655013,-46.02821200384839,2.3516018134342884,-16.086799406894638,18.61241338521445,-43.55231591986792,-8.555789883519019,-33.011883502606665,-2.041206824979368,-38.63810012772724,13.660613351137577,-18.195947074782875,-11.457034145377277,-13.14832802716383,6.573207491228945,-53.367717555955544,-2.2861354742158326,1,6.800000000000001
137,-30.232413319824825,6.6291806644494535,-46.04274306893538,2.5940700764554494,-16.114497746759735,18.537117687826186,-43.74006533954668,-8.32001545812009,-33.03889733504469,-2.0067379094601576,-38.81211883489002,13.59453885763556,-18.205390782912946,-11.451386075011118,-13.157771735293913,6.572854486831073,-53.55986297163941,-2.285906452968119,1,6.8500000000000005
138,-30.366323855027865,6.510743461782862,-46.04032142688275,2.8363899116384648,-16.14664389106433,18.45766790055951,-43.93281484789996,-8.073424884955848,-33.06533373738248,-1.9652575565905495,-38.99133652427003,13.52904658072988,-18.216437360139494,-11.44477936453032,-13.16881831252045,6.5724415674260115,-53.72108843537415,-2.285714285714287,1,6.9
139,-30.50427193893074,6.396217076567187,-46.020392469164435,3.0784116579085787,-16.183290390540012,18.373916080745246,-44.130672833058235,-7.815789084766063,-33.091094187302005,-1.9165422402529229,-39.17581330492591,13.464187673354896,-18.229136379733493,-11.437184365271527,-13.181517332114442,6.57196687997234,-53.72108843537415,-2.285714285714287,1,6.95
140,-30.646258503401366,6.285714285714293,-45.98240158725433,3.319985654191043,-16.224489795918362,18.28571428571429,-44.333747683152,-7.546878978290479,-33.116080162485176,-1.8603684343296907,-39.365609285916236,13.400013288445006,-18.24353741496599,-11.428571428571438,-13.19591836734692,6.571428571428573,-53.72108843537415,-2.285714285714287,1,7.0
141,-30.646258503401366,6.285714285714293,-45.98240158725433,3.319985654191043,-16.224489795918362,18.28571428571429,-44.333747683152,-7.546878978290479,-33.116080162485176,-1.8603684343296907,-39.365609285916236,13.400013288445006,-18.24353741496599,-11.428571428571438,-13.19591836734692,6.571428571428573,-53.72108843537415,-2.285714285714287,1,7.050000000000001
142,-30.646258503401366,6.285714285714293,-45.98240158725433,3.319985654191043,-16.224489795918362,18.28571428571429,-44.333747683152,-7.546878978290479,-33.116080162485176,-1.8603684343296907,-39.365609285916236,13.400013288445006,-18.24353741496599,-11.428571428571438,-13.19591836734692,6.571428571428573,-53.72108843537415,-2.285714285714287,1,7.1000000000000005
143,-30.646258503401366,6.285714285714293,-45.98240158725433,3.319985654191043,-16.224489795918362,18.28571428571429,-44.333747683152,-7.546878978290479,-33.116080162485176,-1.8603684343296907,-39.365609285916236,13.400013288445006,-18.24353741496599,-11.428571428571438,-13.19591836734692,6.571428571428573,-53.72108843537415,-2.285714285714287,1,7.15
144,-30.646258503401366,6.285714285714293,-45.98240158725433,3.319985654191043,-16.224489795918362,18.28571428571429,-44.333747683152,-7.546878978290479,-33.116080162485176,-1.8603684343296907,-39.365609285916236,13.400013288445006,-18.24353741496599,-11.428571428571438,-13.19591836734692,6.571428571428573,-53.72108843537415,-2.285714285714287,1,7.2
145,-30.646258503401366,6.285714285714293,-45.98240158725433,3.319985654191043,-16.224489795918362,18.28571428571429,-44.333747683152,-7.546878978290479,-33.116080162485176,-1.8603684343296907,-39.365609285916236,13.400013288445006,-18.24353741496599,-11.428571428571438,-13.19591836734692,6.571428571428573,-53.72108843537415,-2.285714285714287,1,7.25
146,-30.646258503401366,6.285714285714293,-45.98240158725433,3.319985654191043,-16.224489795918362,18.28571428571429,-44.333747683152,-7.546878978290479,-33.116080162485176,-1.8603684343296907,-39.365609285916236,13.400013288445006,-18.24353741496599,-11.428571428571438,-13.19591836734692,6.571428571428573,-53.72108843537415,-2.285714285714287,1,7.300000000000001
147,-30.646258503401366,6.285714285714293,-45.98240158725433,3.319985654191043,-16.224489795918362,18.28571428571429,-44.333747683152,-7.546878978290479,-33.116080162485176,-1.8603684343296907,-39.365609285916236,13.400013288445006,-18.24353741496599,-11.428571428571438,-13.19591836734692,6.571428571428573,-53.72108843537415,-2.285714285714287,1,7.3500000000000005
148,-30.646258503401366,6.285714285714293,-45.98240158725433,3.319985654191043,-16.224489795918362,18.28571428571429,-44.333747683152,-7.546878978290479,-33.116080162485176,-1.8603684343296907,-39.365609285916236,13.400013288445006,-18.24353741496599,-11.428571428571438,-13.19591836734692,6.571428571428573,-53.72108843537415,-2.285714285714287,1,7.4
