Frame,Home_15_x,Home_15_y,Home_1779_x,Home_1779_y,Home_3969_x,Home_3969_y,Home_5047_x,Home_5047_y,Home_6593_x,Home_6593_y,Home_6594_x,Home_6594_y,Home_10286_x,Home_10286_y,Home_17595_x,Home_17595_y,ball_x,ball_y,Period,Time [s]
0,29.875830298871588,2.1240436634024196,37.40034532336986,-1.948003755512386,40.93275487445025,5.9851219705186685,38.95966471147895,9.762132564316135,40.7934458332135,-2.396343028745483,39.89326748944479,-10.577322707716576,41.75785814824116,-5.5687353463544715,41.759019659225665,14.417563480979473,37.98138860190103,-2.8994250134774706,1,0.0
1,29.72060799551625,1.7737701060758357,37.372517072340244,-2.256135234470088,40.80488204313753,5.935322105026752,38.81118827264094,9.622670939816459,40.55636677964306,-2.559518711079644,39.78236517607768,-10.704495334506957,41.5112758878247,-5.4679398475582195,41.72642634506279,14.260519312660204,37.96905746569544,-3.111377869438513,1,0.05
2,29.57805931677571,1.4469936591463448,37.33466427164657,-2.5493682196907126,40.67887041966962,5.886338111745063,38.66497836199033,9.488627976976758,40.335727367980155,-2.7081535391448113,39.674156574236235,-10.821329581228692,41.27152698716163,-5.376743107917522,41.69049639467005,14.108260680893126,37.95524489586338,-3.3083251769012785,1,0.1
3,29.44722164936285,1.142608477963913,37.28714651641834,-2.8280354688421276,40.55460545384764,5.8381478665076285,38.52099683594581,9.359900318326249,40.13091860900562,-2.8428274418663464,39.568564341485796,-10.928187716510983,41.038540722882445,-5.29477814185536,41.651327028490705,13.960633885202967,37.94001239970883,-3.4907497427380054,1,0.15000000000000002
4,29.327132379990605,0.8595087178784527,37.23032340178517,-3.092469739592228,40.431972595472956,5.790729245148527,38.37920555092597,9.236384606394147,39.941331513499925,-2.9641203481694807,39.465511135391715,-11.02543200898293,40.812246371617526,-5.221677963794699,41.609015466968216,13.81748522511445,37.92342148453548,-3.659134373821038,1,0.2
5,29.216828895371947,0.5965885342399304,37.16455452287669,-3.3430037896088796,40.310857294346675,5.744060123501855,38.23956636334951,9.117977483709666,39.76635709224381,-3.072612186979507,39.36491961351946,-11.113424727273639,40.592573209997425,-5.157075588158505,41.56365893054599,13.678661000152335,37.90553365764728,-3.8139618770226047,1,0.25
6,29.115348582219756,0.3527420823982539,37.090199474822434,-3.5799703765599493,40.191145000270154,5.698118377401657,38.10204112963507,9.004575592802013,39.60538635601798,-3.1688828872216996,39.26671243343421,-11.192528140012273,40.379450514652525,-5.100604029369752,41.51535463966736,13.544007509841316,37.88641042634797,-3.955715059214976,1,0.30000000000000004
7,29.02172882724699,0.126863517703394,37.007617852752006,-3.8037022581133075,40.072721163044626,5.652881882682013,37.96659170620139,8.896075576200424,39.45781031560301,-3.2535123778213904,39.17081225270149,-11.26310451582797,40.172807562213336,-5.051896301851432,41.46419981477577,13.413371053706172,37.866113297941425,-4.0848767272704585,1,0.35000000000000003
8,28.935007017166587,-0.08215300449473147,36.91716925179502,-4.014532191936845,39.95547123247132,5.608328515177022,37.83317994946704,8.792374076434077,39.323019981779616,-3.3270805877038243,39.07714172888661,-11.325516123349834,39.97257362931032,-5.010585420026495,41.410291676314536,13.286597931271608,37.84470377973147,-4.201929688061299,1,0.4
9,28.854220538691486,-0.2754133288461566,36.81921326708104,-4.21279293569841,39.83928065835144,5.564436150720697,37.701767715850664,8.693367736032208,39.20040636532844,-3.3901674457943147,38.98562351955488,-11.380125231207025,39.77867799257394,-4.976304398317943,41.35372744472714,13.163534442062343,37.82224337902197,-4.307356748459818,1,0.45
10,28.778406778534574,-0.45402330000094904,36.71410949373964,-4.39881724706589,39.72403489048628,5.52118266514715,37.572316861771036,8.598953197524033,39.08936047703013,-3.4433528810181206,38.89618028227174,-11.427294108028642,39.59104992863462,-4.948686251148729,41.29460434045693,13.044026885603131,37.79879360311667,-4.401640715338224,1,0.5
11,28.706603123408783,-0.6190887626091768,36.60221752690044,-4.572937883707154,39.609619378677095,5.478545934290454,37.44478924364673,8.509027103438761,38.98927332766534,-3.4872168223005504,38.80873467460258,-11.467385022443844,39.409618714122864,-4.927363992941835,41.23301958394734,12.927921561418701,37.77441595931946,-4.485264395568846,1,0.55
12,28.63784696002717,-0.7717155613208883,36.48389696169305,-4.7354876032900926,39.49591957272512,5.436503833984633,37.31914671789645,8.423486096305588,38.89953592801481,-3.522339198566849,38.72320935411272,-11.50076024308175,39.234313625669095,-4.911970638120246,41.16907039564167,12.815064769033768,37.74917195493421,-4.558710596023938,1,0.6000000000000001
13,28.571175675102488,-0.913009540786156,36.35950739324696,-4.886799163482546,39.382820922431534,5.395034240063811,37.19535114093882,8.342226818653733,38.819539288859154,-3.549299938742372,38.63952697836751,-11.527782038571491,39.06506393990381,-4.902139201106898,41.10285399598338,12.705302807973089,37.723123097264676,-4.622462123575798,1,0.65
14,28.50562665534777,-1.0440765456550238,36.229408416691804,-5.027205321952414,39.27020887759764,5.354115028362056,37.073364369192525,8.26514591301245,38.74867442097897,-3.5686789717523406,38.55761020493235,-11.548812677542173,38.90179893345746,-4.897502696324796,41.03446760541591,12.598481977761372,37.696330893614714,-4.677001785096652,1,0.7000000000000001
15,28.44023728747593,-1.1660224205775547,36.093959627157204,-5.157038836367576,39.1579688880247,5.313724074713405,36.95314825907622,8.192140021910879,38.68633233515502,-3.581056226522078,38.47738169137257,-11.564214428622966,38.74444788296052,-4.897694138196903,40.96400844438252,12.494448577923372,37.6688568512882,-4.722812387458823,1,0.75
16,28.37404495819987,-1.2799530102038164,35.95352061977275,-5.27663246439587,39.04598640351389,5.27383925495196,36.83466466700858,8.123105787878288,38.63190404216791,-3.587011631976853,38.39876409525358,-11.574349560442984,38.59294006504338,-4.902346541146191,40.891573733326716,12.393048907983804,37.640762477588886,-4.760376737534568,1,0.8
17,28.30608705423254,-1.3869741591838474,35.80845098966799,-5.3863189637052,38.93414687386656,5.234438444911764,36.71787544940824,8.057939853443878,38.58478055279832,-3.5871251170419733,38.32168007414069,-11.579580341631377,38.447204756336625,-4.911092919595668,40.817260692691875,12.29412926746739,37.6121092798207,-4.790177642196195,1,0.8500000000000001
18,28.235400962286924,-1.4881917121677306,35.65911033197256,-5.486431091963429,38.82233574888387,5.195499520426906,36.60274246269388,7.996538861136849,38.544352877826896,-3.5819766106426894,38.24605228559935,-11.580269040817257,38.3071712334706,-4.923566287968267,40.74116654292133,12.197535955898893,37.58295876528739,-4.8126979083159185,1,0.9
19,28.161024069075825,-1.5847115138055186,35.50585824181599,-5.5773016068384305,38.71043847836713,5.157000357331449,36.48922756328418,7.938799453486426,38.51001202803433,-3.572146041704294,38.17180338719487,-11.57677792662973,38.172768773075795,-4.939399660686963,40.6633885044585,12.103115272803022,37.55337244129285,-4.828420342766062,1,0.9500000000000001
20,28.081993761312326,-1.6776394087472608,35.3490543143279,-5.659263265998089,38.59834051211747,5.118918831459477,36.3772926075978,7.8846182730218155,38.48114901420122,-3.558213339152119,38.09885603649257,-11.569469267697952,38.04392665178274,-4.958226052174755,40.584023797746816,12.010713517704538,37.52341181514085,-4.83782775241888,1,1.0
21,27.99734742570928,-1.768081241643034,35.18905814463788,-5.7326488271102605,38.48592729993626,5.081232818645051,36.26689945205332,7.833891962272244,38.45715484710834,-3.5407584319113865,38.027132891057946,-11.558705332651085,37.920574146221824,-4.979678476854605,40.50316964322958,11.920176990128118,37.49313839413529,-4.84140294414667,1,1.05
22,27.90612244897959,-1.857142857142853,35.026229327875505,-5.797791047842808,38.373084291624664,5.0439201947222365,36.15800995306951,7.786517163766913,38.437420537536234,-3.5203612489074225,37.95655660845618,-11.54484839011821,37.80264053302356,-5.003389949149484,40.420923261350296,11.831351989598538,37.46261368557993,-4.839628724821675,1,1.1
23,27.807356217836197,-1.9459300998968292,34.86092745917035,-5.855022685863635,38.25969693698398,5.006958835525125,36.05058596706499,7.742390520035029,38.42133709626562,-3.4976017190654876,37.887049846252786,-11.52826070872847,37.690055088818376,-5.028993483482351,40.33738187255228,11.744084815640528,36.988225376482106,-4.919813551325359,1,1.1500000000000001
24,27.700086118992125,-2.035548814555001,34.69351213365207,-5.904676498840619,38.14565068581541,4.97032661688775,35.94458935045846,7.701408673605813,38.40829553407718,-3.473059771310918,37.81853526201311,-11.509304557111035,37.58274709023674,-5.056122094276208,40.25264269727902,11.658221767778791,36.529104737102415,-4.997417716746167,1,1.2000000000000002
25,27.583349539160245,-2.127104845767432,34.52434294645019,-5.947085244441592,38.03083098792026,4.934001414644215,35.839981959668506,7.663468267008475,38.39768686175155,-3.44731533456893,37.75093551330245,-11.48834220389499,37.480645813909106,-5.084408795954015,40.166802955973736,11.573609145538077,36.08525176744077,-5.072441221084102,1,1.25
26,27.456183865053468,-2.221704038184166,34.35377949269429,-5.982581680334482,37.915123293099725,4.897961104628574,35.7367256511138,7.628465942772238,38.38890209006936,-3.4209483377648655,37.684173257686275,-11.465735917709472,37.38368053646594,-5.113486602938777,40.07995986907995,11.490093248443133,35.65666646749721,-5.144884064339134,1,1.3
27,27.31762648338472,-2.320452236455265,34.182181367513984,-6.011498564187079,37.79841305115505,4.862183562674914,35.634782281213056,7.596298343426287,38.38133222981127,-3.394538709823979,37.61817115272979,-11.441847967183598,37.29178053453769,-5.142988529653401,39.992210657041035,11.407520376018688,35.24334883727177,-5.214746246511328,1,1.35
28,27.166714780866947,-2.424455285230812,34.00990816603888,-6.034168653667355,37.68058571188745,4.826646664617306,35.53411370638489,7.56686211149988,38.374368291758024,-3.3686663796715597,37.55285185599857,-11.417040620946565,37.20487508475486,-5.172547590520916,39.903652540300385,11.325736827789447,34.845298876764375,-5.2820277676006135,1,1.4000000000000001
29,27.00248614421307,-2.5348190291608312,33.83731948339853,-6.0509247064431335,37.561526725098275,4.791328286289801,35.43468178304801,7.540053889522202,38.36740128669021,-3.343911276232905,37.488138025057864,-11.391676147627456,37.12289346374785,-5.201796799964264,39.81438273930138,11.244588903280157,34.462516585975095,-5.346728627607038,1,1.4500000000000002
30,26.823977960136013,-2.6526493128954147,33.66477491472252,-6.062099480182272,37.44112154058864,4.756206303526475,35.33644836762109,7.515770320022454,38.359822225388534,-3.320853328433289,37.423952317472946,-11.36611681585538,37.04576494814718,-5.230369172406449,39.72449847448736,11.163922902015546,34.095001964903894,-5.408848826530588,1,1.5
31,26.630579430726797,-2.7787385348390177,33.492634055140485,-6.068025732552696,37.3192556081599,4.72125859216142,35.23937531652268,7.493908045529877,38.35102211863361,-3.3000724651980113,37.36021739080942,-11.340724894259502,36.97341881458331,-5.257897722270417,39.63409696630183,11.08358512352036,33.742755013550855,-5.468388364371247,1,1.55
32,26.42308701958816,-2.912625308413835,33.321256499781924,-6.069036221222184,37.19581437761325,4.686463028028669,35.143424486171526,7.474363708573663,38.34039197720616,-3.282148615452349,37.29685590263239,-11.315862651468935,36.90578433968663,-5.284015463979145,39.5432754351881,11.003421867319334,33.405775731915845,-5.525347241129046,1,1.6
33,26.202649005701083,-3.0535348007964545,33.151001843776505,-6.065463703858717,37.07068329874994,4.651797486962326,35.04855773298633,7.457033951683029,38.327322811886745,-3.2676617081215964,37.233790510507404,-11.291892356112834,36.842790800087705,-5.30835541195565,39.45213110158963,10.92327943293717,33.08406411999893,-5.579725456803944,1,1.6500000000000001
34,25.970413668046348,-3.200692179163459,32.982229682253845,-6.057640938130117,36.9437478213712,4.617239844796446,34.95473691338568,7.441815417387215,38.31120563345619,-3.2571916721310132,37.17094387199977,-11.269176276820302,36.78436747241689,-5.330550580622847,39.36076118594969,10.843004119898607,32.77762017780011,-5.631523011395988,1,1.7000000000000002
35,25.727529285604838,-3.353322610691468,32.81529961034347,-6.045900681704276,36.81489339527827,4.582767977365094,34.86192388378826,7.428604748215381,38.29143145269501,-3.251318436405941,37.10823864467486,-11.248076682220507,36.73044363330478,-5.350233984403758,39.26926290871181,10.762442227728418,32.486443905319376,-5.680739904905145,1,1.75
36,25.475144137357468,-3.5106512625570563,32.650571223174936,-6.030575692249034,36.684005470272425,4.548359760502381,34.77008050061272,7.417298586696801,38.2673912803839,-3.2506219298715915,37.04559748609804,-11.22895584094252,36.68094855938171,-5.367038637721311,39.17773349031927,10.681440055951276,32.21053530255675,-5.7273761373314285,1,1.8
37,25.214406502285083,-3.671903301936858,32.48840411587788,-6.011998727432278,36.55096949615495,4.513993070042312,34.67916862027776,7.407793575360626,38.238476127303564,-3.255682081453286,36.98294305383463,-11.212176021615548,36.63581152727822,-5.38059755499851,39.08627015121552,10.599843904091948,31.94989436951219,-5.771431708674815,1,1.85
38,24.94646465936851,-3.8363038960074234,32.32915788358192,-5.990502544921893,36.41567092272699,4.479645781819021,34.58915009920204,7.3999863567361155,38.204077004234634,-3.267078820076338,36.920198005450075,-11.19809949286864,36.5949618136247,-5.390543750658303,38.99497011184401,10.517500071675174,31.70452110618573,-5.812906618935347,1,1.9000000000000001
39,24.672466887588712,-4.003078211945391,32.173192121416584,-5.966419902385771,36.27799519978986,4.4452957716665304,34.49998679380417,7.393773573352472,38.163584921957764,-3.2853920746659977,36.857284998509684,-11.18708852333099,36.55832869505165,-5.396510239123716,38.90393059264797,10.43425485822565,31.474415512577394,-5.851800868112999,1,1.9500000000000002
40,24.39356146592644,-4.1714514169273125,32.02086642451144,-5.940083557491747,36.13782777714475,4.410920915418943,34.41164056050281,7.389051867738876,38.11639089125366,-3.3112017741475532,36.794126690578864,-11.179505381631708,36.52584144818954,-5.3981300348176875,38.81324881407096,10.349954563268136,31.259577588687087,-5.8881144562077665,1,2.0
41,24.11089667336263,-4.340648678129802,31.872540387996178,-5.911826267907713,35.99505410459296,4.376499088910334,34.32407325571666,7.385717882424603,38.06188592290289,-3.345087847446298,36.73064573922289,-11.175712336399904,36.497429349668835,-5.395036152163173,38.72302199655626,10.264445486327368,31.060007334514907,-5.921847383219646,1,2.0500000000000003
42,23.825620788878147,-4.5098951627295,31.728573607000307,-5.881980791301512,35.849559631935705,4.3420081679747415,34.23724673586443,7.383668259938807,37.99946102768624,-3.3876302234875304,36.66676480200729,-11.176071656264746,36.473021676120005,-5.386861605583189,38.633347360547354,10.177573926928048,30.87570475006083,-5.952999649148683,1,2.1
43,23.53888209145383,-4.678416037902942,31.589325676653438,-5.850879885341066,35.70122980897422,4.307426028446248,34.15112285736468,7.382799642810736,37.92850721638423,-3.4394088311965145,36.60240653649725,-11.180945609855339,36.452547704173455,-5.373239409500668,38.54432212648753,10.089186184594942,30.706669835324842,-5.981571253994827,1,2.15
44,23.251828860070603,-4.845436470826757,31.455156192085123,-5.818856307694222,35.549950085509835,4.272730546158953,34.06566347663617,7.383008673569584,37.84841549977767,-3.5010035994985587,36.53749360025827,-11.190696465800814,36.435936710459714,-5.3538025783386045,38.456043514820266,9.999128558852767,30.552902590306886,-6.007562197758084,1,2.2
45,22.965609373709263,-5.010181628677511,31.326424748425012,-5.7862428160288495,35.39560591134368,4.2378995969468845,33.98083045009744,7.38419199474458,37.75857688864711,-3.5729944573188983,36.47194865085564,-11.205686492730317,36.423117971609166,-5.328184126519961,38.36860874598887,9.907247349226253,30.414403015007082,-6.030972480438472,1,2.25
46,22.681371911350737,-5.1718766786318655,31.203490940802713,-5.753372168012842,35.23808273627703,4.20291105664414,33.89658563416724,7.3862462488649125,37.658382393773266,-3.655961333582904,36.40569434585481,-11.226277959272979,36.4140207642524,-5.2960170684677434,38.28211504043682,9.813388855240124,30.291171109425356,-6.051802102035978,1,2.3000000000000003
47,22.400264751975875,-5.329746787866357,31.086714364347674,-5.720577121314069,35.077266010111124,4.167742801084781,33.812890885264245,7.389068078459836,37.54722302593681,-3.750484157215778,36.338653342820976,-11.252833134057926,36.40857436501973,-5.256934418604903,38.196659618607505,9.717399376419134,30.18320687356171,-6.0700510625506015,1,2.35
48,22.123436174565498,-5.483017123557616,30.976454614189635,-5.688190433600372,34.913041182647326,4.132372706102874,33.72970805980708,7.392554126058498,37.42448979591837,-3.857142857142856,36.270748299319735,-11.285714285714292,36.40670805054172,-5.21056919135441,38.11233970094427,9.619125212287996,30.090510307416164,-6.085719361982357,1,2.4000000000000004
49,21.851817454602163,-5.6310213186323095,30.872918451030866,-5.656529394279428,34.74527754576386,4.096801256416661,33.64697071267039,7.396595391608272,37.28976856349051,-3.976217992034852,36.2018462743953,-11.325153996359454,36.40824556047604,-5.156713696475773,38.029201817309776,9.518514047736105,30.181429616548634,-5.151829936009887,1,2.45
50,21.58547185357468,-5.773526869017559,30.775701297864874,-5.625849419717993,34.573779759647735,4.061119372280879,33.56449919255249,7.401060304728747,37.14342458439341,-4.106792639544171,36.13159193300807,-11.370866102063877,36.41258848658938,-5.095797425074696,37.94708973524362,9.415919109111535,30.269174685461987,-4.250545128400531,1,2.5
51,21.3242456294736,-5.910409736390561,30.684245743257932,-5.596390458022603,34.39833632656304,4.025440582834443,33.48208554660783,7.405811652457666,36.98601796335918,-4.2476505070687205,36.05957434159756,-11.422434752386353,36.41903288367567,-5.028409163593398,37.86579653170471,9.311795008127007,30.353745514156298,-3.3818649391543354,1,2.5500000000000003
52,21.067985040289322,-6.0415458824284975,30.59799437577623,-5.568392457299758,34.21873574877373,3.989878417216315,33.39952182199066,7.410712221832778,36.81810880511975,-4.39757530200632,35.985382566603064,-11.479444096885544,36.42687480652882,-4.955137698474081,37.7851152836519,9.206596356495258,30.435142102631488,-2.545789368271249,1,2.6
53,20.816536344012388,-6.166811268808599,30.51638978398606,-5.54209536565601,34.03476652854398,3.954546404565365,33.31660006585542,7.41562479989179,36.640257214407356,-4.555350731754863,35.90860567446401,-11.541478285120215,36.43541030994278,-4.876571816158975,37.70483906804404,9.10077776592899,30.513364450887646,-1.7423184157512903,1,2.6500000000000004
54,20.5697457986333,-6.286081857208049,30.438874556453683,-5.517739131197912,33.846217168137834,3.919558074020544,33.23311232535641,7.420412173672426,36.453023295953976,-4.7197605037122266,35.82883273161981,-11.608121466649083,36.44393544871148,-4.793300303090317,37.62476096184004,8.994793848140963,30.588412558924635,-0.9714520815944351,1,2.7
55,20.327459662142502,-6.399233609304042,30.364891281745336,-5.495563702031958,33.65287616981941,3.8850269547207366,33.148850647648004,7.424937130212427,36.256967154491676,-4.889588325276249,35.745652804509895,-11.67895779103092,36.451746277628885,-4.70591194571031,37.54467404199876,8.889099214843869,30.660286426742566,-0.2331903658007414,1,2.75
56,20.089524192530526,-6.506142486773808,30.293882548427245,-5.4758090262647094,33.454532035852665,3.8510665758048748,33.063607079884484,7.429062456549517,36.05264889475256,-5.063617903844822,35.65865495957366,-11.753571407824417,36.45813885148884,-4.614995530461201,37.46437138547908,8.784148477750444,30.728986054341423,0.4724667316298246,1,2.8000000000000003
57,19.855785647787812,-6.606684451294516,30.225290945065716,-5.458715052002688,33.250973268501724,3.8177904664118767,32.97717366922026,7.432650939721429,35.840628621468674,-5.240632946815801,35.567428263250505,-11.83154646658832,36.462409225085366,-4.521139843785202,37.38364606923983,8.680396248573429,30.794511441721195,1.1455192106972725,1,2.85
58,19.62609028590485,-6.700735464543367,30.158559060226953,-5.444521727352406,33.041988370030715,3.7853121556806553,32.88934246280969,7.435565366765878,35.621466439372085,-5.4194171615870355,35.4715617819798,-11.912467116881373,36.46385345321231,-4.424933672124512,37.30229117023994,8.578297139025524,30.856862588881835,1.7859670714015832,1,2.9000000000000004
59,19.400284364872117,-6.788171488197569,30.093129482477195,-5.433469000420411,32.82736584270361,3.753745172750148,32.79990550780706,7.4376685247206105,35.39572245319485,-5.598754255556419,35.370644582200974,-11.995917508262288,36.4617675906637,-4.32696580192139,37.220099765438256,8.478305760819488,30.91603949582344,2.3938103137427755,1,2.95
60,19.17821414268017,-6.86886848393434,30.0284448003827,-5.425796819313246,32.60689418878451,3.723203046759243,32.70865485136676,7.438823200623351,35.16395676766908,-5.777427936121811,35.26426573035347,-12.081481790289802,36.455447692233385,-4.227825019618037,37.13686493179359,8.380876725668017,30.972042162545936,2.9690489377208307,1,3.0
61,18.95972587731945,-6.942702413430872,29.96394760250974,-5.42174513213744,32.380361910537516,3.693799306846863,32.61538254064317,7.438892181511815,34.92672948752681,-5.954221910681059,35.15201429287661,-12.168744112522688,36.44418981271533,-4.128100111656683,37.05237974626493,8.286464645283862,31.02487058904934,3.5116829433357535,1,3.0500000000000003
62,18.74466582678044,-7.00954923836433,29.899080477424604,-5.421553886999493,32.14755751022666,3.6656474821519116,32.51988062279054,7.437738254423727,34.684600717500096,-6.127919886632052,35.0334793362099,-12.257288624519607,36.42729000690344,-4.028379864479536,36.966437285811026,8.195524131379711,31.074524775333657,4.021712330587553,1,3.1
63,18.532880249053576,-7.0692849204119375,29.833286013693456,-5.425463032005961,31.90826949011602,3.6388611018133457,32.421941144963284,7.435224206396859,34.43813056232108,-6.297305571372666,34.90824992679263,-12.34669947583936,36.40404432959169,-3.9292530645288632,36.87883062739081,8.108509795668347,31.121004721398894,4.499137099476226,1,3.1500000000000004
64,18.324215402129454,-7.121785421250926,29.766006799882575,-5.433712515263374,31.662286352469692,3.613553694970044,32.32135615431579,7.431212824468864,34.18787912672175,-6.461162672300714,34.775915131064274,-12.43656081604065,36.37374883557397,-3.8313084982468424,36.78935284796318,8.025876249862442,31.164310427245,4.94395725000177,1,3.2
65,18.11851754399843,-7.166926702558448,29.69668542455827,-5.446542284878289,31.409396599551684,3.5898387907609486,32.21791769800231,7.4255668956775445,33.934406515434205,-6.618274896814118,34.636064015464264,-12.526456794682197,36.335699579644256,-3.7351349520756907,36.69779702448699,7.94807810567476,31.20444189287207,5.356172782164186,1,3.25
66,17.915632932651114,-7.204584726011739,29.62476447628669,-5.464192288957187,31.1493887336261,3.567829918324963,32.111417823177234,7.41814920706058,33.67827283319047,-6.767425952310709,34.48828564643192,-12.615971561322734,36.28919261659638,-3.6413212124576697,36.60395623392105,7.875569974818015,31.241399118280025,5.73578369596346,1,3.3000000000000003
67,17.715407826077914,-7.234635453288011,29.549686543634134,-5.4869024756066285,30.882051256957038,3.5476406068009902,32.00164857699498,7.408822545655732,33.420038184722685,-6.907399546188383,34.33216909040671,-12.704689265521042,36.23352400122437,-3.5504560658349726,36.50762355322435,7.8088064690049075,31.275182103468904,6.082789991399626,1,3.35
68,17.517688482269328,-7.256954846064385,29.470894215166897,-5.514912792933142,30.60717267180854,3.5293843853279725,31.888402006609752,7.397449698500702,33.160262674762855,-7.036979385844983,34.16730341382803,-12.792194056835836,36.167989788322124,-3.463128298649841,36.40859205935568,7.748242199948208,31.30579084843866,6.39719166847265,1,3.4000000000000004
69,17.322321159215868,-7.271418866018133,29.38783007945116,-5.5484631890432645,30.32454148044466,3.513174783044823,31.77147015917602,7.383893452633252,32.89950640804308,-7.154949178678367,33.99327768313525,-12.878070084825787,36.091886032683604,-3.379926697344483,36.30665482927385,7.694331779360622,31.333225353189388,6.6789887271825705,1,3.45
70,17.12915211490798,-7.277903474826432,29.299936725053183,-5.587793612043501,30.0339461851295,3.499125329090449,31.65064508184805,7.368016595091066,32.63832948929546,-7.260092632086425,33.809680964767765,-12.961901499049686,36.004508789102644,-3.3014400483611013,36.20160493993786,7.647529818954863,31.35748561772095,6.928181167529324,1,3.5
71,16.938027607336217,-7.276284634166516,29.2066567405393,-5.633144010040414,29.735175288127078,3.4873495526037552,31.52571882178024,7.349681912911903,32.37729202325205,-7.351193453467029,33.616102325165045,-13.043272449066258,35.905154112373346,-3.2282571381419762,36.0932354683065,7.60829093044369,31.3785716420335,7.1447689895129605,1,3.5500000000000003
72,16.748793894491023,-7.266438305715515,29.107432714475614,-5.684754331140531,29.428017291701522,3.477960982723673,31.396483426126956,7.328752193133479,32.11695411464488,-7.427035350218013,33.412130830766465,-13.121767084434232,35.79311805728944,-3.1609667531292818,35.98133949133867,7.577069725539791,31.396483426126956,7.328752193133479,1,3.6
73,16.56130739675657,-7.2482082583322835,29.00184345378794,-5.742651313215664,29.112444608798633,3.4710498738413773,31.26282981984636,7.305178652004695,31.85770368843781,-7.486830027817998,33.1975363899068,-13.19699905204693,35.66797223838681,-3.0999718856862657,35.865902715186316,7.5541412503815835,30.434368432891162,7.012652822883403,1,3.6500000000000004
74,16.375465184092135,-7.221309489601944,28.89001263883986,-5.806008853198872,28.789165295091337,3.466613381356957,31.125044439112262,7.2792662226191664,31.59923995052209,-7.531501184068421,32.972812278502246,-13.268699988136142,35.530390509168356,-3.0449323518600764,35.74768136277336,7.539062288810151,29.49333264138511,6.703478947443191,1,3.7
75,16.19117448885057,-7.185424804291234,28.772200168354274,-5.87378763778855,28.459071316934335,3.4646253859227967,30.983512597902415,7.251408267281629,31.341089927020693,-7.56240051485154,32.738632614364356,-13.336631026268169,35.38132228287894,-2.9953221736189266,35.62762428621703,7.531210059092253,28.573376051608758,6.401230566812843,1,3.75
76,16.008342543384867,-7.14023700716692,28.648665941054304,-5.944948353682995,28.123054640682298,3.4650597681912814,30.838619610194392,7.221998148296871,31.082780644056626,-7.580879716049514,32.49567151530475,-13.400553300009326,35.221716972763275,-2.950615372930985,35.50668033763428,7.529961779494648,27.67449866356219,6.1059076809923365,1,3.8000000000000003
77,15.826876580047886,-7.085428902995731,28.519669855662986,-6.01845168758058,27.782007232689946,3.4678904088147324,30.690750789965865,7.19142922796966,30.82383912775288,-7.588290483544565,32.24460309913499,-13.460227942925995,35.05252399206618,-2.910285971764432,35.38579836914228,7.534694668284093,26.79670047724535,5.817510289981702,1,3.85
78,15.64668383119262,-7.020683296544418,28.385471810903205,-6.093258326179648,27.436821059311963,3.4730911884455584,30.540291451194538,7.160094868604756,30.56379240423243,-7.585984513218882,31.986101483666644,-13.515416088584516,34.87469275403241,-2.8738079920874586,35.26592723285805,7.544785943727343,25.939981492658198,5.536038393780931,1,3.9000000000000004
79,15.467671529171943,-6.94568299257969,28.2463317054981,-6.1683289561785974,27.088388086903077,3.480635987736081,30.387626907858102,7.128388432506942,30.302167499618324,-7.575313500954686,31.720840786711303,-13.565878870551238,34.68917267190686,-2.8406554558682404,35.148015780898696,7.559612824091141,25.104341709800845,5.261491992390024,1,3.95
80,15.289746906338797,-6.8601107958683185,28.10250943817065,-6.242624264275737,26.737600281817848,3.4904986873387,30.23314247393421,7.096703281980958,30.038491440033567,-7.5576291426341635,31.449495126080567,-13.611377422392463,34.49691315893422,-2.8103023850749316,35.03301286538131,7.578552527642265,24.289781128673244,4.9938710858089586,1,4.0
81,15.112817195046096,-6.763649511177054,27.954264907643857,-6.315104937169386,26.385349610411104,3.5026531679057746,30.077223463400486,7.065432779331602,29.772291251601093,-7.53428313413951,31.172738619585918,-13.651672877674569,34.29886362835929,-2.782222801675744,34.921867338422985,7.600982272647482,23.49629974927532,4.73317567403777,1,4.05
82,14.936789627646773,-6.655981943272631,27.801858012640775,-6.384731661557982,26.032528039037473,3.5170733100896516,29.920255190234716,7.034970286863602,29.503093960443945,-7.5066271713529495,30.891245385039053,-13.68652636996391,34.09597349342691,-2.755890727638852,34.81552805214071,7.626279277373533,22.723897571607147,4.4794057570764485,1,4.1000000000000005
83,14.761571436493773,-6.536790896921772,27.6455486518844,-6.450465124139826,25.680027534051707,3.53373299454272,29.76262296841443,7.005709166881775,29.23042659268511,-7.476012950156648,30.605689540251472,-13.715699032826766,33.88919216738181,-2.730780184932411,34.71494385865164,7.653820760087161,21.972574595668746,4.232561334924981,1,4.15
84,14.587069853940008,-6.405759176891234,27.485596724097753,-6.511266011613298,25.328740061808414,3.55260610191735,29.604712111917376,6.978042781690859,28.953816174447645,-7.4437921664328295,30.316745203034777,-13.73895199982954,33.67946906346876,-2.7063651955246417,34.621063610072824,7.682983939055142,21.242330821460015,3.9926424075833755,1,4.2
85,14.413192112338365,-6.26256958794774,27.322262128003885,-6.566095010676722,24.979557588662356,3.5736665128658727,29.446907934721196,6.9523644935956375,28.67278973185444,-7.4113165160637395,30.025086491200522,-13.756046404538578,33.467753594932645,-2.6821197813836855,34.53483615852138,7.713146032544241,20.533166248981043,3.7596489750516233,1,4.25
86,14.239845444041839,-6.106904934858071,27.155804762325747,-6.6139128080284655,24.633372080968158,3.596888108040673,29.289595750803638,6.9290676649008525,28.386874291028548,-7.379937694931494,29.731387522560325,-13.766743380520163,33.254995175018166,-2.657517964477755,34.45721035611433,7.743684258821198,19.84508087823182,3.533581037329758,1,4.3
87,14.06693708140326,-5.93844802238895,26.98648452578641,-6.653680090366884,24.29107550508057,3.6222447680941308,29.13316087414227,6.90854565791131,28.095596878092998,-7.351007398918359,29.436322414925712,-13.770804061340693,33.04214321697017,-2.632033766774994,34.389135054968854,7.773975836152782,19.17807470921232,3.314438594417711,1,4.3500000000000005
88,13.894374256775665,-5.7568816553071,26.814561317108836,-6.684357544390331,23.953559827354262,3.6497103736786007,28.977988618714786,6.891191834931756,27.798484519170724,-7.325877323906521,29.140565286108306,-13.767989580566468,32.83014713403341,-2.6051412102436307,34.33155910720189,7.803397982805759,18.532147741922586,3.102221646315551,1,4.4
89,13.722064202511929,-5.561888638379298,26.64029503501615,-6.7049058567971604,23.621717014143872,3.6792588054464392,28.824464298498942,6.877399558266935,27.495064240384796,-7.305899165778147,28.844790253919694,-13.758061071763887,32.61995633945269,-2.5763143168518092,34.28543136493062,7.831327917046859,17.90729997636258,2.8969301930232394,1,4.45
90,13.549914150964954,-5.353151776372269,26.463945578231286,-6.714285714285712,23.296439031804212,3.7108639440500255,28.67297322747232,6.867562190221647,27.184863067858196,-7.2924246204155025,28.54967143617142,-13.740779668499215,32.41252024647279,-2.545027108567719,34.25170068027212,7.85714285714286,17.30353141253229,2.6985642345408003,1,4.5
91,13.377788477110824,-5.130605208379578,26.285659528413333,-6.71180259366281,22.9783472353447,3.744425695865024,28.52374958262591,6.861970416937784,26.867551237401198,-7.286478738551306,28.25574433119638,-13.716042534227995,32.20859280257623,-2.5108766109133636,34.23089215526018,7.880330888090237,16.720842050431727,2.507123770868228,1,4.55
92,13.205380126418166,-4.895188410802154,26.105130198965448,-6.698141132169031,22.66698053439405,3.7795480701604425,28.37642299300391,6.860504219905696,26.54337182357352,-7.287779990320654,27.96298995941292,-13.68429095196223,32.00814609219661,-2.4739518636261515,34.22183589159577,7.900823561804327,16.159231890060912,2.322608802005504,1,4.6000000000000005
93,13.032339186978724,-4.648092194367714,25.92193758622689,-6.674330757153484,22.361607227235815,3.8157611019285897,28.23047195066376,6.862940904452854,26.212711110622166,-7.295720200709219,27.67125072176075,-13.646102234603067,31.8109567340053,-2.4344649099972586,34.22293824089673,7.918663296930203,15.618700931419838,2.1450193279526477,1,4.65
94,12.85831574688429,-4.390507369803969,25.73566168653687,-6.64140089596514,22.06149561215345,3.8525948261617438,28.085374947662945,6.869057775906788,25.87595538279409,-7.309691194702587,27.380369019179433,-13.602053695051659,31.616801346673657,-2.392627793317852,34.23260555478057,7.933892512112939,15.099249174508499,1.9743553487096488,1,4.7
95,12.682959894226634,-4.123624747838734,25.545882496234654,-6.6003809759531045,21.76591398743058,3.8895792778522496,27.94061047605904,6.8786321395949175,25.53349092433632,-7.329084797286445,27.090187252608683,-13.552722646209146,31.425456548872866,-2.3486525568792094,34.24924418486516,7.94655362599759,14.600876619326911,1.8106168642765175,1,4.75
96,12.505921717097461,-3.848635139199683,25.35218001165942,-6.552300424466439,21.47413065135067,3.9262444919923785,27.79565702790942,6.891441300844779,25.18570401949588,-7.353292833446471,26.8005478229882,-13.498686400976755,31.236698959274438,-2.3027512439724864,34.271260482768234,7.956689057229227,14.123583265875018,1.6538038746532246,1,4.800000000000001
97,12.326851303588612,-3.5667293546145684,25.154134229150444,-6.498188668854189,21.185413902197276,3.9621205035744413,27.649993095271583,6.90726256498385,24.832980952519716,-7.381707128168252,26.511293131257577,-13.440522272255576,31.050305196549647,-2.255135897888913,34.297060800107374,7.964341224452913,13.667369114152885,1.5039163798398136,1,4.8500000000000005
98,12.14539874179177,-3.279098204811142,24.951325145046965,-6.43907513646539,20.89903203825385,3.9967373475907686,27.503097170203066,6.925873237339598,24.47570800765481,-7.4137195064374595,26.2222655783565,-13.378807572946776,30.86605187936983,-2.20601856191968,34.32505148850047,7.969552546313727,13.232234164160495,1.3609543798362604,1,4.9
99,11.961214119798768,-2.986932500517121,24.743332755688172,-6.375989254649126,20.61425335780401,4.0296250590336316,27.354447744761302,6.9470506232395115,24.11427146914823,-7.448721793239744,25.933307565224673,-13.314119615951537,30.683715626406293,-2.155611279355987,34.35363889956518,7.972365441456716,12.81817841589783,1.224917874642555,1,4.95
100,11.773947525701292,-2.6914230524602387,24.52973705741328,-6.309960450754392,20.330346159131196,4.060313672895376,27.203523311003746,6.970572028011083,23.749057621246884,-7.486105813560734,25.64426149280166,-13.247035714170979,30.50307305633039,-2.10412609348904,34.381229384919216,7.972822328526967,12.425201869364923,1.095806864258727,1,5.0
101,11.58324904759121,-2.3937606713682844,24.31011804656157,-6.2420181521303375,20.046578740519017,4.088333224168253,27.049802360987943,6.996214756981783,23.380452748197882,-7.525263392386112,25.354969762027224,-13.178133180506288,30.323900787813496,-2.051775047610067,34.40622929618029,7.970965626169534,12.053304524561721,0.9736213486847615,1,5.050000000000001
102,11.388768773560162,-2.095136167968919,24.084055719472282,-6.173191786125926,19.762219400250913,4.113213747844618,26.89276338677135,7.023756115479106,23.008843134248117,-7.565586354701504,25.06527477384098,-13.107989327858625,30.145975439526875,-1.9987701850102308,34.427044984966166,7.966837753029483,11.702486381488267,0.858361327920644,1,5.1000000000000005
103,11.19015679170004,-1.7967403529899473,23.851130072484587,-6.104510780090259,19.476536436610466,4.134485278916753,26.731884880411414,7.052973408830551,22.634615063644667,-7.606466525492568,24.775018929182636,-13.037181469129122,29.96907363014196,-1.9453235489807985,34.44208280289458,7.96048112775188,11.372747440144536,0.7500268019663892,1,5.15
104,10.987063190102518,-1.4997640371590721,23.61092110193775,-6.037004561372384,19.188798147881144,4.151677852376978,26.566645333965663,7.0836439423635715,22.25815482063446,-7.6472957297449335,24.484044628991796,-12.966286917218943,29.79297197833,-1.8916471828129078,34.44974910158316,7.951938168981798,11.064087700530546,0.6486177708220066,1,5.2
105,10.779138056859338,-1.2053980312040358,23.363008804171002,-5.971702557321347,18.898272832346557,4.164321503217589,26.39652323949155,7.115545021405674,21.87984868946458,-7.6874657924442396,24.192194274208116,-12.895882985029255,29.61744710276242,-1.8379531297977783,34.448450232649705,7.941251295364288,10.776507162646297,0.554134234487472,1,5.25
106,10.566031480062342,-0.9148331458525709,23.106973175523557,-5.909634195286213,18.604228788290126,4.171946266430901,26.220997089046563,7.148453951284343,21.50008295438191,-7.7263685385761685,23.89931026577127,-12.826546985461219,29.44227562211045,-1.784453433226644,34.436592547711946,7.928462925544447,10.51000582649177,0.4665761929628002,1,5.300000000000001
107,10.347393547803268,-0.6292601918324243,22.842394212334696,-5.851828902616038,18.30593431399545,4.174082177009187,26.03954537468818,7.182148037327053,21.11924389963354,-7.76339579312635,23.605235004620994,-12.758856231415963,29.2672341550455,-1.7313601363907052,34.412582398387585,7.913615478167293,10.264583692067003,0.38594364624799565,1,5.3500000000000005
108,10.122874348173838,-0.3498699798713477,22.56885191094355,-5.799316106659841,18.002657707746003,4.170259269944801,25.851646588473876,7.216404584861285,20.73771780946638,-7.79793938108041,23.309810891696827,-12.69338803579466,29.09209932023892,-1.6788852825811282,34.37482613629435,7.896751371877947,10.040240759371963,0.31223659434304407,1,5.4
109,9.89212396926585,-0.07785332069703486,22.285926267689447,-5.7531252347667206,17.69366726782536,4.160007580230015,25.656779222461175,7.251000899214535,20.355890968127547,-7.829391127424046,23.01288032793854,-12.630719711498493,28.916647736361977,-1.6272409150891567,34.321730113049945,7.877913025321444,9.836977028406663,0.24545503724796477,1,5.45
110,9.654792499171077,0.1855989749627335,21.993197278911566,-5.714285714285719,17.378231292517,4.1428571428571495,25.454421768707498,7.285714285714291,19.97414965986397,-7.857142857142856,22.714285714285715,-12.571428571428577,28.740656022086092,-1.5766390772059768,34.25170068027212,7.85714285714286,9.654792499171077,0.1855989749627335,1,5.5
111,9.410607831216097,0.4395178677133978,21.690354555688955,-5.68361662722292,17.05576260600666,4.118447903509332,25.24415987075492,7.320358361708745,19.592810352418557,-7.880703293198556,22.413900612828037,-12.515976057276712,28.56394081093623,-1.5272517181594385,34.16348362155921,7.834481470783879,9.410607831216097,0.4395178677133978,1,5.550000000000001
112,9.159609079666927,0.6838214034929209,21.377526168059745,-5.661095674212665,16.72625213608886,4.086859450633035,25.02600777808413,7.354891992628975,19.211910247518194,-7.900048750457031,22.11172323025515,-12.46436012589724,28.386478795852383,-1.4790904109240086,34.05718244843207,7.809962208872739,9.159609079666927,0.6838214034929209,1,5.6000000000000005
113,8.901913164024327,0.9186493995724961,21.05494980080192,-5.646490210546322,16.38983533646035,4.048281283365576,24.80008689166018,7.389310355926767,18.831416730385605,-7.9152724417601865,21.80778293440659,-12.416462862935125,28.208286684628092,-1.432126634410711,33.93324010439224,7.7836165988343105,8.901913164024327,0.9186493995724961,1,5.65
114,8.637637003789198,1.1441416732232594,20.722863138693462,-5.639567591515256,16.04664766081781,4.002902900844242,24.56651861244829,7.423608629053935,18.451297186243572,-7.926467579949939,21.50210909312198,-12.3721663540353,28.029381185056966,-1.3863318675306575,33.792099532941144,7.755476168093451,8.637637003789198,1.1441416732232594,1,5.7
115,8.366897518462316,1.3604380417163653,20.381503866512247,-5.640095172410799,15.696824562857957,3.950913802206325,24.325424341413623,7.457781989462251,18.071519000314865,-7.933727377868255,21.1947310742409,-12.331352684842743,27.849779004932675,-1.341677589194921,33.63420367758038,7.725572444074995,8.366897518462316,1.3604380417163653,1,5.75
116,8.089811627544542,1.5676783223229547,20.031109669036322,-5.6478403085243825,15.340501496277525,3.8925034865891455,24.076925479521393,7.4918256146035285,17.692049557822187,-7.93714504835701,20.88567824560294,-12.293903941002426,27.66949685204879,-1.298135278314599,33.45999548181128,7.693936954203836,8.089811627544542,1.5676783223229547,1,5.800000000000001
117,7.806496250536689,1.766002332314182,19.671918231043627,-5.662570355147375,14.977813914773284,3.8278614531299926,23.82114342773677,7.525734681929538,17.312856243988406,-7.9368138042581595,20.57497997504774,-12.259702208159307,27.48855143419895,-1.2556764138007488,33.26991788913551,7.660601225904816,7.806496250536689,1.766002332314182,1,5.8500000000000005
118,7.517068306939572,1.9555498889612122,19.30416723731208,-5.684052667571067,14.608897272041844,3.7571772009661717,23.558199587024916,7.559504368892091,16.93390644403619,-7.93282685841359,20.262665630414865,-12.22862957195832,27.306959459176692,-1.2142724745644733,33.06441384305447,7.625596786602811,7.517068306939572,1.9555498889612122,1,5.9
119,7.221644716254012,2.136460809535166,18.928094372619636,-5.712054601086906,14.233887021780005,3.680640229234988,23.28821535835096,7.593129852942981,16.55516754318836,-7.925277423665263,19.948764579543933,-12.200568118044458,27.12473763477578,-1.1738949395168208,32.84392628706962,7.588955163722654,7.221644716254012,2.136460809535166,1,5.95
120,6.920342397980875,2.308874911307223,18.543937321744345,-5.746343510986242,13.852918617684432,3.598440037073712,23.01131214268019,7.626606311533976,16.1766069266677,-7.914258712855094,19.633306190274503,-12.175399932062662,26.941902668789695,-1.1345152875689077,32.60889816468255,7.550707884689218,6.920342397980875,2.308874911307223,1,6.0
121,6.613278271620939,2.472932011548528,18.151933769464044,-5.786686752560403,13.466127513451944,3.510766123619712,22.727611340977706,7.659928922116895,15.798191979696895,-7.899863938824989,19.316319830446183,-12.15300709965789,26.758471269012084,-1.0961049976317636,32.35977241939468,7.510886476927386,6.613278271620939,2.472932011548528,1,6.050000000000001
122,6.300569256675077,2.628771927530227,17.752321400556745,-5.832851681100819,13.073649162779095,3.417807988010225,22.43723435420872,7.693092862143549,15.419890087498722,-7.882186314416909,18.997834867898575,-12.133271706475115,26.5744601432366,-1.0586355486165289,32.096991994707494,7.469522467861993,6.300569256675077,2.628771927530227,1,6.1000000000000005
123,5.982332272644067,2.776534476523474,17.345337899800437,-5.884605651898833,12.67561901936282,3.319755129382576,22.14030258333839,7.72609330906569,15.04166863529602,-7.86131905247273,18.677880670471296,-12.11607583815931,26.389885999256784,-1.0220784194342378,31.820999834122563,7.426647384917893,5.982332272644067,2.776534476523474,1,6.15
124,5.658684239028773,2.9163594757994242,16.931220951973003,-5.941716020245785,12.272172536899646,3.216797046874078,21.836937429331837,7.75892544033513,14.663495008311513,-7.837355365834399,18.35648660600389,-12.101301580355404,26.204765544866312,-0.986405088995997,31.532238881141293,7.382292755519977,5.658684239028773,2.9163594757994242,1,6.2
125,5.329742075329944,3.048386742629223,16.510208241852467,-6.003950141433097,11.863445169086358,3.1091232396220234,21.5272602931544,7.79158443340366,14.285336591767953,-7.810388467343826,18.03368204233599,-12.088831018708385,26.019115487858734,-0.951587036212865,31.231152079265204,7.336490107093076,5.329742075329944,3.048386742629223,1,6.25
126,4.995622701048543,3.172756094284006,16.082537454216776,-6.071075370752116,11.449572369619734,2.996923206763696,21.2113925757711,7.82406546572308,13.907160770888092,-7.7805115698429725,17.709496347307223,-12.078546238863225,25.832952536027733,-0.9175957399959387,30.918182371995865,7.289270967062058,4.995622701048543,3.172756094284006,1,6.300000000000001
127,4.656443035685272,3.289607348034962,15.648446273843875,-6.142859063494203,11.030689592196413,2.8803864474364125,20.88945567814715,7.856363714745182,13.528934930894744,-7.747817886173738,17.38395888875707,-12.070329326464808,25.64629339716692,-0.8844026792562912,30.59377270283461,7.240666862851806,4.656443035685272,3.289607348034962,1,6.3500000000000005
128,4.312319998741012,3.3990803211532263,15.208172385511723,-6.219068574950715,10.606932290513136,2.7597024607774903,20.561571001247778,7.888474357921762,13.150626457010574,-7.712400629178021,17.057099034525265,-12.064062367158176,25.4591547790698,-0.851979332905,30.25836601528306,7.190709321887135,4.312319998741012,3.3990803211532263,1,6.4
129,3.963370509716572,3.5013148309099353,14.761953473998249,-6.2994712604130765,10.178435918266644,2.635060745924206,20.227859946038116,7.920392572704598,12.772202734458489,-7.674353011697762,16.72894615245133,-12.059627446588287,25.271553389530112,-0.8202971798531528,29.912405252842714,7.139429871592961,3.963370509716572,3.5013148309099353,1,6.45
130,3.609711488112822,3.596450694576223,14.310027224081464,-6.383834475172591,9.745335929153672,2.5066508020138705,19.888443913483364,7.952113536545494,12.39363114846115,-7.63376824657492,16.39952961037489,-12.05690665040005,25.08350593634144,-0.7893276990118463,29.556333359014975,7.086860039394076,3.609711488112822,3.596450694576223,1,6.5
131,3.2514598534304904,3.6846277294233043,13.852631320539295,-6.471925574520644,9.307767776870886,2.374662128183782,19.5434443045487,7.983632426896253,12.01487908424137,-7.5907395466513785,16.068878776135456,-12.055782064238468,24.89502912729735,-0.7590423692921149,29.190593277301403,7.033031352715421,3.2514598534304904,3.6846277294233043,1,6.550000000000001
132,2.888732525170492,3.7659857527222744,13.390003448149704,-6.563511913748625,8.865866915115042,2.239284223571242,19.19298252019926,8.014944421208664,11.635913927021857,-7.545360124769047,15.737023017572774,-12.056135773748471,24.706139670191476,-0.7294126696050606,28.815627951203435,6.977975338981795,2.888732525170492,3.7659857527222744,1,6.6000000000000005
133,2.521646422833661,3.840664581744304,12.922381291690652,-6.6583608481479155,8.41976879758284,2.1007065873135504,18.83717996140031,8.046044696934494,11.25670306202544,-7.497723193769903,15.403991702526325,-12.057849864575068,24.516854272817504,-0.7004100788617706,28.431880324222657,6.921723525618068,2.521646422833661,3.840664581744304,1,6.65
134,2.150318465920769,3.9088040337605623,12.450002535940104,-6.756239733009825,7.9696088779710195,1.9591187185480265,18.476158029116938,8.076928431525563,10.877213874474851,-7.44792196649583,15.069814198835736,-12.060806422363171,24.327189642968868,-0.6720060759733274,28.039793339860456,6.864307440049132,2.150318465920769,3.9088040337605623,1,6.7
135,1.774865573932664,3.9705439260421547,11.973104865676023,-6.856915923625795,7.515522609976273,1.8147101164119366,18.110038124314336,8.107590802433652,10.49741374959285,-7.396049655788762,14.734519874340606,-12.06488753275776,24.137162488439408,-0.6441721398507994,27.639809941618378,6.805758609699807,1.774865573932664,3.9705439260421547,1,6.75
136,1.3954046663701716,4.026024075860276,11.491925965676309,-6.9601567752871505,7.057645447295343,1.6676702800426193,17.738941647957773,8.138026987110576,10.11727007260222,-7.342199474490612,14.39813809688056,-12.069975281403792,23.94678951702255,-0.6168797494052689,27.232373072997948,6.746108561994981,1.3954046663701716,4.026024075860276,1,6.800000000000001
137,1.0120526627340873,4.075384300486053,11.006703520718986,-7.065729643285273,6.596112843624942,1.5181887085773458,17.362990001012314,8.168232163008119,9.736750228725722,-7.286464635443334,14.060698234295126,-12.07595175394624,23.756087436512008,-0.5901003835478378,26.817925677500572,6.685388824359503,1.0120526627340873,4.075384300486053,1,6.8500000000000005
138,0.6249264825252814,4.118764417190652,10.517675215582006,-7.173401882911523,6.1310602526618005,1.3664549011534455,16.982304584443163,8.198201507578066,9.355821603186087,-7.228938351488803,13.722229654423954,-12.082699036030043,23.565072954701364,-0.5638055211895354,26.396910698627792,6.6236309242182205,0.6249264825252814,4.118764417190652,1,6.9
139,0.23414304524458673,4.156304243245197,10.025078735043316,-7.2829408494572805,5.662623128102613,1.212658356908199,16.59700679921552,8.227930198272212,8.974451581206107,-7.1697138354690075,13.38276172510661,-12.09009921330019,23.37376277938425,-0.537966641241488,25.96977107988112,6.560866388996036,0.23414304524458673,4.156304243245197,1,6.95
140,-0.16018072960723911,4.1881435959208755,9.529151763880837,-7.394113898213901,5.1909369236441165,1.0569885749789159,16.207218046294543,8.257413412542356,8.592607548008564,-7.108884300225799,13.042323814182692,-12.09803437140161,23.18217361835419,-0.5125552226147636,25.536949764762042,6.497126746117791,-0.16018072960723911,4.1881435959208755,1,7.0
141,-0.5579279225292879,4.214422292488824,9.03013198687257,-7.506688384472757,4.716137092983047,0.8996350545028869,15.813059726645475,8.28664632784029,8.210256888816211,-7.046542958601157,12.70094528949183,-12.106386595979295,22.99032217940495,-0.4875427442204205,25.098889696772027,6.43244352300831,-0.5579279225292879,4.214422292488824,1,7.050000000000001
142,-0.958981614020772,4.235280150220187,8.528257088796469,-7.620431663525256,4.238359089816063,0.7407872946174314,15.414653241233388,8.31562412161779,7.827366988851744,-6.982783023436977,12.358655518873583,-12.115037972678188,22.798225170330007,-0.4629006849695654,24.65603381941255,6.3668482470924825,-0.958981614020772,4.235280150220187,1,7.1000000000000005
143,-1.3632248845808959,4.250856986386109,8.02376475443047,-7.735111090662692,3.757738367839947,0.5806347944598252,15.012119991023544,8.344341971326678,7.443905233338035,-6.9176977075752095,12.01548387016759,-12.123870587143259,22.605899298923035,-0.4386005237732664,24.208825076185143,6.30037244579518,-1.3632248845808959,4.250856986386109,1,7.15
144,-1.7705408147087667,4.261292618257766,7.516892668552587,-7.850494021176498,3.274410380751397,0.41936705316739764,14.605581376981077,8.372795054418733,7.059839007497814,-6.851380223857735,11.671459711213394,-12.132766525019449,22.413361272977678,-0.4146137395426206,23.757706410591325,6.233047646541249,-1.7705408147087667,4.261292618257766,1,7.2
145,-2.180812484903612,4.266726863106289,7.0078785159406785,-7.966347810358046,2.788510582247154,0.25717356987742934,14.195158800071187,8.400978548345748,6.675135696553798,-6.783923785126503,11.326612409850622,-12.141607871951742,22.22062780028753,-0.390911811188696,23.303120766132498,6.164905376755536,-2.180812484903612,4.266726863106289,1,7.25
146,-2.593922975664591,4.267299538202839,6.496959981372816,-8.082439813498652,2.3001744260238732,0.0942438437272591,13.780973661259036,8.428887630559535,6.289762685728784,-6.715421604223438,10.98097133391887,-12.15027671358508,22.02771558864613,-0.36746621762255105,22.84551108631026,6.095977163862927,-2.593922975664591,4.267299538202839,1,7.300000000000001
147,-3.009755367490863,4.263150460818576,5.984374749626827,-8.198537385889711,1.8095373657783256,-0.06923262614587088,13.36314736150976,8.456517478511858,5.9036873602455415,-6.645966893990462,10.634565851257722,-12.158655135564445,21.83464134584716,-0.34424843775531655,22.385320314626,6.026294535288282,-3.009755367490863,4.263150460818576,1,7.3500000000000005
148,-3.4281927408816255,4.2544194482246125,5.470360505480799,-8.314407882822582,1.3167348552072249,-0.23306634060460737,12.941801301788669,8.483863269654515,5.516877105326854,-6.575652867269479,10.28742532970675,-12.166625223534764,21.641421779684197,-0.32122995049799785,21.922991394581302,5.9558890184564435,-3.4281927408816255,4.2544194482246125,1,7.4
149,-3.849118176336009,4.241246317692142,4.955154933712642,-8.429818659588694,0.821902348007322,-0.39706780051168894,12.517056883060793,8.510920181439328,5.129299306195453,-6.504572736902459,9.939579137105621,-12.174069063141054,21.448073597950916,-0.2983822347617499,21.4589672696776,5.884792140792268,-3.849118176336009,4.241246317692142,1,7.45
150,-4.272414754353262,4.223770886492289,4.438995719100269,-8.544537071479326,0.3251752978752692,-0.5610475067297913,12.08903550629141,8.537683391318055,4.740921348074091,-6.432819715731292,9.591056641293848,-12.180868740028249,21.25461350844085,-0.2756767694576118,20.993690883416402,5.813035429720625,-4.272414754353262,4.223770886492289,1,7.5
151,-4.697965555432507,4.20213297189623,3.9221205464217044,-8.658330473785902,-0.17331084149219023,-0.7248159601216093,11.657858572445623,8.564148076742516,4.35171061618555,-6.360487016597877,9.241887210111075,-12.18690633984124,21.06105821894768,-0.2530850334966612,20.527605179299222,5.7406504126664055,-4.697965555432507,4.20213297189623,1,7.550000000000001
152,-5.125653660072896,4.176472391175086,3.404767100454848,-8.770966221799785,-0.6734206163983361,-0.888183661549848,11.223647482488659,8.59030941516449,3.961634495752586,-6.287667852344192,8.892100211396901,-12.19206394822509,20.867424437265015,-0.23057850578999534,20.061153100827518,5.667668617054428,-5.125653660072896,4.176472391175086,1,7.6000000000000005
153,-5.555362148773662,4.146928961600017,2.887173065977721,-8.88221167081235,-1.175018573146395,-1.0509611118772362,10.78652363738571,8.616162584035768,3.570660371998049,-6.214455435812124,8.54172501299091,-12.196223650824741,20.673728871186412,-0.2081286652487063,19.59477759150279,5.594121570309545,-5.555362148773662,4.146928961600017,1,7.65
154,-5.9869741020339315,4.113642500442208,2.369576127768232,-8.991834176114951,-1.6779692580397443,-1.2129588119664154,10.346608438101885,8.641702760808158,3.1787556301445425,-6.1409429798436435,8.190790982732704,-12.199267533285107,20.47998822850554,-0.18570699078382832,19.12892159482654,5.520040799856662,-5.9869741020339315,4.113642500442208,1,7.7
155,-6.4203726003528985,4.07675282497276,1.8522139706043719,-9.099601092998952,-2.182137217381574,-1.3739872626801295,9.904023285602449,8.666925122933451,2.785887655414969,-6.067223697280589,7.839327488461884,-12.2010776812512,20.286219217015955,-0.1632849613065116,18.664028054300267,5.4454578331206,-6.4203726003528985,4.07675282497276,1,7.75
156,-6.8554407242297595,4.036399752462852,1.3353242792640647,-9.205279776755722,-2.6873869974752305,-1.533856964881054,9.458889580852494,8.691824847863431,2.392023833032016,-5.993390800964949,7.487363898018004,-12.20153618036793,20.092438544511324,-0.14083405572775662,18.200539913425484,5.370404197526245,-6.8554407242297595,4.036399752462852,1,7.800000000000001
157,-7.292061554163645,3.992723100183634,0.8191447385252482,-9.30863758267664,-3.193583144623963,-1.6923784194318838,9.011328724817261,8.716397113049897,1.997131548218488,-5.91953750373864,7.134929579240699,-12.20052511628028,19.898662918785217,-0.11832575295868936,17.738900115703615,5.294911420498445,-7.292061554163645,3.992723100183634,1,7.8500000000000005
158,-7.7301181706537685,3.9458626854062473,0.3039130331659744,-9.409441866053099,-3.7005902051310446,-1.8493621271953433,8.5614621184619,8.740637095944635,1.6011781861971088,-5.845757018443564,6.782053899969573,-12.19792657463323,19.704909047631247,-0.09573153191037306,17.279551604636197,5.219011029462057,-7.7301181706537685,3.9458626854062473,1,7.9
159,-8.169493654199275,3.8959583254018506,-0.21013315203589356,-9.50745998217641,-4.208272725299792,-2.0046185890341177,8.109411162751552,8.764539973999453,1.204131132190692,-5.772142557921646,6.428766228044205,-12.193622641071732,19.511193638843125,-0.07302287149389997,16.822937323724737,5.142734551841967,-8.169493654199275,3.8959583254018506,1,7.95
160,-8.61007108529935,3.8431498374415893,-0.7227561323023419,-9.60245928633801,-4.7164952514334395,-2.157958305810897,7.6552972586515,8.788100924666132,0.8059577714219384,-5.698787335014857,6.075095931304175,-12.187495401240746,19.317533400214334,-0.05017125062036229,16.369500216470716,5.0661135150629875,-8.61007108529935,3.8431498374415893,1,8.0
161,-9.051733544453157,3.7875770387966385,-1.23371822285547,-9.694207133829202,-5.225122329835334,-2.309191778388376,7.199241807126814,8.811315125396463,0.40662548911369156,-5.625784562565059,5.721072377589113,-12.179426940785198,19.12394503953857,-0.027148148200794253,15.919683226375604,4.9891794465500166,-9.051733544453157,3.7875770387966385,1,8.05
162,-9.494364112159868,3.7293797467380942,-1.7427817389172338,-9.782470879941393,-5.734018506808681,-2.458129507629275,6.741366209142722,8.834177753642244,0.006101670488637154,-5.553227453414206,5.366724934738572,-12.169299345350106,18.930445264609368,-0.003925043146336407,15.473929296940911,4.911963873727903,-9.494364112159868,3.7293797467380942,1,8.1
163,-9.937845868918707,3.668697778537165,-2.2497089957097547,-9.867017879965964,-6.243048328656782,-2.604581994396289,6.281791865664396,8.85668398685529,-0.3956462992303811,-5.481209220404213,5.0120829705922265,-12.156994700580373,18.737050783220397,0.019526585631981844,15.032681371668135,4.834498324021517,-9.937845868918707,3.668697778537165,1,8.15
164,-10.382061895228784,3.605670951464976,-2.754262308455057,-9.947615489194275,-6.752076341682937,-2.7483597395520967,5.8206401776569985,8.87882900248737,-0.7986510348206626,-5.409823076377002,4.657175852989559,-12.14239509212103,18.543778303165297,0.04323525922307794,14.596382394058764,4.756814324855701,-10.382061895228784,3.605670951464976,1,8.200000000000001
165,-10.826895271589304,3.5404390827926737,-3.2562039923751263,-10.024031062917663,-7.2609670921904295,-2.889273243959429,5.358032546085759,8.900607977990274,-1.2029451510594162,-5.33916223417452,4.302032949770208,-12.125382605616968,18.350644532237624,0.06722949871583069,14.16547530761427,4.678943403655318,-10.826895271589304,3.5404390827926737,1,8.25
166,-11.272229078499423,3.4731419897914315,-3.7552963626920697,-10.096031956427515,-7.769585126482537,-3.0271330084809462,4.894090371915761,8.922016090815816,-1.6085612627239114,-5.269319906638645,3.94668362877383,-12.10583932671319,18.15766617823102,0.09153782519919616,13.740403055836184,4.600917087845257,-11.272229078499423,3.4731419897914315,1,8.3
167,-11.717946396458341,3.4039194897323615,-4.251301734627918,-10.163385525015235,-8.277794990862507,-3.1617495339793673,4.428935056112291,8.943048518415765,-2.015531984591334,-5.200389306611346,3.5911572578400026,-12.083647341054649,17.964859948939065,0.11618875976208215,13.321608582225982,4.522766904850342,-11.717946396458341,3.4039194897323615,1,8.35
168,-12.163930305965216,3.332911399886657,-4.743982423404688,-10.225859123972151,-8.785461231633654,-3.2929333213173932,3.962687999640462,8.963700438241922,-2.4238899314389393,-5.13246364693452,3.2354832048082702,-12.058688734286314,17.772242552155447,0.14121082349339162,12.909534830285175,4.444524382095447,-12.163930305965216,3.332911399886657,1,8.4
169,-12.610063887519239,3.2602575375254674,-5.2331007442444575,-10.283220108589616,-9.292448395099246,-3.4204948713577177,3.495470603465421,8.983967027746104,-2.833667718043973,-5.065636140450102,2.879690837518262,-12.030845592053085,17.579830695673685,0.1666325374820758,12.504624743515201,4.366221047005449,-12.610063887519239,3.2602575375254674,1,8.450000000000001
170,-13.056230221619556,3.186097719919915,-5.718419012369241,-10.335235834159041,-9.798621027562593,-3.544244684963037,3.027404268552406,9.003843464380088,-3.2448979591836737,-5.0000000000000036,2.52380952380953,-12.000000000000007,17.38764108728744,0.19248242281706182,12.107321265417575,4.287888427005182,-13.056230221619556,3.186097719919915,1,8.5
171,-13.502313199216845,3.1105565176126833,-6.199738473192507,-10.381733599725608,-10.303859149413618,-3.664035686624961,2.55860285307533,9.02332721304155,-3.6575927670566077,-4.935629864732404,2.1678739055516703,-11.966066905425002,17.195686831815976,0.21878268305720866,11.717977150066808,4.209552792878492,-13.502313199216845,3.1105565176126833,1,8.55
172,-13.948199953067695,3.0336975142326943,-6.677016092893601,-10.422780479349662,-10.808104677389151,-3.7798904953505685,2.089150044042986,9.042424888411752,-4.0716822435469435,-4.872526079020344,1.811939720733969,-11.929092702238057,17.003966622181125,0.2455302516414409,11.336584393829202,4.131219388845082,-13.948199953067695,3.0336975142326943,1,8.6
173,-14.393778426380248,2.9555690466803473,-7.150247767843154,-10.458503490845377,-11.311315002312703,-3.8918741537759174,1.6191219856729677,9.061145392617876,-4.487075987960118,-4.810670413543161,1.4560679813756177,-11.889156646002121,16.812475548330365,0.27271574447859565,10.963044803644076,4.052888202483696,-14.393778426380248,2.9555690466803473,1,8.65
174,-14.838936562362587,2.8762194518560786,-7.619429394411983,-10.48902965202694,-11.813447515007805,-4.000051704536987,1.1485948221828028,9.079497627787083,-4.903683599601649,-4.750044638980123,1.1003196994958997,-11.846337992280189,16.621208700211184,0.300329777477568,10.597260186450743,3.974559221372994,-14.838936562362587,2.8762194518560786,1,8.700000000000001
175,-15.283562304222777,2.7956970666602583,-8.084556868970697,-10.514485980708557,-12.314459606297856,-4.104488190269778,0.6776446977900784,9.097490496046506,-5.32141467777698,-4.690630526010573,0.7447558871140149,-11.800715996635253,16.430161167771033,0.32836296654718067,10.239132349188576,3.8962324330916753,-15.283562304222777,2.7956970666602583,1,8.75
176,-15.727543595168965,2.7140502279933423,-8.545626087890097,-10.534999494704381,-12.814308667006447,-4.205248653610356,0.20634775671238187,9.115132899523317,-5.7401788217916145,-4.632409845313791,0.3894375562492085,-11.752369914630245,16.239328040957478,0.3568059275963529,9.888563098796798,3.817907825218459,-15.727543595168965,2.7140502279933423,1,8.8
177,-16.170768378409214,2.631327272755759,-9.002632947540885,-10.550697211828592,-13.31295208795706,-4.302398137194697,-0.2652198568327446,9.132433740344688,-6.159885630951039,-4.575364367569079,0.0344257189207184,-11.70137900182817,16.048704409717914,0.3856492765338928,9.545454242214806,3.73958538533204,-16.170768378409214,2.631327272755759,1,8.85
178,-16.613124597151646,2.5475765378479105,-9.455573344293768,-10.561706149895379,-13.810347259973165,-4.39600168365882,-0.7369819986277741,9.149401920637754,-6.580444704560706,-4.519475863455784,-0.32021861285221787,-11.647822513791985,15.858285363999862,0.4148836292687244,9.209707586381843,3.661265101011122,-16.613124597151646,2.5475765378479105,1,8.9
179,-17.054500194604348,2.4628463601702153,-9.904443174519468,-10.568153326718921,-14.306451573878284,-4.4861243356387375,-1.2088625244550815,9.166046342529695,-7.001765641926117,-4.464726103653157,-0.6744344270503928,-11.591779706084688,15.668065993750801,0.4444996017096366,8.881224938237306,3.5829469598343713,-17.054500194604348,2.4628463601702153,1,8.950000000000001
180,-17.49478311397543,2.3771850766231,-10.349238334588705,-10.570165760113394,-14.801222420495911,-4.57283113577044,-1.680785290097125,9.182375908147643,-7.423758042352755,-4.411096858840548,-1.0281607116545457,-11.533329834269232,15.47804138891824,0.4744878097655825,8.55990810472044,3.5046309493805006,-17.49478311397543,2.3771850766231,1,9.0
181,-17.933861298472973,2.290641024106984,-10.789954720872178,-10.567870467892984,-15.294617190649555,-4.656187126689975,-2.1526741513363845,9.19839951961878,-7.8463315051461064,-4.3585698996972235,-1.3813364546454623,-11.47255215390861,15.288206639449633,0.5048388693453799,8.245658892770624,3.42631705722823,-17.933861298472973,2.290641024106984,1,9.05
182,-18.371622691305106,2.2032625395222833,-11.226588229740642,-10.561394467871875,-15.78659327516271,-4.736257351033324,-2.624452963955213,9.214126079070255,-8.269395629611616,-4.307126996902519,-1.7339006440038738,-11.409525920565768,15.098556835292468,0.5355433963579046,7.938379109327137,3.3480052709562402,-18.371622691305106,2.2032625395222833,1,9.1
183,-18.807955235679895,2.115097959769417,-11.659134757564821,-10.550864777864206,-16.277108064858872,-4.813106851436523,-3.0960455837361134,9.229564488629245,-8.692860015054798,-4.2567499211357,-2.085792267710581,-11.3443303898037,14.909087066394243,0.5665920067120128,7.637970561329319,3.269695578143219,-18.807955235679895,2.115097959769417,1,9.15
184,-19.242746874805455,2.026195621748826,-12.087590200715386,-10.536408415684216,-16.766118950561555,-4.886800670535558,-3.5673758664615054,9.244723650422888,-9.116634260781161,-4.207420443076128,-2.4369503137463226,-11.277044817185391,14.719792422702419,0.5979753163165856,7.344335055716446,3.1913879663678864,-19.242746874805455,2.026195621748826,1,9.200000000000001
185,-19.67588555188988,1.9366038623608857,-12.511950455563102,-10.518152399146052,-17.253583323094226,-4.957403850966466,-4.038367667913787,9.259612466578337,-9.540627966096118,-4.159120333403071,-2.787313770091915,-11.207748458273782,14.530667994164473,0.6296839410804645,7.057374399427885,3.113082423208913,-19.67588555188988,1.9366038623608857,1,9.25
186,-20.10725921014125,1.8463710185060562,-12.932211418478655,-10.496223746063905,-17.739458573280427,-5.0249814353652615,-4.508944843875447,9.27423983922277,-9.964750730305173,-4.111831362795853,-3.136821624728052,-11.136520568631902,14.341708870727961,0.6617084969125449,6.776990399402956,3.0347789362450364,-20.10725921014125,1.8463710185060562,1,9.3
187,-20.536755792767725,1.7555454270847368,-13.34836898583281,-10.470749474251953,-18.223702091943647,-5.089598466367935,-4.979031250128898,9.288614670483334,-10.388912152713853,-4.065535301933767,-3.485412865635578,-11.06344040382267,14.15291014234027,0.6940395997216638,6.503084862580908,2.956477493054932,-20.536755792767725,1.7555454270847368,1,9.35
188,-20.96426324297734,1.66417542499735,-13.760419053996223,-10.44185660152435,-18.706271269907365,-5.1513199866105035,-5.448550742456558,9.3027458624872,-10.81302183262758,-4.0202139214961035,-3.8330264807951964,-10.9885872194091,13.964266898948972,0.7266678654167115,6.2355595959011065,2.878178081217285,-20.96426324297734,1.66417542499735,1,9.4
189,-21.389669503978222,1.5723093491443276,-14.168357519339656,-10.409672145695309,-19.187123497995096,-5.210211038728982,-5.91742717664094,9.316642317361511,-11.236989369351882,-3.975848992162187,-4.179601458187683,-10.912040270954137,13.775774230501476,0.7595839099065588,5.974316406302874,2.799880688310814,-21.389669503978222,1.5723093491443276,1,9.450000000000001
190,-21.81286251897847,1.4799955364260637,-14.572180278233834,-10.374323124579004,-19.666216167030335,-5.266336665359385,-6.38558440846438,9.330312937233442,-11.66072436219218,-3.9324222846113375,-4.525076785793848,-10.83387881402077,13.587427226945278,0.7927783491000335,5.719257100725516,2.721585301914209,-21.81286251897847,1.4799955364260637,1,9.5
191,-22.233730231186204,1.3872823237429952,-14.971883227049462,-10.335936555989592,-20.1435066678366,-5.3197619091377,-6.852946293709359,9.343766624230122,-12.084136410454036,-3.8899155695228234,-4.869391451594398,-10.754182104171981,13.399220978227913,0.8262417989060304,5.470283486108356,2.6432919096061744,-22.233730231186204,1.3872823237429952,1,9.55
192,-22.652160583809454,1.2942180479955594,-15.367462262157238,-10.29463945774127,-20.61895239123738,-5.3705518127000005,-7.319436688158313,9.35701228047876,-12.507135113442857,-3.8483106175759723,-5.212484443570135,-10.673029396970746,13.211150574296838,0.8599648752334207,5.227297369390705,2.5650004989653894,-22.652160583809454,1.2942180479955594,1,9.600000000000001
193,-23.068041520056386,1.2008510460841348,-15.758913279927937,-10.250558847648238,-21.092510728056155,-5.418771418682232,-7.7849794475937,9.370058808106467,-12.929630070464139,-3.8075891994500877,-5.5542947497018424,-10.590499947980012,13.023211105099506,0.8939381939910462,4.990200557511889,2.4867110575705738,-23.068041520056386,1.2008510460841348,1,9.65
194,-23.481260983135076,1.1072296549091885,-16.146232176732184,-10.20382174352464,-21.56413906911645,-5.464485769720444,-8.249498427797917,9.382915109240432,-13.35153088082343,-3.7677330858244726,-5.894761357970246,-10.506673012762777,12.835397660583414,0.9281523710877875,4.758894857411203,2.4084235730004315,-23.481260983135076,1.1072296549091885,1,9.700000000000001
195,-23.891706916253618,1.0134022113711134,-16.529414848940817,-10.15455516318467,-22.03379480524177,-5.5077599084506135,-8.712917484553426,9.395590086007802,-13.772747143826118,-3.728724047378412,-6.23382325635613,-10.421627846882007,12.647705330696088,0.9625980224325156,4.533282076027927,2.3301380328336427,-23.891706916253618,1.0134022113711134,1,9.75
196,-24.299267262620123,0.9194170523702985,-16.90845719292448,-10.10288612444252,-22.50143532725559,-5.5486588775088,-9.175160473642668,9.408092640535726,-14.193188458777733,-3.6905438547912603,-6.5714194328402495,-10.33544370590069,12.460129205384952,0.9972657639340676,4.31326402030151,2.251854424648897,-24.299267262620123,0.9194170523702985,1,9.8
197,-24.703829965442672,0.8253225148072195,-17.28335510505391,-10.048941645112352,-22.96701802598141,-5.587247719530988,-9.63615125084803,9.420431674951374,-14.612764424983721,-3.653174278742275,-6.907488875403381,-10.248199845381789,12.272664374597545,1.0321462115013482,4.098742497171182,2.1735727360249184,-24.703829965442672,0.8253225148072195,1,9.850000000000001
198,-25.1052829679294,0.7311669355822701,-17.65410448169981,-9.992848743008347,-23.430500292242783,-5.623591477153191,-10.095813671951994,9.432616091381925,-15.031384641749659,-3.6165970899107958,-7.241970572026275,-10.159975520888269,12.085305928281306,1.0672299810432044,3.889619313576189,2.0952929545403918,-25.1052829679294,0.7311669355822701,1,9.9
199,-25.50351421328836,0.6369986515958826,-18.020701219232915,-9.93473443594469,-23.891839516863133,-5.6577551930114325,-10.554071592736992,9.444654791954495,-15.448958708380916,-3.5807940589761027,-7.574803510689764,-10.070849987983143,11.898048956383747,1.1025076884685023,3.685796276455991,2.0170150677740213,-25.50351421328836,0.6369986515958826,1,9.950000000000001
200,-25.89841164472768,0.5428659997484505,-18.383141214023965,-9.874725741735574,-24.350993090666023,-5.689803909741683,-11.010848868985464,9.456556678796275,-15.865396224183014,-3.545746956617499,-7.9059266793745016,-9.980902502229334,11.710888548852306,1.137969949686103,3.4871751927497794,1.9387390633044919,-25.89841164472768,0.5428659997484505,1,10.0
201,-26.28986320545544,0.4488173169403964,-18.74142036244364,-9.812949678195166,-24.8079184044749,-5.7198026699800195,-11.46606935647982,9.468330654034414,-16.280606788461462,-3.5114375535143316,-8.235279066061352,-9.890212319189851,11.523819795634566,1.1736073806048777,3.2936578693969825,1.860464928710503,-26.28986320545544,0.4488173169403964,1,10.05
202,-26.677756838679755,0.3549009400721672,-19.095534560862667,-9.749533263137618,-25.262572849113305,-5.747816516362402,-11.919656911002509,9.47998561979606,-16.694500000521675,-3.4778476203458553,-8.562799658731013,-9.79885869442767,11.336837786677894,1.2094105971336824,3.105146113336869,1.7821926515707833,-26.677756838679755,0.3549009400721672,1,10.100000000000001
203,-27.06198048760873,0.2611652060441614,-19.445479705651795,-9.684603514377162,-25.71491381540473,-5.77391049152487,-12.371535388335978,9.491530478208404,-17.10698545966921,-3.4449589277913977,-8.888427445364291,-9.706920883505743,11.14993761192985,1.2453702151814177,2.9215417315087455,1.7039222194639836,-27.06198048760873,0.2611652060441614,1,10.15
204,-27.44242209545045,0.16765845175681107,-19.791251693181707,-9.618287449727951,-26.16489869417265,-5.798149638103405,-12.82162864426265,9.502974131398569,-17.517972765209503,-3.4127532465302615,-9.21210141394194,-9.614478141987076,10.963114361337889,1.2814768506569054,2.742746530851919,1.6256536199688376,-27.44242209545045,0.16765845175681107,1,10.200000000000001
205,-27.818969605413013,0.07442901411050996,-20.132846419823146,-9.55071208700416,-26.612484876240615,-5.8205989987340585,-13.26986053456498,9.514325481493724,-17.927371516448027,-3.3812123472417555,-9.533760552444724,-9.521609725434589,10.77636312484952,1.3177211194690317,2.568662318305711,1.547386840664025,-27.818969605413013,0.07442901411050996,1,10.25
206,-28.191510960704527,-0.018474769994280677,-20.47025978194683,-9.482004444019971,-27.057629752432074,-5.841323616052819,-13.716154915025369,9.52559343062105,-18.33509131269031,-3.350318000605173,-9.853343848853442,-9.428394889411324,10.589678992412168,1.3540936375266623,2.3991909008094807,1.4691218691282648,-28.191510960704527,-0.018474769994280677,1,10.3
207,-28.559934104533074,-0.11100456365715757,-20.803487675923467,-9.412291538589585,-27.50029071357055,-5.860388532695723,-14.160435641426277,9.536786880907655,-18.741041753241795,-3.3200519772998276,-10.170790291148801,-9.33491288948022,10.403057053973377,1.3905850207386445,2.23423408530249,1.3908586929402178,-28.559934104533074,-0.11100456365715757,1,10.350000000000001
208,-28.924126980106774,-0.20311202997771746,-21.132525998123782,-9.341700388527158,-27.940425150479548,-5.877858791298718,-14.602626569550152,9.54791473448076,-19.145132437407955,-3.290396048005031,-10.486038867311605,-9.241242981204245,10.216492399480607,1.4271858850138823,2.07369367872409,1.312597299678627,-28.924126980106774,-0.20311202997771746,1,10.4
209,-29.28397753063373,-0.29474883205552804,-21.457370644918488,-9.270358011646856,-28.37799045398255,-5.893799434497896,-15.042651555179411,9.558985893467492,-19.547272964494294,-3.2613319834000727,-10.79902856532263,-9.147464420146383,10.029980118881362,1.4638868462612085,1.9174714880135808,1.2343376769221677,-29.28397753063373,-0.29474883205552804,1,10.450000000000001
210,-29.639373699322007,-0.3858666329901715,-21.77801751267831,-9.198391425762896,-28.81294401490308,-5.908275504929216,-15.480434454096487,9.570009259995006,-19.947372933806296,-3.2328415541642705,-11.109698373162615,-9.053656461869615,9.84351530212308,1.5006785203895037,1.7654693201102765,1.1560798122495441,-29.639373699322007,-0.3858666329901715,1,10.5
211,-29.99020342937973,-0.4764170958812252,-22.09446249777399,-9.125927648689444,-29.245243224064613,-5.921352045228717,-15.915899122083838,9.580993736190468,-20.345341944649434,-3.204906530976928,-11.41798727881233,-8.959898361936908,9.657093039153285,1.5375515233076387,1.6175889819535358,1.0778236932394365,-29.99020342937973,-0.4764170958812252,1,10.55
212,-30.336354664015012,-0.5663518838282909,-22.406701496576204,-9.053093698240666,-29.67484547229067,-5.933094098032384,-16.348969414923886,9.591948224181031,-20.74108959632918,-3.177508684517343,-11.723834270252553,-8.866269375911253,9.470708419919426,1.574496470924446,1.4737322804826283,0.9995693074705634,-30.336354664015012,-0.5663518838282909,1,10.600000000000001
213,-30.6777153464359,-0.6556226599309167,-22.714730405455693,-8.980016592230761,-30.101708150404736,-5.9435667059762585,-16.77956918839905,9.602881626093863,-21.13452548815103,-3.1506297854648384,-12.02717833546403,-8.772848759355611,9.284356534369056,1.6115039791488348,1.3338010226368908,0.9213166425216147,-30.6777153464359,-0.6556226599309167,1,10.65
214,-31.014173419850554,-0.7441810872886754,-23.018545120783177,-8.906823348473875,-30.525788649230325,-5.9528349116963275,-17.207622298291792,9.613802844056115,-21.525559219420465,-3.124251604498683,-12.327958462427564,-8.679715767832942,9.098032472449553,1.6485646638896427,1.1976970153556294,0.8430656859713045,-31.014173419850554,-0.7441810872886754,1,10.700000000000001
215,-31.345616827467033,-0.8319788290011974,-23.318141538929368,-8.833640984784234,-30.94704435959093,-5.960963757828627,-17.63305260038455,9.624720780194968,-21.914100389442936,-3.0983559122982247,-12.626113639123883,-8.586949656906233,8.911731324108503,1.6856691410557356,1.0653220655781668,0.7648164253982886,-31.345616827467033,-0.8319788290011974,1,10.75
216,-31.671933512493457,-0.9189675481680359,-23.613515556265003,-8.76059651897601,-31.36543267231005,-5.968018287009153,-18.055783950459748,9.635644336637547,-22.30005859752397,-3.072924479542737,-12.921582853533758,-8.494629682138473,8.725448179293341,1.722808026555994,0.9365779802438015,0.6865688483813054,-31.671933512493457,-0.9189675481680359,1,10.8
217,-31.993011418137897,-1.005098907888754,-23.90466306916079,-8.687816968863343,-31.780910978211182,-5.9740635418739325,-18.4757402042998,9.646582415511013,-22.683343442969008,-3.047939076911534,-13.214305093637975,-8.402835099092648,8.539178127951566,1.759971936299289,0.8113665662919155,0.6083229424990493,-31.993011418137897,-1.005098907888754,1,10.850000000000001
218,-32.308738487608494,-1.0903245712629723,-24.191579973987437,-8.61542935226047,-32.19343666811783,-5.979164565058947,-18.89284521768719,9.657543918942563,-23.063864525083556,-3.0233814750839367,-13.5042193474173,-8.311645163331676,8.352916260030621,1.7971514861944526,0.6895896306617479,0.5300786953302051,-32.308738487608494,-1.0903245712629723,1,10.9
219,-32.61900266411332,-1.174596201390225,-24.47426216711568,-8.543560686981504,-32.6029671328535,-5.983386399200229,-19.30702284640433,9.668537749059325,-23.441531443173098,-2.9992334447392395,-13.791264602852511,-8.22113913041856,8.16665766547801,1.8343372921504,0.5711489802926655,0.4518360944534774,-32.61900266411332,-1.174596201390225,1,10.950000000000001
220,-32.92369189086046,-1.2578654613701277,-24.752705544916225,-8.472337990840686,-33.00945976324168,-5.986794086933787,-19.718196946233636,9.679572807988448,-23.816253796543087,-2.9754767565567555,-14.075379847924305,-8.131396255916306,7.98039743424129,1.8715199700759433,0.45594642212396014,0.3735951274475704,-32.92369189086046,-1.2578654613701277,1,11.0
221,-33.22269411105805,-1.3400840143022197,-25.026906003759805,-8.401888281652155,-33.41287195010588,-5.989452670895626,-20.12629137295758,9.690657997857121,-24.187941184499028,-2.952093181215773,-14.356504070613527,-8.04249579538786,7.794130656267839,1.9086901358800024,0.3438837630949608,0.2953557818911545,-33.22269411105805,-1.3400840143022197,1,11.05
222,-33.51589726791417,-1.4212035232861409,-25.29685944001714,-8.332338577230118,-33.8131610842696,-5.9914271937217976,-20.531229982358592,9.701802220792493,-24.556503206346402,-2.9290644893955715,-14.634576258900905,-7.954517004396185,7.607852421505174,1.9458384054713995,0.23486281014496682,0.21711804536297763,-33.51589726791417,-1.4212035232861409,1,11.100000000000001
223,-33.8031893046369,-1.5011756514214296,-25.56256175005893,-8.263815895388735,-34.21028455655634,-5.992782698048244,-20.932936630219086,9.713014378921695,-24.921849461390693,-2.9063724517755367,-14.909535400767206,-7.867539138504277,7.421557819900804,1.9829553947590055,0.12878537021331496,0.13888190544168597,-33.8031893046369,-1.5011756514214296,1,11.15
224,-34.08445816443437,-1.579952061807669,-25.824008830255895,-8.196447253942182,-34.60419975778958,-5.993584226511043,-21.3313351723215,9.724303374371909,-25.283889548937346,-2.8839988390349034,-15.181320484193206,-7.781641453275096,7.235241941402183,2.0200317196517066,0.025553250239326957,0.060647349706007964,-34.08445816443437,-1.579952061807669,1,11.200000000000001
225,-34.35959179051467,-1.6574844175444647,-26.081196576978794,-8.13035967070466,-34.99486407879286,-5.9938968217461515,-21.726349464448308,9.735678109270332,-25.642533068291876,-2.8619254218529946,-15.449870497159647,-7.696903204271617,7.048899875956817,2.0570579960583633,-0.07493174283769805,-0.0175856342653762,-34.35959179051467,-1.6574844175444647,1,11.25
226,-34.6284781260859,-1.7337243817313608,-26.33412088659831,-8.065680163490342,-35.382234910389656,-5.993785526389622,-22.117903362381913,9.747147485744058,-25.997689618759782,-2.840133970909114,-15.715124427647366,-7.61340364705686,6.862526713512189,2.0940248398878274,-0.17276780207845333,-0.09581705889373325,-34.6284781260859,-1.7337243817313608,1,11.3
227,-34.89100511435615,-1.8086236174679629,-26.582777655485163,-8.00253575011341,-35.76626964340344,-5.9933153830774595,-22.50592072190475,9.758720405920272,-26.349268799646488,-2.818606256882574,-15.977021263637033,-7.5312220371937375,6.676117544015766,2.130922867048975,-0.26805312054357955,-0.17404693660041204,-34.89100511435615,-1.8086236174679629,1,11.350000000000001
228,-35.147060698533515,-1.8821337878538444,-26.827162780010077,-7.941053448388036,-36.14692566865778,-5.992551434445652,-22.890325398799266,9.770405771926137,-26.69718021025753,-2.797324050452702,-16.23549999310948,-7.450437630245248,6.489667457415063,2.1677426934506716,-0.3608858912938227,-0.25227527980667447,-35.147060698533515,-1.8821337878538444,1,11.4
229,-35.39653282182611,-1.9542065559885868,-27.067272156543776,-7.881360276128403,-36.52416037697611,-5.991558723130264,-23.27104124884786,9.782212485888795,-27.041333449898357,-2.776269122298778,-16.49049960404545,-7.371129681774398,6.3031715436575,2.204474935001769,-0.4513643073897782,-0.33050210093385,-35.39653282182611,-1.9542065559885868,1,11.450000000000001
230,-35.639309427442036,-2.024793584971768,-27.30310168145697,-7.823583251148684,-36.89793115918197,-5.990402291767233,-23.64799212783305,9.794149449935441,-27.381638117874473,-2.755423243100075,-16.741959084425712,-7.293377447344074,6.116624892690618,2.2411102076111584,-0.5395865618922071,-0.40872741240322,-35.639309427442036,-2.024793584971768,1,11.5
231,-35.87527845858937,-2.093846537902975,-27.534647251120383,-7.767849391263059,-37.268195406098855,-5.989147182992617,-24.021101891537214,9.806225566193199,-27.718003813491325,-2.734768183535984,-16.989817422231027,-7.21726018251736,5.930022594461893,2.2776391271876997,-0.6256508478617653,-0.4869512266361235,-35.87527845858937,-2.093846537902975,1,11.55
232,-36.10432785847623,-2.1613170778817756,-27.761904761904763,-7.714285714285712,-37.634910508550256,-5.987858439442423,-24.39029439574279,9.818449736789248,-28.05034013605442,-2.7142857142857215,-17.234013605442172,-7.142857142857147,5.743359738918799,2.3140523096402457,-0.7096553583591383,-0.5651735560537935,-36.10432785847623,-2.1613170778817756,1,11.600000000000001
233,-36.3263455703107,-2.2271568680077856,-27.98487011018078,-7.6630192380308335,-37.998033857359665,-5.986601103752658,-24.755493496232223,9.830830863850727,-28.378556684869228,-2.693957606028629,-17.474486622039905,-7.070247583926455,5.5566314160088375,2.350340370877662,-0.7916982864449968,-0.6433944130776126,-37.73007212159119,-1.685010347546387,1,11.65
234,-36.541219537300904,-2.29131757138051,-28.203539192319184,-7.614176980312597,-38.357522843350594,-5.985440218559353,-25.11662304878794,9.843377849504797,-28.702563059241246,-2.6737656294440435,-17.711175460004995,-6.999510761288246,5.369832715679457,2.3864939268088143,-0.871877825180027,-0.7216138101288282,-39.27969457974425,-1.2310056045845703,1,11.700000000000001
235,-36.74883770265492,-2.3537508510996084,-28.417907904690686,-7.567885958945175,-38.713334857346545,-5.984440826498485,-25.473606909192387,9.856099595878657,-29.022268858475936,-2.653691555211206,-17.944019107318216,-6.930725930505479,5.182958727878168,2.4225035933425936,-0.9502921676248991,-0.799831759628741,-40.753195232935404,-0.7993028489963023,1,11.75
236,-36.94908800958085,-2.4144083702646237,-28.627972143665993,-7.524273191742743,-39.06542729017102,-5.983667970206081,-25.826368933228025,9.86900500509942,-29.3375836818788,-2.6337171540094872,-18.17295655196031,-6.8639723471411695,4.9960045425524395,2.4583599863878316,-1.027039506840352,-0.8780482739986996,-42.150574081164656,-0.38990208078161176,1,11.8
237,-37.14185840128679,-2.4732417919751293,-28.833727805615855,-7.483465696519489,-39.413757532647516,-5.98318669231815,-26.17483297667723,9.882102979294253,-29.6484171287553,-2.613824196518113,-18.39792678191207,-6.799329266758245,4.808965249649763,2.4940537218534193,-1.1022180358870184,-0.9562633656599372,-43.47183112443199,-0.0028032999404743464,1,11.850000000000001
238,-37.327036820980844,-2.5302027793307365,-29.035170786910964,-7.445590491089612,-39.75828297559952,-5.98306203547075,-26.518922895322483,9.895402420590328,-29.954678798410917,-2.5939944534164785,-18.618868785154245,-6.736875944919699,4.621835939117621,2.529575415648208,-1.1759259478255921,-1.0344770470338265,-44.71696636273744,0.36199349352709054,1,11.9
239,-37.50451121187111,-2.5852429954309977,-29.232296983922048,-7.410774593267266,-40.098961009850555,-5.983359042299808,-26.85856254494622,9.908912231114783,-30.256278290151144,-2.574209695383805,-18.8357215496676,-6.676691637188523,4.434611700903503,2.5649156836810487,-1.2482614357167585,-1.1126893305416248,-45.88597979608097,0.7044882996210924,1,11.950000000000001
240,-37.6741695171657,-2.6383141033755058,-29.42510229301983,-7.379145020866613,-40.4357490262241,-5.984142755441391,-27.193675781330857,9.922641312994811,-30.553125203281468,-2.5544516930994727,-19.048424063432932,-6.618855599127677,4.247287624954886,2.600065141860852,-1.3193226926212336,-1.1909002286046322,-46.9788714244626,1.024681118341551,1,12.0
241,-37.83589968007268,-2.6893677662638327,-29.613582610575037,-7.3508287917018835,-40.76860441554368,-5.985478217531506,-27.52418646025884,9.936598568357548,-30.845129137107353,-2.534702217242751,-19.256915314430966,-6.563447086300118,4.059858801219237,2.635014406096454,-1.389207911599613,-1.2691097536441835,-47.995641247882325,1.322571949688422,1,12.05
242,-37.98958964380019,-2.738355647195575,-29.797733832958357,-7.325952923587214,-41.09748456863277,-5.987430471206156,-27.850018437512613,9.950792899330148,-31.13219969093427,-2.5149430384929197,-19.46113429064249,-6.510545354268854,3.872320319644085,2.6697540922967025,-1.4580152857126574,-1.3473179180815649,-48.93628926634015,1.5981607936617452,1,12.100000000000001
243,-38.1351273515563,-2.785229409270286,-29.977551856540536,-7.304644434336815,-41.422346876314876,-5.990064559101346,-28.171095568874584,9.96523320803979,-31.414246464067734,-2.4951559275293347,-19.661019980048277,-6.460229658596823,3.6846672701768584,2.704274816370516,-1.5258430080210377,-1.4255247343380573,-49.80081547983606,1.851447650261481,1,12.15
244,-38.272400746549124,-2.8299407155875724,-30.15303257769229,-7.287030341764837,-41.743148729413505,-5.993445523853108,-28.48734171012723,9.97992839661361,-31.691179055813198,-2.4753226550312655,-19.856511370629054,-6.412579254847054,3.4968947427651043,2.7385671942266985,-1.5927892715853949,-1.5037302148349803,-50.589219888370074,2.082432519487688,1,12.200000000000001
245,-38.40129777198675,-2.8724412292469967,-30.324171892784342,-7.273237663685491,-42.05984751875216,-5.997638408097434,-28.798680717052953,9.994887367178784,-31.96290706547616,-2.4554249916780306,-20.047547450365638,-6.367673398582453,3.308997827356256,2.7726218417741686,-1.6589522694664895,-1.5819343719936496,-51.30150249194218,2.2911154013403077,1,12.25
246,-38.52170637107728,-2.912682613348166,-30.4909656981874,-7.263393417912925,-42.37240063515432,-6.00270825447036,-29.105036445434216,10.010119021862442,-32.229340092362094,-2.435444708148927,-20.23406720723876,-6.32559134536607,3.1209716138977934,2.806429374921759,-1.724430194724925,-1.6601372182353265,-51.937663290552386,2.4774962958193694,1,12.3
247,-38.63351448702881,-2.9506165309906423,-30.653409890272183,-7.257624622261332,-42.68076546944352,-6.008720105607871,-29.406332751053423,10.025632262791797,-32.49038773577647,-2.4153635751232887,-20.4160096292292,-6.286412350760812,2.9328111923372333,2.8399804095783403,-1.789321240421417,-1.73833876598136,-52.497702284200685,2.641575202924873,1,12.350000000000001
248,-38.73661006304946,-2.986194645273989,-30.811500365409405,-7.2560582945449275,-42.98489941244323,-6.015739004145985,-29.702493489693037,10.041435992093957,-32.74595959502479,-2.3951633632803735,-20.593313704317723,-6.250215670329683,2.7445116526220463,2.8732655616527936,-1.853723599616651,-1.816539027653022,-52.981619472887076,2.7833521226568037,1,12.4
249,-38.83088104234729,-3.0193686192978126,-30.96523301996981,-7.258821452577821,-43.28475985497697,-6.023829992720734,-29.99344251713549,10.057539111896098,-32.99596526941252,-2.3748258432995204,-20.7659184204851,-6.217080559635669,2.5560680846997212,2.9062754470539653,-1.9177354653712984,-1.8947380156716322,-53.389414856611566,2.902827055015182,1,12.450000000000001
250,-38.916215368130445,-3.05009011616169,-31.114603750324097,-7.266041114174246,-43.58030418786822,-6.033058113968102,-30.279103689163215,10.073950524325399,-33.24031435824516,-2.354332785860061,-20.933762765712085,-6.187086274241725,2.3674755785177286,2.9390006816907364,-1.9814550307460594,-1.9729357424584617,-53.72108843537415,3.000000000000006,1,12.5
251,-38.99250098360699,-3.078310798965175,-31.259608452843,-7.277844297148353,-43.8714898019405,-6.043488410524123,-30.559400861558636,10.090679131508985,-33.478916460828174,-2.3336659616411963,-21.09678572797946,-6.160312069710834,2.178729224023555,2.971431881471963,-2.0449804888016354,-2.0511322204348645,-53.72108843537415,3.000000000000006,1,12.55
252,-39.05962583198503,-3.103982330807878,-31.400243023897215,-7.294358019314359,-44.15827408801729,-6.055185925024802,-30.834257890104197,10.107733835574031,-33.71168117646703,-2.3128071413223465,-21.254926295267968,-6.136837201605978,1.9898241111646955,3.003559662306516,-2.108410032598644,-2.1293274620220934,-53.72108843537415,3.000000000000006,1,12.600000000000001
253,-39.11747785647268,-3.127056374789367,-31.536503359857488,-7.3157092984864045,-44.44061443692212,-6.0682157001061325,-31.10359863058235,10.125123538647697,-33.93851810446725,-2.2917380955827515,-21.408123455558403,-6.1167409254901,1.8007553298886139,3.0353746401032566,-2.1718418551978536,-2.2075214796414575,-53.72108843537415,3.000000000000006,1,12.65
254,-39.165945000278015,-3.1474845940092444,-31.668385357094518,-7.3420251524786755,-44.71846823947846,-6.082642778404153,-31.367346938775515,10.142857142857148,-34.15933684413426,-2.270440595101749,-21.556316196831517,-6.10010249692623,1.6115179701428497,3.0668674307710613,-2.235374149659868,-2.285714285714287,-53.72108843537415,3.000000000000006,1,12.700000000000001
255,-39.165945000278015,-3.1474845940092444,-31.668385357094518,-7.3420251524786755,-44.71846823947846,-6.082642778404153,-31.367346938775515,10.142857142857148,-34.15933684413426,-2.270440595101749,-21.556316196831517,-6.10010249692623,1.6115179701428497,3.0668674307710613,-2.235374149659868,-2.285714285714287,-53.72108843537415,3.000000000000006,1,12.75
256,-39.165945000278015,-3.1474845940092444,-31.668385357094518,-7.3420251524786755,-44.71846823947846,-6.082642778404153,-31.367346938775515,10.142857142857148,-34.15933684413426,-2.270440595101749,-21.556316196831517,-6.10010249692623,1.6115179701428497,3.0668674307710613,-2.235374149659868,-2.285714285714287,-53.72108843537415,3.000000000000006,1,12.8
