Frame,Away_2877_x,Away_2877_y,Away_2878_x,Away_2878_y,Away_2879_x,Away_2879_y,Away_6718_x,Away_6718_y,Away_12086_x,Away_12086_y,Away_12087_x,Away_12087_y,Away_17896_x,Away_17896_y,Away_17897_x,Away_17897_y,Away_17898_x,Away_17898_y,Away_17899_x,Away_17899_y,ball_x,ball_y,Period,Time [s]
0,-17.67540799942294,19.45446391073517,-21.39950385850458,8.506222201117811,-22.137414965986387,-3.857142857142856,-46.49740267868245,-0.6653133607946458,-11.32108843537415,-10.142857142857148,1.2258503401360694,6.142857142857142,-2.3795918367346953,25.42857142857143,-13.48435374149659,21.999999999999993,-9.157823129251696,29.142857142857146,-9.8706657751405,18.66466276192615,-17.67540799942294,19.45446391073517,1,0.0
1,-17.54709199957786,19.552696148580573,-21.422118163752554,8.440168678976374,-22.072610195930366,-3.880113206240536,-46.48342242597768,-0.6670243041761591,-10.971741939896193,-10.20361264127876,1.1698865065680897,6.114351259185386,-2.2315263923271793,25.41726481277543,-13.461112560282547,22.039116431349825,-8.992136912959502,29.16907374914566,-9.751832326771275,18.725221170454528,-16.46893916211161,18.813229707580582,1,0.05
2,-17.44204813046956,19.637557427185097,-21.452782859707188,8.370925250743667,-22.01453234875855,-3.9025871992769123,-46.47178472759931,-0.6684071429188362,-10.633045668111663,-10.258021180523093,1.1116197480296275,6.088599655475103,-2.0962454607079093,25.403112894644355,-13.448789684225176,22.069837639751995,-8.840003254914027,29.191239392144908,-9.648277715203537,18.775263948048178,-15.335589648273658,18.210858183405037,1,0.1
3,-17.359540149097946,19.70933534793285,-21.491120121260998,8.298677583178778,-21.963021631544066,-3.9245665019205616,-46.46244164699285,-0.6694780976676589,-10.304949761198738,-10.306237093574909,1.0509814263309027,6.0655060832280325,-1.9732701476177459,25.386222256179163,-13.447134238368534,22.092365488136416,-8.700914490689636,29.209505816633612,-9.559412440587,18.815143968349798,-14.275359457909149,17.647349338208578,1,0.15000000000000002
4,-17.298831812462915,19.768317512207936,-21.536752123306382,8.22361134304083,-21.917918251360067,-3.9460527798401004,-46.45534524760382,-0.6702533890677205,-9.987404360335486,-10.348414713418961,0.9879029032823241,6.044974293945908,-1.8621215587974616,25.366699479380735,-13.455895347756693,22.106901839432965,-8.574362955860696,29.22402476739039,-9.484647003071245,18.845214105002125,-13.288248591018046,17.12270317199118,1,0.2
5,-17.259186877564385,19.81479152139448,-21.589301040735894,8.145912197088945,-21.879062415279623,-3.9670476987041114,-46.45044759287771,-0.6707492377640321,-9.680359606700147,-10.384708373039949,0.9223155406941332,6.026908039130497,-1.7623207999878874,25.34465114625003,-13.474822137433716,22.113648556571565,-8.45984098600157,29.234947989193937,-9.423391902806015,18.865827231647856,-12.374257047600345,16.636919684752847,1,0.25
6,-17.239869101402274,19.849044976876577,-21.64838904844195,8.06576581208223,-21.846294330375926,-3.9875529241812147,-46.447700746260026,-0.6709818644016385,-9.383765641470806,-10.415272405422623,0.8541507003766858,6.011211070283542,-1.673388976929848,25.320183838787976,-13.503663732443629,22.112807502482077,-8.356840916686629,29.242427226822894,-9.375057639940952,18.877336221929713,-11.533384827656079,16.189998876493586,1,0.30000000000000004
7,-17.240142240976475,19.871365480038325,-21.713638321317017,7.983357854779809,-21.81945420372207,-4.007570121939985,-46.44705677119628,-0.6709674896255945,-9.097572605825569,-10.440261143551739,0.7833397441402545,5.997787138906811,-1.5948471953641297,25.293404138995516,-13.542169257830572,22.104580540094414,-8.264855083490254,29.246614225055964,-9.339054714625743,18.880093949490398,-10.765631931185235,15.781940747213383,1,0.35000000000000003
8,-17.25927005328692,19.882040632263852,-21.784671034253577,7.898873991940783,-21.79838224239118,-4.027100957649016,-46.44846773113196,-0.6707223340809495,-8.821730640942686,-10.45982892041203,0.7098140337951568,5.986539996502003,-1.526216561031557,25.264418628873557,-13.590087838638555,22.08916953233847,-8.183375821986793,29.247660728671754,-9.314793627010037,18.87445328797263,-10.070998358187776,15.412745296912258,1,0.4
9,-17.296516295333493,19.88135803493725,-21.861109362144106,7.812499890324287,-21.78291865345639,-4.046147096976941,-46.45188568951259,-0.6702626184127243,-8.556189888000223,-10.474130068988238,0.6335049311517482,5.977373394570892,-1.4670181796729316,25.23333389042307,-13.647168599911616,22.066776342144138,-8.11189546775062,29.24571848244897,-9.301684877243517,18.86076711101915,-9.449484108663746,15.082412525590179,1,0.45
10,-17.351144724116097,19.86960528944265,-21.94257547988106,7.724421216689411,-21.772903643990837,-4.064710205592327,-46.45726270978367,-0.669604563265988,-8.300900488176342,-10.483318922265068,0.5543437980202863,5.970191084615242,-1.416773157029085,25.20025650564496,-13.713160666693877,22.037602832441298,-8.049906356356104,29.240939231166287,-9.299138965475837,18.839388292272645,-8.901089182613138,14.790942433247167,1,0.5
11,-17.422419096634666,19.84706999716414,-22.028691562356926,7.634823637795273,-21.76817742106762,-4.082791949163771,-46.46455085539067,-0.6687643892857613,-8.055812582649196,-10.487549813227309,0.4722619962111112,5.964896818136766,-1.375002598840834,25.16529305654015,-13.787813164029362,22.00185086615985,-7.996900823377623,29.233474719602313,-9.306566391856702,18.81066970537583,-8.425813580035936,14.538335019883252,1,0.55
12,-17.50960316988908,19.81403975948581,-22.119079784464144,7.543892820400999,-21.768580191759895,-4.1003939933598845,-46.47370218977915,-0.667758317117094,-7.8208763125969405,-10.486977074859686,0.3871908875345106,5.961394346637243,-1.3412276108489958,25.128550125109594,-13.870875216962165,21.95972230622971,-7.952371204389539,29.223476692535773,-9.323377656535772,18.77496422397141,-8.02365730093215,14.324590285498383,1,0.6000000000000001
13,-17.61196070087927,19.770802177791793,-22.213362321095207,7.451814431265693,-21.773952163140777,-4.11751800384926,-46.48466877639457,-0.6666025674050357,-7.596041819197695,-10.48175504014693,0.29906183380080975,5.9595874216184175,-1.3149692987943564,25.090134293354215,-13.962095950536325,21.911419015580737,-7.915809834966228,29.21109689474528,-9.348983259662699,18.73262472170211,-7.694620345301778,14.149708230092573,1,0.65
14,-17.72875544660512,19.717644853466204,-22.311161347142576,7.358774137148487,-21.78413354228339,-4.1341656463004695,-46.49740267868245,-0.6653133607946458,-7.38125924362961,-10.472038042073784,0.2078061968203565,5.959379794582013,-1.2957487684177478,25.05015214327495,-14.061224489795913,21.857142857142854,-7.886709050682017,29.196487071009553,-9.382793701387154,18.684004072210673,-7.438702713144835,14.013688853665847,1,0.7000000000000001
15,-17.85925116406655,19.654855387893132,-22.41209903749871,7.264957604808465,-21.798964536260858,-4.150338586382149,-46.5118559600883,-0.6639069179309257,-7.176478727070847,-10.457980413625002,0.11335533840341583,5.960675217029796,-1.2830871254599718,25.008710256872725,-14.168009959785008,21.79709569384595,-7.86456118711133,29.17979896610721,-9.424219481858843,18.629455149139776,-7.511537597359131,13.679807515384534,1,0.75
16,-18.00271161026349,19.582721382456686,-22.515797567056094,7.170550501004773,-21.818285352146326,-4.16603848976289,-46.527980684057624,-0.6623994594589396,-6.981650410699557,-10.439736487785295,0.015640620360290427,5.963377440463521,-1.276505475661875,24.965915216148478,-14.282201485547647,21.731479388619885,-7.848858579828487,29.161184324816947,-9.472671101227398,18.56933082613213,-7.583500207510963,13.34992475600478,1,0.8
17,-18.15840054219583,19.501530438540996,-22.62187911070719,7.0757384924965026,-21.841936197012913,-4.181267022111271,-46.54572891403591,-0.6608072060237324,-6.796724435693851,-10.417460597539412,-0.08540659549866433,5.967390216384916,-1.2755249247642588,24.92187360310314,-14.403548192127909,21.660495804394607,-7.83909356440789,29.14079489191742,-9.527559059642499,18.503983976830483,-7.654590543600399,13.024040575526607,1,0.8500000000000001
18,-18.32558171686346,19.411570157530118,-22.72996584334447,6.980707246042777,-21.86975727793374,-4.196025849095897,-46.565052713468674,-0.6591463782703539,-6.621650943231894,-10.391307075872119,-0.18985494736318342,5.972617296295734,-1.279666578507888,24.87669199973763,-14.531799204569861,21.58434680409998,-7.834758476423911,29.118782412187272,-9.58829385725382,18.433767474877527,-7.7248086056273495,12.702154973949996,1,0.9
19,-18.503518891266314,19.313128140808214,-22.8396799398604,6.885642428402708,-21.90158880198192,-4.210316636385377,-46.585904145801415,-0.6574331968438488,-6.456380074491836,-10.36143025576812,-0.29777307342288895,5.978962431697742,-1.2884515426336391,24.83047698805291,-14.666703647917563,21.503234250665887,-7.835345651450876,29.09529863040521,-9.65428599421104,18.359034193915974,-7.794154393591874,12.384267951274976,1,0.9500000000000001
20,-18.69147582240427,19.206491989759375,-22.950643575147453,6.790729706335414,-21.937270976230618,-4.224141049648305,-46.60823527447964,-0.6556838823892526,-6.300861970651794,-10.327984470212186,-0.40922961186753837,5.986329374092658,-1.3014009228822987,24.783335150049894,-14.80801064721504,21.417360007022243,-7.840347425063194,29.070495291349857,-9.724945970663818,18.280137007588547,-7.862627907493926,12.070379507501519,1,1.0
21,-18.88871626727727,19.091949305767688,-23.062478924098084,6.696154746600026,-21.976644007752917,-4.237500754553256,-46.63199816294887,-0.6539146555515952,-6.155046772889964,-10.291124052189021,-0.5242932008868215,5.994621874982245,-1.318035824994676,24.735373067729498,-14.95546932750643,21.326925936098945,-7.849256132835223,29.044524139799904,-9.79968428676182,18.197428789537952,-7.930229147333552,11.760489642629631,1,1.05
22,-19.09450398288521,18.96978769021729,-23.174808161604783,6.6021032159556166,-22.019548103621993,-4.250397416768866,-46.65714487465457,-0.6521417369759414,-6.0188846223844354,-10.251003334683407,-0.6430324786703682,6.003743685868267,-1.3378773547116103,24.68669732309268,-15.108828813835773,21.23213390082587,-7.861564110341334,29.017536920534,-9.877911442654746,18.111262413406894,-7.996958113110722,11.454598356659325,1,1.1
23,-19.308102726227993,18.840294744492272,-23.287253462560006,6.508760781161329,-22.06582347091094,-4.262832701963685,-46.68362747304228,-0.6503813473073308,-5.892325660313411,-10.207776650680053,-0.7655160834079281,6.0135985582524425,-1.3604466177738657,24.63741449814036,-15.267838231247067,21.13318576413291,-7.876763693155877,28.98968537833082,-9.959037938492227,18.02199075283812,-8.062814804825457,11.152705649590581,1,1.1500000000000001
24,-19.52877625430551,18.703758069976747,-23.399437001856214,6.416313108976264,-22.11531031669288,-4.274808275806342,-46.711398021557486,-0.6486497071907891,-5.775320027854969,-10.161598333163731,-0.8918126532891386,6.0240902436365324,-1.385264719922319,24.587631174873483,-15.432246704784449,21.030283388949993,-7.894347216853238,28.961121257969012,-10.042474274423977,17.929966681474337,-8.12779922247773,10.854811521423398,1,1.2000000000000002
25,-19.755788324117706,18.560465268054806,-23.5109809543859,6.324945866159556,-22.167848848040965,-4.286325803965429,-46.740408583645696,-0.6469630372713757,-5.667817866187306,-10.112622715119118,-1.0219908265036666,6.035122493522277,-1.4118527668977494,24.53745393529296,-15.601803359491948,20.923628638206953,-7.913807017007774,28.931996304227276,-10.127630950599611,17.835543072958227,-8.191911366067547,10.560915972157817,1,1.25
26,-19.988402692664458,18.410703940110594,-23.621507495041502,6.234844719470302,-22.22327927202829,-4.297386952109545,-46.770611222752414,-0.645337558194155,-5.56976931648855,-10.061004129531014,-1.1561192412412926,6.046599059411431,-1.4397318644409738,24.48698936139975,-15.776257320413649,20.813423374833732,-7.934635429193835,28.90246226188423,-10.213918467168853,17.739072800932533,-8.255151235594951,10.271019001793807,1,1.3
27,-20.22588311694571,18.25476168752818,-23.73063879871552,6.146195335667627,-22.281441795728032,-4.307993385907291,-46.80195800232316,-0.6437894906041134,-5.4811245199368335,-10.006896909384137,-1.2942665356916687,6.058423692805756,-1.4684231182928085,24.43634403519476,-15.95535771259359,20.699869461760223,-7.956324788985845,28.872670875718565,-10.300747324281346,17.640908739039965,-8.3175188310599,9.985120610331347,1,1.35
28,-20.467493353961316,18.092926111691696,-23.837997040300394,6.05918338151063,-22.342176626213266,-4.3181467710272505,-46.83440098580339,-0.6423350551463543,-5.401833617710314,-9.950455387663233,-1.4365013480444695,6.070500145206974,-1.4974476341940406,24.385624538678925,-16.13885366107586,20.58316876191631,-7.978367431958122,28.84277389050894,-10.387528022086777,17.54140376092323,-8.379014152462384,9.70322079777047,1,1.4000000000000001
29,-20.71249716071122,17.925484813985243,-23.943204394688635,5.973994523758438,-22.405323970557127,-4.327848773138037,-46.86789223663866,-0.640990472465898,-5.3318467509871486,-9.891833897353049,-1.582892316489347,6.082732168116841,-1.5263265178855163,24.3349374538532,-16.326494290904527,20.463523138231853,-8.000255693685055,28.812923051034044,-10.473671060734777,17.440910740225046,-8.439637199802426,9.425319564111183,1,1.4500000000000002
30,-20.960158294195324,17.75272539579291,-24.04588303677264,5.890814429170154,-22.470724035832788,-4.337101057908246,-46.90238381827446,-0.6397719632077704,-5.27111406094544,-9.831186771438304,-1.7335080792160518,6.095023513037108,-1.554580875108068,24.28438936271849,-16.51802872712362,20.341134453636798,-8.021481909741027,28.783270102072493,-10.558586940375058,17.3397825505881,-8.499387973080022,9.151416909353443,1,1.5
31,-21.20974051141355,17.574935458498842,-24.145655141444966,5.809828764504907,-22.538217029113326,-4.3459052910064715,-46.937827794156284,-0.6386957480170307,-5.2195856887633845,-9.768668342903732,-1.888417274414258,6.10727793146953,-1.5817318116024595,24.23408684727574,-16.713206094777227,20.216204571061027,-8.041538415700341,28.753966788403,-10.641686161157292,17.23837206565516,-8.558266472295191,8.881512833497279,1,1.55
32,-21.460507569365802,17.392402603487117,-24.24214288359802,5.731223196521814,-22.60764315747189,-4.354263138101265,-46.974176227729636,-0.6377780475387093,-5.177211775619115,-9.704432944734089,-2.0476885402736333,6.119399174915852,-1.60730043310953,24.184136489525887,-16.9117755189094,20.08893535343442,-8.059917547137445,28.725164854804177,-10.722379223231146,17.137032159068927,-8.616272697447894,8.615607336542695,1,1.6
33,-21.71172322505195,17.205414432141847,-24.33496843812429,5.655183391979966,-22.678842627981606,-4.362176264861317,-47.011381182440026,-0.6370350824178898,-5.1439424626907515,-9.63863490991413,-2.2113905149838824,6.131290994877802,-1.6308078453700736,24.134644871469852,-17.1134861245642,19.95952866368687,-8.076111639626648,28.697016046054756,-10.800076626746257,17.036115704472063,-8.673406648538144,8.353700418489689,1,1.6500000000000001
34,-21.962651235471945,17.01425854584713,-24.42375397991625,5.581895017638485,-22.751655647715584,-4.369646336955165,-47.04939472173296,-0.636483073299554,-5.119727891156451,-9.57142857142857,-2.3795918367346953,6.142857142857142,-1.6517751541249674,24.08571857510859,-17.318087036785716,19.828186364748287,-8.089613028742356,28.66967210693333,-10.87418887185232,16.935975575507356,-8.72966832556595,8.09579207933825,1,1.7000000000000002
35,-22.21263053564088,16.81923638548324,-24.508253243502168,5.511493663457923,-22.82592242374697,-4.3766750200514295,-47.088168909053934,-0.6361382408288003,-5.10451820219437,-9.50296826226217,-2.5523611437157463,6.154001370355626,-1.669874415003196,24.03743058725821,-17.525303572302754,19.69512557829018,-8.10007406844888,28.643236951498306,-10.944335191611978,16.83690818585373,-8.785057728531324,7.841882319088396,1,1.75
36,-22.461300772634885,16.620704749914708,-24.58874620195356,5.4439146122045585,-22.90148316314889,-4.383263979818656,-47.12765580784846,-0.6360168056506444,-5.098263536982643,-9.433408315399632,-2.729767074116733,6.164627428875002,-1.6853814831868297,23.98971951399576,-17.73476581458324,19.560624460950592,-8.10778718627038,28.617623170926603,-11.01096975073975,16.738984109335213,-8.83957485743424,7.591971137740079,1,1.8
37,-22.708376771545165,16.41903427750228,-24.66564438797773,5.37904306984601,-22.978178072994474,-4.389414881925499,-47.167807481562036,-0.6361349884101167,-5.100914036699418,-9.362903063825748,-2.9118782661273297,6.174639069917006,-1.6987231637461286,23.942490366213434,-17.9460800387798,19.424976428109186,-8.11320482812095,28.592695525674905,-11.074755446863097,16.64221745981203,-8.893219712274732,7.346058535293368,1,1.85
38,-22.953573357463053,16.21459560660667,-24.739359334282042,5.316764242350021,-23.055847360356832,-4.395129392040535,-47.208575993640174,-0.6365090097523153,-5.112419842522831,-9.291606840525231,-3.0987633579372877,6.183940044983389,-1.7103262617513764,23.89564815480348,-18.158852520045148,19.28847489514565,-8.116779439914698,28.56831877619989,-11.136355177609524,16.546622351144514,-8.94599229305273,7.104144511748223,1,1.9000000000000001
39,-23.19660535547984,16.007759375588662,-24.810302573573786,5.256963335684266,-23.1343312323091,-4.400409175832372,-47.24991340752837,-0.6371550903222126,-5.132731095631053,-9.219673978482795,-3.29049098773619,6.1924341055758925,-1.7206175822728638,23.84909789065812,-18.372689533531958,19.151413277439612,-8.118963467565774,28.544357682958182,-11.196431840606518,16.452212897192865,-8.997892599768337,6.86622906710463,1,1.9500000000000002
40,-23.43718759068679,15.798896222808892,-24.8788856385603,5.199525555816424,-23.213469895924394,-4.405255898969605,-47.291771786672136,-0.6380894507649018,-5.161797937202174,-9.147258810683233,-3.4871297937138253,6.2000250031962745,-1.7300239303808516,23.802744584669583,-18.58719735439289,19.014084990370772,-8.120209356988251,28.520677006406462,-11.255648333481547,16.359003211817356,-9.048920632421442,6.632312201362634,1,2.0
41,-23.6750348881752,15.58837678662811,-24.945520061948883,5.144336108714172,-23.293103558275885,-4.4096712271208185,-47.33410319451696,-0.639328311725413,-5.199570508414395,-9.07451567011123,-3.6887484140598303,6.206616489346297,-1.73897211114563,23.756493247730088,-18.80198225778061,18.876783449318776,-8.120969554096256,28.497141507001363,-11.314667553862115,16.2670074088783,-9.09907639101214,6.4023939145222215,1,2.0500000000000003
42,-23.909862073036344,15.376571705407038,-25.010617376446852,5.0912802003451985,-23.373072426436636,-4.413656825954618,-47.37685969450836,-0.6408878938487723,-5.245998950445836,-9.001598889751563,-3.8954154869638864,6.21211231552767,-1.7478889296374824,23.710248890731854,-19.01665051884778,18.739802069663313,-8.121696504803861,28.473615945199537,-11.374152399375678,16.1762396022359,-9.148359875540379,6.176474206583353,1,2.1
43,-24.141383970361527,15.163851617506387,-25.07458911476158,5.040243036677179,-23.453216707479825,-4.417214361139615,-47.41999335009185,-0.6427844177800482,-5.30103340447466,-8.928662802588974,-4.107199650615716,6.21641623324218,-1.75720119092667,23.663916524567107,-19.230808412747095,18.60343426678403,-8.122842655025238,28.449965081457673,-11.434765767649747,16.086713905750457,-9.52791842646883,5.941596005662722,1,2.15
44,-24.369315405242023,14.950587161286897,-25.137846809600337,4.99110982367784,-23.533376608478555,-4.420345498344367,-47.463456224712914,-0.6450341041642571,-5.364624011679004,-8.855861741608166,-4.324169543204976,6.219431993991545,-1.7673357000835053,23.61740116012809,-19.444062214631202,18.467973456060594,-8.124860450674461,28.426053676232407,-11.497170556311783,15.998444433282204,-9.894225556666623,5.714918041183208,1,2.2
45,-24.59337120276912,14.737148975109259,-25.20080199367046,4.943765767314802,-23.613392336505953,-4.423051903237516,-47.50720038181706,-0.647653173646487,-5.436720913236976,-8.783350039793932,-4.546393802921394,6.221063349277534,-1.7787192621782422,23.57060780830703,-19.656018199652802,18.3337130528727,-8.128202337665618,28.401746489980393,-11.562029662989275,15.911445298691412,-10.247281266133747,5.496440313144814,1,2.25
46,-24.81326618803413,14.523907697334199,-25.26386619967927,4.898096073555809,-23.693104098635164,-4.425335241487634,-47.5511778848498,-0.6506578468717249,-5.517274250326788,-8.711282030130976,-4.77394106795461,6.2212140506018905,-1.7917786822811257,23.523441479996126,-19.86628264296455,18.20094647259999,-8.13332076191288,28.376908283158308,-11.630005985309737,15.825730615838383,-10.587085554870193,5.286162821547531,1,2.3000000000000003
47,-25.028715186128295,14.311233966322453,-25.327450960334087,4.853985948368517,-23.77235210193929,-4.427197178763336,-47.595340797256625,-0.6540643444850687,-5.606234164126507,-8.639812045604042,-5.006879976494348,6.219787849466345,-1.8069407654624616,23.47580718608762,-20.074461819719108,18.069967130622135,-8.1406681693303,28.351403816222778,-11.701762420900613,15.741314498583332,-10.91363842287597,5.084085566391368,1,2.35
48,-25.239433022142933,14.099498420434724,-25.391967808342248,4.8113205977206,-23.850976553491474,-4.428639380733202,-47.63964118248305,-0.6578888871315297,-5.703550795814348,-8.569094419197867,-5.245279166730294,6.216688497372654,-1.8246323167925638,23.427609937473747,-20.280162005069172,17.941068442318794,-8.150697005832036,28.32509784963047,-11.777961867389395,15.658211060786561,-11.226939870151087,4.890208547676345,1,2.4000000000000004
49,-25.445134521169322,13.889071698031733,-25.457828276411057,4.769985227579757,-23.928817660364853,-4.429663513065831,-47.68403110397458,-0.6621476954561382,-5.809174286568439,-8.499283483897202,-5.489207276852111,6.211819745822591,-1.8452801413416922,23.378754745046717,-20.482989474167407,17.81454382306965,-8.163859717332162,28.29785514383805,-11.859267222403599,15.5764344163083,-11.526989896695515,4.704531765402438,1,2.45
50,-25.64553450829873,13.680324437474205,-25.525443897247833,4.72986504391369,-24.005715629632522,-4.4302712414298275,-47.72846262517672,-0.666856990103968,-5.923054777566891,-8.430533572686773,-5.738732945049492,6.205085346317853,-1.8693110441800853,23.329146619698776,-20.682550502166457,17.690686688254367,-8.180608749744792,28.269540459302164,-11.946341383570662,15.495998679008828,-11.813788502509293,4.527055219569636,1,2.5
51,-25.840347808622482,13.473627277122835,-25.595226203559903,4.690845252690057,-24.081510668367606,-4.430464231493791,-47.77288780953496,-0.6720329917200641,-6.045142409987863,-8.362999018551351,-5.993924809512148,6.196389050360227,-1.897151830378049,23.278690572322105,-20.87845136421903,17.569790453252597,-8.201396548984064,28.240018556479473,-12.039847248518114,15.416917962748382,-12.087335687592411,4.357778910177959,1,2.5500000000000003
52,-26.029289247231826,13.26935085533839,-25.66758672805461,4.652811059876558,-24.156042983643307,-4.430244148926305,-47.81725872049481,-0.6776919209494374,-6.175387325009538,-8.296834154475626,-6.254851508429783,6.185634609451468,-1.929229305005874,23.227291613808973,-21.07029833547778,17.45214853344404,-8.226675560964082,28.20915419582665,-12.140447714873428,15.339206381387278,-12.347631451944842,4.196702837227403,1,2.6
53,-26.212073649218073,13.067865810481527,-25.742937003439234,4.615647671440858,-24.22915278253266,-4.429612659396005,-47.86152742150178,-0.6838499984371668,-6.313739663810016,-8.232193313444395,-6.521581679992014,6.17272577509328,-1.9659702731337978,23.174854755051623,-21.257697691095363,17.338054344208334,-8.256898231598916,28.17681213780031,-12.248805680264022,15.26287804878575,-12.59467579556662,4.0438270007179575,1,2.6500000000000004
54,-26.38841583967251,12.869542780913049,-25.821688562421127,4.579240293350681,-24.30068027210885,-4.42857142857143,-47.90564597600138,-0.6905234448282439,-6.460149567567468,-8.169230828442338,-6.794183962388641,6.15756629878745,-2.0078015398321947,23.12128500694222,-21.44025570622449,17.22780130092516,-8.292517006802719,28.142857142857157,-12.365584042317487,15.187947078804058,-12.828468718457692,3.8991514006496524,1,2.7
55,-26.558159925740462,12.674637492951824,-25.90419754203662,4.543419258503369,-24.370577776622067,-4.427143735691717,-47.949603196875074,-0.6977089363559998,-6.614567177460035,-8.108101032454229,-7.072726993809273,6.1400599320357045,-2.0550455236924474,23.06651061247398,-21.61773639675691,17.121568177827115,-8.333873674863646,28.10718704786434,-12.491279604279633,15.11441455961063,-13.049010220618129,3.7626760370224384,1,2.75
56,-26.721667142783488,12.482946024749758,-25.990598496638125,4.507795407515061,-24.43924608903099,-4.425439314278002,-47.99353489474822,-0.705324971606552,-6.776942634665837,-8.048958258464822,-7.357279412443563,6.12011042633982,-2.10760709739094,23.010552743043963,-21.790534741540785,17.01907518455858,-8.380867393566113,28.069831995331196,-12.62572479187007,15.04222947660661,-13.256300302047876,3.6344009098363736,1,2.8000000000000003
57,-26.879428008217175,12.294149542416953,-26.080970584907067,4.471924707931513,-24.507198119471326,-4.423589511421934,-48.03761362968215,-0.7132705047543043,-6.947226080363046,-7.991956839458847,-7.647909856481288,6.097621533201487,-2.1652867471252026,22.953455802150124,-21.95920346016335,16.919927889616844,-8.433286663068534,28.030855204177595,-12.768585936426692,14.971327789501213,-13.450338962746974,3.5143260190914005,1,2.85
58,-27.03193303945716,12.10792921206354,-26.175392965524903,4.435363127298628,-24.57494677807887,-4.4217256742151,-48.08201196173818,-0.7214444899736173,-7.125367655729781,-7.937251108421022,-7.94468696411208,6.072497004122504,-2.227884959092786,22.8952641932905,-22.124295272211896,16.823731861499272,-8.490919983529452,27.990319893323417,-12.919529369287531,14.90164545800377,-13.63112620271539,3.402451364787567,1,2.9000000000000004
59,-27.179672753919036,11.923966199799592,-26.273944797173023,4.397666633162174,-24.64300497498934,-4.419979149749164,-48.12690245097765,-0.729745881438856,-7.311317501944244,-7.884995398336091,-8.247679373525665,6.044640590604612,-2.2952022194912285,22.836022319963075,-22.28636289727371,16.730092668703147,-8.55355585510734,27.948289281688492,-13.07822142179047,14.833118441823562,-13.798662021953122,3.298776946924844,1,2.95
60,-27.323137669018383,11.741941671735226,-26.376705238532907,4.358391193067971,-24.711885620338478,-4.418481285115789,-48.17245765746189,-0.7380736333244483,-7.505025760184485,-7.835344042188814,-8.556955722911695,6.01395604414953,-2.367039014518088,22.775774585665825,-22.445959054936004,16.638615879725787,-8.620982777960577,27.9048265881927,-13.244328425273544,14.765682700669835,-13.952946420460203,3.2033027655032367,1,3.0
61,-27.462818302170835,11.561536793980558,-26.48375344828596,4.317092774561825,-24.782101624262026,-4.417363427406578,-48.218850141252226,-0.7463266998047254,-7.706442571628739,-7.788451372963896,-8.872584650459894,5.980347116259043,-2.443195830370941,22.714565393896788,-22.603636464786057,16.548907063064522,-8.692989252247745,27.859995031755904,-13.417516711074622,14.699274194251878,-14.09397939823662,3.1160288205227498,1,3.0500000000000003
62,-27.599205170791972,11.38243273264569,-26.595168585113612,4.273327345189561,-24.85416589689576,-4.416756923713148,-48.26625246240998,-0.7544040350540914,-7.9155180774550935,-7.744471723646132,-9.19463479435991,5.943717558434887,-2.523473153247285,22.65243914815393,-22.759947846411126,16.46057178721665,-8.76936377812722,27.813857831297973,-13.597452610531741,14.633828882278994,-14.221760955282358,3.0369551119833833,1,3.1
63,-27.732788792297413,11.204310653840714,-26.711029807697315,4.2266508724969745,-24.9285913483754,-4.416793121127203,-48.31483718099648,-0.7622045932469499,-8.132202418841743,-7.70355942722021,-9.523174792801463,5.903971122178792,-2.6076714693447025,22.589440251935276,-22.915445919398483,16.37321562067949,-8.849894855757507,27.766478205738718,-13.783802454982803,14.569282724460438,-14.336291091597426,2.966081639885142,1,3.1500000000000004
64,-27.864059684102763,11.026851723675746,-26.831416274718467,4.176619324029898,-25.00589088883671,-4.4176033667403365,-48.36477685707306,-0.7696273285576081,-8.35644573696679,-7.665868816670912,-9.858273283974242,5.861011558992509,-2.6955912648606706,22.525613108738792,-23.070683403335387,16.28644413195037,-8.934370985297075,27.717919373998075,-13.976232575765795,14.505571680505481,-14.437569807181832,2.9034084042280117,1,3.2
65,-27.993508363623626,10.849737108260909,-26.956407144858538,4.1227886673341345,-25.086577428415424,-4.4193190076441695,-48.41624405070104,-0.7765711951605229,-8.58819817300839,-7.631554224982953,-10.199998906067911,5.814742620377814,-2.787033025992824,22.461002122062492,-23.226213017809066,16.199862889526585,-9.022580666904382,27.66824455499586,-14.17440930421868,14.442631710123413,-14.525597102035569,2.8489354050120017,1,3.25
66,-28.12162534827559,10.672647973706288,-27.086081576798925,4.064714869955493,-25.171163877247285,-4.422071390930358,-48.46941132194176,-0.7829351472300305,-8.827409868144729,-7.600769985141041,-10.548420297272209,5.765068057836435,-2.881797238938669,22.395651695404393,-23.382587482406837,16.113077461905466,-9.114312400737916,27.617516967651937,-14.377998971679418,14.380398773023524,-14.600372976158635,2.802662642237117,1,3.3000000000000003
67,-28.24890115547428,10.495265486121982,-27.220518729221084,4.001953899439802,-25.260163145468052,-4.425991863690577,-48.52445123085654,-0.7886181389405204,-9.074030963553856,-7.573670430130001,-10.903606095776745,5.711891622870106,-2.979684389895713,22.329606232262474,-23.540359516715917,16.02569341758431,-9.209354686956118,27.565799830886196,-14.58666790948593,14.318808828915078,-14.928953622150113,2.7279414189760223,1,3.35
68,-28.375826302635286,10.317270811618124,-27.359797760806444,3.9340617233328627,-25.354088143213477,-4.431211773016381,-48.581536337506705,-0.7935191244663671,-9.328011600414019,-7.550409892934493,-11.265624939771287,5.655117066980605,-3.080494965061575,22.262910136134742,-23.700081840323588,15.937316325060458,-9.30749602571748,27.513156363618467,-14.80008244897621,14.257797837507352,-15.261140002793486,2.653383144720915,1,3.4000000000000004
69,-28.50289130717421,10.138345116304798,-27.503997830236425,3.8605943091804864,-25.45345178061926,-4.437862465999498,-48.64083920195359,-0.7975370579819938,-9.589301919903296,-7.531142706539294,-11.63454546744547,5.594648141669648,-3.184029450633777,22.19560781051917,-23.862307172817093,15.847551752831194,-9.408524917180465,27.459649784768636,-15.017908921488196,14.19730175850964,-15.596296864299909,2.5783057354678767,1,3.45
70,-28.63058668650666,9.95816956629213,-27.653198096192476,3.7811076245284974,-25.558766967821207,-4.446075289731496,-48.70253238425852,-0.8005708936617174,-9.857852063199868,-7.5160232039291195,-12.010436316989013,5.53038859843902,-3.290088332809849,22.12774365891376,-24.027588233783728,15.75600526939386,-9.512229861503549,27.40534331325655,-15.239813658359873,14.137256551631213,-15.933788952880734,2.5020271072130194,1,3.5
71,-28.759402958048252,9.776425327690193,-27.807477717356008,3.6951576369226933,-25.670546614955043,-4.455981591304023,-48.76678844448282,-0.8025195856799465,-10.133612171481868,-7.505205718088737,-12.393366126591582,5.462242188790435,-3.3984720977873426,22.05936208481658,-24.19647774281071,15.662282443245765,-9.618399358845164,27.350300168002065,-15.465462990929158,14.07759817658134,-16.272981014747142,2.423865175952411,1,3.5500000000000003
72,-28.889830639214587,9.592793566609133,-27.966915852408466,3.602300313908913,-25.78930363215652,-4.4677127178087375,-48.83377994268782,-0.8032820882110414,-10.416532385927436,-7.498844582002868,-12.783403534442883,5.390112664225644,-3.508981231763809,21.99050749172553,-24.36952841948533,15.56598884288422,-9.726821909363824,27.294583567925066,-15.694523250534068,14.018262593069302,-16.6132377961104,2.3431378576821356,1,3.6
73,-29.02236024742125,9.406955449159037,-28.131591660031287,3.5020916230329386,-25.915550929561356,-4.481400016337272,-48.90367943893485,-0.8027573554294156,-10.706562847714721,-7.49709412865629,-13.180617178732593,5.3139037762464145,-3.6214162209367866,21.921224283138667,-24.547292983394826,15.466730036806531,-9.837286013217959,27.23825673194539,-15.926660768512496,13.95918576080439,-16.953924043181747,2.259163068398279,1,3.6500000000000004
74,-29.157482300083863,9.218592141450022,-28.301584298905908,3.3940875318406145,-26.049801417305314,-4.497174833981219,-48.97665949328524,-0.800844341509444,-11.003653698021886,-7.500108691033681,-13.585075697650433,5.233519276354481,-3.7355775515038485,21.851556862553963,-24.7303241541265,15.364111593510044,-9.949580170566058,27.181382878982937,-16.161541876202445,13.900303639495876,-17.294404502172416,2.171258724096916,1,3.7
75,-29.29568731461803,9.02738480959215,-28.476972927713724,3.277844007877723,-26.192568005524162,-4.515168517832311,-49.05289266580031,-0.7974420006254914,-11.307755078027007,-7.508042602119842,-13.996847729386042,5.148862916051587,-3.8512657096624867,21.78154963346944,-24.91917465126756,15.257739081492025,-10.063492881566582,27.124025227957503,-16.39883290494185,13.841552188853031,-17.634043919293674,2.078742740774152,1,3.75
76,-29.437465808439327,8.833014619695577,-28.657836705136212,3.1529170186900886,-26.344363604353607,-4.535512414982114,-49.1325515165414,-0.7924492869519523,-11.618817128908297,-7.521050194899462,-14.416001912129133,5.059838446839474,-3.968281181610284,21.711246999383064,-25.1143971944053,15.147218069249844,-10.178812646378006,27.066246997789015,-16.63820018606867,13.782867368585135,-17.97220704075674,1.9809330344260614,1,3.8000000000000003
77,-29.583308298963416,8.635162737870413,-28.84425478985479,3.0188625318235474,-26.50570112392943,-4.558337872522239,-49.21580860556982,-0.7857651546631675,-11.936789991843922,-7.539285802357313,-14.842606884069397,4.9663496202199395,-4.086424453544807,21.64069336379287,-25.31654450312698,15.032154125280778,-10.29532796515882,27.008111407397305,-16.879310050920893,13.724185138401479,-18.308258612772875,1.8771475210487298,1,3.85
78,-29.733705303605845,8.433510330226717,-29.036306340550876,2.8752365148238703,-26.67709347438736,-4.583776237544399,-49.30283649294691,-0.7772885579335699,-12.26162380801196,-7.562903757478107,-15.276731283396524,4.868300187694654,-4.205496011663556,21.569933130196844,-25.526169297019834,14.912152818082149,-10.412827338067434,26.949681675702266,-17.121828830836442,13.665441458011344,-18.64156338155332,1.7667041166382524,1,3.9000000000000004
79,-29.889147339782227,8.227738562874634,-29.234070515905895,2.7215949352369075,-26.85905356586314,-4.611958857140187,-49.39380773873399,-0.7669184509374954,-12.593268718590577,-7.592058393246625,-15.718443748300174,4.7655939007654275,-4.325296342164094,21.499010702092963,-25.74382429567115,14.78681971615129,-10.531099265262373,26.8910210216237,-17.365422857153273,13.606572287123981,-18.97148609330932,1.6489207371906898,1,3.95
80,-30.05012492490819,8.017528601924266,-29.437626474601327,2.5574937606084505,-27.05209430849254,-4.6430170784012255,-49.488894902992406,-0.7545537878493482,-12.93167486475793,-7.626904042647549,-16.16781291697009,4.658134510933986,-4.445625931244001,21.427970482979262,-25.970062218668208,14.655760387985474,-10.649932246902075,26.83219266408151,-17.60975846120937,13.54751358544869,-19.297391494252107,1.523115298702142,1,4.0
81,-30.217128576399325,7.802561613485705,-29.647053375318546,2.3824889584843247,-27.25672861241127,-4.677082248419204,-49.58827054578347,-0.7400935228435076,-13.276792387692185,-7.667595038665656,-16.62490742759591,4.545825769702066,-4.566285265100772,21.356856876353692,-26.2054357855982,14.518580402082073,-10.769114783145035,26.77325982199558,-17.854501974342682,13.488201312694756,-19.618644330592954,1.3886057171686934,1,4.05
82,-30.390648811671245,7.582518763669056,-29.86243037673902,2.196136496410335,-27.473469387755102,-4.714285714285719,-49.69210722716852,-0.7234366100943632,-13.628571428571425,-7.714285714285712,-17.089795918367347,4.42857142857143,-4.687074829931976,21.285714285714285,-26.450497716048453,14.374885326938362,-10.888435374149669,26.71428571428573,-18.099319727891153,13.428571428571423,-19.934609348543052,1.2447099085864302,1,4.1000000000000005
83,-30.57106315226171,7.357193351686514,-30.083778920294098,1.9982018387163394,-27.702586493458977,-4.75477554786305,-49.80032710089936,-0.7046649225481048,-13.986793293460218,-7.767032975824331,-17.56231352039741,4.306340814736628,-4.807825219399243,21.214580413886168,-26.70558204120783,14.224438045744225,-11.007714436281791,26.655324019873394,-18.343928261623297,13.36857336052316,-20.882689302001843,0.8590811068453942,1,4.15
84,-30.758297136197314,7.126827209158621,-30.310889578414947,1.7892884368684276,-27.943377583654755,-4.7987667200960225,-49.91185069548981,-0.6845920082382898,-14.350563947968688,-7.825504022925727,-18.041361336492493,4.1793655581634725,-4.928487457020499,21.143466161003083,-26.970148038671798,14.067630700459757,-11.126900050736461,26.59639025768642,-18.588244949029846,13.308210406934968,-21.81197580828721,0.48109648583787845,1,4.2
85,-30.952163305626765,6.891774300807936,-30.54349520628262,1.5702092391166942,-28.19489726127347,-4.84649092670012,-50.02534813314414,-0.6642143339702716,-14.718820522593207,-7.889268628566089,-18.525606962382263,4.047942864510565,-5.049042673777745,21.072375726525813,-27.243436297637444,13.905012747737599,-11.24597221491603,26.53749040665416,-18.832237372031994,13.247499333927014,-22.722468867399154,0.11075604556392137,1,4.25
86,-31.152474202698816,6.652388591357066,-30.78132865907822,1.341777193711285,-28.45620012924616,-4.898179863390765,-50.13948953606666,-0.6445283665494614,-15.090500147830337,-7.957896565721551,-19.01371799379644,3.912369939436545,-5.169472000653025,21.001313309915275,-27.524687407301844,13.737133644230466,-11.364910926222848,26.47863044570603,-19.075873112551022,13.186456907619466,-23.614168479337717,-0.2519402139765543,1,4.3
87,-31.35904236956221,6.409024045528611,-31.024122791982794,1.104805248902289,-28.72634079050387,-4.954065225883472,-50.25294502646166,-0.626530572781227,-15.464539954176514,-8.03095760736828,-19.504362026464722,3.772943988599977,-5.289756568628336,20.930283110632267,-27.8131419568621,13.564542846590939,-11.483696182059276,26.419816353771367,-19.319119752508175,13.125099894132477,-24.48707464410286,-0.6069922927834859,1,4.3500000000000005
88,-31.571680348365664,6.162034628045169,-31.27161046017744,0.8601063529398332,-29.004373847977632,-5.014378709893698,-50.364384726533416,-0.6112174194709313,-15.839877072128195,-8.108021526482403,-19.9962066561168,3.629962217659506,-5.409877508685685,20.85928932813768,-28.10804053551529,13.387789811471714,-11.602307979827714,26.361054109779584,-19.56194487382466,13.063445059586225,-25.341187361694573,-0.9544001908569117,1,4.4
89,-31.79020068125795,5.911774303629355,-31.523524518843235,0.608493454074059,-29.289353904598535,-5.0793520111368515,-50.47247875848625,-0.5995853734239761,-16.21544863218186,-8.188658096040072,-20.487919478482397,3.483721832273766,-5.529815951807148,20.788336161892335,-28.408623732458516,13.207423995525431,-11.720726316930495,26.30234969266005,-19.804316058421804,13.00150917010089,-26.17650663211289,-1.2941639081968175,1,4.45
90,-32.01441591038778,5.658597037003734,-31.779597823161254,0.3507795005550264,-29.580335563297567,-5.149216825328484,-50.57589724452443,-0.592630901445729,-16.590191764833964,-8.272437089017435,-20.978168089291167,3.3345200381013136,-5.649553028974637,20.717427811357098,-28.714132136888843,13.023994855404746,-11.838931190769973,26.24370908134217,-20.046200888220785,12.939308991796624,-26.99303245535778,-1.6262834448032035,1,4.5
91,-32.244138577903875,5.4028567928909235,-32.03956322831257,0.08777744063292998,-29.876373427005806,-5.224204848184012,-50.67331030685224,-0.5913504703415581,-16.963043600581,-8.358928278390643,-21.465620084272867,3.182654040800817,-5.769069871170222,20.646568475992794,-29.02380633800337,12.838051847762321,-11.956902598748503,26.185138254755305,-20.28756694514288,12.876861290793585,-27.790764831429264,-1.9507588006760548,1,4.55
92,-32.47918122595504,5.144907536013522,-32.303153589478285,-0.17969977744216578,-30.176522098654292,-5.304547775418898,-50.76338806767399,-0.5967405469168403,-17.332941269919434,-8.447701437135844,-21.948943059157166,3.028421046030862,-5.888347609375945,20.57576235526032,-29.336886924999202,12.650144429250798,-12.07462053826847,26.126643191828865,-20.528381811109334,12.814182833211957,-28.569703760327315,-2.2675899758154054,1,4.6000000000000005
93,-32.719356396689946,4.885103231094121,-32.570101761839446,-0.4508392054201144,-30.47983618117406,-5.390477302748636,-50.84480064919398,-0.609797597976968,-17.698821903345728,-8.538326338229204,-22.426804609673763,2.872118259450078,-6.00736737457375,20.50501364862046,-29.652614487073404,12.460822056522838,-12.19206500673219,26.068229871492203,-20.768613068041397,12.75129038517191,-29.329849242051967,-2.576776970221212,1,4.65
94,-32.96447663225737,4.623797842855317,-32.840140600577136,-0.724827895050837,-30.78537027749616,-5.482225125888646,-50.91621817361648,-0.6315180903273233,-18.059622631356344,-8.630372754646862,-22.89787233155237,2.714042886717045,-6.126110297745701,20.434326555534128,-29.970229613423058,12.27063418623109,-12.309216001542083,26.009904272674728,-21.00822829786029,12.68820071279356,-30.071201276603208,-2.8783197838935126,1,4.7
95,-33.21435447480603,4.361345336019716,-33.11300296087245,-1.0008528980841678,-31.09217899055166,-5.580022940554435,-50.97631076314578,-0.6628984907732645,-18.41428058444778,-8.723410459364928,-23.36081382052268,2.554492133490404,-6.244557509873815,20.363705275462127,-30.288972893245287,12.08013027502825,-12.426053520100506,25.9516723743058,-21.247195082487295,12.624930582197159,-30.793759863981034,-3.1722184168322984,1,4.75
96,-33.468802466484675,4.098099675309902,-33.38842169790647,-1.278101266270018,-31.39931692327156,-5.684102442461477,-51.023748539986194,-0.7049352661201687,-18.761732893116474,-8.817009225359596,-23.81429667231439,2.3937632054287774,-6.362690141940076,20.29315400786534,-30.608084915737145,11.889859779566898,-12.542557559809762,25.89354015531482,-21.48548100384367,12.5614967595028,-31.49752500418544,-3.4584728690375544,1,4.800000000000001
97,-33.727633149442056,3.834414825448493,-33.66612966686027,-1.5557600513582608,-31.705838678586932,-5.794695327325158,-51.05720162634201,-0.7586248831734281,-19.100916687858902,-8.910738825606996,-24.256988482657214,2.2321533081907474,-6.480489324926523,20.22267695220458,-30.926806270095742,11.700372156499752,-12.658708118072273,25.83551359463118,-21.723053643850598,12.497916010830703,-32.182496697216436,-3.7370831405093,1,4.8500000000000005
98,-33.99065906582689,3.570644751158049,-33.9458597229149,-1.8330163050987638,-32.01079885942883,-5.912033290861024,-51.075340144417495,-0.8249638087384396,-19.43076909917155,-9.00416903308329,-24.687556847280828,2.0699596474349526,-6.597936189815137,20.15227830794075,-31.244377545518155,11.512216862479438,-12.77448519229036,25.777598671184215,-21.9598805844294,12.43420510230099,-32.84867494307402,-4.008049231247506,1,4.9
99,-34.25769275778792,3.3071434171612233,-34.22734472125147,-2.1090570792414485,-32.31325206872827,-6.036348028784521,-51.07683421641697,-0.9049485096205271,-19.750227257550872,-9.096869620764606,-25.10466936191495,1.907479428819998,-6.715011867587971,20.08196227453465,-31.560039331201477,11.325943354158623,-12.889868779866418,25.71980136390338,-22.195929407501268,12.370380800033864,-33.49605974175819,-4.271371141252211,1,4.95
100,-34.5285467674739,3.044264788180565,-34.51031751705105,-2.383069425536139,-32.61225290941632,-6.1678712368111075,-51.06035396454472,-0.999575452625107,-20.05822829349336,-9.188410361627106,-25.506993622289297,1.745009858004504,-6.831697489227022,20.01173305144715,-31.873032216342782,11.14210108818994,-13.004838878202765,25.662127651717988,-22.431167694987497,12.306459870149471,-34.12465109326895,-4.527048870523377,1,5.0
101,-34.80303363703356,2.7823628289387097,-34.79451096549471,-2.654240395732771,-32.906855984424034,-6.3068346106562325,-51.02456951100502,-1.1098411045575376,-20.353709337495452,-9.278361028646927,-25.893197224133537,1.5828481406470507,-6.947974185714305,19.941594838139096,-32.182596790139186,10.961239521226073,-13.11937548470182,25.604583513557472,-22.665563028809302,12.242459078767968,-34.73444899760629,-4.775082419061032,1,5.050000000000001
102,-35.08096590861563,2.521791504158214,-35.07965792176355,-2.9217570415812038,-33.19611589668243,-6.453469846035383,-50.968150978002186,-1.2367419322232103,-20.635607520053643,-9.366291394800236,-26.26194776317739,1.4212914824062872,-7.063823088031826,19.871551834071326,-32.48797364178776,10.783908109919652,-13.233458596765892,25.547174928351215,-22.899082990887937,12.178395192009553,-35.32545345477021,-5.015471786865174,1,5.1000000000000005
103,-35.362198657334545,2.2629473099929776,-35.36555725297964,-3.1848645986547255,-33.479290332389674,-6.607835262899619,-50.8902553555451,-1.3809030305016519,-20.903144908549848,-9.451860233924148,-26.612273145614996,1.2606131769196975,-7.179225327161621,19.801608238704727,-32.78853377682156,10.61053616565598,-13.34706821179736,25.48990787502855,-23.13169516314465,12.11428497599438,-35.89766446476074,-5.248216973935779,1,5.15
104,-35.646757090167576,2.006396868322005,-35.65227187402925,-3.443041037820317,-33.756449310812464,-6.769295678142382,-50.79198710486116,-1.541464006568968,-21.15668331790785,-9.535082323299722,-26.944642519498334,1.100990869740199,-7.294162034085688,19.7317682515001,-33.08416986611765,10.441072418750819,-13.46018432719859,25.43278833251894,-23.363367127500684,12.050145196842598,-36.45108202757783,-5.473317980272889,1,5.2
105,-35.934708947057615,1.7527493324555448,-35.93993071173964,-3.695822513768356,-34.02786593448457,-6.937042532892666,-50.67493755498234,-1.717193095675462,-21.396869499936884,-9.616061441068998,-27.259885343343797,0.9425782943996369,-7.40861433978602,19.662036071918333,-33.374904996889015,10.275345454252585,-13.572786940371936,25.375822279751695,-23.594066465877304,11.985992620674379,-36.98570614322153,-5.690774805876446,1,5.25
106,-36.22612196794765,1.5026138557039141,-36.22866269293805,-3.9427451811891903,-34.29381330593983,-7.110267268279528,-50.54069803494063,-1.9068585330713743,-21.62435020644622,-9.694901365373987,-27.558831075667815,0.7855291844297787,-7.522563375244697,19.592415899420253,-33.66076225634867,10.113183857209727,-13.684856048719812,25.319015695656233,-23.823760760195732,11.921844013609915,-37.501536811691786,-5.900587450746506,1,5.300000000000001
107,-36.521063892780575,1.2565995913773567,-36.51859674445178,-4.183345194773231,-34.554564527711996,-7.288161325431969,-50.390859873768015,-2.109228554006974,-21.839772189245057,-9.77170587435676,-27.842309174986784,0.6299972733624883,-7.635990271443666,19.522911933466716,-33.941764731709625,9.954416212670562,-13.796371649644477,25.262374559161927,-24.052417592377253,11.857716141769348,-37.99857403298866,-6.102755914883046,1,5.3500000000000005
108,-36.819602461499365,1.0153156927861557,-36.80986179310806,-4.417158709210856,-34.81039270233489,-7.4699161454790515,-50.2270144004965,-2.3230713937325502,-22.04378220014267,-9.846578746159336,-28.11114909981715,0.47613629472955776,-7.748876159364969,19.45352837351858,-34.21793551018489,9.798871105683617,-13.907313740548354,25.205904849198202,-24.28000454434308,11.793625771272847,-38.4768178071121,-6.297280198286047,1,5.4
109,-37.12180541404693,0.7793713132405933,-37.10258676573418,-4.6437218791924275,-35.0615709323423,-7.654723169549814,-50.05075294415805,-2.5471552874983483,-22.2370269909483,-9.919623758923727,-28.366180308675304,0.3240999820627931,-7.861202169990623,19.38426941903669,-34.489297678987484,9.64637712129722,-14.0176623188338,25.149612544694378,-24.50648919801449,11.729589668240598,-38.93626813406214,-6.484160300955548,1,5.45
110,-37.42774049036624,0.5493756060509427,-37.39690058915738,-4.862570859408304,-35.30837232026803,-7.841773838773256,-49.86366683378466,-2.780248470554661,-22.420153313471147,-9.990944690792,-28.60823226007767,0.1740420688940199,-7.972949434302624,19.315139269481897,-34.75587432533042,9.496762844559811,-14.127397381903155,25.093503624579853,-24.731839135312676,11.665624598792734,-39.37692501383875,-6.663396222891503,1,5.5
111,-37.7374754304002,0.3259377245274769,-37.69293219020495,-5.073241804548896,-35.55106996864586,-8.030259594278398,-49.66734739840833,-3.0211191781517437,-22.5938079195205,-10.060645319906184,-28.838134412540647,0.026116288755044365,-8.084099083283007,19.246142124315043,-35.01768853642669,9.349856860519802,-14.236498927158818,25.037584067784042,-24.95602193815896,11.601747329049475,-39.79878844644196,-6.834987964093954,1,5.550000000000001
112,-38.05107797409178,0.10966682198045447,-37.99081049570415,-5.275270869304584,-35.789936980009614,-8.219371877194314,-49.46338596706104,-3.2685356455398704,-22.758637560905566,-10.128829424408304,-29.05671622458068,-0.11952362482230797,-8.194632247913773,19.177282182996965,-35.27476339948934,9.2054877542256,-14.344946952003133,24.981859853236323,-25.179005188474523,11.537974625130907,-40.20185843187175,-6.998935524562889,1,5.6000000000000005
113,-38.36861586138391,-0.09882794827979352,-38.290664432482224,-5.4681942083657225,-36.025246456893065,-8.40830212864998,-49.25337386877477,-3.52126610796933,-22.915288989435616,-10.195600782440387,-29.264807154714156,-0.2627239383062357,-8.304530059176944,19.108563644988546,-35.52712200173132,9.063484110725609,-14.45272145383845,24.926336959866056,-25.400756468180656,11.474323253157277,-40.58613497012813,-7.1552389042983044,1,5.65
114,-38.690156832219515,-0.2989374329430425,-38.59262292736645,-5.651547976422695,-36.257271501830026,-8.596241789774467,-49.03890243258152,-3.7780788006903627,-23.064408956919877,-10.26106317214448,-29.463236661457493,-0.40333091816492783,-8.41377364805452,19.039990709750626,-35.774787430365706,8.923674515068239,-14.559802430067151,24.871021366602633,-25.621243359198598,11.41080997924871,-40.9516180612111,-7.30389810330017,1,5.7
115,-39.01576862654153,-0.4900524786990047,-38.89681490718411,-5.824868328165884,-36.48628521735427,-8.782382301696778,-48.821562987513275,-4.037741958953267,-23.206644215167564,-10.325320371662626,-29.652834203327107,-0.5411908308665684,-8.522344145528532,18.971567576744036,-36.017782772605464,8.785887552301917,-14.666169878091553,24.81591905237543,-25.84043344344958,11.34745156952537,-41.29830770512065,-7.444913121568545,1,5.75
116,-39.34551898429292,-0.6715639322373832,-39.20336929876244,-5.987691418285677,-36.712560705999636,-8.96591510554594,-48.60294686260202,-4.299023818008288,-23.342641515987964,-10.388476159136886,-29.834429238839427,-0.6761499428793272,-8.630222682581003,18.90329844542964,-36.25613111566363,8.649951807475043,-14.771803795314083,24.761035996113872,-26.05829430285487,11.284264790107457,-41.62620390185678,-7.578283959103381,1,5.800000000000001
117,-39.67947564541661,-0.842862640247929,-39.51241502892871,-6.139553401472441,-36.93637107029988,-9.146031642451025,-48.38464538687974,-4.560692613105704,-23.473047611190278,-10.450634312709205,-30.008851226510846,-0.8080545206714075,-8.737390390193905,18.835187515268288,-36.48985554675322,8.51569586563602,-14.876684179137046,24.70637817674729,-26.274793519335695,11.221266407115088,-41.935306651419516,-7.70401061590472,1,5.8500000000000005
118,-40.01770634985554,-1.003339449420345,-39.824081024510186,-6.279990432416543,-37.157989412788815,-9.321923353541003,-48.16824988937844,-4.821516579495776,-23.598509252583785,-10.511898610521701,-30.176929624857802,-0.936750830710979,-8.843828399349299,18.767238985720827,-36.71897915308722,8.382948311833278,-14.980791026962837,24.651951573205107,-26.489898674813332,11.158473186668486,-42.22561595380882,-7.822093091972516,1,5.9
119,-40.36027883755264,-1.1523852064443725,-40.13849621233415,-6.4085386658083685,-37.37768883600024,-9.49278167994491,-47.95535169913009,-5.080263952428801,-23.71967319197769,-10.572372830716358,-30.339493892396682,-1.062085139466255,-8.94951784102916,18.699457056248114,-36.94352502187866,8.251537731115206,-15.08410433619379,24.597762164416682,-26.703577351208995,11.095901894887769,-42.497131809024715,-7.932531387306796,1,5.95
120,-40.70726084845087,-1.289390758009719,-40.455789519227835,-6.52473425633832,-37.59574244246794,-9.657798062791835,-47.747542145166676,-5.335702967155036,-23.837186181181266,-10.632160751435265,-30.497373487643923,-1.183903713405424,-9.054439846215534,18.631845926310945,-37.16351624034053,8.121292708530234,-15.186604104232272,24.54381592931139,-26.91579713044394,11.033569297893116,-42.74985421706721,-8.035325501907558,1,6.0
121,-41.05872012249315,-1.4137469508061313,-40.77608987201854,-6.628113358696738,-37.812423334725736,-9.816163943210741,-47.5464125565202,-5.586601858924738,-23.95169497200373,-10.691366150820427,-30.65139786911593,-1.3020528189966416,-9.158575545890429,18.564409795370263,-37.378975895685876,7.992041829126744,-15.28827032848067,24.49011884681865,-27.12652559443945,10.971492161804717,-42.98378317793627,-8.130475435774812,1,6.050000000000001
122,-41.414724399622415,-1.5248446315233122,-41.0995261975335,-6.718212127574009,-38.028004615307395,-9.967070762330692,-47.35355426222265,-5.831728862988193,-24.063846316254335,-10.750092807013871,-30.8023964953291,-1.4163787227081013,-9.261906071035853,18.497152862886864,-37.58992707512767,7.863613677953171,-15.38908300634135,24.436676895867816,-27.335730325116714,10.909687252742723,-43.19891869163192,-8.217981188908528,1,6.1000000000000005
123,-41.77534141978162,-1.6220746468509928,-41.426227422599986,-6.7945667176605475,-38.24275938674675,-10.109709961280709,-47.17055859130602,-6.069852214595664,-24.17428696574231,-10.808444498157638,-30.95119882479989,-1.5267276910080116,-9.364412552633802,18.430079328321593,-37.79639286587894,7.735836840057929,-15.489022135216608,24.38349605538828,-27.54337890439703,10.848171336827292,-43.395260758154166,-8.297842761308733,1,6.15
124,-42.14063892291372,-1.7048278434788768,-41.75632247404528,-6.856713283646667,-38.45696075157756,-10.243272981189818,-46.99901687280227,-6.299740148997406,-24.283663672276916,-10.866525002393757,-31.098634316044684,-1.6329459903645323,-9.466076121666323,18.363193391135315,-37.99839635515272,7.60853990048941,-15.588067712508883,24.330582304309438,-27.74943891420163,10.786961180178615,-43.57280937750299,-8.370060152975404,1,6.2
125,-42.51068464896161,-1.7724950680967242,-42.08994027869663,-6.904187980222804,-38.67088181233365,-10.366951263187039,-46.840520435743414,-6.520160901443728,-24.392623187667372,-10.924438097864275,-31.2455324275799,-1.7348798872458575,-9.566877909115401,18.296499250788884,-38.195960630161984,7.481551444296037,-15.68619973562049,24.27794162156066,-27.953877936451732,10.726073548916823,-43.7315645496784,-8.434633363908578,1,6.25
126,-42.88554633786825,-1.8244671673942383,-42.42720976338131,-6.936526962079302,-38.88479567154879,-10.479936248401444,-46.69666060916142,-6.7298827071848715,-24.50181226372292,-10.982287562711226,-31.39272261792196,-1.832375648120195,-9.666799045963064,18.230001106743117,-38.389108778119756,7.354700056526217,-15.783398201953796,24.22557998607132,-28.15666355306864,10.6655252091621,-43.87152627468041,-8.491562394108227,1,6.300000000000001
127,-43.26514671306509,-1.860364159910018,-42.768138832353664,-6.95347576144816,-39.098885271869904,-10.58164502055114,-46.56863820518764,-6.927934081167329,-24.611745243069073,-11.040150943068545,-31.540856711005354,-1.9253077130047893,-9.765820663191338,18.1637031584589,-38.5779047312505,7.227901353729918,-15.879643108911177,24.173503376770835,-28.357763345973538,10.605332927034633,-44.42200735988363,-7.8333434863359095,1,6.3500000000000005
128,-43.64882843193771,-1.8807227515781602,-43.112251299576414,-6.955617420727754,-39.31297291639627,-10.672397233710791,-46.456091968350705,-7.114384657122398,-24.722406831596206,-11.098000857037727,-31.689875992437013,-2.013663216113218,-9.863923891782214,18.09760960539707,-38.76257580182449,7.101419078463361,-15.974914453894973,24.121717772588557,-28.55714489708772,10.545513468654569,-44.957166903947986,-7.193444786732236,1,6.4
129,-44.03578913536012,-1.8863088201815854,-43.45894995643936,-6.943744359858087,-39.52679074834026,-10.752738184544203,-46.35827012627864,-7.289564348477587,-24.83364932601101,-11.1557836907122,-31.83954411324191,-2.0974574652081333,-9.961089862717742,18.031724647018486,-38.943390147123466,6.975604004784333,-16.069192234307554,24.070229152453884,-28.754775788332417,10.486083600142061,-45.477004906873496,-6.571866295297148,1,6.45
130,-44.425226464206425,-1.877888243503268,-43.80763759433232,-6.918648998779125,-39.74007091091427,-10.823213169715173,-46.27442090659945,-7.45380306866042,-24.94532502302013,-11.213445830185329,-31.98962472444504,-2.176705768052192,-10.05729970697988,17.96605248278398,-39.120615924429146,6.850806906750589,-16.162456447551328,24.019043495296202,-28.950623601628898,10.427060087617312,-45.98152136866014,-5.968608012030689,1,6.5
131,-44.81633805935067,-1.8562268993261857,-44.15771700464507,-6.881123757430932,-39.95254554733071,-10.884367485887447,-46.203792536941116,-7.607430731098459,-25.05728621933022,-11.270933661550615,-32.1398814770714,-2.251423432408075,-10.15253455555068,17.900597312154407,-39.294521291023244,6.72737855841993,-16.254687091028565,23.968166780044868,-29.14465591889836,10.368459697200462,-46.47071628930793,-5.3836699369328445,1,6.550000000000001
132,-45.208321561666914,-1.8220906654332503,-44.50859097876743,-6.8319610557534425,-40.16394680080193,-10.93674642972485,-46.14563324493164,-7.75077724921917,-25.169385211647928,-11.328193570901412,-32.29007802214597,-2.3216257660383963,-10.246775539412162,17.835363334590603,-39.46537440418751,6.60566973385011,-16.345864162141687,23.917604985629296,-29.336840322062095,10.31029919501166,-46.94458966881686,-4.817052070003596,1,6.6000000000000005
133,-45.60037461202922,-1.7762454196074449,-44.85966230808921,-6.771953313686672,-40.37400681454032,-10.98089529789116,-46.09919125819903,-7.884172536450078,-25.281474296679924,-11.38517194433111,-32.43997801069378,-2.387328076705841,-10.340003789546323,17.770354749553462,-39.633443421203665,6.486031207098929,-16.435967658293045,23.867364090978864,-29.52714439304134,10.252595347171114,-47.40314150718694,-4.268754411242967,1,6.65
134,-45.991694851311664,-1.7194570396317193,-45.21033378400021,-6.701892951170591,-40.582457731758296,-11.017359387050158,-46.0637148043713,-8.007946506218719,-25.393405771132866,-11.441815167933164,-32.58934509373977,-2.448545672173057,-10.432200436935183,17.705575756503794,-39.79899649935342,6.368813752224153,-16.524977576884996,23.817450075022947,-29.715535713757337,10.195364919798976,-47.846371804418155,-3.7387769606509575,1,6.7
135,-46.38147992038829,-1.6524914032890181,-45.56000819789024,-6.622572388145227,-40.789031695668214,-11.046683993865646,-46.03845211107643,-8.122429071952578,-25.50503193171342,-11.498069627800938,-32.73794292230898,-2.505293860202687,-10.52334661256074,17.641030554902464,-39.96230179591852,6.254368143283563,-16.61287391531991,23.767868916690936,-29.901981866131354,10.138624679015416,-48.27428056051051,-3.2271197182275437,1,6.75
136,-46.76892746013318,-1.5761143883623054,-45.908088341149096,-6.534784044550555,-40.99346084948249,-11.069414415001392,-46.02265140594243,-8.227950147079238,-25.61620507512823,-11.55388171002785,-32.885535147426395,-2.5575879485573827,-10.61342344740504,17.57672334421032,-40.123627468180686,6.143045154334929,-16.699636671000142,23.7186265949122,-30.0864504320846,10.082391390940579,-48.686867775464016,-2.7337826839727786,1,6.800000000000001
137,-47.15323511142038,-1.4910918726345264,-46.25397700516659,-6.439320340326583,-41.195477336413475,-11.086095947121185,-46.0155609165973,-8.324839645026145,-25.72677749808395,-11.609197800707355,-33.031885420117,-2.605443244999835,-10.702412072450082,17.5126583238882,-40.28324167342165,6.035195559436037,-16.785245841328027,23.66972908861615,-30.26890899353836,10.026681821694654,-49.08413344927866,-2.258765857886584,1,6.8500000000000005
138,-47.53360051512396,-1.3981897338886642,-46.597076981332506,-6.3369736954133105,-41.39481329967357,-11.097273886888855,-46.016428870669046,-8.413427479220854,-25.836601497287255,-11.663964285932828,-33.17675739140577,-2.6488750572926723,-10.79029361867787,17.448839693396966,-40.44141256892314,5.931170132644667,-16.869681423705973,23.62118237673217,-30.44932513241385,9.971512737397802,-49.46607758195446,-1.802069239969043,1,6.9
139,-47.909221312117985,-1.2981738499076299,-46.93679106103667,-6.228536529750706,-41.59120088247518,-11.103493530968116,-46.02450349578566,-8.494043563090884,-25.9455293694448,-11.718127551797673,-33.31991471231774,-2.6878986931985644,-10.877049217070441,17.385271652197464,-40.59840831196687,5.831319648018585,-16.952923415536315,23.572992438189594,-30.62766643063235,9.916900904170184,-49.83270017349139,-1.3636928302200781,1,6.95
140,-48.279295143276514,-1.191810098474407,-47.272522035668885,-6.1148012632787605,-41.784372228030655,-11.105300176022821,-46.039033019575136,-8.567017810063744,-26.053413411263207,-11.771633984395313,-33.461121033877866,-2.7225294604801467,-10.962659998609755,17.321958399750553,-40.75449705983458,5.73599487961558,-17.034951814221404,23.525165251917855,-30.803900470115074,9.862863088131975,-50.18400122388947,-0.9436366286397473,1,7.0
141,-48.643019649473615,-1.0798643573719358,-47.60367269661895,-5.996560315937483,-41.974059479552416,-11.103239118716706,-46.05926566966549,-8.63268013356695,-26.160105919449187,-11.824429969819153,-33.600140007111186,-2.7527826669000595,-11.047107094277898,17.258904135517078,-40.909946969808,5.645546601493408,-17.115746617163655,23.477706796846324,-30.977994832783303,9.80941605540333,-50.51998073314869,-0.5419006352280262,1,7.050000000000001
142,-48.99959247158334,-0.963102504383204,-47.929645835276666,-5.8746061076669065,-42.15999478025283,-11.097855655713602,-46.08444967368472,-8.691360447028032,-26.26545919070936,-11.876461894162633,-33.736735283042634,-2.778673620221019,-11.130371635056841,17.196113058957867,-41.065026199168834,5.560325587709887,-17.195287821765344,23.43062305190435,-31.14991710055825,9.756576572104429,-50.84063870126905,-0.15848484998492013,1,7.1000000000000005
143,-49.348211250479764,-0.8422904172911325,-48.24984424303184,-5.749731058406959,-42.34191027334429,-11.089695083677276,-46.11383325926083,-8.743388663874502,-26.369325521750405,-11.927676143519129,-33.87067051269725,-2.800217628205609,-11.2124347519286,17.133589369533794,-41.22000290519885,5.4806826123227586,-17.2735554254289,23.38391999602139,-31.319634855361187,9.704361404355431,-51.145975128250555,0.2066107270895955,1,7.15
144,-49.68807362703695,-0.7181939738786709,-48.56367071127428,-5.62272758809766,-42.51953810203918,-11.079302699271521,-46.14666465402181,-8.789094697533862,-26.471557209278952,-11.978019103982037,-34.001709347100025,-2.8174299986165345,-11.29327757587521,17.0713372667057,-41.37514524517974,5.406968449389816,-17.35052942555665,23.33760360812677,-31.487115679113373,9.652787318276522,-51.4359900140932,0.5533860959954722,1,7.2
145,-50.01837724212895,-0.5915790519287932,-48.87052803139379,-5.494388116679006,-42.6926104095499,-11.067223799160098,-46.182192085595666,-8.828808461433653,-26.57200655000169,-12.0274371616448,-34.12961543727593,-2.8303260392164535,-11.372881237878664,17.00936094993445,-41.530721376393245,5.33953387296883,-17.42618981955099,23.291679867149895,-31.652327153736028,9.601871079987811,-51.71068335879699,0.8818412567327343,1,7.25
146,-50.338319736629835,-0.4632115292244538,-49.169818994780165,-5.365505064091018,-42.860859339088805,-11.054003680006856,-46.2196637816104,-8.86285986900138,-26.67052584062525,-12.075876702600821,-34.254152434249974,-2.8389210577679838,-11.451226868921005,16.94766461868086,-41.68699945612109,5.278729657117589,-17.50051660481424,23.246154752020125,-31.815236861150403,9.55162945560955,-51.97005516236193,1.1919762093013961,1,7.300000000000001
147,-50.647098751413665,-0.33385728354859734,-49.46094639282322,-5.236870850273652,-43.02401703386831,-11.040187638475503,-46.25832796969401,-8.891578833664585,-26.766967377856314,-12.123284112943495,-34.37508398904714,-2.8432303620338013,-11.528295599984208,16.886252472405822,-41.844247641645005,5.224906575893873,-17.573489778748787,23.201034241666857,-31.975812383277745,9.502079211261838,-52.21410542478801,1.483790953701443,1,7.3500000000000005
148,-50.943911927354506,-0.2042821926841978,-49.74331301691276,-5.109277895166927,-43.1818156371008,-11.026320971229897,-46.2974328774745,-8.91529526885075,-26.861183458401523,-12.169605778766238,-34.49217375269244,-2.8432692597765636,-11.604068562050312,16.825128710570148,-42.002734090246726,5.1784154033554195,-17.645089338757,23.15632431501951,-32.13402130203932,9.453237113064873,-52.44283414607522,1.7572854899328707,1,7.4
149,-51.227956905326415,-0.07525213441418543,-50.01632165843858,-4.983518618710821,-43.333987291998625,-11.012948974933785,-46.33622673257986,-8.934339087987436,-26.95302637896754,-12.214788086162468,-34.60518537621084,-2.8390530587589224,-11.678526886101311,16.764297532634693,-42.16272695920795,5.139606913560055,-17.71529528224118,23.112030951007412,-32.28983119935635,9.405119927138792,-52.65624132622359,2.0124598179957074,1,7.45
150,-51.498431326203445,0.05246701347847563,-50.27937510879049,-4.8603854408453335,-43.48026414177422,-11.00061694625098,-46.37395776263811,-8.949040204502088,-27.04234843626102,-12.258777421225592,-34.713882510627364,-2.83059706674353,-11.751651703119261,16.70376313806035,-42.32449440581045,5.108831880565531,-17.78408760660375,23.068160128559978,-32.44320965715012,9.35774441960381,-52.8543269652331,2.2493139378899007,1,7.5
151,-51.75453283085969,0.17810937321083087,-50.53187615935829,-4.74067078151044,-43.620378329639955,-10.989870181845241,-46.40987419527723,-8.959728531822293,-27.129001926988625,-12.301520170049026,-34.81802880696699,-2.8179165914930477,-11.823424144086143,16.64352972630789,-42.48830458733592,5.0864410784296465,-17.851446309247084,23.0247178266066,-32.59412425734184,9.311127356580052,-53.03709106310375,2.467847849615508,1,7.550000000000001
152,-51.99545906016918,0.30090906699994036,-50.7732276015318,-4.62516706064616,-43.7540619988082,-10.981253978380343,-46.44322425812525,-8.966733983375546,-27.212839147857,-12.342962718726138,-34.91738791625472,-2.801026940770114,-11.893825339983973,16.58360149683824,-42.654425661066085,5.0727852812101615,-17.91735138757349,22.981710024076623,-32.742542581852774,9.2652855041877,-53.204533619835544,2.668061553172482,1,7.6000000000000005
153,-52.22040765500599,0.42010021706280126,-51.00283222670081,-4.514666698192497,-43.88104729249135,-10.975313632520134,-46.47325617881014,-8.970386472589375,-27.29371239557283,-12.383051453350399,-35.01172348951553,-2.7799434223374146,-11.962836421794755,16.523982649112213,-42.82312578428269,5.0682152629648405,-17.981782838985357,22.93914269989945,-32.888432212604165,9.220235628546924,-53.35665463542848,2.8499550485608456,1,7.65
154,-52.4285762562442,0.5349169456165027,-51.220092826255126,-4.409962114089416,-44.001066353901805,-10.972594440928354,-46.499218184959915,-8.971015912891282,-27.37147396684274,-12.421732760015196,-35.10079917777443,-2.7546813439575915,-12.030438520500503,16.464677382590672,-42.99467311426746,5.0730817977514935,-18.044720660885044,22.89702183300448,-33.031760731517274,9.175994495777877,-53.49345410988256,3.0135283357806184,1,7.7
155,-52.619162504757846,0.6445933748780851,-51.42441219158455,-4.311845728276935,-44.11385132625193,-10.9736417002688,-46.52035850420258,-8.968952217708797,-27.445976158373412,-12.458953024813923,-35.184378632056415,-2.725256013393278,-12.096612767083286,16.405689896734422,-43.169335808302115,5.087735659627875,-18.106144850674905,22.855353402321107,-33.172495720513325,9.132578872000757,-53.614932043197776,3.158781414831762,1,7.75
156,-52.791364041421005,0.7483636270645653,-51.615193114078885,-4.221109960695038,-44.21913435275414,-10.979000707205273,-46.53592536416612,-8.964525300469427,-27.51707126687148,-12.494658633840002,-35.262225503386475,-2.6916827384071405,-12.161340292525068,16.347024391004368,-43.34738202366838,5.112527622651771,-18.166035405757302,22.814143386778657,-33.31060476151358,9.0900055233357,-53.72108843537415,3.285714285714291,1,7.800000000000001
157,-52.94437850710774,0.8454618243930417,-51.791838385127946,-4.138547231283709,-44.3166475766208,-10.989216758401557,-46.54516699247855,-8.958065074600695,-27.58461158904363,-12.52879597318684,-35.3341034427896,-2.653976826761841,-12.224602227807846,16.288685064861355,-43.529079917648,5.147808460880959,-18.224372323534613,22.773397765306573,-33.446055436439295,9.048291215902859,-53.72108843537415,3.285714285714291,1,7.8500000000000005
158,-53.0774035426921,0.9351220890805118,-51.95375079612153,-4.064949959982976,-44.40612314106429,-11.004835150521437,-46.54733161676787,-8.94990145353013,-27.648449421596485,-12.561311428947864,-35.39977610129077,-2.6121535862200598,-12.286379703913658,16.230676117766208,-43.71469764752268,5.1939289483732205,-18.28113560140917,22.733122516834204,-33.5788153272117,9.007452715822463,-53.72108843537415,3.285714285714291,1,7.9
159,-53.189636789048166,1.0165785433440402,-52.10033313844944,-4.001110566732794,-44.48729318929701,-11.026401180228659,-46.54166746466207,-8.940364350685236,-27.70843706123674,-12.592151387216454,-35.45900712991502,-2.566228324544402,-12.34665385182456,16.173001749179782,-43.90450337057416,5.2512398591863345,-18.336305236783357,22.69332362029095,-33.70885201575205,8.967506789214616,-53.72108843537415,3.285714285714291,1,7.95
160,-53.28027588704999,1.0890653094006677,-52.2309882035015,-3.9478214714731674,-44.559889864531335,-11.054460144187088,-46.527422763789154,-8.929783679493536,-27.76442680467102,-12.621262234086036,-35.51156017968729,-2.516216349497557,-12.405405802522493,16.115666158562934,-44.098765244084156,5.320091967378057,-18.38986122705954,22.65400705460618,-33.83613308398159,8.928470202199506,-53.72108843537415,3.285714285714291,1,8.0
161,-53.348518477571645,1.15181650946744,-52.345118782667484,-3.9058750941441085,-44.62364530997967,-11.089557339060457,-46.503845741777134,-8.918489353382547,-27.816270948606004,-12.648590355650017,-35.55719890163263,-2.4621329688421687,-12.462616686989527,16.058673545376518,-44.29775142533441,5.400836047006195,-18.441783569640045,22.615178798709298,-33.960626113821576,8.890359720897296,-53.72108843537415,3.285714285714291,1,8.05
162,-53.39356220148718,1.204066265761407,-52.44212766733721,-3.8760638546855883,-44.6782916688544,-11.132238061512538,-46.47018462625401,-8.906811285779764,-27.863821789748346,-12.674082138001818,-35.59568694677599,-2.403993490340888,-12.518267636207653,16.002028109081348,-44.50173007160666,5.493822872128507,-18.492052261927274,22.576844831529662,-34.082298687193244,8.853192111428177,-53.72108843537415,3.285714285714291,1,8.1
163,-53.41460469967066,1.2450487004996145,-52.52141764890049,-3.8591801730376174,-44.72356108436788,-11.183047608207216,-46.42568764484777,-8.895079390112757,-27.906931624804688,-12.697683967234848,-35.62678796614238,-2.3418132217563876,-12.572339781158862,15.945734049138336,-44.7109693401826,5.59940321680276,-18.540647301323563,22.539011131996688,-34.20111838601785,8.816984139912282,-53.72108843537415,3.285714285714291,1,8.15
164,-53.41084361299617,1.273997935899084,-52.582391518747116,-3.8560164691401932,-44.75918569973253,-11.242531275808153,-46.369603025186414,-8.883623579809019,-27.945452750481707,-12.7193422294425,-35.65026561075681,-2.2756074708513134,-12.62481425282521,15.889795565008276,-44.92573738834399,5.717927855086774,-18.58754868523129,22.501683679039736,-34.31705279221666,8.781752572469793,-53.72108843537415,3.285714285714291,1,8.200000000000001
165,-53.38147658233773,1.2901480941769041,-52.62445206826689,-3.867365162933306,-44.78489765816072,-11.311234360979215,-46.30117899489796,-8.872773768296053,-27.979237463486047,-12.739003310718186,-35.66588353164424,-2.205391545388304,-12.67567218218867,15.83421685615205,-45.14630237337252,5.849747561038286,-18.63273641105281,22.46486845158818,-34.43006948771087,8.747514175220886,-53.72108843537415,3.285714285714291,1,8.25
166,-53.32570124856946,1.2927332975500727,-52.64700208884963,-3.894018674356934,-44.80042910286485,-11.389702160384166,-46.2196637816104,-8.86285986900138,-28.008138060524377,-12.75661359715532,-35.67340537982968,-2.13118075313004,-12.7248947002313,15.779002122030484,-45.372932452549946,5.995213108715088,-18.676190476190477,22.42857142857143,-34.54013605442177,8.714285714285715,-53.72108843537415,3.285714285714291,1,8.3
167,-53.32570124856946,1.2927332975500727,-52.64700208884963,-3.894018674356934,-44.80042910286485,-11.389702160384166,-46.2196637816104,-8.86285986900138,-28.008138060524377,-12.75661359715532,-35.67340537982968,-2.13118075313004,-12.7248947002313,15.779002122030484,-45.372932452549946,5.995213108715088,-18.676190476190477,22.42857142857143,-34.54013605442177,8.714285714285715,-53.72108843537415,3.285714285714291,1,8.35
168,-53.32570124856946,1.2927332975500727,-52.64700208884963,-3.894018674356934,-44.80042910286485,-11.389702160384166,-46.2196637816104,-8.86285986900138,-28.008138060524377,-12.75661359715532,-35.67340537982968,-2.13118075313004,-12.7248947002313,15.779002122030484,-45.372932452549946,5.995213108715088,-18.676190476190477,22.42857142857143,-34.54013605442177,8.714285714285715,-53.72108843537415,3.285714285714291,1,8.4
169,-53.32570124856946,1.2927332975500727,-52.64700208884963,-3.894018674356934,-44.80042910286485,-11.389702160384166,-46.2196637816104,-8.86285986900138,-28.008138060524377,-12.75661359715532,-35.67340537982968,-2.13118075313004,-12.7248947002313,15.779002122030484,-45.372932452549946,5.995213108715088,-18.676190476190477,22.42857142857143,-34.54013605442177,8.714285714285715,-53.72108843537415,3.285714285714291,1,8.450000000000001
170,-53.32570124856946,1.2927332975500727,-52.64700208884963,-3.894018674356934,-44.80042910286485,-11.389702160384166,-46.2196637816104,-8.86285986900138,-28.008138060524377,-12.75661359715532,-35.67340537982968,-2.13118075313004,-12.7248947002313,15.779002122030484,-45.372932452549946,5.995213108715088,-18.676190476190477,22.42857142857143,-34.54013605442177,8.714285714285715,-53.72108843537415,3.285714285714291,1,8.5
