Frame,Home_13_x,Home_13_y,Home_1903_x,Home_1903_y,Home_14096_x,Home_14096_y,Home_14097_x,Home_14097_y,Home_19924_x,Home_19924_y,Home_19925_x,Home_19925_y,Home_20000_x,Home_20000_y,ball_x,ball_y,Period,Time [s]
0,-18.58132314700554,16.059633280224418,-6.859467225777165,16.00952014699223,-14.277551020408163,-24.757142857142863,-20.262585034013604,-4.571428571428574,1.9469387755101983,26.2857142857143,-13.628571428571425,23.42857142857143,1.2258503401360694,4.1428571428571495,-17.67540799942294,19.45446391073517,1,0.0
1,-18.33590422904954,16.358492014430297,-6.911566711776087,15.980273186891672,-14.209809401694587,-24.718098944076342,-20.223592725948585,-4.543337391559135,1.8996482439365652,26.094915926136803,-13.56477716255409,23.52468007341584,1.2258503401360694,4.1428571428571495,-16.46893916211161,18.813229707580582,1,0.05
2,-18.12100640016049,16.620109509672158,-6.961268047506234,15.930378006237566,-14.124061908936982,-24.683195490445602,-20.18681936474281,-4.5227697686784,1.852726240925141,25.910414139816098,-13.510560931467614,23.604777395406984,1.2258503401360694,4.1428571428571495,-15.335589648273658,18.210858183405037,1,0.1
3,-17.93551510482581,16.845831702337886,-7.008758250434236,15.860638490245478,-14.021670522183165,-24.65199640159601,-20.152254370783822,-4.50915610510958,1.8061653745192219,25.732082629899956,-13.465728342994584,23.669320817937315,1.2258503401360694,4.1428571428571495,-14.275359457909149,17.647349338208578,1,0.15000000000000002
4,-17.77831578753298,17.037004528815398,-7.054224338026603,15.771858524130906,-13.903997221480946,-24.62406558287287,-20.119887164459175,-4.501926803175862,1.7599582527619457,25.559795099536085,-13.430085004817624,23.71876776439929,1.2258503401360694,4.1428571428571495,-13.288248591018046,17.12270317199118,1,0.2
5,-17.648293892769484,17.194973925492587,-7.0978533277500135,15.664841993109402,-13.772403986878217,-24.598966939621544,-20.08970716615642,-4.500512265200434,1.714097483696623,25.393425251872245,-13.403436524619245,23.753575658185362,1.2258503401360694,4.1428571428571495,-12.374257047600345,16.636919684752847,1,0.25
6,-17.544334865022815,17.32108582875742,-7.139832237071058,15.5403927823965,-13.628252798422805,-24.57626437718736,-20.061703796263103,-4.504342893506542,1.6685756753663696,25.232846790056144,-13.385588510082071,23.774201922688,1.2258503401360694,4.1428571428571495,-11.533384827656079,16.189998876493586,1,0.30000000000000004
7,-17.465324148780454,17.416686174997768,-7.180348083456295,15.399314777207712,-13.472905636162537,-24.555521800915656,-20.035866475166774,-4.512849090417355,1.6233854358144733,25.07793341723558,-13.376346568888659,23.78110398129964,1.2258503401360694,4.1428571428571495,-10.765631931185235,15.781940747213383,1,0.35000000000000003
8,-17.410147188529834,17.48312090060157,-7.219587884372332,15.242411862758559,-13.307724480145234,-24.53630311615176,-20.012184623255006,-4.525461258256072,1.5785193730841551,24.928558836558256,-13.3755163087216,23.774739257412733,1.2258503401360694,4.1428571428571495,-10.070998358187776,15.412745296912258,1,0.4
9,-17.37768942875848,17.521735941956702,-7.25773865728577,15.070487924264578,-13.13407131041879,-24.51817222824104,-19.990647660915315,-4.541609799345913,1.5339700952185902,24.784596751171957,-13.382903337263487,23.755565174419782,1.2258503401360694,4.1428571428571495,-9.449484108663746,15.082412525590179,1,0.45
10,-17.366836313953833,17.533877235451143,-7.294987419663198,14.88434684694132,-12.953308107030981,-24.500693042528784,-19.97124500853528,-4.560725116010072,1.4897302102610297,24.64592086422442,-13.398313262196842,23.72403915571319,1.2258503401360694,4.1428571428571495,-8.901089182613138,14.790942433247167,1,0.5
11,-17.376473288603382,17.520890717472756,-7.3315211889712435,14.684792516004277,-12.766796850029671,-24.483429464360366,-19.95396608650242,-4.582237610571749,1.4457923262547088,24.512404878863336,-13.421551691204312,23.680618624685437,1.2258503401360694,4.1428571428571495,-8.425813580035936,14.538335019883252,1,0.55
12,-17.40548579719463,17.48412232440946,-7.367526982676456,14.472628816669014,-12.575899519462709,-24.465945399081086,-19.938800315204322,-4.6055776853541435,1.4021490512428034,24.383922498236494,-13.452424231968433,23.625761004728986,1.2258503401360694,4.1428571428571495,-8.02365730093215,14.324590285498383,1,0.6000000000000001
13,-17.452759284215016,17.424917992649185,-7.403191818245439,14.248659634151023,-12.381978095377931,-24.447804752036337,-19.925737115028515,-4.6301757426804935,1.3587929932685716,24.26034742549165,-13.490736492171806,23.559923719236284,1.2258503401360694,4.1428571428571495,-7.694620345301778,14.149708230092573,1,0.65
14,-17.51717919415204,17.34462365857983,-7.438702713144835,14.013688853665847,-12.18639455782313,-24.42857142857143,-19.914765906362543,-4.655462184873948,1.315716760375219,24.141553363776513,-13.536294079497013,23.483564191599765,1.2258503401360694,4.1428571428571495,-7.438702713144835,14.013688853665847,1,0.7000000000000001
15,-17.597630971493153,17.244585258589325,-7.474246684841184,13.768520360429022,-11.990510886846184,-24.407809334031683,-19.905876109593976,-4.680867414257725,1.2729129606059584,24.02741401623885,-13.588902601626595,23.397139845211914,1.2258503401360694,4.1428571428571495,-7.511537597359131,13.679807515384534,1,0.75
16,-17.69300006072586,17.126148729065584,-7.510010750801125,13.513958039656076,-11.795689062494962,-24.38508237376244,-19.89905714511036,-4.705821833155042,1.2303742020040485,23.917803086026407,-13.64836766624318,23.301108103465197,1.2258503401360694,4.1428571428571495,-7.583500207510963,13.34992475600478,1,0.8
17,-17.802171906337637,16.99066000639651,-7.546181928491232,13.250805776562526,-11.603291064817254,-24.359954453109044,-19.894298433299245,-4.729755843889115,1.188093092612642,23.812594276286926,-13.714494881029319,23.19592638975203,1.2258503401360694,4.1428571428571495,-7.654590543600399,13.024040575526607,1,0.8500000000000001
18,-17.924031952815945,16.839465026969997,-7.5829472353781,12.979867456363912,-11.414678873860897,-24.331989477416823,-19.891589394548166,-4.752099848783084,1.1460622404749823,23.711661290168134,-13.7870898536676,23.082052127464898,1.2258503401360694,4.1428571428571495,-7.7248086056273495,12.702154973949996,1,0.9
19,-18.057465644648257,16.673909727174024,-7.620493688928335,12.70194696427575,-11.231214469673738,-24.300751352031167,-19.89091944924468,-4.772284250160225,1.104274253634327,23.6148778308178,-13.865958191840605,22.959942739996247,1.2258503401360694,4.1428571428571495,-7.794154393591874,12.384267951274976,1,0.9500000000000001
20,-18.201358426322056,16.495340043396435,-7.659008306608499,12.417848185513591,-11.054259832303618,-24.265803982297314,-19.89227801777636,-4.789739450343706,1.0627217401338602,23.522117601383655,-13.95090550323089,22.830055650738544,1.2258503401360694,4.1428571428571495,-7.862627907493926,12.070379507501519,1,1.0
21,-18.354595742324822,16.305101912025183,-7.698678105885236,12.128375005292929,-10.885176941798424,-24.22671127356067,-19.895654520530737,-4.803895851656712,1.021397308016824,23.43325430501343,-14.041737395521066,22.69284828308424,1.2258503401360694,4.1428571428571495,-7.930229147333552,11.760489642629631,1,1.05
22,-18.51606303714406,16.104541269448188,-7.739690104225148,11.834331308829327,-10.725327778205884,-24.183037131166564,-19.901038377895368,-4.814183856422472,0.9802935653264172,23.348161644854898,-14.13825947639369,22.548778060425775,1.2258503401360694,4.1428571428571495,-7.996958113110722,11.454598356659325,1,1.1
23,-18.684645755267187,15.895004052053327,-7.782231319094781,11.536520981338278,-10.576074321573937,-24.13434546046032,-19.908419010257784,-4.820033866964192,0.9394031201058675,23.266713324055775,-14.240277353531342,22.398302406155636,1.2258503401360694,4.1428571428571495,-8.062814804825457,11.152705649590581,1,1.1500000000000001
24,-18.859229341181724,15.67783619622855,-7.826488767960772,11.235747908035352,-10.43877855195037,-24.080200166787268,-19.917785838005578,-4.820876285605063,0.8987185803983807,23.18878304576385,-14.347596634616632,22.241878743666252,1.2258503401360694,4.1428571428571495,-8.12779922247773,10.854811521423398,1,1.2000000000000002
25,-19.038699239375145,15.454383638361763,-7.872649468289676,10.932815974136055,-10.31480244938303,-24.020165155492766,-19.92912828152624,-4.8161415146682724,0.8582325542472075,23.11424451312681,-14.460022927332087,22.079964496350083,1.2258503401360694,4.1428571428571495,-8.191911366067547,10.560915972157817,1,1.25
26,-19.221940894334903,15.22599231484087,-7.920900437548116,10.628529064855922,-10.205507993919774,-23.953804331922157,-19.94243576120738,-4.805259956477054,0.8179376496955535,23.042971429292457,-14.577361839360334,21.913017087599606,1.2258503401360694,4.1428571428571495,-8.255151235594951,10.271019001793807,1,1.3
27,-19.40783975054849,14.994008162053783,-7.971428693202704,10.323691065410443,-10.112257165608405,-23.880681601420747,-19.957697697436505,-4.787662013354561,0.7778264747866619,22.974837497408476,-14.699418978383923,21.741493940807246,1.2258503401360694,4.1428571428571495,-8.3175188310599,9.985120610331347,1,1.35
28,-19.595281252503398,14.759777116388422,-8.024421252720003,10.019105861015213,-10.036411944496809,-23.800360869333883,-19.974903510601195,-4.76277808762405,0.737891637563693,22.90971642062267,-14.825999952085441,21.565852479365503,1.2258503401360694,4.1428571428571495,-8.379014152462384,9.70322079777047,1,1.4000000000000001
29,-19.783150844687057,14.52464511423271,-8.080065133566624,9.715577336885703,-9.979334310632744,-23.7124060410069,-19.99404262108898,-4.730038581608704,0.6981257460699053,22.847481902082748,-14.956910368147453,21.386550126666762,1.2258503401360694,4.1428571428571495,-8.439637199802426,9.425319564111183,1,1.4500000000000002
30,-19.970333971587,14.28995809197455,-8.138547353209162,9.413909378237486,-9.94238624406416,-23.616381021785177,-20.01510444928743,-4.68887389763172,0.6585214083485267,22.788007644936446,-15.09195583425257,21.204044306103544,1.2258503401360694,4.1428571428571495,-8.499387973080022,9.151416909353443,1,1.5
31,-20.15571607769067,14.05706198600186,-8.20005492911422,9.114905870286059,-9.926929724838796,-23.51184971701399,-20.038078415584078,-4.6387144380162875,0.6190712324427552,22.73116735233154,-15.230941958083354,21.018792441068282,1.2258503401360694,4.1428571428571495,-8.558266472295191,8.881512833497279,1,1.55
32,-20.338182607485557,13.827302732702561,-8.264774878748408,8.81937069824697,-9.934326733004546,-23.398376032038673,-20.062953940366494,-4.578990605085614,0.5797678263958042,22.67683472741574,-15.373674347322368,20.83125195495344,1.2258503401360694,4.1428571428571495,-8.616272697447894,8.615607336542695,1,1.6
33,-20.516619005459116,13.602026268464554,-8.332894219578257,8.528107747335724,-9.965939248609217,-23.275523872204623,-20.089720444022195,-4.5091328011629495,0.5406037982509017,22.62488347333683,-15.519958609652232,20.64188027115146,1.2258503401360694,4.1428571428571495,-8.673406648538144,8.353700418489689,1,1.6500000000000001
34,-20.689910716098854,13.382578529675778,-8.40459996907046,8.241920902767875,-10.023129251700684,-23.142857142857142,-20.118367346938776,-4.42857142857143,0.5015717560513209,22.575187293242514,-15.669600352755484,20.451134813054807,1.2258503401360694,4.1428571428571495,-8.72966832556595,8.09579207933825,1,1.7000000000000002
35,-20.85720190586963,13.170000155437558,-8.480115396845232,7.961506319302164,-10.10680208149141,-23.000166307106227,-20.148878109921565,-4.336874348732561,0.4626643078402149,22.527619890280572,-15.822405184314706,20.259473004055934,1.1788703360131914,4.138528138528136,-8.785057728531324,7.841882319088396,1,1.75
36,-21.018671629146016,12.964110595705131,-8.559808781137754,7.687129229870268,-10.216036513852723,-22.848148059120568,-20.181212355447187,-4.2341592594608,0.4238740616608419,22.482054967598735,-15.978178712012518,20.067352267547296,1.1318903318903284,4.134199134199126,-8.83957485743424,7.591971137740079,1,1.8
37,-21.174757662279895,12.764424003147102,-8.644084652336831,7.418947136947097,-10.349454683820518,-22.687725650833475,-20.215323746410075,-4.120681317668928,0.3851936255563848,22.43836622834472,-16.13672654353144,19.875230026921365,1.084910327767458,4.129870129870131,-8.893219712274732,7.346058535293368,1,1.85
38,-21.32589778162328,12.570454530432132,-8.73334754083135,7.157117543007524,-10.505678726430764,-22.519822334178272,-20.251165945704695,-3.996695680269669,0.34661560757007936,22.396427375666327,-16.2978542865541,19.683563705570585,1.0379303236446102,4.125541125541131,-8.94599229305273,7.104144511748223,1,1.9000000000000001
39,-21.47252976352808,12.381716330228876,-8.828001977010139,6.9017979505264755,-10.683330776719426,-22.345361361088283,-20.28869261622543,-3.8624575041758185,0.30813261574515366,22.356112112711244,-16.461367548763043,19.492810726887395,0.9909503195217549,4.121212121212122,-8.997892599768337,6.86622906710463,1,1.9500000000000002
40,-21.615091384346204,12.19772355520593,-8.928452491261996,6.6531458619788255,-10.88103296972239,-22.165265983496912,-20.32785742086672,-3.7182219463000687,0.2697372581248133,22.317294142627258,-16.627071937840903,19.30342851426427,0.9439703153989146,4.116883116883108,-9.048920632421442,6.632312201362634,1,2.0
41,-21.754020420429654,12.017990358031986,-9.035103613975798,6.41131877983949,-11.097407440475635,-21.98045945333742,-20.368614022523015,-3.5642441635552196,0.23142214275230913,22.27984716856209,-16.794773061470178,19.115874491093663,0.8969903112760442,4.112554112554104,-9.09907639101214,6.4023939145222215,1,2.0500000000000003
42,-21.889754648130335,11.842030891375657,-9.148359875540379,6.176474206583353,-11.331076324015116,-21.791865022543174,-20.41091608408872,-3.4007793128540116,0.19317987767083153,22.243644893663497,-16.964276527333496,18.930606080768033,0.8500103071531662,4.108225108225109,-9.148359875540379,6.176474206583353,1,2.1
43,-22.022731843800198,11.669359307905609,-9.268625806344591,5.9487696446853215,-11.580661755376752,-21.60040594304748,-20.454717268458285,-3.228082551109152,0.15500307092360116,22.2085610210792,-17.135387943113432,18.74808070667983,0.8030303030303032,4.1038961038960995,-9.52791842646883,5.941596005662722,1,2.15
44,-22.153389783791198,11.499489760290466,-9.396305936777225,5.728362596620301,-11.844785869596517,-21.40700546678369,-20.499971238526147,-3.046409035233455,0.11688433055386127,22.174469253956982,-17.307912916492565,18.56875579222152,0.756050298907478,4.09956709956708,-9.894225556666623,5.714918041183208,1,2.2
45,-22.28216624445526,11.331936401198867,-9.53180479722718,5.515410564863191,-12.12207080171032,-21.212586845685145,-20.546631657186726,-2.856013922139642,0.07881626460477975,22.141243295444557,-17.481657055153473,18.393088760785545,0.709070294784585,4.0952380952381,-10.247281266133747,5.496440313144814,1,2.25
46,-22.409499002144347,11.166213383299493,-9.675526918083259,5.310071051888879,-12.411138686754143,-21.01807333168512,-20.594652187334457,-2.6571523687404532,0.04079148111965253,22.108756848689683,-17.656425966778727,18.22153703576437,0.6620902906617447,4.090909090909086,-10.587085554870193,5.286162821547531,1,2.3000000000000003
47,-22.53582583321039,11.001834859260924,-9.8278768297343,5.112501560172265,-12.710611659763895,-20.824388176717033,-20.64398649186375,-2.45007953194866,0.0028025881416249374,22.076883616840107,-17.832025259050905,18.054558040550447,0.6151102865388818,4.086580086580086,-10.91363842287597,5.084085566391368,1,2.35
48,-22.66158451400532,10.838314981751845,-9.989259062569161,4.922859592188252,-13.019111855775563,-20.632454632714154,-20.694588233669066,-2.2350505686770026,-0.03515780628600709,22.045497303043547,-18.0082605396526,17.892609198536235,0.5681302824160037,4.082251082251082,-11.226939870151087,4.890208547676345,1,2.4000000000000004
49,-22.787212820881102,10.6751679034409,-10.160078146976696,4.741302650411736,-13.335261409825048,-20.443195951609823,-20.74641107564483,-2.012320635838232,-0.07309709412008317,22.014471610447767,-18.184937416266365,17.736147933114196,0.5211502782931559,4.077922077922072,-11.526989896695515,4.704531765402438,1,2.45
50,-22.91314853018967,10.511907776996713,-10.340738613345708,4.567988237317629,-13.657682456948322,-20.257535385337427,-20.799408680685474,-1.7821448903451236,-0.11102266731737515,21.983680242200524,-18.361861496574832,17.58563166767676,0.4741702741703006,4.073593073593063,-11.813788502509293,4.527055219569636,1,2.5
51,-23.03982941828296,10.348048755087937,-10.531644992065058,4.403073855380803,-13.984997132181313,-20.07639618583021,-20.853534711685402,-1.544778489110384,-0.14894191783465488,21.95299690144954,-18.53883838826053,17.44151782561643,0.42719027004743015,4.069264069264058,-12.087335687592411,4.357778910177959,1,2.5500000000000003
52,-23.167693261512945,10.183104990383224,-10.733201813523575,4.246717007076203,-14.315827570560002,-19.900701605021567,-20.908742831539087,-1.3004765890467882,-0.1868622376286942,21.92229529134258,-18.715673699006054,17.304263830325617,0.38021026592458984,4.064935064935044,-12.347631451944842,4.196702837227403,1,2.6
53,-23.29717783623151,10.016590635551175,-10.945813608110079,4.099075194878681,-14.64879590712027,-19.731374894844823,-20.964986703140916,-1.0494943470671114,-0.22479101865628748,21.89144911502737,-18.89217303649398,17.174327105196806,0.33323026180170434,4.060606060606054,-12.59467579556662,4.0438270007179575,1,2.6500000000000004
54,-23.428720918790646,9.848019843260495,-11.16988490621349,3.96030592126315,-14.982524276898106,-19.56933930723329,-21.022219989385356,-0.7920869200840366,-0.2627356528741916,21.860332075651677,-19.06814200840688,17.052165073622433,0.28625025767883383,4.056277056277054,-12.828468718457692,3.8991514006496524,1,2.7
55,-23.562732587706794,9.676989075785238,-11.405646940859633,3.8304267576247044,-15.31588096733454,-19.415321648692245,-21.080444400426277,-0.5286319785491008,-0.30070221722803353,21.82884034426684,-19.243484793374716,16.938079527958934,0.23927025355599355,4.051948051948045,-13.049010220618129,3.7626760370224384,1,2.75
56,-23.699512130154428,9.503424033821437,-11.65263775562272,3.708895551039258,-15.648718875490873,-19.269262944014883,-21.139853835455217,-0.25999724706857136,-0.33869152861869534,21.79695996353883,-19.41849985381689,16.83174973641856,0.1922902494331457,4.0476190476190546,-13.256300302047876,3.6344009098363736,1,2.8000000000000003
57,-23.83933113547256,9.32733272767048,-11.910222096713944,3.595030217502853,-15.981137050833498,-19.130907772566243,-21.200690240923162,0.012827036212512723,-0.37670308893585414,21.764699444037188,-19.59358422310014,16.732699336177575,0.1453102453102602,4.043290043290046,-13.450338962746974,3.5143260190914005,1,2.85
58,-23.982461193000212,9.148723167633882,-12.177764710344622,3.488148673011599,-16.313234542828887,-19.000000713711405,-21.263195563281194,0.288850633149151,-0.4147364000692848,21.73206729633145,-19.76913493459126,16.640451964412215,0.09833024118738976,4.038961038961027,-13.63112620271539,3.402451364787567,1,2.9000000000000004
59,-24.129173892076327,8.967603364013065,-12.454630342725995,3.3875688335616045,-16.645110400943363,-18.876286346815487,-21.327611748980278,0.5670833055963672,-0.4527909639085814,21.699072030991204,-19.94554902165703,16.554531258298702,0.05135023706454192,4.034632034632036,-13.798662021953122,3.298776946924844,1,2.95
60,-24.27974082203993,8.783981327109444,-12.74018374006923,3.292608615148888,-16.976863674643358,-18.759509251243582,-21.394180744471406,0.8465348154090739,-0.49086628234353413,21.665722158586007,-20.12322351766419,16.474460855013284,0.004370232941686538,4.030303030303022,-13.952946420460203,3.2033027655032367,1,3.0
61,-24.434433572230034,8.597865067224523,-13.033789648585653,3.2025859337696017,-17.308593413395283,-18.649414006360733,-21.463144496205597,1.126214924442295,-0.5289618572638575,21.632026189685398,-20.30255545597953,16.399764391732194,-0.042609771181161306,4.025974025974027,-14.09397939823662,3.1160288205227498,1,3.0500000000000003
62,-24.59352373198564,8.409262594659738,-13.334812814486469,3.1168187054198015,-17.64039866666556,-18.545745191532077,-21.53474495063387,1.4051333945510152,-0.5670771905591458,21.59799263485894,-20.483941869969783,16.32996550563168,-0.08958977530405435,4.021645021645023,-14.221760955282358,3.0369551119833833,1,3.1
63,-24.757282890645712,8.218181919716516,-13.642617983982928,3.034624846095559,-17.972378483920572,-18.448247386122663,-21.609224054207218,1.6822999875901958,-0.6052117841192266,21.563630004676224,-20.66777979300175,16.264587833887944,-0.13656977942690973,4.017316017316004,-14.336291091597426,2.966081639885142,1,3.1500000000000004
64,-24.925982637549268,8.02463105269634,-13.956569903286278,2.955322271792978,-18.30463191462673,-18.356665169497614,-21.686823753376647,1.956724465414831,-0.6433651398337619,21.528946809706763,-20.8544662584422,16.203155013677303,-0.18354978354977264,4.012987012987009,-14.437569807181832,2.9034084042280117,1,3.2
65,-25.099894562035306,7.8286180039006235,-14.27603331860776,2.878228898508129,-18.63725800825041,-18.270743121021994,-21.767785994593165,2.227416589879926,-0.6815367595924288,21.493951560520163,-21.044398299657875,16.14519068217592,-0.23052978767263554,4.008658008658005,-14.525597102035569,2.8489354050120017,1,3.25
66,-25.27929025344283,7.63015078363085,-14.600372976158635,2.802662642237117,-18.970355814258074,-18.190225820060917,-21.852352724307764,2.4933861228404317,-0.719726145284987,21.45865276768595,-21.23797295001556,16.09021847656006,-0.27750979179549096,4.004329004329005,-14.600372976158635,2.802662642237117,1,3.3000000000000003
67,-25.46444130111082,7.429237402188447,-14.928953622150113,2.7279414189760223,-19.30402438211607,-18.114857845979447,-21.94076588897148,2.753642826151347,-0.7579327988011211,21.42305894177368,-21.43558724288202,16.037762034005965,-0.32448979591833127,3.999999999999995,-14.928953622150113,2.7279414189760223,1,3.35
68,-25.655619294378297,7.225885869874879,-15.261140002793486,2.653383144720915,-19.63836276129084,-18.044383778142667,-22.03326743503531,3.0071964616676725,-0.796156222030463,21.387178593352957,-21.63763821162403,15.987344991689877,-0.37146980004122426,3.995670995670996,-15.261140002793486,2.653383144720915,1,3.4000000000000004
69,-25.85309582258423,7.020104196991582,-15.596296864299909,2.5783057354678767,-19.973470001248764,-17.978548195915707,-22.130099308950236,3.253056791244349,-0.8343959168628478,21.351020232993264,-21.844522889608342,15.938490986788011,-0.4184498041640947,3.9913419913419865,-15.596296864299909,2.5783057354678767,1,3.45
70,-26.05714247506767,6.811900393840019,-15.933788952880734,2.5020271072130194,-20.309445151456263,-17.917095678663593,-22.23150345716729,3.4902335767364057,-0.8726513851878924,21.31459237126421,-22.056638310201723,15.890723656476624,-0.46542980828693503,3.9870129870129767,-15.933788952880734,2.5020271072130194,1,3.5
71,-26.268030841167555,6.601282470721634,-16.272981014747142,2.423865175952411,-20.64638726137973,-17.859770805751484,-22.337721826137457,3.717736579998803,-0.9109221288952963,21.27790351873537,-22.274381506770972,15.843566637931954,-0.5124098124098055,3.9826839826839775,-16.272981014747142,2.423865175952411,1,3.5500000000000003
72,-26.4860325102229,6.388258437937868,-16.6132377961104,2.3431378576821356,-20.984395380485577,-17.806318156544425,-22.448996362311778,3.9345755628865167,-0.9492076498747969,21.240962185976265,-22.498149512682815,15.79654356833023,-0.5593898165326533,3.978354978354973,-16.6132377961104,2.3431378576821356,1,3.6
73,-26.711419071572724,6.17283630579019,-16.953924043181747,2.259163068398279,-21.32356855824019,-17.756482310407495,-22.56556901214122,4.139760287254556,-0.9875074500161237,21.203776883556475,-22.72833936130404,15.749178084847703,-0.6063698206555388,3.974025974025973,-16.953924043181747,2.259163068398279,1,3.6500000000000004
74,-26.94446211455603,5.955024084580042,-17.294404502172416,2.171258724096916,-21.664005844110022,-17.710007846705807,-22.6876817220768,4.332300514957891,-1.0258210312089315,21.16635612204554,-22.96534808600143,15.700993824660618,-0.6533498247783716,3.9696969696969684,-17.294404502172416,2.171258724096916,1,3.7
75,-27.185433228511766,5.734829784608868,-17.634043919293674,2.078742740774152,-22.00580628756141,-17.666639344804455,-22.815576438569536,4.511206007851488,-1.0641478953429495,21.12870841201305,-23.209572720141704,15.651514424945155,-0.7003298289012421,3.9653679653679546,-17.634043919293674,2.078742740774152,1,3.75
76,-27.43460400277897,5.5122614161781165,-17.97220704075674,1.9809330344260614,-22.349068938060793,-17.626121384068515,-22.94949510807042,4.675486527790356,-1.1024875443078477,21.09084226402853,-23.46141029709167,15.600263522877638,-0.7473098330241275,3.9610389610389545,-17.97220704075674,1.9809330344260614,1,3.8000000000000003
77,-27.692246026696658,5.28732698958927,-18.308258612772875,1.8771475210487298,-22.69389284507459,-17.588198543863044,-23.08967967703047,4.824151836629489,-1.140839479993378,21.05276618866157,-23.721257850218105,15.546764755634243,-0.7942898371469829,3.9567099567099646,-18.308258612772875,1.8771475210487298,1,3.85
78,-27.958630889603775,5.060034515143723,-18.64156338155332,1.7667041166382524,-23.040377058069193,-17.552615403553197,-23.236372091900684,4.956211696223844,-1.1792032042892258,21.014488696481706,-23.989512412887752,15.490541760391231,-0.8412698412698232,3.952380952380955,-18.64156338155332,1.7667041166382524,1,3.9000000000000004
79,-28.234030180839362,4.830392003142966,-18.97148609330932,1.6489207371906898,-23.388620626510992,-17.51911654250403,-23.38981429913206,5.070675868428402,-1.2175782190851199,20.976018298058502,-24.26657101846738,15.431118174324835,-0.8882498453926937,3.948051948051941,-18.97148609330932,1.6489207371906898,1,3.95
80,-28.518715489742412,4.598407463888435,-19.297391494252107,1.523115298702142,-23.7387225998664,-17.487446540080594,-23.55024824517566,5.16655411509817,-1.2559640262707223,20.937363503961517,-24.552830700323774,15.368017634611292,-0.9352298495155641,3.943722943722951,-19.297391494252107,1.523115298702142,1,4.0
81,-28.8129584056519,4.3640889076815865,-19.618644330592954,1.3886057171686934,-24.090782027601826,-17.457349975648036,-23.717915876482383,5.2428561980881305,-1.2943601277357635,20.89853282476032,-24.848688491823676,15.300763778426859,-0.982209853638427,3.939393939393927,-19.618644330592954,1.3886057171686934,1,4.05
82,-29.117030517906827,4.127444344823857,-19.934609348543052,1.2447099085864302,-24.444897959183674,-17.42857142857143,-23.893059139503315,5.298591879253238,-1.3327660253699425,20.859534771024457,-25.154541426333882,15.228880242947746,-1.029189857761275,3.9350649350649323,-19.934609348543052,1.2447099085864302,1,4.1000000000000005
83,-29.431039410697434,3.8884590400099945,-20.24471939506673,1.0909789768496265,-24.801118026170876,-17.40089651300825,-24.075744713081622,5.333163462619758,-1.3711812210629137,20.820377853323492,-25.470604952536405,15.151962499180772,-1.0761698618841602,3.930735930735923,-20.882689302001843,0.8590811068453942,1,4.15
84,-29.754436647618807,3.647027275507995,-20.548679720140356,0.9278967774454324,-25.159284188492546,-17.37427498228555,-24.265338205629188,5.347543420899053,-1.4096052167045277,20.781070582226988,-25.796368180374504,15.06989335345502,-1.1231498660070005,3.9264069264069232,-21.81197580828721,0.48109648583787845,1,4.2
85,-30.08650978711722,3.4030205879791104,-20.8462636744933,0.756180353759168,-25.519186988170315,-17.348697624522824,-24.461029957950064,5.343096768973705,-1.4480375141843105,20.7416214683045,-26.131138635106595,14.982627445930092,-1.170129870129856,3.922077922077909,-22.722468867399154,0.11075604556392137,1,4.25
86,-30.426546387639043,3.1563105140845913,-21.137244608855056,0.5765467491761632,-25.8806169672258,-17.32415522783954,-24.662010310848302,5.3211885217263,-1.4864776153920904,20.70203902212559,-26.47422384199124,14.890119416765634,-1.2171098742527113,3.9177489177489,-23.614168479337717,-0.2519402139765543,1,4.3
87,-30.77383400763053,2.9067685904857132,-21.421395873954978,0.389713007081767,-26.24336466768067,-17.300638580355137,-24.867469605127983,5.283183694039477,-1.524925022217521,20.66233175425982,-26.82493132628688,14.792323906121288,-1.2640898783755894,3.913419913419905,-24.48707464410286,-0.6069922927834859,1,4.3500000000000005
88,-31.12766020553801,2.6542663538437403,-21.69849082052248,0.19639617086129477,-26.607220631556526,-17.27813847018915,-25.07659818159313,5.230447300795803,-1.563379236550325,20.62250817527672,-27.182568613252005,14.689195554156665,-1.3110698824984373,3.9090909090908954,-25.341187361694573,-0.9544001908569117,1,4.4
89,-31.48731253980782,2.3986753408199584,-21.968302799287006,-0.002686716099933335,-26.971975400875028,-17.256645685460924,-25.288586381047853,5.164344356877934,-1.6018397602802246,20.582576795745904,-27.546443228145133,14.580689001031432,-1.3580498866213078,3.9047619047619,-26.17650663211289,-1.2941639081968175,1,4.45
90,-31.85207856888622,2.139867088075585,-22.23060516097794,-0.20681861041657298,-27.337419517657807,-17.236151014290048,-25.502624544296147,5.086239877168404,-1.6403060952968742,20.542546126236882,-27.915862696224714,14.466758886905204,-1.4050298907441707,3.900432900432896,-26.99303245535778,-1.6262834448032035,1,4.5
91,-32.221245851219564,1.8777131322719474,-22.4851712563247,-0.4152824687032896,-27.7033435239265,-17.216645244795934,-25.71790301214212,4.99749887654987,-1.6787777434900033,20.502424677319237,-28.290134542749247,14.34735985193763,-1.4520098948670186,3.896103896103877,-27.790764831429264,-1.9507588006760548,1,4.55
92,-32.59410194525413,1.612085010070273,-22.7317744360567,-0.6273612475747581,-28.069537961702743,-17.198119165098046,-25.933612125389796,4.899486369904916,-1.7172542067493497,20.462220959562522,-28.668566292977232,14.222446536288295,-1.4989898989899113,3.8917748917749013,-28.569703760327315,-2.2675899758154054,1,4.6000000000000005
93,-32.969934409436235,1.3428542581318077,-22.970188050903374,-0.8423379036456438,-28.435793373008174,-17.18056356331585,-26.148942224843246,4.793567372116149,-1.7557349869645371,20.421943483536293,-29.050465472167136,14.091973580116887,-1.5459699031127516,3.887445887445887,-29.329849242051967,-2.576776970221212,1,4.65
94,-33.348030802212186,1.0698924131178655,-23.20018545159409,-1.0594953935306315,-28.80190029986439,-17.16396922756887,-26.363083651306535,4.681106898066168,-1.7942195860253483,20.3816007598101,-29.435139605577465,13.955895623583014,-1.592949907235592,3.8831168831168825,-30.071201276603208,-2.8783197838935126,1,4.7
95,-33.727678682028305,0.7930710116897017,-23.42153998885831,-1.278116673844348,-29.167649284293095,-17.1483269459765,-26.57522674558373,4.5634699626375905,-1.8327075058214453,20.341201298953525,-29.8218962184667,13.814167306846324,-1.63992991135847,3.8787878787878736,-30.793759863981034,-3.1722184168322984,1,4.75
96,-34.1081656073309,0.5122615905085532,-23.634025013425425,-1.4974847012014825,-29.532830868315884,-17.133627506658232,-26.784561848478845,4.442021580712981,-1.8711982482425726,20.300753611536113,-30.21004283609331,13.666743270066439,-1.6869099154813254,3.8744588744588686,-31.49752500418544,-3.4584728690375544,1,4.800000000000001
97,-34.488779136566286,0.2273356862356951,-23.83741387602483,-1.7168824322167295,-29.897235593954406,-17.119861697733533,-26.99027930079599,4.318126767174991,-1.909691315178385,20.260266208127423,-30.598886983715804,13.51357815340301,-1.7338899196042032,3.8701298701298743,-32.182496697216436,-3.7370831405093,1,4.8500000000000005
98,-34.868806828180745,-0.06183516446757835,-24.031479927385952,-1.9355928235047062,-30.260654003230268,-17.10702030732188,-27.191569443339205,4.1931505369062085,-1.9481862085186492,20.219747599297044,-30.987736186592667,13.354626597015622,-1.7808699237270436,3.8658008658008596,-32.84867494307402,-4.008049231247506,1,4.9
99,-35.247536240620605,-0.3553794249400306,-24.215996518238217,-2.1528988316801354,-30.62287663816515,-17.09509412354276,-27.387622616912516,4.068457904789227,-1.986682430152998,20.179206295614474,-31.375897969982383,13.189843241063961,-1.8278499278499067,3.8614718614718457,-33.49605974175819,-4.271371141252211,1,4.95
100,-35.62425493233217,-0.6534255585203818,-24.39073699931102,-2.3680834133576543,-30.983694040780662,-17.084073934515555,-27.57762916232003,3.9454138857066408,-2.0251794819711906,20.138650807649316,-31.762679859143436,13.019182725707651,-1.8748299319727773,3.8571428571428457,-34.12465109326895,-4.527048870523377,1,5.0
101,-35.998250461761764,-0.9561020285473663,-24.555474721333777,-2.5804295251519425,-31.342896753098454,-17.073950528359834,-27.76077942036579,3.8253834945411005,-2.0636768658629197,20.098089645971115,-32.147389379334314,12.842599691106312,-1.9218099360956324,3.852813852813841,-34.73444899760629,-4.775082419061032,1,5.050000000000001
102,-36.36881038735569,-1.2635372983597382,-24.709983035035904,-2.7892201236776453,-31.700275317140147,-17.064714693195004,-27.936263731853835,3.709731746175156,-2.102174083717884,20.05753132114944,-32.529334055813514,12.660048777419581,-1.968789940218503,3.8484848484848366,-35.32545345477021,-5.015471786865174,1,5.1000000000000005
103,-36.73533021799885,-1.5757215163370022,-24.85415789071115,-2.9938521103486004,-32.05563835183166,-17.05634279060997,-28.103498488928913,3.5995503256976753,-2.1406706374257842,20.016984343753837,-32.907935144793505,12.471577305033774,-2.0157699443413657,3.8441558441558517,-35.89766446476074,-5.248216973935779,1,5.15
104,-37.09763726433064,-1.892091571021872,-24.98838563691067,-3.1941781657751345,-32.40886678371604,-17.0487534760713,-28.26280428909854,3.4948375990224845,-2.1791660288763115,19.976457224353876,-33.28306882630271,12.277603315241938,-2.062749948464214,3.8398268398268467,-36.45108202757783,-5.473317980272889,1,5.2
105,-37.45566678742901,-2.2119460359978307,-25.113175221749906,-3.390164915366717,-32.75985961624065,-17.04185097851497,-28.414727781210903,3.395318602269622,-2.217659759959196,19.93595847351911,-33.65472501132354,12.078637529563787,-2.1097299525870765,3.8354978354978235,-36.98570614322153,-5.690774805876446,1,5.25
106,-37.80935404837197,-2.5345834848484,-25.229035593344403,-3.581778984532793,-33.10851585285276,-17.035539526876946,-28.559815614114182,3.3007183715591633,-2.256151332564122,19.895496601819094,-34.02289361083846,11.875190669519062,-2.156709956709947,3.831168831168833,-37.501536811691786,-5.900587450746506,1,5.300000000000001
107,-38.15863430823748,-2.859302491157055,-25.336475699809576,-3.7689869986829048,-33.45473449699975,-17.02972335009326,-28.698614436656577,3.210761943011166,-2.294640248580835,19.85508011982342,-34.38756453582983,11.667773456627458,-2.2036899608328095,3.8268398268398283,-37.99857403298866,-6.102755914883046,1,5.3500000000000005
108,-38.50344282810353,-3.185401628507288,-25.43600448926093,-3.951755583226463,-33.79841455212891,-17.02430667709985,-28.831670897686255,3.125174352745658,-2.3331260098990185,19.81471753810159,-34.7487276972801,11.456896612408714,-2.250669964955665,3.8225108225108237,-38.4768178071121,-6.297280198286047,1,5.4
109,-38.84371486904809,-3.5121794704826175,-25.528130909813953,-4.130051363572962,-34.1394550216876,-17.01919373683269,-28.959531646051406,3.043680636882759,-2.3716081184083353,19.774417367223208,-35.10637300617169,11.24307085838256,-2.2976499690785506,3.8181818181818197,-38.93626813406214,-6.484160300955548,1,5.45
110,-39.17938569214914,-3.8389345906665113,-25.613363909584116,-4.30384096513189,-34.477754909123135,-17.0142887582278,-29.082743330600216,2.9660058315424833,-2.410086075998545,19.734188117757814,-35.460490373487,11.026806916068722,-2.344629973201376,3.81385281385281,-39.37692501383875,-6.663396222891503,1,5.5
111,-39.51039055848467,-4.164965562642478,-25.692212436686894,-4.473091013312698,-34.813213217882854,-17.009495970221167,-29.201852600180896,2.8918749728449016,-2.4485593845593243,19.69403830027496,-35.811069710208464,10.808615506986907,-2.3916099773242463,3.8095238095238053,-39.79878844644196,-6.834987964093954,1,5.550000000000001
112,-39.83666472913265,-4.48957095999402,-25.76518543923778,-4.637768133524874,-35.14572895141406,-17.004719601748704,-29.317406103641613,2.8210130969100624,-2.4870275459803963,19.653976425344226,-36.1581009273185,10.589007352656866,-2.4385899814471017,3.805194805194806,-40.20185843187175,-6.998935524562889,1,5.6000000000000005
113,-40.158143465171065,-4.81204935630463,-25.832791865352245,-4.797838951177873,-35.47520111316412,-16.999863881746474,-29.429950489830553,2.753145239858041,-2.5254900621514595,19.61401100353517,-36.50157393579952,10.368493174598294,-2.485569985569972,3.8008658008658016,-40.58613497012813,-7.1552389042983044,1,5.65
114,-40.47476202767788,-5.131699325157798,-25.895540663145773,-4.953270091681198,-35.80152870658033,-16.99483303915043,-29.540032407595923,2.687996437808891,-2.5639464349622143,19.574150545417325,-36.841478646633945,10.147583694330892,-2.5325499896928276,3.796536796536787,-40.9516180612111,-7.30389810330017,1,5.7
115,-40.7864556777311,-5.447819440137035,-25.95394078073383,-5.104028180444285,-36.12461073511004,-16.989531302896566,-29.648198505785878,2.625291726882673,-2.602396166302353,19.534403561560268,-37.177804970804196,9.926789633374447,-2.5795299938156906,3.7922077922077877,-41.29830770512065,-7.444913121568545,1,5.75
116,-41.09315967640868,-5.759708274825815,-26.00850116623192,-5.250079842876637,-36.44434620220056,-16.98386290192081,-29.754995433248638,2.5647561431994252,-2.640838758061612,19.494778562533565,-37.51054281929269,9.706621713248646,-2.6265099979385536,3.787878787878783,-41.62620390185678,-7.578283959103381,1,5.800000000000001
117,-41.394809284788614,-6.066664402807653,-26.05973076775551,-5.3913917043877335,-36.76063411129925,-16.97773206515922,-29.860969838832357,2.5061147228792535,-2.6792737121296533,19.455284058906756,-37.83968210308184,9.487590655473223,-2.673490002061409,3.783549783549774,-41.935306651419516,-7.70401061590472,1,5.8500000000000005
118,-41.69133976394888,-6.367986397666005,-26.108138533420078,-5.52793039038701,-37.07337346585341,-16.971043021547736,-29.966668371385275,2.449092502042171,-2.717700530396245,19.415928561249416,-38.16521273315407,9.270207181567905,-2.7204700061842715,3.779220779220784,-42.22561595380882,-7.822093091972516,1,5.9
119,-41.98268637496746,-6.662972832984444,-26.15423341134112,-5.65966252628396,-37.38246326931038,-16.963700000022335,-30.072637679755502,2.3934145168082734,-2.7561187147510413,19.376720580131106,-38.4871246204918,9.054982013052383,-2.767450010307127,3.774891774891769,-42.497131809024715,-7.932531387306796,1,5.95
120,-42.26878437892232,-6.950922282346404,-26.19852434963408,-5.786554737488093,-37.68780252511748,-16.955607229519035,-30.179424412791306,2.33880580329758,-2.794527767083742,19.337668626121385,-38.805407676077444,8.842425871446421,-2.814430014429967,3.7705627705627696,-42.74985421706721,-8.035325501907558,1,6.0
121,-42.54956903689145,-7.231133319335374,-26.241520296414485,-5.908573649408826,-37.98929023672208,-16.946668938973783,-30.287575219340827,2.2849913976301703,-2.832927189284076,19.29878120978978,-39.12005181089342,8.633049478269719,-2.861410018552853,3.7662337662337655,-42.98378317793627,-8.130475435774812,1,6.050000000000001
122,-42.82497560995284,-7.502904517534905,-26.28373019979778,-6.0256858874556665,-38.28682540757144,-16.93678935732256,-30.39763674825226,2.231696335926113,-2.8713164832417366,19.260066841705882,-39.431046935922154,8.42736355504201,-2.9083900226757082,3.7619047619047654,-43.19891869163192,-8.217981188908528,1,6.1000000000000005
123,-43.094939359184444,-7.765534450528481,-26.325663007899443,-6.137858077038067,-38.58030704111294,-16.925872713501406,-30.510155648373797,2.1786456543054546,-2.909695150846452,19.221534032439248,-39.73838296214605,8.225878823283018,-2.9553700267985636,3.757575757575756,-43.395260758154166,-8.297842761308733,1,6.15
124,-43.35939554566425,-8.018321691899526,-26.367827668835005,-6.245056843565508,-38.8696341407939,-16.913823236446227,-30.625678568553614,2.125564388888257,-2.9480626939879158,19.18319129255943,-40.04204980054755,8.02910600451245,-3.0023500309214417,3.7532467532467613,-43.57280937750299,-8.370060152975404,1,6.2
125,-43.61827943047025,-8.260564815231618,-26.410733130719866,-6.347248812447472,-39.15470571006164,-16.900545155093063,-30.744752157639915,2.072177575794573,-2.986418614555789,19.145047132635987,-40.34203736210907,7.837555820250044,-3.0493300350442896,3.748917748917752,-43.7315645496784,-8.434633363908578,1,6.25
126,-43.87152627468041,-8.491562394108227,-26.454888341669573,-6.444400609093421,-39.4354207523635,-16.88594269837787,-30.86792306448088,2.0182102511444877,-3.0247624144398397,19.107110063238487,-40.63833555781299,7.651738992015534,-3.096310039167152,3.7445887445887425,-43.87152627468041,-8.491562394108227,1,6.300000000000001
127,-44.11912340586978,-8.710814146296757,-26.500707305181706,-6.536505368349695,-39.711674341384985,-16.86992323143893,-30.99560969748642,1.9634462757359097,-3.063093595529737,19.06938859493648,-40.93095259554567,7.472063664731345,-3.1432900432899924,3.740259740259743,-44.42200735988363,-7.8333434863359095,1,6.3500000000000005
128,-44.36126641760158,-8.918624366300369,-26.548224246282423,-6.623662262809874,-39.98334583176447,-16.852406664223725,-31.12771750331337,1.9079048090783195,-3.10141165971521,19.031891238299508,-41.21996987080905,7.2985276769307434,-3.190270047412863,3.7359307359307334,-44.957166903947986,-7.193444786732236,1,6.4
129,-44.59820296993613,-9.115498492806067,-26.597378445379988,-6.705996974504448,-40.250310648378424,-16.833316042882057,-31.26402368818027,1.851663835359111,-3.1397161088859216,18.994626503897166,-41.505487076009025,7.131026290549772,-3.2372500515357334,3.731601731601724,-45.477004906873496,-6.571866295297148,1,6.45
130,-44.83018072293371,-9.301941964500951,-26.64810918288271,-6.783635185463886,-40.51244421610341,-16.812574413563695,-31.404305458305675,1.7948013387656012,-3.178006444931624,18.957602902299,-41.78760390355141,6.969454767524385,-3.284230055658604,3.727272727272729,-45.98152136866014,-5.968608012030689,1,6.5
131,-45.05744733665463,-9.478460220072073,-26.70035573919886,-6.85670257771865,-40.76962195981593,-16.79010482241842,-31.548340019908153,1.7373953034851555,-3.216282169742002,18.920828944074554,-42.06642004584209,6.813708369790611,-3.331210059781452,3.72294372294372,-46.47071628930793,-5.3836699369328445,1,6.550000000000001
132,-45.280250471159185,-9.645558698206472,-26.754057394736687,-6.925324833299225,-41.02171930439254,-16.765830315596034,-31.69590457920624,1.679523713705143,-3.2545427852067395,18.884313139793406,-42.34203519528692,6.6636823592844125,-3.3781900639043076,3.718614718614715,-46.94458966881686,-4.817052070003596,1,6.6000000000000005
133,-45.49883778650768,-9.8037428375912,-26.809153429904487,-6.989627634236052,-41.268611674709746,-16.73967393924629,-31.84677634241849,1.6212645536129247,-3.292787793215596,18.848064000025104,-42.614549044291756,6.519271997941834,-3.4251700680271626,3.7142857142857104,-47.40314150718694,-4.268754411242967,1,6.65
134,-45.71345694276039,-9.953518076913305,-26.865583125110554,-7.049736662559624,-41.51017449564409,-16.711558739518985,-32.00073251576346,1.5626958073958657,-3.331016695658212,18.812090035339214,-42.884061285262476,6.380372547698839,-3.4721500721500482,3.7099567099567157,-47.846371804418155,-3.7387769606509575,1,6.7
135,-45.92435559997762,-10.095389854859881,-26.923285760763164,-7.105777600300389,-41.74628319207207,-16.681407762563932,-32.157550305459694,1.5038954592412874,-3.3692289944243323,18.776399756305274,-43.15067161060493,6.246879270491445,-3.519130076272896,3.705627705627702,-48.27428056051051,-3.2271197182275437,1,6.75
136,-46.13178141821969,-10.229863610117905,-26.9822006172706,-7.157876129488801,-41.97681318887023,-16.649144054530886,-32.31700691772575,1.4449414933365743,-3.407424191403663,18.741001673492878,-43.41447971272497,6.118687428255638,-3.5661100803957435,3.7012987012987115,-48.686867775464016,-2.7337826839727786,1,6.800000000000001
137,-46.33598205754688,-10.35744478137452,-27.042266975041105,-7.206157932155345,-42.2016399109151,-16.614690661569615,-32.478879558780186,1.385911893869106,-3.4456017884859116,18.705904297471555,-43.675585284028465,5.9956922829274255,-3.613090084518607,3.696969696969693,-49.08413344927866,-2.258765857886584,1,6.8500000000000005
138,-46.53720517801949,-10.478638807316704,-27.10342411448302,-7.250748690330517,-42.420638783083206,-16.57797062982996,-32.64294543484156,1.3268846450261949,-3.4837612875607253,18.67111613881088,-43.93408801692129,5.87778909644279,-3.6600700886414774,3.6926406926406883,-49.46607758195446,-1.802069239969043,1,6.9
139,-46.73569843969783,-10.593951126631552,-27.165611316004565,-7.291774086044714,-42.63368523025106,-16.538907005461613,-32.808981752128396,1.2679377309952296,-3.521902190517864,18.636645708080408,-44.19008760380928,5.764873130737745,-3.7070500927643324,3.688311688311688,-49.83270017349139,-1.3636928302200781,1,6.95
140,-46.931709502642164,-10.703887178006118,-27.22876786001405,-7.3293598013284535,-42.84065467729522,-16.497422834614433,-32.976765716859276,1.2091491359635613,-3.5600239992470346,18.602501515849685,-44.44368373709832,5.65683964774829,-3.754030096887203,3.683982683982689,-50.18400122388947,-0.9436366286397473,1,7.0
141,-47.12548602691281,-10.808952400127456,-27.29283302691975,-7.363631518212182,-43.041422549092175,-16.453441163438182,-33.14607453525272,1.1505968441185548,-3.598126215637945,18.5686920726883,-44.69497610919425,5.553583909410405,-3.8010101010100814,3.679653679653679,-50.51998073314869,-0.5419006352280262,1,7.050000000000001
142,-47.317275672570084,-10.909652231682589,-27.35774609712994,-7.394714918726396,-43.235864270518455,-16.406885038082656,-33.316685413527324,1.0923588396475705,-3.6362083415802555,18.5352258891658,-44.944064412502954,5.455001177660112,-3.847990105132929,3.6753246753246747,-50.84063870126905,-0.15848484998492013,1,7.1000000000000005
143,-47.50732609967425,-11.006492111358599,-27.4234463510529,-7.422735684901518,-43.42385526645063,-16.357677504697616,-33.48837555790161,1.0345131067379205,-3.674269878963697,18.502111475851727,-45.19104833943027,5.3609867144333885,-3.8949701092557767,3.6709956709956604,-51.145975128250555,0.2066107270895955,1,7.15
144,-47.69588496828564,-11.099977477842552,-27.48987306909693,-7.447819498768052,-43.605270961765164,-16.30574160943285,-33.66092217459414,0.9771376295770424,-3.7123103296780076,18.469357343315647,-45.436027582382074,5.2714357816662645,-3.941950113378662,3.666666666666666,-51.4359900140932,0.5533860959954722,1,7.2
145,-47.88319993846453,-11.19061376982146,-27.556965531670286,-7.4700920423564305,-43.77998678133864,-16.25100039843817,-33.834102469823456,0.9203103923522287,-3.7503291956128546,18.43697200212714,-45.67910183376423,5.186243641294684,-3.9889301175015324,3.662337662337661,-51.71068335879699,0.8818412567327343,1,7.25
146,-48.06951867027121,-11.278906425982413,-27.62466301918123,-7.4896789976971565,-43.947878150047536,-16.193376917863315,-34.007693649808125,0.8641093792508735,-3.788325978657925,18.404963962855735,-45.920370785982584,5.105305555254684,-4.035910121624372,3.658008658008647,-51.97005516236193,1.1919762093013961,1,7.300000000000001
147,-48.255088823765995,-11.365360885012448,-27.692904812038094,-7.506706046820668,-44.1088204927684,-16.132794213858084,-34.18147292076668,0.8086125744603277,-3.8263001807029613,18.373341736070998,-46.159934131443,5.02851678548227,-4.0828901257472285,3.653679653679652,-52.21410542478801,1.483790953701443,1,7.3500000000000005
148,-48.44015805900918,-11.45048258559863,-27.761630190649115,-7.521298871757441,-44.262689234377774,-16.069175332572282,-34.3552174889177,0.7538979621679319,-3.8642513036376496,18.342113832342523,-46.39789156255135,4.955772593913414,-4.129870129870099,3.649350649350638,-52.44283414607522,1.7572854899328707,1,7.4
149,-48.624974036061055,-11.53477696642801,-27.83077843542259,-7.533583154537951,-44.40935979975217,-16.002443320155688,-34.528704560479724,0.7000435265610565,-3.9021788493516962,18.311288762239812,-46.634342771713484,4.886968242484121,-4.1768501339929465,3.6450216450216284,-52.65624132622359,2.0124598179957074,1,7.45
150,-48.809784414981934,-11.618749466187618,-27.9002888267668,-7.543684577192664,-44.54870761376811,-15.932521222758059,-34.70171134167129,0.647127251827076,-3.9400823197348394,18.28087503633246,-46.86938745133527,4.8219989931304035,-4.223830138115802,3.6406926406926337,-52.8543269652331,2.2493139378899007,1,7.5
151,-48.9948368558321,-11.702905523564546,-27.970100645090017,-7.551728821752024,-44.68060810130211,-15.859332086529193,-34.87401503871097,0.5952271221533265,-3.9779612166767246,18.250881165190023,-47.10312529382257,4.7607601077882356,-4.27081014223868,3.636363636363634,-53.03709106310375,2.467847849615508,1,7.550000000000001
152,-49.180379018671836,-11.787750577245811,-28.040153170800515,-7.557841570246513,-44.80493668723073,-15.782798957618859,-35.045392857817326,0.5444211217271832,-4.015815042067128,18.221315659382057,-47.33565599158124,4.70314684839364,-4.317790146361543,3.6320346320346295,-53.204533619835544,2.668061553172482,1,7.6000000000000005
153,-49.36665856356147,-11.8737900659185,-28.110385684306593,-7.562148504706605,-44.92156879643046,-15.702844882176892,-35.21562200520887,0.49478723473599134,-4.053643297795674,18.192187029478124,-47.56707923701715,4.649054476882622,-4.364770150484405,3.62770562770562,-53.35665463542848,2.8499550485608456,1,7.65
154,-49.55392315056129,-11.961529428269662,-28.180737466016506,-7.564775307162738,-45.03037985377786,-15.61939290635302,-35.384479687104196,0.44640344536709703,-4.091445485752121,18.163503786047766,-47.79749472253615,4.598378255191129,-4.411750154607276,3.62337662337662,-53.49345410988256,3.0135283357806184,1,7.7
155,-49.74242043973159,-12.05147410298632,-28.25114779633855,-7.565847659645403,-45.13124528414943,-15.532366076297041,-35.55174310972184,0.3993477378078944,-4.129221107826132,18.13527443966056,-48.0270021405441,4.5510134452552,-4.458730158730146,3.6190476190476155,-53.614932043197776,3.158781414831762,1,7.75
156,-49.93239809113266,-12.144129528755556,-28.321555955681003,-7.565491244185104,-45.2240405124217,-15.441687438158755,-35.71718947928033,0.3536980962457196,-4.166969665907468,18.10750750088606,-48.255701183446874,4.506855309010837,-4.505710162853017,3.6147186147186208,-53.72108843537415,3.285714285714291,1,7.800000000000001
157,-50.124103764824824,-12.240001144264417,-28.391901224452145,-7.56383174281223,-45.308640963471206,-15.347280038087947,-35.88059600199827,0.30953250486792316,-4.204690661885788,18.080211480293816,-48.48369154365031,4.465799108394027,-4.552690166975872,3.610389610389607,-53.72108843537415,3.285714285714291,1,7.8500000000000005
158,-50.31778512086835,-12.339594388199963,-28.462122883060246,-7.5609948375572955,-45.38492206217447,-15.249066922234379,-36.04173988409418,0.26692894786187504,-4.242383597650846,18.05339488845341,-48.711072913560294,4.427740105340756,-4.599670171098728,3.6060606060606117,-53.72108843537415,3.285714285714291,1,7.9
159,-50.513689819323545,-12.443414699249223,-28.53216021191359,-7.557106210450757,-45.45275923340802,-15.146971136747867,-36.2003983317866,0.22596540941494536,-4.280047975092291,18.0270662359344,-48.93794498558269,4.392573561787042,-4.646650175221583,3.601731601731598,-53.72108843537415,3.285714285714291,1,7.95
160,-50.71206552025072,-12.551967516099303,-28.601952491420466,-7.552291543523101,-45.51202790204838,-15.040915727778149,-36.356348551294104,0.18671987371447016,-4.317683296099856,18.0012340333063,-49.16440745212333,4.360194739668856,-4.6936301793444315,3.597402597402598,-53.72108843537415,3.285714285714291,1,8.0
161,-50.913159883710165,-12.665758277437197,-28.671439001989157,-7.546676518804725,-45.56260349297207,-14.930823741475029,-36.50936774883525,0.14927032494781942,-4.355289062563244,17.975906791138712,-49.39056000558809,4.330498900922239,-4.740610183467316,3.593073593073598,-53.72108843537415,3.285714285714291,1,8.05
162,-51.11722056976216,-12.785292421949979,-28.740559024027906,-7.540386818326162,-45.60436143105563,-14.816618223988296,-36.65923313062858,0.11369474730235339,-4.392864776372154,17.951093020001185,-49.616502338382844,4.303381307483167,-4.7875901875901725,3.588744588744589,-53.72108843537415,3.285714285714291,1,8.1
163,-51.32449523846703,-12.911075388324743,-28.80925183794504,-7.53354812411788,-45.63717714117557,-14.698222221467743,-36.805721902892635,0.0800711249654276,-4.4304099394163,17.926801230463276,-49.842334142913444,4.278737221287617,-4.834570191713034,3.5844155844155896,-53.72108843537415,3.285714285714291,1,8.15
164,-51.53523154988506,-13.04361261524848,-28.8774567241488,-7.526286118210307,-45.66092604820843,-14.575558780063112,-36.94861127184598,0.04847744212439267,-4.4679240535853735,17.90303993309454,-50.06815511158574,4.256461904271618,-4.881550195835905,3.5800865800865846,-53.72108843537415,3.285714285714291,1,8.200000000000001
165,-51.749677164076544,-13.18340954140829,-28.94511296304749,-7.518726482633936,-45.67548357703073,-14.448550945924248,-37.087678443707176,0.018991682966613726,-4.505406620769075,17.87981763846455,-50.29406493680559,4.2364506183711494,-4.928530199958754,3.5757575757575757,-53.72108843537415,3.285714285714291,1,8.25
166,-51.96807974110178,-13.33097160549119,-29.012159835049378,-7.5109948994192255,-45.680725152519,-14.317121765200897,-37.22270062469475,-0.00830816832054893,-4.542857142857134,17.857142857142858,-50.52016331097889,4.218598625522229,-4.9755102040816235,3.5714285714285756,-53.72108843537415,3.285714285714291,1,8.3
167,-51.96807974110178,-13.33097160549119,-29.012159835049378,-7.5109948994192255,-45.680725152519,-14.317121765200897,-37.22270062469475,-0.00830816832054893,-4.542857142857134,17.857142857142858,-50.52016331097889,4.218598625522229,-4.9755102040816235,3.5714285714285756,-53.72108843537415,3.285714285714291,1,8.35
168,-51.96807974110178,-13.33097160549119,-29.012159835049378,-7.5109948994192255,-45.680725152519,-14.317121765200897,-37.22270062469475,-0.00830816832054893,-4.542857142857134,17.857142857142858,-50.52016331097889,4.218598625522229,-4.9755102040816235,3.5714285714285756,-53.72108843537415,3.285714285714291,1,8.4
169,-51.96807974110178,-13.33097160549119,-29.012159835049378,-7.5109948994192255,-45.680725152519,-14.317121765200897,-37.22270062469475,-0.00830816832054893,-4.542857142857134,17.857142857142858,-50.52016331097889,4.218598625522229,-4.9755102040816235,3.5714285714285756,-53.72108843537415,3.285714285714291,1,8.450000000000001
170,-51.96807974110178,-13.33097160549119,-29.012159835049378,-7.5109948994192255,-45.680725152519,-14.317121765200897,-37.22270062469475,-0.00830816832054893,-4.542857142857134,17.857142857142858,-50.52016331097889,4.218598625522229,-4.9755102040816235,3.5714285714285756,-53.72108843537415,3.285714285714291,1,8.5
