Frame,Home_15_x,Home_15_y,Home_1417_x,Home_1417_y,Home_1726_x,Home_1726_y,Home_2150_x,Home_2150_y,Home_2813_x,Home_2813_y,Home_9756_x,Home_9756_y,Home_13011_x,Home_13011_y,Home_13961_x,Home_13961_y,Home_13962_x,Home_13962_y,ball_x,ball_y,Period,Time [s]
0,-17.447263015696088,-30.224929782965276,-23.71248220086435,1.9437525203043657,-14.38204978916448,-10.889690421706085,-14.95044567933263,5.634525497243192,0.07487515677932166,-23.74301786573524,-6.348565698352423,7.386236240881015,-7.879796717244044,25.55835579461231,5.393295462514917,7.5670103092783485,-1.6138999929868882,0.5007363770250254,0.07487515677932166,-23.74301786573524,1,0.0
1,-17.497775325035384,-30.177159009408353,-23.88391342401528,1.9628404894914044,-14.631006866742789,-10.796052852882562,-14.924410000068624,5.507723031789222,-0.07527767242390696,-23.732083083016747,-6.462414614668483,7.35645440976672,-8.00884902073171,25.50406657976151,5.342744933024773,7.566273932253317,-1.6785749351286892,0.48895434462444115,-0.07527767242390696,-23.732083083016747,1,0.05
2,-17.552476065019764,-30.131944571364023,-24.050294942246566,1.976829415126262,-14.879088368088658,-10.71559504594519,-14.909841316046842,5.376002929012895,-0.2337145363212788,-23.71685934969878,-6.577786904470812,7.326932012121346,-8.139425647147533,25.448543523681504,5.292194403534621,7.565537555228281,-1.743249877270512,0.47717231222386175,-0.2337145363212788,-23.71685934969878,1,0.1
3,-17.611331889180786,-30.08917591345092,-24.21176573826246,1.9858596378571542,-15.126318391630488,-10.647954255153971,-14.906530394794666,5.239478682137102,-0.40028132554653706,-23.697422967302263,-6.694698003549007,7.297650240069623,-8.271503706627296,25.39180515424303,5.241643874044447,7.564801178203236,-1.8079248194123052,0.4653902798232727,-0.40028132554653706,-23.697422967302263,1,0.15000000000000002
4,-17.67430945104995,-30.0487424802876,-24.368464794767128,1.9900714983323113,-15.372721035796692,-10.592767734768941,-14.91426800383949,5.098263784384788,-0.5748239307334475,-23.67385023734809,-6.81316334769259,7.268590285736317,-8.405060309306869,25.333869999316843,5.191093344554325,7.564064801178201,-1.8725997615541061,0.45360824742268363,-0.5748239307334475,-23.67385023734809,1,0.2
5,-17.741375404158774,-30.01053371649273,-24.52053109446479,1.9896053371999634,-15.618320399015689,-10.54967273905009,-14.932844910708726,4.952471728978847,-0.7571882425157759,-23.646217461357264,-6.933198372691023,7.239733341246132,-8.540072565321967,25.274756586773652,5.1405428150641725,7.563328424153165,-1.9372747036959141,0.44182621502209457,-0.7571882425157759,-23.646217461357264,1,0.25
6,-17.812496402038803,-29.974439066684898,-24.668103620059682,1.9846014951083264,-15.863140579715898,-10.518306522257452,-14.962051882929739,4.802216009142167,-0.9472201515272878,-23.61460094085062,-7.054818514333852,7.211060598723856,-8.676517584808499,25.214483444484202,5.089992285574022,7.562592047128134,-2.0019496458377297,0.4300441826215055,-0.9472201515272878,-23.61460094085062,1,0.30000000000000004
7,-17.887639098221555,-29.940347975482744,-24.81132135425599,1.9752003127056446,-16.107205676325744,-10.49830633865101,-15.001679688029943,4.647610118097707,-1.1447655484016814,-23.579076977349153,-7.178039208410628,7.182553250294209,-8.814372477902207,25.15306910031923,5.039441756083877,7.561855670103084,-2.066624587979523,0.41826215022091645,-1.1447655484016814,-23.579076977349153,1,0.35000000000000003
8,-17.966770146238545,-29.90814988750486,-24.950323279757935,1.9615421306401197,-16.35053978727363,-10.489309442490828,-15.051519093536713,4.488767549068335,-1.3496703237727676,-23.539721872373708,-7.302875890710831,7.154192488081915,-8.95361435473892,25.09053208214947,4.988891226593748,7.561119293078063,-2.131299530121331,0.40648011782031773,-1.3496703237727676,-23.539721872373708,1,0.4
9,-18.049856199621313,-29.87773424736991,-25.0852483792697,1.943767289560001,-16.59316701098797,-10.490953088036884,-15.111360866977446,4.325801795276996,-1.5617803682742744,-23.496611927445283,-7.429343997024026,7.125959504211753,-9.094220325454451,25.02689091784565,4.938340697103596,7.560382916053018,-2.195974472263132,0.3946980854197335,-1.5617803682742744,-23.496611927445283,1,0.45
10,-18.13686391190137,-29.848990499696445,-25.21623563549555,1.922016130113485,-16.835111445897205,-10.50287452954919,-15.180995775879522,4.158826349946597,-1.7809415725399527,-23.449823444084746,-7.557458963139683,7.097835490808429,-9.236167500184589,24.9621641352785,4.887790167613474,7.559646539027977,-2.2606494144049325,0.3829160530191348,-1.7809415725399527,-23.449823444084746,1,0.5
11,-18.227759936610234,-29.821808089103104,-25.343424031139648,1.8964289929488358,-17.07639719042972,-10.524711021287763,-15.260214587770353,3.9879547063000294,-2.006999827203583,-23.39943272381305,-7.687236224847378,7.069801639996724,-9.379432989065162,24.896370262318758,4.837239638123277,7.558910162002942,-2.325324356546748,0.3711340206185554,-2.006999827203583,-23.39943272381305,1,0.55
12,-18.322510927279417,-29.796076460208543,-25.466952548906214,1.8671462187142305,-17.317048343013937,-10.55609981751264,-15.348808070177336,3.813300357560219,-2.239801022898871,-23.3455160681511,-7.8186912179365855,7.041839143901336,-9.523993902231997,24.829527826837165,4.786689108633178,7.558173784977896,-2.389999298688541,0.35935198821795666,-2.239801022898871,-23.3455160681511,1,0.6000000000000001
13,-18.42108353744049,-29.77168505763132,-25.58696017149945,1.8343081480579377,-17.557089002078296,-10.59667817248381,-15.446566990627835,3.63497679695007,-2.4791910502595744,-23.288149778619836,-7.951839378196833,7.013929194647044,-9.66982734982085,24.761655356704477,4.736138579143004,7.557437407952857,-2.4546742408303794,0.3475699558173676,-2.4791910502595744,-23.288149778619836,1,0.65
14,-18.523444420624948,-29.748523325990064,-25.7035858816236,1.7980551216281588,-17.796543266051184,-10.646083340461296,-15.553282116649264,3.453097517692514,-2.725015799919513,-23.227410156740138,-8.086696141417683,6.986052984358566,-9.816910441967543,24.6927713797914,4.6855880496528375,7.556701030927839,-2.5193491829721726,0.3357879234167882,-2.725015799919513,-23.227410156740138,1,0.7000000000000001
15,-18.629560230364305,-29.726480709903452,-25.816968661982838,1.7585274800731192,-18.035435233361017,-10.703952575705115,-15.668744215768983,3.267776013010459,-2.9771211625123684,-23.163373504032982,-8.2232769433886,6.95819170516065,-9.965220288807945,24.62289442396866,4.635037520162715,7.5559646539027945,-2.5840241251139733,0.32400589101619914,-3.9254635060520964,-23.581731056505586,1,0.75
16,-18.7393976201901,-29.705446653990037,-25.9272474952814,1.715865564041059,-18.273789002436256,-10.769923132475283,-15.792744055514452,3.079125776126789,-3.2353530286719288,-23.096116122019254,-8.361597219899114,6.930326549178042,-10.114734000477778,24.55204301710701,4.5844869906725645,7.555228276877759,-2.648699067255774,0.3122238586155956,-5.090076952300123,-23.925475212994453,1,0.8
17,-18.85292324363385,-29.685310602868412,-26.034561364223467,1.6702097141801788,-18.511628671705253,-10.843632265031818,-15.925072403412983,2.8872603002644373,-3.4995572890319306,-23.025714312219897,-8.50167240673877,6.902438708535496,-10.265428687112909,24.480235687077183,4.533936461182412,7.5544918998527235,-2.7133740093975742,0.3004418262150162,-6.218856138663595,-24.258642626206733,1,0.8500000000000001
18,-18.970103754227075,-29.66596200115727,-26.139049251513278,1.621700271138729,-18.748978339596455,-10.924717227634709,-16.06552002699202,2.692293078646306,-3.7695798342261404,-22.952244376155836,-8.64351793969712,6.874509375357714,-10.417281458849116,24.407490961749907,4.483385931692291,7.553755522827682,-2.7780489515393976,0.28865979381443196,-7.311801065142504,-24.581233296142425,1,0.9
19,-19.09090580550131,-29.647290293475184,-26.24085013985502,1.5704775755649247,-18.985862104538302,-11.012815274544002,-16.213877693778944,2.4943376044953327,-4.045266554888292,-22.875782615347983,-8.787149254563609,6.846519741769477,-10.57026942582223,24.333827368995934,4.432835402202116,7.553019145802647,-2.8427238936811907,0.2768777614138381,-8.36891173173688,-24.893247222801506,1,0.9500000000000001
20,-19.215296050988066,-29.62918492444076,-26.340103011952916,1.5166819681069865,-19.22230406495916,-11.107563660019709,-16.369936171301127,2.2935073710343916,-4.326463341652159,-22.79640533131724,-8.932581787127791,6.818450999895509,-10.724369698168013,24.259263436685952,4.3822848727120025,7.552282768777612,-2.907398835822992,0.26509572901325384,-9.390188138446675,-25.19468440618407,1,1.0
21,-19.343241144218865,-29.61153533867264,-26.43694685051118,1.4604537894131544,-19.458328319287496,-11.208599638321838,-16.533486227085984,2.089915871486434,-4.61301608515147,-22.714188825584568,-9.079830973179199,6.790284341860577,-10.879559386022354,24.183817692690766,4.331734343221828,7.551546391752576,-2.972073777964792,0.2533136966126696,-10.375630285271924,-25.485544846290043,1,1.05
22,-19.474707738725268,-29.594230980789437,-26.531520638234003,1.4019333801316443,-19.693958965951694,-11.315560463710362,-16.7043186286609,1.8836765990743447,-4.904770676020014,-22.62920939967087,-9.228912248507353,6.762000959789373,-11.035815599520983,24.107508664881045,4.281183813731683,7.550810014727545,-3.036748720106608,0.24153166421207573,-11.325238172212632,-25.7658285431194,1,1.1
23,-19.609662488038754,-29.577161295409763,-26.623963357825623,1.3412610809106766,-19.929220103380178,-11.428083390445355,-16.882224143553255,1.6749030470210264,-5.201573004891525,-22.54154335509707,-9.37984104890176,6.733582045806674,-11.193115448799738,24.030354881127565,4.230633284241554,7.550073637702495,-3.101423662248416,0.229749631811477,-12.239011799268784,-26.03553549667221,1,1.1500000000000001
24,-19.74807204569085,-29.560215727152215,-26.714413991990245,1.278577232398467,-20.164135830001364,-11.545805672786813,-17.06699353929045,1.4637087085494258,-5.503268962399755,-22.451266993384078,-9.532632810151956,6.70500879203723,-11.351436043994447,23.95237486930104,4.18008275475141,7.549337260677459,-3.166098604390217,0.21796759941088795,-13.116951166440359,-26.294665706948408,1,1.2000000000000002
25,-19.889903065213115,-29.543283720635422,-26.803011523432026,1.2140221752432652,-20.39873024424366,-11.668364564994748,-17.258417583399876,1.250207076882437,-5.8097044391784625,-22.35845661605283,-9.68730296804743,6.6762623906057526,-11.5107544952409,23.87358715727221,4.129532225261258,7.548600883652429,-3.230773546532025,0.20618556701031338,-13.95905627372737,-26.54321917394807,1,1.25
26,-20.03512220013702,-29.526254720478008,-26.88989493485525,1.1477362500932964,-20.6330274445355,-11.795397321329155,-17.45628704340893,1.0345116452429721,-6.120725325861382,-22.263188524624244,-9.843866958377737,6.647324033637014,-11.6710479126749,23.794010272911816,4.078981695771098,7.5478645066273975,-3.2954484886738253,0.19440353460970983,-14.765327121129884,-26.78119589767111,1,1.3
27,-20.183696103994134,-29.50901817129858,-26.97520320896409,1.0798597975967668,-20.867051529305304,-11.926541196050074,-17.660392686845015,0.81673590685394,-6.436177513082294,-22.165539020619246,-10.00234021693241,6.618174913255742,-11.832293406432264,23.71366274409058,4.0284311662809476,7.547128129602357,-3.3601234308156336,0.18262150220913526,-15.535763708647792,-27.008595878117603,1,1.35
28,-20.335591430315972,-29.491463517715786,-27.059075328462743,1.010533158401892,-21.100826596981445,-12.061433443417526,-17.870525281235494,0.5969933549382389,-6.755906891474943,-22.06558440555876,-10.162738179500932,6.588796221586667,-11.994468086648764,23.632563098679256,3.9778806367908106,7.546391752577311,-3.4247983729574116,0.1708394698085317,-16.270366036281175,-27.225419115287487,1,1.4000000000000001
29,-20.49077483263405,-29.473480204348164,-27.141650276055454,0.9398966731569457,-21.334376745992387,-12.19971131769148,-18.086475594107768,0.3753974827188156,-7.079759351673079,-21.963400980963698,-10.325076281872828,6.5591691507545695,-12.157549063460294,23.550729864548558,3.9273301073006586,7.545655375552282,-3.48947331509925,0.1590574374079378,-16.96913410402997,-27.4316656091808,1,1.4500000000000002
30,-20.64921296447987,-29.454957675814416,-27.223067034446423,0.8680906825101001,-21.567726074766526,-12.341012073132012,-18.30803439298924,0.1520617834185589,-7.407580784310444,-21.859065048355,-10.489369959837648,6.5292748928841435,-12.321513447002573,23.46818156956923,3.8767795778105065,7.54491899852725,-3.5541482572410357,0.14727540500737776,-17.63206791189424,-27.627335359797545,1,1.5
31,-20.810872479384994,-29.435785376733122,-27.30346458633983,0.7952555271096148,-21.800898681732274,-12.484972963999093,-18.534992445407294,-0.07290024973962318,-7.739217080020793,-21.75265290925358,-10.655634649184869,6.499094640100146,-12.486338347411465,23.384936741612,3.826229048320378,7.54418262150221,-3.6188231993828435,0.13549337260676936,-18.25916745987395,-27.812428367137706,1,1.55
32,-20.975720030880943,-29.4158527517229,-27.382981914439924,0.7215315476036954,-22.033918665318044,-12.631231244552751,-18.767140518889327,-0.29937512353280793,-8.074514129437931,-21.644240865180336,-10.823885785704068,6.468609584527337,-12.652000874822772,23.30101390854762,3.775678518830226,7.54344624447717,-3.6834981415246673,0.1237113402061803,-18.850432747969105,-27.986944631201265,1,1.6
33,-21.14372227249921,-29.395049245402376,-27.461758001450885,0.6470590846405725,-22.26681012395228,-12.779424169053001,-19.004269380962715,-0.5272493447380535,-8.413317823195515,-21.533905217656226,-10.994138805184722,6.437800918290452,-12.818478139372246,23.2164315982468,3.725127989340082,7.542709867452139,-3.74817308366646,0.11192930780559124,-19.405863776179697,-28.150884151988254,1,1.6500000000000001
34,-21.31484585777133,-29.373264302390126,-27.53993183007695,0.571978478868476,-22.499597156063363,-12.929188991759846,-19.24616979915488,-0.7564094201325049,-8.755474051927383,-21.421722268202153,-11.166409143416367,6.406649833514205,-12.985747251195773,23.131208338580297,3.674577459849923,7.541973490427103,-3.8128480258082837,0.1001472754050215,-19.92546054450573,-28.304246929498678,1,1.7000000000000002
35,-21.489057440228855,-29.35038736730481,-27.61764238302231,0.49643007093563624,-22.732303860079746,-13.080162966933305,-19.492632540993174,-0.9867418564932297,-9.100828706267244,-21.307768318339033,-11.34071223618852,6.375137522323387,-13.153785320429119,23.045362657418835,3.624026930359786,7.541237113402053,-3.877522967950084,0.08836524300442761,-20.40922305294722,-28.447032963732518,1,1.75
36,-21.666323673403262,-29.326307884765026,-27.69502864299118,0.420554201490269,-22.96495433442982,-13.231983348833408,-19.74344837400502,-1.2181331605973054,-9.449227676848869,-21.19211966958784,-11.517063519290707,6.343245176842708,-13.322569457208097,22.95891308263314,3.5734764008696036,7.540500736377023,-3.942197910091877,0.07658321060382889,-20.85715130150416,-28.579242254689763,1,1.8
37,-21.846611210826115,-29.30091529938939,-27.77222959268777,0.34449121118058995,-23.197572677541995,-13.384287391720173,-19.998408065717797,-1.450469839221829,-9.800516854306007,-21.07485262346942,-11.695478428512423,6.310953989196893,-13.49207677166854,22.87187814209396,3.5229258713794747,7.539764359351987,-4.0068728522337,0.06480117820323983,-21.269245290176528,-28.70087480237045,1,1.85
38,-22.0298867060289,-29.27409905579657,-27.849384214816283,0.26838144065485836,-23.4301829878447,-13.53671234985359,-20.2573023836589,-1.6836383991438917,-10.154542129272377,-20.956043481504743,-11.875972399643235,6.2782451515107205,-13.6622843739462,22.78427636367204,3.4723753418893453,7.539027982326951,-4.071547794375486,0.05301914580265077,-21.64550501896435,-28.811930606774524,1,1.9000000000000001
39,-22.216116812543184,-29.245748598605076,-27.926631492080933,0.1923652305612609,-23.662809363766364,-13.688895477493691,-20.519922095355717,-1.9175253471405713,-10.511149392381807,-20.835768545214716,-12.058560868472654,6.245099855908915,-13.833169374176947,22.696126275238072,3.4218248123992088,7.538291605301915,-4.136222736517286,0.04123711340206171,-21.985930487867627,-28.912409667902065,1,1.9500000000000002
40,-22.405268183900464,-29.215753372433596,-28.004110407185962,0.11658292154805196,-23.895475903735367,-13.840474028900465,-20.78605796833565,-2.152017189988955,-10.870184534267995,-20.71410411612026,-12.243259270790166,6.211499294516229,-14.004708882496551,22.607446404662827,3.3712742829090416,7.53755522827688,-4.200897678659102,0.029455081001487145,-22.290521696886337,-29.00231198575297,1,2.0
41,-22.597307473632252,-29.184002821900748,-28.081959942835528,0.04117485426342313,-24.128206706180165,-13.991085258333953,-21.055500770126084,-2.387000434466125,-11.231493445564702,-20.59112649574231,-12.43008304238531,6.1774246594573885,-14.176880009040811,22.51825527981704,3.320723753418905,7.53681885125184,-4.265572620800896,0.01767304860088359,-22.5592786460205,-29.081637560327344,1,2.0500000000000003
42,-22.792201335270114,-29.150386391625105,-28.16031908173387,-0.03371863064437605,-24.36102586952914,-14.140366420054155,-21.32804126825441,-2.6223615873492063,-11.594922016905702,-20.466911985601783,-12.61904761904762,6.142857142857142,-14.349659863945577,22.42857142857143,3.2701732239287535,7.536082474226804,-4.330247562942696,0.005891016200289698,-22.792201335270114,-29.150386391625105,1,2.1
43,-22.989916422345544,-29.11479352622532,-28.239326806585186,-0.10795719252710569,-24.593957492210727,-14.287954768321088,-21.60347023024802,-2.8579871554152434,-11.960316138924728,-20.341536887219583,-12.810168436566599,6.107777936840244,-14.523025557346642,22.33841337879674,3.219622694438587,7.535346097201768,-4.394922505084534,-0.0058910162002800345,-22.989916422345544,-29.11479352622532,1,2.15
44,-23.19041938839007,-29.077113670320028,-28.3191221000937,-0.18140049073657905,-24.827025672653345,-14.433487557394763,-21.881578423634306,-3.093763645441357,-12.327521702255538,-20.215077502116653,-13.003460930731809,6.072168233531418,-14.696954199379798,22.247799658363682,3.169072164948465,7.534609720176729,-4.4595974472263205,-0.017673048600869094,-23.19041938839007,-29.077113670320028,1,2.2
45,-23.3936768869352,-29.037236268527792,-28.39984394496361,-0.25390818462452724,-25.060254509285397,-14.57660204153522,-22.162156615940674,-3.3295775642046,-12.696384597531898,-20.087610131813925,-13.19894053733271,6.036009225055413,-14.87142290018088,22.156748795143052,3.118521635458313,7.5338733431517015,-4.524272389368129,-0.029455081001467816,-23.3936768869352,-29.037236268527792,1,2.25
46,-23.59965557151247,-28.995050765467262,-28.481631323899116,-0.32533993354276364,-25.29366810053531,-14.716935475002456,-22.444995574694474,-3.565315418482088,-13.066750715387506,-19.95921107783227,-13.396622692158841,5.9992821035369746,-15.046408769885659,22.06527931700552,3.067971105968154,7.533136966126657,-4.588947331509951,-0.04123711340205688,-23.59965557151247,-28.995050765467262,1,2.3000000000000003
47,-23.808322095653423,-28.95044660575703,-28.56462321960446,-0.3955553968430627,-25.5272905448315,-14.854125112056453,-22.729886067423152,-3.8008637150509044,-13.4384659464562,-19.82995664169269,-13.596522830999774,5.9619680611008405,-15.221888918629952,21.973409751821844,3.017420576478017,7.532400589101621,-4.653622273651759,-0.05301914580264594,-23.808322095653423,-28.95044660575703,1,2.35
48,-24.019643112889558,-28.90331323401575,-28.648958614783826,-0.46441423387716524,-25.76114594060237,-14.98780820695728,-23.016618861654045,-4.036108960688116,-13.811376181371664,-19.69992312491604,-13.798656389644954,5.924048289871731,-15.397840456549606,21.881158627462753,2.9668700469878733,7.531664212076571,-4.7182972157935605,-0.06480117820322534,-24.019643112889558,-28.90331323401575,1,2.4000000000000004
49,-24.233585276752404,-28.853540094861998,-28.73477649214143,-0.5317761039968557,-25.99525838627635,-15.11762201396493,-23.304984724914586,-4.270937662170859,-14.185327310767688,-19.569186829023256,-14.003038803883943,5.885503981974439,-15.5742404937804,21.788544471798993,2.916319517497706,7.530927835051536,-4.782972157935353,-0.07658321060382406,-24.233585276752404,-28.853540094861998,1,2.45
50,-24.450115240773492,-28.801016632914433,-28.82221583438148,-0.597500666553947,-26.229651980281858,-15.243203787339393,-23.594774424732176,-4.505236326276186,-14.560165225277997,-19.437824055535305,-14.209685509506254,5.8463163295336695,-15.751066140458127,21.69558581270129,2.865768988007577,7.5301914580265095,-4.847647100077154,-0.08836524300441795,-24.450115240773492,-28.801016632914433,1,2.5
51,-24.669199658484345,-28.745632292791623,-28.911415624208196,-0.6614475809001658,-26.464350821047308,-15.364190781340712,-23.885778728634154,-4.738891459781178,-14.935735815536404,-19.30591110597304,-14.418611942301427,5.806466524674181,-15.92829450671862,21.60230117804038,2.8152184585174176,7.529455081001483,-4.912322042218962,-0.10014727540500701,-24.669199658484345,-28.745632292791623,1,2.5500000000000003
52,-24.890805183416475,-28.687276519112228,-29.00251484432578,-0.7234765063873252,-26.699379007001085,-15.48022025022891,-24.177788404147947,-4.971789569462935,-15.311884972176578,-19.173524281857453,-14.629833538058945,5.765935759520693,-16.10590270269768,21.508709095687003,2.7646679290273184,7.528718703976434,-4.97699698436074,-0.11192930780561056,-24.890805183416475,-28.687276519112228,1,2.6
53,-25.114898469101423,-28.625838756494815,-29.095652477438442,-0.7834471023671755,-26.934760636571653,-15.590929448263987,-24.47059421880095,-5.203817162098556,-15.688458585832326,-19.040739884709396,-14.84336573256836,5.724705226197959,-16.28386783853112,21.414828093511886,2.714117399537129,7.527982326951407,-5.041671926502579,-0.12371134020615614,-25.114898469101423,-28.625838756494815,1,2.6500000000000004
54,-25.341446169070693,-28.561208449558038,-29.1909675062504,-0.8412190281914772,-27.1705198081874,-15.695955629705933,-24.76398694012055,-5.434860744465109,-16.06530254713741,-18.90763421604983,-15.059223961619175,5.68275611683074,-16.462167024354756,21.320676699385764,2.663566870047007,7.527245949926367,-5.106346868644387,-0.13549337260675967,-25.341446169070693,-28.561208449558038,1,2.7
55,-25.57041493685583,-28.49327504292053,-29.288598913465847,-0.896651943212048,-27.406680620276752,-15.794936048814792,-25.05775733563414,-5.664806823339695,-16.442262746725532,-18.774283577399693,-15.277423661000938,5.6400696235437575,-16.64077737030438,21.226273441179398,2.6130163405568405,7.526509572901326,-5.171021810786202,-0.1472754050073536,-25.57041493685583,-28.49327504292053,1,2.75
56,-25.801771425988328,-28.42192798120085,-29.388685681789,-0.949605506780629,-27.64326717126812,-15.887507959850545,-25.3516961728691,-5.893541905499397,-16.8191850752305,-18.640764270279885,-15.497980266503154,5.596626938461758,-16.81967598651579,21.131636846763467,2.5624658110666814,7.525773195876291,-5.235696752927995,-0.1590574374079378,-25.801771425988328,-28.42192798120085,1,2.8000000000000003
57,-26.03548228999974,-28.347056709017675,-29.49136679392408,-0.9999393782490139,-27.88030355958992,-15.973308617073297,-25.645594219352812,-6.120952497721317,-17.19591542328603,-18.507152596211316,-15.720909213915307,5.55240925370948,-16.998839983124807,21.036785444008746,2.5119152815765595,7.525036818851241,-5.300371695069796,-0.1708394698085317,-26.03548228999974,-28.347056709017675,1,2.85
58,-26.271514182421587,-28.268550670989555,-29.596781232575275,-1.0475132169689534,-28.11781388367058,-16.051975274742954,-25.93924224261273,-6.346925106782533,-17.57229968152589,-18.37352485671494,-15.946225939026968,5.507397761411652,-17.17824647026724,20.941737760785955,2.461364752086408,7.524300441826219,-5.365046637211597,-0.1826215022091159,-26.271514182421587,-28.268550670989555,1,2.9000000000000004
59,-26.509833756785387,-28.186299311735173,-29.70506798044683,-1.0921866822922508,-28.3558222419385,-16.123145187119583,-26.232431010176146,-6.571346239460116,-17.948183740583847,-18.23995735331166,-16.17394587762765,5.461573653693039,-17.357872558078917,20.846512324965836,2.4108142225962483,7.523564064801189,-5.429721579353398,-0.19440353460970983,-26.509833756785387,-28.186299311735173,1,2.95
60,-26.750407666622642,-28.100192075873096,-29.816366020242928,-1.1338194335706615,-28.59435273282211,-16.186455608463184,-26.524951289570552,-6.7941024025311725,-18.32341349109361,-18.106526387522408,-16.40408446550685,5.414918122678384,-17.537695356695608,20.75112766441913,2.3602636931061043,7.522827687776144,-5.49439652149519,-0.20618556701029403,-26.750407666622642,-28.100192075873096,1,3.0
61,-26.993202565464912,-28.01011840802198,-29.93081433466777,-1.1722711301559796,-28.833429454749805,-16.241543793033795,-26.816593848323272,-7.015080102772796,-18.697834823688975,-17.97330826086806,-16.636657138454115,5.367412360492416,-17.717691976253157,20.65560230701656,2.3097131636159673,7.522091310751108,-5.559071463637014,-0.21796759941088795,-26.993202565464912,-28.01011840802198,1,3.0500000000000003
62,-27.238185106843694,-27.915967752800398,-30.048551906425594,-1.2074014313999455,-29.073076506150027,-16.2880469950914,-27.10714945396173,-7.23416584696206,-19.071293629003687,-17.840379274869598,-16.871679332258935,5.319037559259886,-17.897839526887335,20.55995478062887,2.2591626341258157,7.5213549337260535,-5.623746405778814,-0.22974963181148667,-27.238185106843694,-27.915967752800398,1,3.1
63,-27.48532194429053,-27.81762955482698,-30.169717718220593,-1.239069996654373,-29.313317985451175,-16.325602468896037,-27.3964088740133,-7.451246141876047,-19.443635797671483,-17.707815731047933,-17.10916648271088,5.269774911105532,-18.078115118733983,20.46420361312676,2.2086121046356713,7.520618556701032,-5.68842134792063,-0.24153166421206607,-27.48532194429053,-27.81762955482698,1,3.1500000000000004
64,-27.734579731336915,-27.71499325872036,-30.294450752756983,-1.2671364852710267,-29.554177991081673,-16.35384746870768,-27.684162876005384,-7.666207494291861,-19.814707220326135,-17.575693930923975,-17.349134025599433,5.219605608154089,-18.258495861928907,20.368367332381027,2.1580615751455277,7.519882179675992,-5.753096290062438,-0.2533136966126503,-27.734579731336915,-27.71499325872036,1,3.2
65,-27.985925121514406,-27.607948309099175,-30.422889992738956,-1.291460556601657,-29.795680621469923,-16.372419248786397,-27.970202227465386,-7.878936410986594,-20.18435378760138,-17.444090176018637,-17.59159739671411,5.168510842530309,-18.438958866607894,20.272464466262342,2.107511045655383,7.519145802650961,-5.817771232204216,-0.26509572901325384,-27.985925121514406,-27.607948309099175,1,3.25
66,-28.239324768354518,-27.496384150581978,-30.55517442087075,-1.311901869998058,-30.037849975044367,-16.38095506339216,-28.25431769592067,-8.089319398737317,-20.552421390130988,-17.31308076785287,-17.836572031844458,5.116471806358929,-18.619481242906748,20.176513542641505,2.0569605161652236,7.518409425625925,-5.88244617434604,-0.27687776141384773,-28.239324768354518,-27.496384150581978,1,3.3000000000000003
67,-28.494745325388767,-27.38019022778745,-30.691443019856568,-1.3283200848120091,-30.280710150233393,-16.379092166785043,-28.536300048898642,-8.297242964321143,-20.918755918548698,-17.182742007947585,-18.084073366779982,5.063469691764685,-18.800040100961322,20.08053308938919,2.006409986675102,7.51767304860088,-5.947121116487832,-0.2886597938144175,-28.494745325388767,-27.38019022778745,1,3.35
68,-28.75215344614867,-27.259255985334153,-30.83183477240061,-1.3405748603952656,-30.524285245465457,-16.36646781322498,-28.815940053926692,-8.502593614515119,-21.28320326348827,-17.053150197823662,-18.334116837310205,5.0094856908723395,-18.98061255090738,19.984541634376153,1.9558594571849355,7.516936671575845,-6.011796058629656,-0.3004418262150162,-28.75215344614867,-27.259255985334153,1,3.4000000000000004
69,-29.011515784165784,-27.133470867840725,-30.97648866120708,-1.348525856099636,-30.768599359168924,-16.34271925697202,-29.093028478532208,-8.705257856096374,-21.645609315583464,-16.924381639002103,-18.586717879224654,4.954500995806622,-19.161175702880758,19.888557705473143,1.905308927694791,7.516200294550818,-6.076471000771448,-0.3122238586155956,-29.011515784165784,-27.133470867840725,1,3.45
70,-29.272798992971573,-27.002724319925765,-31.12554366898021,-1.3520327312768512,-31.013676589772253,-16.307483752286192,-29.367356090242605,-8.905122195841967,-22.00581996546801,-16.796512633003758,-18.84189192831284,4.898496798692268,-19.34170666701722,19.79259983055087,1.8547583982046394,7.515463917525778,-6.141145942913273,-0.3240058910161798,-29.272798992971573,-27.002724319925765,1,3.5
71,-29.53596972609762,-26.866905786207948,-31.279138778424187,-1.3509551452787345,-31.25954103570383,-16.260398553427528,-29.638713656585242,-9.102073140529011,-22.36368110377567,-16.669619481349592,-19.0996544203643,4.841454291654016,-19.522182553452627,19.69668653748009,1.8042078687145027,7.514727540500747,-6.205820885055043,-0.33578792341679303,-29.53596972609762,-26.866905786207948,1,3.5500000000000003
72,-29.80099463707542,-26.72590471130582,-31.43741297224324,-1.3451527574570261,-31.506216795392074,-16.20110091465597,-29.906891945087526,-9.295997196934582,-22.719038621140196,-16.543778485560516,-19.360020791168527,4.783354666816624,-19.702580472322776,19.60083635413153,1.7536573392243657,7.513991163475707,-6.270495827196859,-0.34756995581737726,-29.80099463707542,-26.72590471130582,1,3.6
73,-30.067840379436497,-26.579610539838047,-31.60050523314156,-1.3344852271635108,-31.75372796726542,-16.1292280902316,-30.171681723276855,-9.486780871835771,-23.07173840819537,-16.419065947157446,-19.62300647651507,4.724179116304828,-19.88287753376345,19.505067808375927,1.703106809734199,7.513254786450652,-6.335170769338659,-0.35935198821795183,-30.067840379436497,-26.579610539838047,1,3.6500000000000004
74,-30.336473606712403,-26.427912716423194,-31.76855454382338,-1.318812213749963,-32.002098649752284,-16.044417334414394,-30.432873758680614,-9.674310672009625,-23.421626355574915,-16.2955581676613,-19.88862691219343,4.663908832243355,-20.063050847910485,19.409399428083994,1.6525562802440548,7.51251840942563,-6.399845711480475,-0.3711340206185457,-30.336473606712403,-26.427912716423194,1,3.7
75,-30.60686097243462,-26.270700685679916,-31.941699886992893,-1.2979933765681284,-32.25135294128108,-15.946305901464378,-30.690258818826198,-9.858473104233315,-23.768548353912603,-16.173331448593025,-20.156897533993142,4.602525006756992,-20.243077524899665,19.313849741126514,1.6020057507538956,7.511782032400595,-6.464520653622284,-0.38291605301914444,-30.60686097243462,-26.270700685679916,1,3.75
76,-30.878969130134692,-26.107863892226835,-32.12008024535431,-1.2718883749698346,-32.50151494028018,-15.834531045641608,-30.943627671240982,-10.039154675283875,-24.112350293842166,-16.05246209147351,-20.42783377770372,4.540008831970415,-20.422934674866813,19.21843727537417,1.5514552212637662,7.5110456553755505,-6.529195595764076,-0.3946980854197335,-30.878969130134692,-26.107863892226835,1,3.8000000000000003
77,-31.152746210380037,-25.939372781402145,-32.303758424251534,-1.2404301446548847,-32.752532200429314,-15.708910736883546,-31.192891405903982,-10.21622560229914,-24.452940614146183,-15.933007949879492,-20.701422166667243,4.476356335222634,-20.602605242675086,19.12317583586177,1.500904691773607,7.510309278350519,-6.593870537905907,-0.4064801178203129,-31.152746210380037,-25.939372781402145,1,3.85
78,-31.428066251881727,-25.765521801422445,-32.49249251958722,-1.2038447267152241,-33.004046096413106,-15.569985807837952,-31.438442402600643,-10.389490943860075,-24.790477946202536,-15.814953085610886,-20.977533574435903,4.41162288470946,-20.782095512096845,19.028060336280245,1.4503541622834701,7.509572901325483,-6.6585454800476995,-0.41826215022090196,-31.428066251881727,-25.765521801422445,1,3.9000000000000004
79,-31.704784770386723,-25.58668640122398,-32.685964449903686,-1.1624314385909182,-33.25562145816744,-15.41847780682997,-31.68079336356796,-10.558739468908342,-25.125183469537873,-15.69826311252341,-21.256009962114454,4.345878683840941,-20.961417601631886,18.933080967484607,1.3998036327933336,7.508836524300448,-6.7232204221895,-0.43004418262149585,-31.704784770386723,-25.58668640122398,1,3.95
80,-31.98275728164199,-25.40324202974288,-32.8838561337433,-1.1164895977219598,-33.506823115628244,-15.255108282184834,-31.920456991043007,-10.72375994638561,-25.4572783636789,-15.582903644472713,-21.536693290807687,4.279193936027099,-21.14058362977998,18.838227920329874,1.349253103303197,7.508100147275412,-6.787895364331287,-0.4418262150220849,-31.98275728164199,-25.40324202974288,1,4.0
81,-32.26183930139448,-25.21556413591543,-33.085849489648375,-1.0663185215483952,-33.75721589873141,-15.080598782227767,-32.157945987262806,-10.884341145233579,-25.786983808152275,-15.468840295314541,-21.819425521620364,4.211638844678011,-21.31960571504083,18.74349138567102,1.2987025738130376,7.5073637702503575,-6.852570306473101,-0.45360824742267397,-32.26183930139448,-25.21556413591543,1,4.05
82,-32.54188634539116,-25.024028168677738,-33.29162643616126,-1.0122175275102319,-34.006364637412844,-14.89567085528394,-32.393773054464404,-11.040271834393899,-26.114520982484706,-15.356038678904632,-22.104048615657227,4.1432836132036925,-21.498495975914246,18.648861554363048,1.2481520443228935,7.506627393225331,-6.917245248614894,-0.46539027982326303,-32.54188634539116,-25.024028168677738,1,4.1000000000000005
83,-32.822753929379,-24.82900957696609,-33.500868891824304,-0.954485933047487,-34.25383416160844,-14.701046049678599,-32.628450894884836,-11.191340782808284,-26.440111066202856,-15.24446440909861,-22.390404534023038,4.074198445014221,-21.677266530899942,18.554328617260957,1.197601514832749,7.505891016200291,-6.981920190756696,-0.4771723122238521,-32.822753929379,-24.82900957696609,1,4.15
84,-33.10429756910495,-24.630883809716668,-33.713258775179824,-0.8934230556001777,-34.499189301254106,-14.497445913736902,-32.862492210761125,-11.337336759418404,-26.76397523883341,-15.134083099752237,-22.67833523782256,4.004453543519631,-21.855929498497698,18.459882765219756,1.147050985342605,7.505154639175256,-7.046595132898504,-0.48895434462444115,-33.10429756910495,-24.630883809716668,1,4.2
85,-33.38637278031598,-24.430026315865632,-33.928478004770184,-0.82932821260835,-34.74199488628574,-14.285591995784086,-33.09640970433034,-11.478048533165929,-27.086334679903054,-15.024860364721185,-22.967682688160547,3.934119112129934,-22.034496997207246,18.365514189094426,1.0965004558524305,7.504418262150229,-7.111270075040305,-0.5007363770250399,-33.38637278031598,-24.430026315865632,1,4.25
86,-33.66883507875904,-24.22681254434923,-34.146208499137686,-0.7625007215120115,-34.981815746639235,-14.066205844145383,-33.330716077829486,-11.613264872992568,-27.407410568938463,-14.916761817861186,-23.258288846141777,3.863265354255207,-22.212981145528335,18.271213079739983,1.0459499263623089,7.503681885125184,-7.17594501718212,-0.5125184094256144,-33.66883507875904,-24.22681254434923,1,4.3
87,-33.951539980181124,-24.021617944103664,-34.366132176824706,-0.693239899751189,-35.21821671225051,-13.840009007145966,-33.56592403349562,-11.742774547839975,-27.727424085466318,-14.80975307302797,-23.54999567287099,3.7919624733054853,-22.3913940619607,18.176969628011424,0.9953993968721572,7.5029455081001535,-7.240619959323921,-0.524300441826218,-33.951539980181124,-24.021617944103664,1,4.3500000000000005
88,-34.23434300032916,-23.814817964065092,-34.58793095637356,-0.6218450647659143,-35.450762613055446,-13.607723033111048,-33.802546273565774,-11.866366326649826,-28.046596409013294,-14.703799744077163,-23.84264512945294,3.7202806726908175,-22.569747865004157,18.082774024763722,0.9448488673820279,7.5022091310751025,-7.305294901465729,-0.5360824742267973,-34.23434300032916,-23.814817964065092,1,4.4
89,-34.51709965495015,-23.60678805316976,-34.811286756326595,-0.5486155339961898,-35.67901827898996,-13.370069470365838,-34.04109550027698,-11.983828978363853,-28.365148719106084,-14.598867444864542,-24.136079176992425,3.6482901558212473,-22.74805467315842,17.988616460851933,0.8942983378918913,7.501472754050091,-7.369969843607538,-0.5478645066273962,-34.51709965495015,-23.60678805316976,1,4.45
90,-34.79966545979102,-23.39790366035386,-35.035881495226135,-0.47385062488205676,-35.90254853998993,-13.12776986723555,-34.282084415866294,-12.094951271923675,-28.683302195271356,-14.494921789245788,-24.43013977659417,3.5760611261068003,-22.926326604923233,17.894487127130972,0.8437478084017394,7.500736377025037,-7.434644785749345,-0.55964653902799,-34.79966545979102,-23.39790366035386,1,4.5
91,-35.08189593059873,-23.188540234553585,-35.26139709161454,-0.39784965486351326,-36.1209182259913,-12.881545772045396,-34.52602572257073,-12.199521976271006,-29.001278017035805,-14.391928391076592,-24.724668889362963,3.503663786957554,-23.10457577879837,17.800376214455905,0.7931972789115727,7.500000000000006,-7.499319727891138,-0.5714285714285791,-35.08189593059873,-23.188540234553585,1,4.55
92,-35.363646583120286,-22.97907322470512,-35.48751546403414,-0.32091194138058116,-36.33369216692993,-12.632118733120562,-34.773432122627334,-12.29732986034752,-29.31929736392612,-14.289852864212676,-25.01950847640353,3.4311683417835432,-23.282814313283563,17.70627391368172,0.7426467494214284,7.499263622974955,-7.563994670032947,-0.5832106038291536,-35.363646583120286,-22.97907322470512,1,4.6000000000000005
93,-35.64477293310262,-22.769878079744714,-35.713918531027275,-0.24333680187332588,-36.540435192741754,-12.380210298786261,-35.02481631827316,-12.388163693094894,-29.637581415468944,-14.188660822509743,-25.314500498820657,3.358644993994798,-23.461054326878582,17.612170415663385,0.6920962199312766,7.49852724594993,-7.628669612174762,-0.5949926362297572,-35.64477293310262,-22.769878079744714,1,4.65
94,-35.92513049629269,-22.56133024860854,-35.940288211136284,-0.16542355378173085,-36.74071213336264,-12.126542017367727,-35.28069101174524,-12.471812243454814,-29.956351351190992,-14.08831787982349,-25.609486917719106,3.286163947001367,-23.639307938083167,17.51805591125594,0.6415456904411097,7.497790868924894,-7.693344554316556,-0.6067746686303462,-35.92513049629269,-22.56133024860854,1,4.7
95,-36.20457478843747,-22.35380518023282,-36.16630642290349,-0.08747151454584212,-36.93408781872851,-11.871835437190155,-35.541568905280585,-12.54806428036896,-30.275828350618923,-13.988789650009616,-25.904309694203626,3.2137954042132892,-23.817587265397087,17.423920591314335,0.590995160950988,7.497054491899863,-7.758019496458356,-0.6185567010309353,-36.20457478843747,-22.35380518023282,1,4.75
96,-36.48296132528392,-22.14767832355373,-36.391655084871246,-0.009780001605672056,-37.120127078775255,-11.616812106578735,-35.80796270111625,-12.616708572779013,-30.596233593279436,-13.890041746923874,-26.198810789378978,3.1416095690406145,-23.995904427320074,17.329754646693605,0.5404446314608589,7.496318114874799,-7.822694438600164,-0.6303387334315292,-36.48296132528392,-22.14767832355373,1,4.800000000000001
97,-36.76014562257901,-21.943325127507464,-36.6160161155819,0.06735166759878637,-37.29839474343879,-11.362193573858654,-36.0803851014893,-12.677533889626652,-30.917788258699197,-13.792039784421876,-26.49283216434992,3.069676644893425,-24.17427154235191,17.23554826824875,0.48989410197069955,7.495581737849778,-7.887369380741973,-0.6421207658321134,-36.76014562257901,-21.943325127507464,1,4.8500000000000005
98,-37.0359831960697,-21.741121041030254,-36.83907143357777,0.14362417562748706,-37.46845564265502,-11.108701387355163,-36.35934880863672,-12.730328999853551,-31.240713526404903,-13.6947493763594,-26.786215780221234,2.9980668351817026,-24.35270072899232,17.14129164683475,0.43934357248052525,7.494845360824747,-7.952044322883789,-0.6539027982326832,-37.0359831960697,-21.741121041030254,1,4.9
99,-37.31027886977246,-21.541343393482165,-37.06057707374424,0.218788549057291,-37.630092552421516,-10.856936078182413,-36.64518658233225,-12.775055286480544,-31.56515474866149,-13.598099381741639,-27.078803598097647,2.92685034331551,-24.53120063490787,17.04697778272252,0.3887930429904186,7.494108983799688,-8.016719265025582,-0.6656848306332868,-37.31027886977246,-21.541343393482165,1,4.95
100,-37.58263470078187,-21.34387703591853,-37.280585536338826,0.29279719053288633,-37.78396003298271,-10.607014108610183,-36.93751141249622,-12.812364588844957,-31.890953968687008,-13.501871640171439,-27.370437579083937,2.8560973727049217,-24.70976602443233,16.952610913846677,0.33824251350024426,7.493372606774667,-8.081394207167389,-0.6774668630338758,-37.58263470078187,-21.34387703591853,1,5.0
101,-37.85260205446197,-21.148508699818752,-37.499223437962065,0.36565284671578124,-37.93093059064467,-10.358930923697278,-37.235756346585624,-12.843081360363204,-32.21787740243776,-13.405811236401293,-27.66095968428487,2.785878126759952,-24.888388191066294,16.858198087557682,0.28769198401010754,7.492636229749631,-8.146069149309199,-0.6892488954344697,-37.85260205446197,-21.148508699818752,1,5.050000000000001
102,-38.119732296176856,-20.95502511666201,-37.716617395214506,0.43735826426752766,-38.07187673171351,-10.11268196850245,-37.53935443205749,-12.868030054451776,-32.54569126587006,-13.309663255183596,-27.950211874805206,2.7162628088906553,-25.067058428310283,16.763746351206056,0.2371414545199633,7.491899852724595,-8.210744091450998,-0.7010309278350587,-38.119732296176856,-20.95502511666201,1,5.1000000000000005
103,-38.383576791290615,-20.763213017927587,-37.9328940246967,0.5079161898496869,-38.20767096249534,-9.868262688084474,-37.847738716368795,-12.888035124527113,-32.87416177494022,-13.21317278127073,-28.238036111749693,2.6473216225070897,-25.24576802966495,16.669262752142313,0.18659092502981153,7.491163475699555,-8.275419033592806,-0.7128129602356478,-38.383576791290615,-20.763213017927587,1,5.15
104,-38.64368690516731,-20.5728591350948,-38.14817994300918,0.5773293701237576,-38.33918578929622,-9.625668527502123,-38.16034224697656,-12.903921024005705,-33.20305514560452,-13.116084899415185,-28.524274356223092,2.579124771019266,-25.424508288630786,16.574754337716918,0.13604039553968234,7.490427098674513,-8.3400939757346,-0.7245949926362368,-38.64368690516731,-20.5728591350948,1,5.2
105,-38.899614003171024,-20.383750199642883,-38.36260176675253,0.6456005517513207,-38.46729371842228,-9.384894931814145,-38.47659807133779,-12.916512206303956,-33.53213759381933,-13.018144694369289,-28.808768569330166,2.511742457837257,-25.603270498708458,16.480228155280408,0.08548986604952305,7.489690721649474,-8.404768917876423,-0.7363770250368259,-38.899614003171024,-20.383750199642883,1,5.25
106,-39.150909450665814,-20.195672943051093,-38.576286112527264,0.7127324813939231,-38.592867256179595,-9.145937346079302,-38.79593923690947,-12.926633124838363,-33.86117533554089,-12.919097250885487,-29.091360712175693,2.4452448863711123,-25.782045953398452,16.385691252183285,0.03493933655938633,7.488954344624448,-8.469443860018231,-0.7481590574374004,-39.150909450665814,-20.195672943051093,1,5.300000000000001
107,-39.39712461301577,-20.008414096798735,-38.789359596933934,0.7787279057130826,-38.71677890887429,-8.908791215356379,-39.11779879114864,-12.935108233025357,-34.18993458672555,-12.818687653716198,-29.371892745864393,2.379702260030827,-25.960825946201393,16.291150675776034,-0.01561119293075791,7.488217967599417,-8.53411880216003,-0.759941089838004,-39.39712461301577,-20.008414096798735,1,5.3500000000000005
108,-39.63781085558498,-19.821760392365093,-39.001948836573085,0.8435895713703946,-38.83990118281243,-8.67345198470413,-39.441609781512255,-12.94276198428141,-34.51818156332963,-12.716660987613816,-29.65020663150107,2.3151847822265137,-26.139601770617855,16.196613473409144,-0.06616172242092475,7.487481590574372,-8.598793744301826,-0.7717231222385785,-39.63781085558498,-19.821760392365093,1,5.4
109,-39.87251954373749,-19.63549856122939,-39.21418044804528,0.9073202250273382,-38.96310658430013,-8.43991509918134,-39.766805255457356,-12.950418832022986,-34.84568248130942,-12.612762337330771,-29.926144330190457,2.251762656368168,-26.31836472014839,16.102086692433147,-0.11671225191105393,7.486745213549327,-8.663468686443633,-0.7835051546391821,-39.87251954373749,-19.63549856122939,1,5.45
110,-40.1008020428374,-19.449415334870935,-39.42618104795107,0.9699226133454898,-39.08726761964348,-8.208176003846752,-40.092818260440936,-12.958903229666502,-35.17220355662122,-12.50673678761946,-30.199547803037337,2.189506085865858,-26.497106088293584,16.00757738019854,-0.16726278140121323,7.4860088365243005,-8.72814362858544,-0.7952871870397761,-40.1008020428374,-19.449415334870935,1,5.5
111,-40.32220971824877,-19.263297444768977,-39.63807725289096,1.0313994829864055,-39.213256795148574,-7.978230143759151,-40.41908184391999,-12.969039630628444,-35.497511005221355,-12.398329423232314,-30.470259011146446,2.1284852741296185,-26.675817168554012,15.913092584055802,-0.21781331089136502,7.485272459499265,-8.792818570727249,-0.8070692194403603,-40.32220971824877,-19.263297444768977,1,5.550000000000001
112,-40.536293935335685,-19.07693162240281,-39.849995679465536,1.0917535806115988,-39.34194661712153,-7.750072963977275,-40.74502905335153,-12.98165248832527,-35.82137104306613,-12.287285328921747,-30.738119915622555,2.0687704245694847,-26.854489254430245,15.818639351355454,-0.2683638403814791,7.48453608247421,-8.857493512869034,-0.8188512518409493,-40.536293935335685,-19.07693162240281,1,5.6000000000000005
113,-40.74260605946222,-18.890104599251686,-40.06206294427535,1.1509876528826695,-39.47420959186842,-7.523699909559912,-41.07009293619257,-12.997566256173409,-36.14354988611186,-12.173349589440123,-31.00297247757042,2.0104317405955237,-27.03311363942288,15.724224729448006,-0.31891436987166855,7.483799705449179,-8.922168455010873,-0.8306332842415287,-40.74260605946222,-18.890104599251686,1,5.65
114,-40.94069745599245,-18.702603106794896,-40.27440566392091,1.2091044464610825,-39.610918225695364,-7.2991064255658245,-41.393706539900094,-13.01760538758936,-36.46381375031484,-12.056267289539898,-31.264658658094824,1.9535394256177707,-27.211681617032458,15.629855765683947,-0.3694648993617827,7.483063328424153,-8.98684339715269,-0.8424153166421274,-40.94069745599245,-18.702603106794896,1,5.7
115,-41.13011949029044,-18.51421387651167,-40.4871504550028,1.2661067080084623,-39.752945024908435,-7.0762879570537685,-41.71530291193113,-13.042594335989538,-36.781928851631406,-11.935783513973462,-31.523020418300487,1.8981636830462698,-27.39018448075957,15.535539507413793,-0.42001542885194953,7.482326951399117,-9.051518339294468,-0.8541973490427165,-41.13011949029044,-18.51421387651167,1,5.75
116,-41.31042352772028,-18.32472363988135,-40.70042393412155,1.3219971841863123,-39.90116249581375,-6.855239949082538,-42.03431509974266,-13.073357554790421,-37.097661406017835,-11.811643347493261,-31.7778997192922,1.844374716291046,-27.568613524104794,15.441283001988001,-0.4705659583421013,7.481590574374078,-9.116193281436267,-0.8659793814433056,-41.31042352772028,-18.32472363988135,1,5.800000000000001
117,-41.48116093364604,-18.133919128383162,-40.91435271787771,1.3767786216561646,-40.056443144717385,-6.63595784671086,-42.35017615079171,-13.110719497408475,-37.41077762943046,-11.683591874851684,-32.02913852217471,1.7922427287621676,-27.74696004056869,15.34709329675713,-0.521116487832223,7.480854197349032,-9.180868223578084,-0.8777614138439043,-41.48116093364604,-18.133919128383162,1,5.8500000000000005
118,-41.64188307343179,-17.941587073496358,-41.12906342287184,1.4304537670795954,-40.21965947792547,-6.4184370949975325,-42.66231911253526,-13.155504617260124,-37.72104373782559,-11.551374180801133,-32.27657878805278,1.7418379238696884,-27.925215323651866,15.25297743907165,-0.5716670173223748,7.480117820324006,-9.245543165719877,-0.889543446244474,-41.64188307343179,-17.941587073496358,1,5.9
119,-41.792318808593755,-17.747484085613547,-41.344623639312,1.4830139006769167,-40.39143269804476,-6.202712471071506,-42.970314190920455,-13.20810213270511,-38.02825893847937,-11.414804579538282,-32.52008351965021,1.6932136295237321,-28.103373005031223,15.158940583678907,-0.622217546812519,7.47938144329897,-9.310218107861692,-0.9013254786450727,-42.13858794411773,-17.523808859324983,1,5.95
120,-41.93290698525667,-17.551246290780423,-41.560864851836435,1.5344044369035867,-40.571378792884914,-5.988976080342439,-43.27428022585501,-13.267160321876208,-38.33235440394735,-11.273974303036816,-32.75959988616686,1.6463556716348822,-28.281436069089168,15.064980314913576,-0.6727680763026557,7.478645066273924,-9.374893050003493,-0.9131075110456714,-42.62379881779606,-17.115698240192316,1,6.0
121,-42.064263945697476,-17.352479693955964,-41.77755951869095,1.5845593237739113,-40.75886244655625,-5.777459360290213,-43.57447321573678,-13.330892227849477,-38.63329429810494,-11.129043812714583,-32.995096098421705,1.6012330006138107,-28.459409838384477,14.971092324507149,-0.7233186057928074,7.477908689248885,-9.439567992145308,-0.9248895434462461,-43.097515694466786,-16.71725521609827,1,6.050000000000001
122,-42.18700603219301,-17.150790300099253,-41.99448009812127,1.6334125093021183,-40.95324834316908,-5.568393748394701,-43.871149158963576,-13.397510893700986,-38.93104278482753,-10.980173569989542,-33.22654036723362,1.5578145668711993,-28.637299635475895,14.877272304191159,-0.7738691352829667,7.477172312223853,-9.50424293428711,-0.9366715758468351,-43.5597385741299,-16.328479787042944,1,6.1000000000000005
123,-42.30174958702022,-16.94578411416926,-42.21139904837322,1.6808979415024554,-41.15390116683371,-5.362010682135772,-44.16456405393327,-13.465229362506761,-39.22556402799054,-10.82752403627962,-33.45390090342158,1.5160693208177258,-28.815110782922194,14.783515945697097,-0.8244196647731186,7.476435935198823,-9.568917876428932,-0.9484536082474242,-44.0104674567854,-15.949371953026294,1,6.15
124,-42.409110952455954,-16.737067141125014,-42.42808882769255,1.7269495683892284,-41.3601856016605,-5.158541598993278,-44.45497389904368,-13.532260677342867,-39.51682219146933,-10.671255673002698,-33.677145917804445,1.4759662128640623,-28.99284860328211,14.68981894075647,-0.8749701942632552,7.475699558173788,-9.633592818570726,-0.9602356406480133,-44.44970234243329,-15.579931714048302,1,6.2
125,-42.50970647077713,-16.524245385925504,-42.64432189432504,1.7715013379766316,-41.57146633175974,-4.958217936447126,-44.74263469269266,-13.596817881285368,-39.80478143913931,-10.51152894157669,-33.8962436212012,1.4374741934208952,-29.170518419114444,14.59617698110081,-0.925520723753392,7.474963181148738,-9.698267760712518,-0.972017673048612,-44.877443231073585,-15.220159070109,1,6.25
126,-42.60415248426064,-16.306924853529733,-42.859870706516475,1.8144871982789992,-41.787108041241765,-4.761271131977157,-45.02780243327806,-13.657114017410272,-40.0894059348759,-10.348504303419519,-34.111162224430714,1.4005622128989168,-29.348125552977905,14.502585758461588,-0.9760712532435587,7.474226804123711,-9.762942702854327,-0.9837997054491865,-45.293690122706266,-14.87005402120836,1,6.300000000000001
127,-42.69306533518339,-16.084711548896735,-43.07450772251261,1.8558410973105408,-42.00647541421691,-4.567932623063239,-45.31073311919772,-13.71136212879369,-40.37065984255448,-10.182342219949087,-34.321869938311956,1.3651992217087412,-29.525675327431298,14.409040964570302,-1.0266217827336956,7.4734904270986755,-9.827617644996128,-0.9955817378497949,-45.698443017331336,-14.529616567346393,1,6.3500000000000005
128,-42.777061365822256,-15.857211476985482,-43.28800540055924,1.8954969830855273,-42.22893313479548,-4.378433847185242,-45.59168274884947,-13.757775258511636,-40.648507326050456,-10.013203152583326,-34.528334973663824,1.3313541702611178,-29.703173065033365,14.31553829115853,-1.0771723122238397,7.472754050073645,-9.892292587137952,-1.0073637702503695,-46.0917019149488,-14.198846708523124,1,6.4
129,-42.85675691845414,-15.62403064275504,-43.50013619890213,1.9333888036182214,-42.4538458870878,-4.193006241823031,-45.87090732063117,-13.794566449640177,-40.92291254923921,-9.841247562740142,-34.73052554130524,1.2989960089666759,-29.88062408834286,14.222073429957739,-1.127722841713999,7.4720176730486,-9.956967529279737,-1.019145802650968,-46.47346681555865,-13.877744444738516,1,6.45
130,-42.932768335355945,-15.384775051164375,-43.710672575787065,1.9694505069228798,-42.6805783552042,-4.011881244456497,-46.14866283294065,-13.81994874525537,-41.19383967599616,-9.666635911837448,-34.928409852055154,1.2680936882361307,-30.058033719918562,14.128642072699401,-1.1782733712041584,7.471281296023569,-10.021642471421536,-1.0309278350515476,-46.843737719160906,-13.566309775992597,1,6.5
131,-43.00571195880455,-15.13905070717253,-43.91938698945982,2.0036160410137747,-42.90849522325499,-3.835290292565507,-46.42520528417576,-13.832135188433265,-41.46125287019669,-9.489528661293146,-35.12195611673244,1.2386161584801214,-30.235407282319198,14.035239911115081,-1.2288239006942874,7.47054491899851,-10.086317413563338,-1.0427098674521462,-47.20251462575554,-13.264542702285329,1,6.550000000000001
132,-43.07620413107687,-14.88646361573847,-44.12605189816616,2.035819353905144,-43.136961175350514,-3.663464823629894,-46.700790672734335,-13.829338822249888,-41.725116295716205,-9.310086272525153,-35.31113254615607,1.2105323701093587,-30.41275009810357,13.94186263693626,-1.279374430184462,7.469808541973493,-10.15099235570516,-1.0544918998527208,-47.54979753534257,-12.972443223616748,1,6.6000000000000005
133,-43.14486119444977,-14.626619781821255,-44.33043976015187,2.065994393611259,-43.36534089560107,-3.49663627512958,-46.975674997014224,-13.809772689781312,-41.9853941164301,-9.128469206951351,-35.495907351144936,1.1838112735344906,-30.590067489830414,13.848505941894434,-1.329924959674576,7.469072164948453,-10.215667297846952,-1.0662739322533292,-47.88558644792199,-12.690011339986867,1,6.65
134,-43.21229949120017,-14.359125210379876,-44.532323033662735,2.0940751081463818,-43.59299906811702,-3.3350360845443627,-47.25011425541328,-13.771649834103611,-42.242050496213785,-8.944837925989695,-35.676248742518005,1.1584218191662092,-30.767364780058493,13.755165517721153,-1.3804754891647353,7.468335787923417,-10.28034223998877,-1.0780559646539036,-48.2098813634938,-12.41724705139564,1,6.7
135,-43.279135363604965,-14.083585906373338,-44.731474176944516,2.1199954455247747,-43.81930037700862,-3.178895689354184,-47.52436444632932,-13.7131832982928,-42.49504959894265,-8.759352891058086,-35.852124931094146,1.134332957415201,-30.944647291346577,13.661837056147872,-1.431026018654872,7.467599410898371,-10.345017182130569,-1.0898379970545025,-48.522682282058,-12.154150357843095,1,6.75
136,-43.34598515394104,-13.799607874760634,-44.92766564824299,2.143689353760666,-44.043609506386254,-3.02844652703889,-47.79868156816021,-13.632586125424972,-42.74435558849207,-8.572174563574446,-36.023504127692306,1.1115136386921236,-31.1219203462534,13.568516248906155,-1.4815765481450163,7.46686303387335,-10.409692124272379,-1.1016200294550818,-48.823989203614595,-11.900721259329236,1,6.800000000000001
137,-43.413465204485284,-13.506797120500808,-45.120669905803936,2.1650907808683706,-44.26529114036021,-2.883920035078307,-48.07332161930379,-13.528071358576133,-42.98993262873749,-8.383463404956666,-36.1903545431314,1.0899328134076642,-31.299189267337766,13.475198787727443,-1.5321270776351907,7.466126656848296,-10.474367066414178,-1.1134020618556806,-49.11380212816358,-11.656959755854032,1,6.8500000000000005
138,-43.48219185751461,-13.204759648552859,-45.31025940787313,2.184133674862108,-44.48370996304084,-2.7455476509523677,-48.34854059815789,-13.397852040822347,-43.23174488355427,-8.193379876622677,-36.35264438823035,1.06955943197251,-31.476459377158385,13.381880364343294,-1.582677607125297,7.465390279823264,-10.539042008556002,-1.1251840942562745,-49.392121055704955,-11.422865847417519,1,6.9
139,-43.5527814553059,-12.893101463875773,-45.49620661269635,2.2007519837561578,-44.69823065853844,-2.6135608121409026,-48.624594503120356,-13.240141215239689,-43.46975651681783,-8.002084439990382,-36.51034187380812,1.0503624447973225,-31.65373599827407,13.288556670485196,-1.6332281366154566,7.464653902798234,-10.603716950697788,-1.1369661266568587,-49.65894598623872,-11.198439534019672,1,6.95
140,-43.625850340136054,-12.571428571428577,-45.67828397851938,2.2148796555647694,-44.908217910963344,-2.488190956123777,-48.901739332589045,-13.053151924904194,-43.70393169240356,-7.8097375564776605,-36.66341521068358,1.0323108022927898,-31.831024453243543,13.195223397884675,-1.6837786661056082,7.463917525773199,-10.668391892839596,-1.1487481590574333,-49.91427691976488,-10.983680815660522,1,7.0
141,-43.70185114761732,-12.239638962314466,-45.856357577194444,2.22646029650406,-45.11303392796773,-2.3696902553646924,-49.179954979707496,-12.836056319690037,-43.93429271773097,-7.616545083253133,-36.81184682379178,1.0153663211264137,-32.008329792520435,13.101876458524796,-1.7343291955957527,7.463181148748163,-10.733066834981411,-1.1605301914580368,-50.15811385628344,-10.778589692340029,1,7.050000000000001
142,-43.78058168670343,-11.898798572213266,-46.03066793499964,2.2354761455974863,-45.3120310113712,-2.258393822262496,-49.45811691660213,-12.591862976663608,-44.161094474396144,-7.4228944604878855,-36.95567599453217,0.9994622829931246,-32.18565597813786,13.008512645394966,-1.7848797250859043,7.462444771723127,-10.797741777123212,-1.1723122238586114,-50.39045679579438,-10.583166164058218,1,7.1000000000000005
143,-43.861676059683454,-11.550265322948993,-46.201549191819524,2.2419191000704237,-45.504558986535216,-2.1546575041998826,-49.73482451014506,-12.324539579689558,-44.384649987539234,-7.229218524103678,-37.09495621842028,0.9845248358446341,-32.36300670002382,12.915128971736129,-1.835430254576026,7.461708394698086,-10.862416719265013,-1.184094256259215,-50.611305738297716,-10.39741023081507,1,7.15
144,-43.94476836884647,-11.195397136345639,-46.36933548753867,2.2457810571481756,-45.68996767882124,-2.058837148559536,-50.008677127208415,-12.038053812632407,-44.60527228230043,-7.035950110022304,-37.22974099097166,0.9704801276326833,-32.54038564810626,12.821722450789304,-1.8859807840661926,7.460972017673051,-10.927091661406806,-1.195876288659804,-50.820660683793434,-10.22132189261061,1,7.2
145,-44.02949271648155,-10.835551934227226,-46.53436096204163,2.2470539140560932,-45.867606913590734,-1.9712886027241256,-50.278274134664315,-11.736373359356698,-44.823274383819914,-6.843522054165487,-37.360083807701855,0.9572543063090373,-32.717796512313164,12.72829009579539,-1.9365313135563447,7.460235640647997,-10.991766603548598,-1.207658321060393,-51.01852163228156,-10.05490114944483,1,7.25
146,-44.11548320487778,-10.472087638417788,-46.696959755212966,2.245729568019489,-46.036826516205146,-1.8923677140763462,-50.54221489938489,-11.423465903727026,-45.038969317237836,-6.652367192455049,-37.48603816412642,0.9447735198254176,-32.89524298257252,12.634828919995423,-1.9870818430464736,7.45949926362297,-11.05644154569043,-1.2194403534609821,-51.20488858376207,-9.898148001317718,1,7.300000000000001
147,-44.20237393632426,-10.106362170741287,-46.857466006937216,2.241799916263739,-46.19697631202595,-1.8224303299988334,-50.79909878824225,-11.10329912960791,-45.252670107694414,-6.462918360812704,-37.60765755576088,0.9329639161335845,-33.07272874881231,12.54133593663033,-2.037632372536633,7.458762886597939,-11.121116487832222,-1.2312223858615712,-51.37976153823497,-9.751062448229293,1,7.3500000000000005
148,-44.28979901311002,-9.739733453021753,-47.01621385709896,2.235256856014126,-46.347406126414604,-1.7618322978743097,-51.04752516810852,-10.77984072086393,-45.464689780329806,-6.275608395160258,-37.7249954781208,0.9217516431852547,-33.250257500960494,12.44780815894109,-2.0881829020267624,7.458026509572909,-11.185791429974017,-1.2430044182621556,-51.54314049570026,-9.613644490179526,1,7.4
149,-44.37739253752418,-9.373559407083185,-47.17353744558276,2.226092284496041,-46.48746578473258,-1.7109294650854359,-51.28609340585583,-10.457058361359644,-45.67534136028419,-6.090870131419441,-37.83810542672173,0.9110628489322079,-33.42783292894505,12.354242600168678,-2.1387334315169064,7.457290132547873,-11.250466372115831,-1.2547864506627446,-51.69502545615794,-9.48589412716846,1,7.45
150,-44.4647886118558,-9.009197954749636,-47.32977091227316,2.2142980989347527,-46.616505112341315,-1.6700776790148957,-51.51340286835631,-10.138919734959611,-45.88493787269774,-5.909136405512021,-37.94704089707919,0.900823681326151,-33.605458722693974,12.260636273554063,-2.1892839610070585,7.4565537555228225,-11.315141314257641,-1.2665684830633337,-51.835416419608016,-9.367811359196052,1,7.5
151,-44.551621338393964,-8.648007017845089,-47.485248397054725,2.199866196555651,-46.73387393460228,-1.6396327870453782,-51.72805292248206,-9.829392525528405,-46.093792342710636,-5.730840053359817,-38.05185538470873,0.8909602883188202,-33.783138572135236,12.166986192338221,-2.239834490497225,7.455817378497792,-11.379816256399463,-1.278350515463913,-51.964313386050485,-9.259396186262334,1,7.550000000000001
152,-44.63752481942776,-8.291344518193522,-47.64030403981201,2.182788474584044,-46.83892207687694,-1.6199506365595537,-51.928642935105216,-9.532444416930542,-46.30221779546308,-5.55641391088454,-38.15260238512592,0.8813988178619951,-33.960876167196794,12.073289369762094,-2.2903850199873466,7.455081001472761,-11.444491198541241,-1.2901325478645165,-52.08171635548534,-9.160648608367277,1,7.6000000000000005
153,-44.722133157246255,-7.94056837761898,-47.795271980429575,2.163056830245254,-46.93099936452674,-1.6113870749400914,-52.1137722730979,-9.252043093030627,-46.51052725609521,-5.386290814007974,-38.24933539384628,0.8720654179073923,-34.138675197806656,11.979542819066694,-2.340935549477506,7.454344624447707,-11.509166140683078,-1.3019145802651055,-52.18762532791259,-9.071568625510906,1,7.65
154,-44.805080454138526,-7.597036517945458,-47.95048635879199,2.1406631607646514,-47.00945562291318,-1.6142979495696952,-52.28204030333224,-8.99215623769321,-46.71903374974725,-5.220903598651874,-38.34210790638537,0.8628862364067386,-34.31653935389278,11.88574355349295,-2.3914860789676506,7.453608247422675,-11.573841082824865,-1.31369661266569,-52.28204030333224,-8.99215623769321,1,7.7
155,-44.88606542422405,-7.261793997122032,-48.10613296460594,2.115648750182798,-47.07388826930044,-1.6287818845924316,-52.43243067632788,-8.755849184665507,-46.92787726049053,-5.06063420090207,-38.43100520026308,0.8537988928364553,-34.49447232538316,11.79188858628186,-2.4420366084578022,7.452871870397645,-11.638516024966687,-1.325478645066279,-51.51388105368676,-8.338994484487515,1,7.75
156,-44.96504522894385,-6.934634417597771,-48.26180418686668,2.088252429801446,-47.12488508856383,-1.653908611197988,-52.56546417719465,-8.542577867225491,-47.13650560812131,-4.905660957500409,-38.516239681016664,0.8447868927715289,-34.672477802205755,11.697974930674363,-2.4925871379479463,7.452135493372614,-11.703190967108473,-1.337260677466868,-50.7922769100804,-7.725418292082183,1,7.800000000000001
157,-45.042041641569384,-6.6150385179469104,-48.41694406439161,2.0587624177375465,-47.163281457481396,-1.6884906373374486,-52.68204587468987,-8.350895868533808,-47.344193571366944,-4.756111305352877,-38.598055536187736,0.8358452133115972,-34.85055947428855,11.603999599911454,-2.5431376674380903,7.451399116347574,-11.767865909250297,-1.3490427098674427,-50.11722787251316,-7.151427660477183,1,7.8500000000000005
158,-45.11707643537204,-6.30248703674362,-48.570996635998085,2.027466932108091,-47.189912752831205,-1.7313404709619364,-52.7830808375709,-8.179356771751149,-47.55021592895487,-4.612112681365391,-38.67669695331791,0.8269688315563082,-35.02872103155952,11.5099596072341,-2.5936881969282424,7.450662739322533,-11.83254085139206,-1.3608247422680604,-49.48873394098505,-6.617022589672525,1,7.9
159,-45.19017138362328,-5.99646071256206,-48.72340594050353,1.99465419103002,-47.205614351391304,-1.7812706200225312,-52.86947413459507,-8.026514160038063,-47.75384745961247,-4.473792522443892,-38.75240811994877,0.81815272460529,-35.206966163946646,11.415851965883258,-2.6442387264183944,7.449926362297507,-11.897215793533906,-1.3726067746686352,-48.90679511549605,-6.122203079668233,1,7.95
160,-45.26134825959451,-5.696440283976407,-48.87361601672533,1.9606124126203537,-47.21122162993975,-1.8370935924703073,-52.94213083451975,-7.890921616555263,-47.95436294206718,-4.341278265494291,-38.82543322362194,0.8093918695582051,-35.38529856137791,11.321673689099908,-2.694789255908538,7.449189985272467,-11.961890735675698,-1.3843888070692099,-48.37141139604617,-5.666969130464238,1,8.0
161,-45.33062883655715,-5.401906489560833,-49.02107090348086,1.925629814996047,-47.207569965254585,-1.8976218962563878,-53.00195600610227,-7.771132724463368,-48.15103715504638,-4.214697347422556,-38.89601645187904,0.8006812435146864,-35.56372191378127,11.227421790125007,-2.7453397853986825,7.448453608247426,-12.026565677817509,-1.3961708394698134,-47.88258278263542,-5.251320742060632,1,8.05
162,-45.39803488778266,-5.1123400678895345,-49.16521463958752,1.8899946162740777,-47.19549473411388,-1.9616680393318469,-53.04985471809996,-7.665701066923014,-48.3431448772775,-4.094177205134599,-38.96440199226168,0.7920158235743915,-35.74223991108474,11.133093282199523,-2.795890314888827,7.4477172312223905,-12.091240619959308,-1.4079528718704024,-47.44030927526377,-4.875257914457368,1,8.1
163,-45.46358818654244,-4.827221757536669,-49.305491263862706,1.8539950345714333,-47.17583131329566,-2.0280445296477936,-53.086732039270196,-7.573180227094876,-48.52996088748793,-3.9798452755363756,-39.03083403231143,0.7833905868369245,-35.92085624321627,11.03868517856445,-2.8464408443789786,7.44698085419736,-12.155915562101125,-1.4197349042709864,-47.04459087393125,-4.538780647654431,1,8.15
164,-45.52731050610792,-4.546032297076398,-49.441344815123784,1.817919288005078,-47.14941507957803,-2.095563875155312,-53.11349303837029,-7.492123788139558,-48.710759964405085,-3.8718289955337863,-39.095556759569945,0.7748005104019672,-36.099574600103836,10.944194492460747,-2.896991373869115,7.4462444771723195,-12.220590504242917,-1.43151693667159,-46.695427578637855,-4.24188894165185,1,8.200000000000001
165,-45.58922361975054,-4.268252425082927,-49.57221933218817,1.7820555946919798,-47.11708140973899,-2.163038583805486,-53.13104278415759,-7.421085333217739,-48.88481688675635,-3.770255802032805,-39.15881436157879,0.7662405713691524,-36.27839867167543,10.849618237129373,-2.947541903359267,7.445508100147279,-12.285265446384717,-1.4432989690721645,-46.39281938938358,-3.9845827964496,1,8.25
166,-45.64934930074171,-3.993362880130409,-49.69755885387323,1.7466921727491656,-47.07966568055663,-2.2292811635494294,-53.14028634538948,-7.35861844549005,-49.05140643326916,-3.6752531319393293,-39.22085102587961,0.7577057468381233,-36.45733214785902,10.754953425811287,-2.998092432849411,7.4447717231222335,-12.349940388526527,-1.4550810014727587,-46.13676630616841,-3.766862212047721,1,8.3
167,-45.70770932235288,-3.720844400793014,-49.81680741899637,1.7121172402935547,-47.03800326880898,-2.293104122338246,-53.14212879082325,-7.303276708117126,-49.209803382670906,-3.5869484221593275,-39.28191094001399,0.7491910139085178,-36.63637871858258,10.660197071747481,-3.0486429623395477,7.444035346097203,-12.414615330668326,-1.466863033873362,-45.92726832899237,-3.588727188446163,1,8.35
168,-45.764325457855456,-3.4501777256449566,-49.92940906637499,1.6786190154421647,-46.992929551274116,-2.3533199681229853,-53.13747518921629,-7.253613704259624,-49.359282513688996,-3.505469109598716,-39.34223829152355,0.7406913496799885,-36.81554207377411,10.565346188178914,-3.0991934918297,7.443298969072172,-12.479290272810143,-1.478645066273951,-45.764325457855456,-3.4501777256449566,1,8.4
169,-45.819219480520886,-3.1808435932603807,-50.034807834826445,1.6464857163119442,-46.94527990473008,-2.408741208854756,-53.127230609325906,-7.208183017078171,-49.49911860505084,-3.430942631163426,-39.4020772679499,0.7322017312521686,-36.99482590336156,10.470397788346538,-3.1497440213198367,7.442562592047132,-12.54396521495195,-1.4904270986745354,-47.368110495511566,-2.98510842067679,1,8.450000000000001
170,-45.872413163620564,-2.912322742213454,-50.13244776316816,1.6160055610198907,-46.89588970595492,-2.4581803524846872,-53.11230011990946,-7.165538229733441,-49.62858643548384,-3.363496423759421,-39.46167205683462,0.7237171357246913,-37.17423389727292,10.375348885491384,-3.200294550810011,7.441826215022086,-12.60864015709376,-1.502209131075115,-48.79784134303446,-2.5705117534570947,1,8.5
171,-45.92392828042595,-2.644095911078353,-50.2217728902175,1.5874667676829823,-46.8455943317267,-2.500449906963832,-53.0935887897243,-7.124232925386028,-49.74696078371541,-3.3032579242925686,-39.52126684571937,0.7152325401972478,-37.35376974543617,10.280196492854355,-3.25084508030014,7.441089837997056,-12.673315099235573,-1.5139911634757135,-50.05351800042413,-2.206387723985888,1,8.55
172,-45.97378660420846,-2.375643838429279,-50.302227254791866,1.5611575544181733,-46.795229158823474,-2.534362380243282,-53.07200168752778,-7.082820687196637,-49.853516428472936,-3.2503545696688922,-39.581105822145716,0.7067429217694376,-37.533437137779266,10.184937623676445,-3.301395609790292,7.440353460972025,-12.737990041377383,-1.525773195876293,-51.13514046768058,-1.892736332263171,1,8.6
173,-46.02200990823952,-2.1064472628403856,-50.37325489570865,1.5373661393424463,-46.74562956402329,-2.5587302802741823,-53.04844388207722,-7.039855098325859,-49.947528148483855,-3.204913796794283,-39.64143317365526,0.6982432575408842,-37.71323976423023,10.089569291198641,-3.3519461392804515,7.439617083946966,-12.802664983519168,-1.537555228276877,-52.042708744803804,-1.6295575782889482,1,8.65
174,-46.06861996579056,-1.8359869228858494,-50.434299851785234,1.516380740572818,-46.6976309241042,-2.5723661150075596,-53.023820442129974,-6.99388974193436,-50.02827072247555,-3.167063042574647,-39.70249308778966,0.6897285246112884,-37.893181314717,9.994088508661864,-3.402496668770588,7.438880706921944,-12.867339925660982,-1.5493372606774711,-52.7762228317938,-1.4168514620631905,1,8.700000000000001
175,-46.113638550133004,-1.5637435571398428,-50.48480616183901,1.4984895762262083,-46.65206861584428,-2.5740823923945477,-52.99903643644339,-6.9434782011827885,-50.09501892917543,-3.1369297439159785,-39.764529752090475,0.6811937000802593,-38.07326547916757,9.898492289307129,-3.453047198260732,7.4381443298968986,-12.932014867802778,-1.5611192930780649,-53.33568272865059,-1.2546179835859272,1,8.75
176,-46.157087434538276,-1.2891979041765427,-50.52421786468737,1.4839808644196493,-46.60977801602156,-2.5626916203862296,-52.974996933774804,-6.887174059231764,-50.14704754731091,-3.1146413377241497,-39.82778735409933,0.672633761047459,-38.25349594750991,9.802777646375372,-3.5035977277508685,7.437407952871878,-12.996689809944591,-1.5729013254786492,-53.72108843537415,-1.1428571428571388,1,8.8
177,-46.19898839227781,-1.011830702570136,-50.55197899914771,1.4731428232700554,-46.5715945014141,-2.537006306933704,-52.95260700288157,-6.823530899241967,-50.18363135560939,-3.100325260905158,-39.89251008135783,0.6640436846124871,-38.43387640967201,9.706941593107594,-3.554148257241028,7.436671575846842,-13.061364752086394,-1.584683357879243,-53.72108843537415,-1.1428571428571388,1,8.85
178,-46.23936319662304,-0.7311226908947952,-50.5675336040374,1.4662636708944488,-46.53835344879995,-2.495838959988061,-52.93277171252104,-6.751102304374012,-50.204045132798285,-3.094108950364882,-39.958942121407595,0.6554184478750346,-38.614410555581834,9.610981142744746,-3.604698786731172,7.435935198821792,-13.126039694228194,-1.5964653902798274,-53.72108843537415,-1.1428571428571388,1,8.9
179,-46.27823362084537,-0.44655460772469724,-50.57032571817385,1.4636316254098167,-46.510890234957174,-2.4380020875004083,-52.91639613145054,-6.66844185778854,-50.207563657604986,-3.0961198430093195,-40.027327661790224,0.6467530279347252,-38.795102075167364,9.514893308527794,-3.655249316221324,7.435198821796761,-13.190714636370002,-1.6082474226804113,-53.72108843537415,-1.1428571428571388,1,8.950000000000001
180,-46.31562143821626,-0.15760719163399017,-50.559799380374436,1.465534904933099,-46.49004023666383,-2.3623081974218016,-52.904385328427416,-6.574103142646232,-50.19346170875692,-3.1064853757443185,-40.09791089004732,0.6380424018912114,-38.9759546583566,9.41867510369772,-3.7057998457114683,7.4344624447717305,-13.25538957851181,-1.620029455080986,-53.72108843537415,-1.1428571428571388,1,9.0
181,-46.35154842200711,0.1362388188031295,-50.53539862945655,1.4722617275812933,-46.476638830697944,-2.267569797703373,-52.89764437220902,-6.466639742107689,-50.161014064981465,-3.125332985475902,-40.1709359937205,0.6292815468441216,-39.15697199507746,9.322323541495487,-3.7563503752016274,7.433726067746671,-13.320064520653625,-1.6318114874815945,-53.72108843537415,-1.1428571428571388,1,9.05
182,-46.38603634548935,0.435502685012475,-50.496567504237596,1.4841003114713671,-46.4715213938376,-2.152599396296208,-52.8970783315527,-6.344605239333588,-50.109495505006045,-3.152790109109952,-40.24664716035137,0.6204654398931181,-39.338157775258,9.225835635162069,-3.8069009046917643,7.43298969072165,-13.384739462795425,-1.6435935198821836,-53.72108843537415,-1.1428571428571388,1,9.1
