Frame,Away_4470_x,Away_4470_y,Away_4471_x,Away_4471_y,Away_4472_x,Away_4472_y,Away_4473_x,Away_4473_y,Away_8181_x,Away_8181_y,Away_8978_x,Away_8978_y,Away_10382_x,Away_10382_y,Away_12448_x,Away_12448_y,Away_13012_x,Away_13012_y,Away_13960_x,Away_13960_y,Away_16185_x,Away_16185_y,ball_x,ball_y,Period,Time [s]
0,-21.196204643135758,15.023450241875166,-21.82078641584282,6.540269127406587,-25.657640841067106,-1.757837629567152,-23.280260560559576,-21.593196223401907,-12.661736105424474,-13.906154032062187,-12.311583128609485,1.5591304117297526,-6.862459773067016,4.452504168953656,-2.2691932435457964,-8.754509357480003,1.94387068104366,29.43662922168079,5.164331299530121,14.34462444771723,-46.182754735522515,-3.082551796467427,0.07487515677932166,-23.74301786573524,1,0.0
1,-21.324666288108357,15.092899414795061,-22.006661137690458,6.498778205050251,-25.75437679103304,-1.9554725805141253,-23.214228392388414,-21.521247816662477,-12.785156914194229,-13.945419432536978,-12.38044140076299,1.3550695674574813,-6.995482237300386,4.40758149022177,-2.476650948108774,-8.823757989554991,1.7455605446701548,29.385748486922154,5.099656357388321,14.330633284241534,-46.182754735522515,-3.082551796467427,-0.07527767242390696,-23.732083083016747,1,0.05
2,-21.45236385664714,15.154266182793144,-22.192073079192546,6.4539659345374,-25.855121289052683,-2.146546234802738,-23.156951476355637,-21.454533857558967,-12.914110405680574,-13.986563054017296,-12.455872517136733,1.1543582345318206,-7.131532869486623,4.362284873398175,-2.6867687822131763,-8.890586261465664,1.5457371374083932,29.333602790935842,5.034981415246527,14.316642120765827,-46.182754735522515,-3.082551796467427,-0.2337145363212788,-23.71685934969878,1,0.1
3,-21.579343535307473,15.20770149716277,-22.37703262610379,6.405924827224673,-25.959792518266,-2.3311598293166536,-23.108292074132834,-21.392910648258006,-13.048511235581888,-14.02950844214678,-12.537774448330076,0.956937347925944,-7.270587827018505,4.316612565395992,-2.8995231223496916,-8.95503838242388,1.3444231831605267,29.280211128903318,4.970306473104712,14.302650957290131,-46.182754735522515,-3.082551796467427,-0.40028132554653706,-23.697422967302263,1,0.15000000000000002
4,-21.705651510644728,15.253356309197251,-22.561550164178843,6.354747394468738,-26.068308661813017,-2.509414600939604,-23.06811244739155,-21.33623449092636,-13.188274059596395,-14.074179142569049,-12.626045164942376,0.762747842613079,-7.4126232672888825,4.270562813128282,-3.114890345008993,-9.01715856164154,1.1416414058287825,29.225592496006126,4.905631530962889,14.288659793814436,-46.182754735522515,-3.082551796467427,-0.5748239307334475,-23.67385023734809,1,0.2
5,-21.831333969214306,15.291381570189923,-22.745636079172407,6.30052614762624,-26.18058790283375,-2.6814117865552727,-23.036274857803402,-21.28436168773074,-13.333313533422483,-14.120498700927767,-12.720582637573052,0.5717306535663949,-7.557615347690542,4.224133863508176,-3.3328468266817013,-9.076991008330502,0.9374145293153275,29.169765887425797,4.840956588821111,14.27466863033872,-46.182754735522515,-3.082551796467427,-0.7571882425157759,-23.646217461357264,1,0.25
6,-21.956437097571595,15.321928231434123,-22.92930075683918,6.243353598053814,-26.296548424468234,-2.847252623047401,-23.012641567039946,-21.23714854083783,-13.483544312758498,-14.16839066286654,-12.821284836821501,0.3838267157591091,-7.705540225616236,4.17732396344875,-3.553368943858521,-9.134579931702644,0.731765277522374,29.11275029834378,4.776281646679287,14.260677466863044,-46.182754735522515,-3.082551796467427,-0.9472201515272878,-23.61460094085062,1,0.30000000000000004
7,-22.081007082271938,15.345147244223172,-23.11255458293384,6.183322257108128,-26.416108409856477,-3.0070383472996673,-22.997074836772764,-21.194451352414287,-13.638881053302745,-14.217778574029023,-12.928049733287063,0.19897696416441024,-7.856374058458827,4.130131359863097,-3.7764330730301165,-9.189969540969841,0.5247163743520507,29.054564723941663,4.711606704537502,14.246686303387339,-46.182754735522515,-3.082551796467427,-1.1447655484016814,-23.579076977349153,1,0.35000000000000003
8,-22.20509010987075,15.361189559850413,-23.295407943211064,6.120524636145813,-26.539186042138482,-3.160870196195799,-22.989436928673427,-21.156126424626837,-13.799238410753528,-14.268585980058853,-13.04077529756912,0.017122333755491752,-8.01009300361106,4.082554299664331,-4.00201559068711,-9.24320404534394,0.31629054370662274,28.995228159400934,4.646931762395694,14.232695139911643,-46.182754735522515,-3.082551796467427,-1.3496703237727676,-23.539721872373708,1,0.4
9,-22.328732366923393,15.370206129609178,-23.47787122342554,6.055053246523534,-26.665699504454256,-3.3088494066194785,-22.989590104413548,-21.12203005964219,-13.964531040809199,-14.320736426599666,-13.159359500267042,-0.16179624049442395,-8.166673218465771,4.0345910297655445,-4.230092873320212,-9.294327654036875,0.10651050948820427,28.93475959990311,4.582256820253885,14.218703976435938,-46.182754735522515,-3.082551796467427,-1.5617803682742744,-23.496611927445283,1,0.45
10,-22.45198003998526,15.372347904792791,-23.65995480933197,5.987000599597908,-26.795566979943825,-3.451077215454424,-22.997396625664646,-21.09201855962708,-14.134673599168075,-14.374153459295083,-13.28370031198022,-0.33783782361217246,-8.326090860415764,3.9862397970798376,-4.460641297420043,-9.343384576260469,-0.10460100440100022,28.8731780406297,4.517581878112054,14.20471281296024,-46.182754735522515,-3.082551796467427,-1.7809415725399527,-23.449823444084746,1,0.5
11,-22.574879315611746,15.367765836694593,-23.84166908668504,5.916459206725605,-26.928706651747238,-3.587654859584372,-23.012718754098337,-21.065948226748134,-14.30958074152848,-14.428760623788722,-13.413695703308038,-0.5110614806245315,-8.488322086853842,3.9374988485203026,-4.693637239477292,-9.390419021226613,-0.31702127405880876,28.81050247676225,4.452906935970246,14.190721649484553,-46.182754735522515,-3.082551796467427,-2.006999827203583,-23.39943272381305,1,0.55
12,-22.697476380358182,15.3566108766079,-24.02302444123943,5.843521579263272,-27.065036703004452,-3.7186835758929955,-23.035418751386192,-21.043675363172095,-14.489167123588752,-14.484481465724263,-13.549243644849868,-0.681526276558293,-8.653343055172769,3.8883664310000303,-4.929057075982609,-9.435475198147186,-0.5307275755830168,28.746751903482235,4.388231993828468,14.17673048600884,-46.182754735522515,-3.082551796467427,-2.239801022898871,-23.3455160681511,1,0.6000000000000001
13,-22.819817420779994,15.33903397582605,-24.204031258749804,5.768280228567559,-27.204475316855515,-3.8442646012639976,-23.065358879199785,-21.025056271065665,-14.67334740104721,-14.541239530745353,-13.690242107205059,-0.849291276440278,-8.821129922765383,3.8388407914321134,-5.166877183426653,-9.47859731623407,-0.7456971850714422,28.68194531597121,4.323557051686645,14.162739322533143,-46.182754735522515,-3.082551796467427,-2.4791910502595744,-23.288149778619836,1,0.65
14,-22.941948623432552,15.315186085642383,-24.38469992497088,5.690827665995104,-27.346940676440436,-3.9644991725811147,-23.10240139921071,-21.009947252595513,-14.862036229602186,-14.598958364495605,-13.83658906097305,-1.014415545297303,-8.991658847024475,3.78892017672968,-5.407073938300135,-9.519829584699117,-0.9619073786219411,28.616101709410685,4.25888210954486,14.148748159057448,-46.182754735522515,-3.082551796467427,-2.725015799919513,-23.227410156740138,1,0.7000000000000001
15,-23.06391617487121,15.285218157350224,-24.565040825657327,5.611256402902561,-27.49235096489921,-4.0794885267280305,-23.146408573090504,-20.998204609928372,-15.055148264951994,-14.657561512618617,-13.988182476753146,-1.17695814815616,-9.16490598534282,3.7386028338058086,-5.649623717093645,-9.559216212754224,-1.179335432332271,28.54924007898214,4.194207167403052,14.134756995581743,-46.182754735522515,-3.082551796467427,-3.9254635060520964,-23.581731056505586,1,0.75
16,-23.185766261651416,15.249281142242902,-24.74506434656384,5.529658950646563,-27.640624365371885,-4.189333900588472,-23.197242662510785,-20.989684645230945,-15.252598162794936,-14.716972520758096,-14.14492032514476,-1.3369781500436215,-9.340847495113252,3.687887009573575,-5.89450289629788,-9.596801409611261,-1.3979586223002878,28.481379419867128,4.129532225261258,14.120765832106038,-46.182754735522515,-3.082551796467427,-5.090076952300123,-23.925475212994453,1,0.8
17,-23.307545070328473,15.207525991613755,-24.924780873445105,5.446127820583779,-27.791679060998458,-4.294136531046126,-23.254765929143105,-20.984243660669915,-15.454300578829411,-14.777114934557627,-14.306700576747287,-1.4945346159865283,-9.519459533728567,3.636770950946121,-6.141687852403527,-9.63262938448209,-1.6177542246237864,28.412538727247146,4.064857283119427,14.10677466863033,-46.182754735522515,-3.082551796467427,-6.218856138663595,-24.258642626206733,1,0.8500000000000001
18,-23.4292987874578,15.160103656756108,-25.104200792055806,5.360755524070837,-27.94543323491896,-4.393997654984717,-23.318840634659054,-20.981737958411948,-15.660170168753664,-14.837912299660863,-14.47342120216009,-1.6496866110116626,-9.700718258581535,3.585252904836521,-6.39115496190121,-9.666744346578598,-1.8386995154005932,28.342736996303742,4.000182340977627,14.092783505154644,-46.182754735522515,-3.082551796467427,-7.311801065142504,-24.581233296142425,1,0.9
19,-23.551073599594783,15.107165088963313,-25.28333448815063,5.273634572464417,-28.101805070273375,-4.489018509287921,-23.38932904073022,-20.982023840623842,-15.87012158826605,-14.899288161711455,-14.644980171982555,-1.8024932001458216,-9.884599827064982,3.5333311181578684,-6.6428806012815755,-9.699190505112666,-2.0607717707285103,28.27199322221839,3.935507398835826,14.078792341678948,-46.182754735522515,-3.082551796467427,-8.36891173173688,-24.893247222801506,1,0.9500000000000001
20,-23.672915693294765,15.048861239528655,-25.46219234748426,5.18485747712113,-28.26071275020174,-4.579300330839501,-23.466093409028147,-20.984957609472186,-16.084069493064938,-14.96116606635302,-14.82127545681402,-1.9530134484158166,-10.071080396571727,3.481003837823267,-6.89684114703536,-9.730012069296125,-2.283948266705364,28.200326400172642,3.8708324566940178,14.064801178203243,-46.182754735522515,-3.082551796467427,-9.390188138446675,-25.19468440618407,1,1.0
21,-23.794871255113176,14.985343059745516,-25.64078475581137,5.094516749397647,-28.42207445784407,-4.664944356523123,-23.548996001224438,-20.990395567123745,-16.301928538848603,-15.023469559229188,-15.002205027253876,-2.101306420848449,-10.260136124494515,3.4282693107457964,-7.153012975653161,-9.759253248340926,-2.508206279428942,28.127755525348,3.806157514552217,14.050810014727539,-46.182754735522515,-3.082551796467427,-10.375630285271924,-25.485544846290043,1,1.05
22,-23.916986471605394,14.916761500907207,-25.819122098886687,5.0027049006505955,-28.58580837634038,-4.746051823222488,-23.63789907899067,-20.998194015745224,-16.523613381315393,-15.086122185983614,-15.187666853901547,-2.247431182470526,-10.451743168226203,3.3751257838385746,-7.411372463625696,-9.78695825145887,-2.733523084997123,28.054299592925968,3.7414825724104315,14.036818851251843,-46.182754735522515,-3.082551796467427,-11.325238172212632,-25.7658285431194,1,1.1
23,-24.03930752932675,14.84326751430704,-25.997214762464846,4.90951444223663,-28.751832688830678,-4.822723967821336,-23.732664903998423,-21.008209257503264,-16.749038676163625,-15.149047492259943,-15.377558907356372,-2.3914467983088294,-10.645877685159558,3.3215715040146807,-7.671895987443565,-9.813171287861861,-2.959875959507664,27.97997759808807,3.6768076302685935,14.022827687776136,-46.182754735522515,-3.082551796467427,-12.239011799268784,-26.03553549667221,1,1.1500000000000001
24,-24.161880614832658,14.765012051238383,-26.17507313230058,4.815037885512411,-28.92006557845498,-4.895062027203341,-23.833155737919267,-21.02029759456462,-16.978119079091623,-15.21216902370177,-15.571779158217733,-2.533412333390181,-10.842515832687395,3.2676047181872425,-7.9345599235974476,-9.837936566761812,-3.187242179058383,27.90480853601584,3.6121326881267932,14.008836524300442,-46.182754735522515,-3.082551796467427,-13.116951166440359,-26.294665706948408,1,1.2000000000000002
25,-24.284751914678495,14.682146062994553,-26.352707594148555,4.719367741834592,-29.090425228353297,-4.963167238252253,-23.93923384242476,-21.03431532909599,-17.210769245797696,-15.27541032595278,-15.770225577085004,-2.673386852741377,-11.041633768202491,3.2132236732693396,-8.199340648578056,-9.86129829737053,-3.415599019747129,27.82881140189078,3.5474577459849925,13.994845360824746,-46.182754735522515,-3.082551796467427,-13.95905627372737,-26.54321917394807,1,1.25
26,-24.407967615419675,14.594820500868867,-26.53012853376345,4.622596522559787,-29.262829821665672,-5.027140837851728,-24.05076147918652,-21.050118763264038,-17.446903831980222,-15.338694944656588,-15.972796134557585,-2.8114294213892244,-11.243207649097684,3.15842661617406,-8.466214538875995,-9.883300688899913,-3.6449237576716893,27.75200519089441,3.482782803843207,13.980854197349029,-46.182754735522515,-3.082551796467427,-14.765327121129884,-26.78119589767111,1,1.3
27,-24.531573903611527,14.503186316154682,-26.707346336899953,4.524816739044677,-29.43719754153208,-5.087084062885485,-24.1676009098761,-21.067564199235502,-17.686437493337493,-15.401946425456815,-16.179388801234808,-2.947599104360506,-11.447213632765756,3.1032117938145283,-8.73515797098196,-9.903987950561877,-3.8751936689298976,27.674408898208227,3.418107861701376,13.966863033873352,-46.182754735522515,-3.082551796467427,-15.535763708647792,-27.008595878117603,1,1.35
28,-24.65561696580944,14.40739446014529,-26.884371389312765,4.426120902645876,-29.613446571092545,-5.143098150237269,-24.28961439616507,-21.086507939177057,-17.92928488556783,-15.465088313997109,-16.389901547716104,-3.081954966682061,-11.653627876599497,3.0475774531038033,-9.006147321386589,-9.923404291568241,-4.106386029619541,27.596041519013795,3.3534329195595824,13.952871870397656,-46.182754735522515,-3.082551796467427,-16.270366036281175,-27.225419115287487,1,1.4000000000000001
29,-24.780142988568812,14.307595884134075,-27.061214076756546,4.326601524720072,-29.79149509348712,-5.195284336790748,-24.416664199725034,-21.106806285255416,-18.175360664369578,-15.528044155921124,-16.604232344600828,-3.214556073380649,-11.862426537991723,2.9915218409550217,-9.279158966580576,-9.941593921130915,-4.338478115838477,27.516922048492596,3.2887579774177897,13.938880706921951,-46.182754735522515,-3.082551796467427,-16.96913410402997,-27.4316656091808,1,1.4500000000000002
30,-24.90519815844504,14.203941539414338,-27.237884784986015,4.226351116623888,-29.971261291855765,-5.243743859429653,-24.54861258222753,-21.128315539637263,-18.42457948544105,-15.590737496872475,-16.822279162488336,-3.3454614894831,-12.073585774335228,2.9350432042812358,-9.554169283054549,-9.958601048461759,-4.5714472036844835,27.437069481826114,3.224083035275974,13.924889543446255,-46.182754735522515,-3.082551796467427,-17.63206791189424,-27.627335359797545,1,1.5
31,-25.03082866199347,14.0965823772794,-27.41439389975584,4.1254621897139625,-30.152663349338518,-5.288577955037696,-24.6853218053442,-21.150892004489346,-18.676856004480555,-15.65309188249481,-17.043939971978016,-3.4747302800161823,-12.28708174302281,2.878139789995577,-9.8311546472992,-9.974469882772656,-4.805270569255379,27.35650281419592,3.159408093134166,13.91089837997055,-46.182754735522515,-3.082551796467427,-18.25916745987395,-27.812428367137706,1,1.55
32,-25.15708068576949,13.985669349022627,-27.590751806820712,4.024027255346969,-30.335619449075423,-5.329887860498556,-24.82665413074654,-21.174391981978303,-18.932104877186468,-15.715030858431764,-17.26911274366926,-3.6024215100067316,-12.502890601447273,2.820809845011153,-10.11009143580519,-9.989244633275451,-5.039925488649006,27.275241040783545,3.094733150992365,13.896907216494846,-46.182754735522515,-3.082551796467427,-18.850432747969105,-27.986944631201265,1,1.6
33,-25.284000416328478,13.871353405937313,-27.766968891935317,3.922138824879533,-30.520047774206436,-5.367774812695946,-24.9724718201062,-21.198671774270853,-19.19024075925705,-15.776477970326976,-17.49769544816146,-3.728594244481544,-12.720988507001405,2.7630516162410297,-10.390956025063165,-10.002969509182046,-5.27538923796315,27.19330315677043,3.0300582088505648,13.882916053019137,-46.182754735522515,-3.082551796467427,-19.405863776179697,-28.150884151988254,1,1.6500000000000001
34,-25.411634040225838,13.753785499316814,-27.943055540854335,3.819889409668325,-30.705866507871626,-5.402340048513621,-25.122637135094713,-21.22358768353373,-19.451178306390684,-15.837356763824042,-17.729586056053957,-3.8533075484674364,-12.941351617078048,2.7048633505983104,-10.673724791563806,-10.015688719704327,-5.511639093295647,27.110708157338156,2.9653832667087485,13.868924889543452,-46.182754735522515,-3.082551796467427,-19.92546054450573,-28.304246929498678,1,1.7000000000000002
35,-25.540027744016935,13.633116580454463,-28.119022139332458,3.717371521069962,-30.89299383321099,-5.433684804835206,-25.27701233738367,-21.24899601193359,-19.71483217428568,-15.897590784566685,-17.964682537946143,-3.9766204869911483,-13.163956089069952,2.6462432949961174,-10.958374111797756,-10.027446474054162,-5.7486523307442905,27.02747503766821,2.9007083245669483,13.854933726067756,-46.182754735522515,-3.082551796467427,-20.40922305294722,-28.447032963732518,1,1.75
36,-25.669227714257158,13.509497600643583,-28.29487907312437,3.6146776704411234,-31.08134793336452,-5.461910318544478,-25.435459688644645,-21.27475306163713,-19.981117018640354,-15.957103578198463,-18.20288286443741,-4.098592125079553,-13.388778080369937,2.587189696347521,-11.244880362255685,-10.038286981443393,-5.986406226406913,26.94362279294212,2.836033382425125,13.84094256259206,-46.182754735522515,-3.082551796467427,-20.85715130150416,-28.579242254689763,1,1.8
37,-25.79928013750188,13.383079511177492,-28.47063672798475,3.511900369138422,-31.270846991472258,-5.487117826525095,-25.597841450549232,-21.300715134811124,-20.24994749515301,-16.01581869036303,-18.4440850061271,-4.219281527759423,-13.615793748370795,2.5277008015656244,-11.533219919428273,-10.048254451083949,-6.224878056381327,26.859170418341403,2.7713584402833167,13.826951399116346,-46.182754735522515,-3.082551796467427,-21.269245290176528,-28.70087480237045,1,1.85
38,-25.930231200306473,13.254013263349542,-28.646305489668308,3.409132128518538,-31.46140919067422,-5.509408565660813,-25.76401988476897,-21.326738533622176,-20.521238259522026,-16.07365966670406,-18.688186933614627,-4.3387477600575615,-13.844979250465336,2.4677748575635317,-11.82336915980613,-10.05739309218766,-6.464045096765348,26.774136909047574,2.7066834981415235,13.81296023564065,-46.182754735522515,-3.082551796467427,-21.64550501896435,-28.811930606774524,1,1.9000000000000001
39,-26.062127089226326,13.122449808453048,-28.821895743929712,3.3064654599381034,-31.652952714110402,-5.528883772835305,-25.93385725297548,-21.35267956023703,-20.794903967445702,-16.130550052865118,-18.935086617499337,-4.4570498870007595,-14.076310744046367,2.407410111254341,-12.115304459880004,-10.065747113966426,-6.7038846236567595,26.688541260242143,2.6420085559997233,13.798969072164954,-46.182754735522515,-3.082551796467427,-21.985930487867627,-28.912409667902065,1,1.9500000000000002
40,-26.195013990816847,12.988540097781355,-28.99741787652366,3.2039928747537876,-31.845395744920836,-5.545644684932275,-26.107215816840327,-21.37839451682237,-21.070859274622354,-16.186413394489907,-19.18468202838065,-4.574246973615838,-14.309764386506702,2.346604809551141,-12.409002196140477,-10.073360725632094,-6.944373913153453,26.602402467106614,2.577333613857915,13.784977908689259,-46.182754735522515,-3.082551796467427,-22.290521696886337,-29.00231198575297,1,2.0
41,-26.32893809163336,12.852435082627805,-29.172882273204824,3.1018068843221887,-32.03865646624553,-5.559792538835477,-26.28395783803507,-21.403739705544965,-21.34901883675032,-16.241173237222053,-19.43687113685788,-4.690398084929584,-14.545316335239095,2.2853571993670263,-12.70443874507827,-10.080278136396595,-7.185490241353133,26.515739524822553,2.512658671716122,13.770986745213563,-46.182754735522515,-3.082551796467427,-22.5592786460205,-29.081637560327344,1,2.0500000000000003
42,-26.463945578231296,12.714285714285715,-29.348299319727893,3.000000000000006,-32.23265306122449,-5.5714285714285685,-26.463945578231296,-21.428571428571423,-21.62929730952793,-16.294753126705174,-19.69155191353048,-4.805562285968815,-14.782942747636369,2.2236655276151147,-13.001590483184028,-10.086543555471733,-7.427210884353733,26.42857142857144,2.4479837295743208,13.756995581737836,-46.182754735522515,-3.082551796467427,-22.792201335270114,-29.150386391625105,1,2.1
43,-26.600082637166018,12.574242944048422,-29.52367940184756,2.8986647331438475,-32.427303712997755,-5.580654019595264,-26.6470412991006,-21.45274598806847,-21.911609348653496,-16.347076608582896,-19.948622328997786,-4.919798641760319,-15.02261978109135,2.1615280412085,-13.300433786948382,-10.092201192069403,-7.669513118253015,26.340917173534773,2.383308787432498,13.74300441826216,-46.27152342092783,-2.9480976921218547,-22.989916422345544,-29.11479352622532,1,2.15
44,-26.737395454992875,12.432457723209232,-29.69903290531851,2.7978935951104016,-32.622526604705314,-5.5875701202192865,-26.83310726231453,-21.47611968620283,-22.195869609825355,-16.398067228498913,-20.207980353859163,-5.033166217330905,-15.26432359299678,2.0989429870602465,-13.600945032862018,-10.09729525540151,-7.912374219148777,26.252795754894098,2.318633845290667,13.729013254786455,-46.36097126115795,-2.819309836874829,-23.19041938839007,-29.077113670320028,1,2.2
45,-26.875930218267314,12.289081003061508,-29.874370215895436,2.6977790972562867,-32.8182399194872,-5.592278110184343,-27.022005729544688,-21.498548825141203,-22.481992748741835,-16.447648532096768,-20.46952395871402,-5.14572407770737,-15.508030340745524,2.0359086120834777,-13.903100597415596,-10.1018699546799,-8.155771463138844,26.16422616783094,2.253958903148889,13.71502209131076,-46.451064286204335,-2.6961014158808876,-23.3936768869352,-29.037236268527792,1,2.25
46,-27.015733113544666,12.144263734898574,-30.049701719332994,2.598413750938153,-33.0143618404834,-5.594879226374118,-27.213598962462637,-21.5198897070503,-22.769893421101237,-16.49574406502017,-20.733151114161693,-5.257531287916512,-15.753716181730338,1.972423163191302,-14.20687685709981,-10.105969499116478,-8.399682126321018,26.075227407526793,2.1892839610070887,13.701030927835072,-46.54176852605844,-2.5783856142945156,-23.59965557151247,-28.995050765467262,1,2.3000000000000003
47,-27.156850327380326,11.998156870013757,-30.225037801385906,2.4998900675126565,-33.21081055083396,-5.5954747056723475,-27.407749222739966,-21.53999863409674,-23.059486282601934,-16.542277372912736,-20.998759790801607,-5.368646912985138,-16.001357273344052,1.9084848872967983,-14.512250188405284,-10.109638097923089,-8.644083484793132,25.985818469163164,2.1246090188652724,13.687039764359367,-46.6330500107117,-2.466075617270284,-23.808322095653423,-28.95044660575703,1,2.35
48,-27.299328046329684,11.850911359700387,-30.400388847808852,2.4023005583364383,-33.407504233678885,-5.5941657849627235,-27.60431877204823,-21.55873190844731,-23.350685988942203,-16.587172001418125,-21.266247959233123,-5.479130017940064,-16.250929772979433,1.844092031313056,-14.819196967822709,-10.112919960311656,-8.88895281465302,25.896018347921597,2.0599340767234793,13.673048600883662,-46.72487477015556,-2.3590846099626726,-24.019643112889558,-28.90331323401575,1,2.4000000000000004
49,-27.443212456948103,11.70267815525181,-30.575765244356493,2.3057377347661547,-33.60436107215819,-5.591053701128946,-27.80316987205903,-21.575945832268687,-23.64340719582041,-16.630351496179916,-21.535513590055597,-5.5890396678080725,-16.502409838029312,1.7792428421532076,-15.127693571842714,-10.115859295493955,-9.134267391998486,25.805846038983603,1.9952591345816562,13.659057437407958,-46.817208834381475,-2.2573257775262143,-24.233585276752404,-28.853540094861998,1,2.45
50,-27.58854974579096,11.553608207961338,-30.751177376783563,2.2102941081584366,-33.8012992494119,-5.586239691054745,-28.00416478444394,-21.591496707727558,-23.937564558934845,-16.671739402841794,-21.806454653868432,-5.69843492761596,-16.755773625886466,1.713935566730318,-15.437716376955985,-10.118500312681967,-9.380004492927323,25.715320537530697,1.9305841924398557,13.64506627393226,-46.91001823338089,-2.1607123051154327,-24.450115240773492,-28.801016632914433,1,2.5
51,-27.73538609941366,11.403852469122292,-30.926635630844686,2.1160621898699405,-33.998236948580015,-5.579824991623808,-28.20716577087454,-21.605240836990625,-24.233072733983867,-16.711259267047367,-22.07896912127099,-5.807374862390542,-17.010997293943728,1.6481684519574902,-15.749241759653176,-10.1208872210875,-9.626141393537353,25.624460838744383,1.8659092502980323,13.631075110456555,-47.00326899714525,-2.069157377884855,-24.669199658484345,-28.745632292791623,1,2.5500000000000003
52,-27.883767704371564,11.253561890028045,-31.1021503922946,2.0231344912573173,-34.19509235280255,-5.571910839719879,-28.412035093022386,-21.617034522224607,-24.52984637666576,-16.748834634440314,-22.352954962862643,-5.915918537158656,-17.268056999593863,1.581939744747799,-16.062246096424957,-10.12306422992245,-9.872655369926399,25.53328593780617,1.8012343081562694,13.617083946980859,-47.096927155665995,-1.9825741809889719,-24.890805183416475,-28.687276519112228,1,2.6
53,-28.033740747220083,11.102887421971912,-31.277732046887987,1.931603523677227,-34.39178364521952,-5.5625984722266,-28.61863501255908,-21.626734065596164,-24.827800142678917,-16.784389050664235,-22.628310149242825,-6.024125016947029,-17.5269289002297,1.5152476920144158,-16.376705763761986,-10.12507554839871,-10.119523698192292,25.441814829897634,1.7365593660144387,13.603092783505154,-47.190958738934576,-1.9008758995823245,-25.114898469101423,-28.625838756494815,1,2.6500000000000004
54,-28.185351414514557,10.951980016247203,-31.45339098037949,1.8415617984862873,-34.58822900897094,-5.55198912602773,-28.826827791156184,-21.634195769272047,-25.126848687721576,-16.817846061362737,-22.90493265101084,-6.132053366782499,-17.78758915324401,1.4480905406703763,-16.692597138154937,-10.126965385728115,-10.36672365443283,25.350066510200225,1.6718844238726456,13.589101620029458,-47.28532977694244,-1.8239757188194465,-25.341446169070693,-28.561208449558038,1,2.7
55,-28.338645892810387,10.800990624147266,-31.62913757852383,1.753101827041178,-34.78434662719685,-5.54018403800695,-29.03647569048529,-21.63927593541893,-25.426906667492144,-16.849129212179545,-23.18272043876608,-6.239762651691886,-18.050013916029616,1.3804665376287841,-17.00989659609445,-10.128777951122572,-10.614232514745801,25.25805997389547,1.6072094817308376,13.575110456553762,-47.380006299681035,-1.7517868238548224,-25.57041493685583,-28.49327504292053,1,2.75
56,-28.493670368662965,10.650070196965444,-31.804982227075705,1.666316120698521,-34.980054683037224,-5.527284445047982,-29.24744097221796,-21.641830866203502,-25.72788873768891,-16.87816204875822,-23.461571483107953,-6.347311936701961,-18.31417934597932,1.312373929802762,-17.32858051407119,-10.13055745379396,-10.862027555229083,25.1658142161649,1.5425345395890142,13.561119293078066,-47.4749543371418,-1.6842223998430088,-25.801771425988328,-28.42192798120085,1,2.8000000000000003
57,-28.65047102862763,10.499369685995042,-31.980935311789775,1.581297190814977,-35.175271359632106,-5.513391584034548,-29.459585898025768,-21.641716863792485,-26.0297095540102,-16.90486811674241,-23.741383754635816,-6.454760286839562,-18.580061600485898,1.2438109641053599,-17.648625268575866,-10.132348102954118,-11.110086051980431,25.073348232190057,1.4778595974472135,13.54712812960237,-47.57013991931618,-1.6211956319384908,-26.03548228999974,-28.347056709017675,1,2.85
58,-28.809094059259802,10.349040042529392,-32.15700721842073,1.4981375487471777,-35.369914840121496,-5.498606691850334,-29.672772729580327,-21.638790230352548,-26.33228377215434,-16.92917096177579,-24.022055223949042,-6.562166767131438,-18.84763683694216,1.1747758874497207,-17.970007236099065,-10.13419410781496,-11.358385281097684,24.980681017152406,1.4131846553054204,13.533136966126655,-47.665529076195654,-1.5626197052958297,-26.271514182421587,-28.268550670989555,1,2.9000000000000004
59,-28.96958564711486,10.199232217861866,-32.33320833272329,1.4169297058517933,-35.56390330764542,-5.483031005379029,-29.886863728553166,-21.63290726805045,-26.63552604781965,-16.950994129501964,-24.303483861647035,-6.669590442604448,-19.116881212740918,1.1052669467489236,-18.292702793131525,-10.136139677588323,-11.606902518678663,24.887831566233483,1.3485097131636046,13.519145802650968,-47.76108783777162,-1.5084078050694962,-26.509833756785387,-28.186299311735173,1,2.95
60,-29.13199197874818,10.050097163285766,-32.50954904045208,1.3377661734854698,-35.757154945343885,-5.466765761504359,-30.10172115661588,-21.62392427905282,-26.939351036704487,-16.970261165564555,-24.585567638329152,-6.7770903782853615,-19.387770885274982,1.0352823889160814,-18.61668831616386,-10.138229021486111,-11.85561504082118,24.79481887461483,1.283834771021804,13.505154639175263,-47.85678223403555,-1.458473116414066,-26.750407666622642,-28.100192075873096,1,3.0
61,-29.29635924071513,9.901785830094418,-32.686039727361816,1.2607394630048343,-35.94958793635691,-5.449912197110072,-30.317207275440087,-21.611697565526406,-27.243673394507155,-16.986895615607246,-24.868204524594766,-6.884725639200976,-19.660282011937124,0.9648204608642738,-18.941940181686743,-10.140506348720193,-12.104500123623044,24.701661937477915,1.2191598288800034,13.491163475699567,-47.95257829497889,-1.4127288244840097,-26.993202565464912,-28.01011840802198,1,3.0500000000000003
62,-29.462733619571104,9.754449169581171,-32.862690779207206,1.185942085766547,-36.141120463824514,-5.432571549079814,-30.533184346697308,-21.596083429637904,-27.548407776925952,-17.000821025273638,-25.15129249104327,-6.992555290378118,-19.934390750120155,0.8938794095065945,-19.268434766190865,-10.143015868502436,-12.35353504318207,24.608379750004303,1.1544848867381878,13.477172312223871,-48.04844205059309,-1.3710881144338452,-27.238185106843694,-27.915967752800398,1,3.1
63,-29.63116130187147,9.608238133039341,-33.03951258174293,1.1134665531272592,-36.3316707108867,-5.414845054297306,-30.74951463205914,-21.576938173553973,-27.853468839659254,-17.01196094020737,-25.43472950827402,-7.100638396843564,-20.21007325721689,0.8224574817561519,-19.59614844616684,-10.145801790044725,-12.602697075596085,24.51499130737548,1.0898099445964022,13.463181148748166,-48.14433953086957,-1.33346417141813,-27.48532194429053,-27.81762955482698,1,3.1500000000000004
64,-29.801688474171627,9.463303671762274,-33.216515520723654,1.0434053764436122,-36.5211568606835,-5.3968339496462825,-30.96606039319716,-21.554118099441357,-28.158771238405357,-17.02023890605207,-25.718413546886413,-7.209034023624117,-20.487305690620108,0.7505529245260542,-19.92505759810536,-10.148908322558913,-12.851963496962895,24.421515604772996,1.0251350024545713,13.44918998527248,-48.24023676579981,-1.299770180591382,-27.734579731336915,-27.71499325872036,1,3.2
65,-29.97436132302694,9.319796737043285,-33.39370998190407,0.975851067072247,-36.709497096354895,-5.378639472010433,-31.182683891782936,-21.527479509466758,-28.4642296288626,-17.02557846845143,-26.002242577479812,-7.317801235746625,-20.766064207722614,0.6781639847293712,-20.25513859849709,-10.152379675256928,-13.101311583380305,24.327971637378326,0.9604600603127933,13.435198821796766,-48.33609978537524,-1.26991932710812,-27.985925121514406,-27.607948309099175,1,3.25
66,-30.149226034992793,9.177868280175716,-33.57110635103887,0.9108961363698294,-36.89660960104094,-5.360362858273458,-31.399247389488085,-21.49687870579684,-28.769758666729313,-17.027903173049022,-26.28611457065362,-7.426999098237811,-21.046324965917204,0.6052889092792113,-20.586367823832685,-10.156260057350572,-13.350718610946144,24.23437840037299,0.8957851181709625,13.421207658321068,-48.4318946195873,-1.2438247961228184,-28.239324768354518,-27.496384150581978,1,3.3000000000000003
67,-30.326328796624573,9.03766925245289,-33.74871501388273,0.8486330956930053,-37.08241255788164,-5.342105345319073,-31.61561314798414,-21.46217199059834,-29.07527300770378,-17.0271365654885,-26.569927497007196,-7.53668667612455,-21.328064122596707,0.531925945088683,-20.918721650602798,-10.160593678051773,-13.600161855758225,24.14075488893852,0.8311101760291845,13.407216494845363,-48.52758729842745,-1.2213997727900543,-28.494745325388767,-27.38019022778745,1,3.35
68,-30.50571579447766,8.89935060516816,-33.92654635619036,0.7891544563983968,-37.266824150016994,-5.323968170030977,-31.831643428942712,-21.42321566603793,-29.3806873074844,-17.023202191413496,-26.853579327139908,-7.646923034433594,-21.611257835153896,0.45807333907087977,-21.252176455298116,-10.165424746572361,-13.849618593914382,24.04712009825647,0.7664352338873537,13.393225331369667,-48.62314385188713,-1.2025574422642922,-28.75215344614867,-27.259255985334153,1,3.4000000000000004
69,-30.68743321510743,8.763063289614825,-34.10461076371641,0.7325527298426935,-37.44976256058702,-5.3060525692929055,-32.04720049403535,-21.37986603428232,-29.685916221769432,-17.01602359646769,-27.136968031651147,-7.75776723819177,-21.895882260981587,0.38372933813888127,-21.58670861440928,-10.170797472124251,-14.099066101512383,23.95349302350828,0.7017602917455531,13.379234167893971,-48.718530309957785,-1.1872109897001184,-29.011515784165784,-27.133470867840725,1,3.45
70,-30.871527245069267,8.628958257086248,-34.282918622215604,0.6789204273825027,-37.63114597273176,-5.288459779988539,-32.26214660493365,-21.331979397498216,-29.99087440625724,-17.005524326294676,-27.419991581140284,-7.869278352425884,-22.18191355747256,0.30889218920581984,-21.922294504426976,-10.176756063919326,-14.34848165465009,23.859892659875513,0.6370853496037601,13.365243004418266,-48.81371270263086,-1.1752736002519981,-29.272798992971573,-27.002724319925765,1,3.5
71,-31.058044070918548,8.497186458875733,-34.461480317442614,0.6283500603744804,-37.810892569591175,-5.271291039001593,-32.47634402330917,-21.27941205785233,-30.29547651664614,-16.991627926538094,-27.702547946206703,-7.981515442162729,-22.469327882019638,0.23356013918473623,-22.258910501841843,-10.183344731169434,-14.59784252942529,23.766338002539683,0.5724104074619669,13.35125184094257,-48.90865705989783,-1.166658459074469,-29.53596972609762,-26.866905786207948,1,3.5500000000000003
72,-31.247029879210654,8.36789884627664,-34.64030623515212,0.5809341401752968,-37.988920534305336,-5.25464758321578,-32.6896550108335,-21.2220203175113,-30.599637208634455,-16.974257942841604,-27.98453509744978,-8.094537572429097,-22.758101392015607,0.15773143498879194,-22.596532983144535,-10.19060768308644,-14.847126001935804,23.67284804668229,0.507735465320136,13.337260677466853,-49.00332941175008,-1.1612787513220544,-29.80099463707542,-26.72590471130582,1,3.6
73,-31.43853085650097,8.241246370582282,-34.819406761098804,0.5367651781415642,-38.165148050014224,-5.238630649514773,-32.90194182917822,-21.159660478641925,-30.903271137920516,-16.9533379208488,-28.265851005468882,-8.208403808251804,-23.048210244853262,0.081404323531047,-22.935138324825758,-10.19858912888224,-15.096309348279439,23.579441787484853,0.44306052317832795,13.323269513991178,-49.09769578817912,-1.1590476621492871,-30.067840379436497,-26.579610539838047,1,3.6500000000000004
74,-31.632593189344878,8.117379983086003,-34.998792281037375,0.4959356856299772,-38.339493299857885,-5.223341474782316,-33.113066740014915,-21.092188843410824,-31.206292960202635,-16.928791406203338,-28.546393640863418,-8.323173214657636,-23.339630597925417,0.00457705172460976,-23.274702903376163,-10.20733327776869,-15.345369844554039,23.48613822012893,0.37838558103653486,13.309278350515463,-49.19172221917634,-1.1598783767106662,-30.336473606712403,-26.427912716423194,1,3.7
75,-31.82926306429775,7.996450635081118,-35.178473180722506,0.45853817399712854,-38.5118744669763,-5.208881295902109,-33.32289200501516,-21.01946171398474,-31.508617331179167,-16.900541944548877,-28.826060974232725,-8.438904856673409,-23.632338608624885,-0.07275213351742593,-23.61520309528637,-10.216884338957692,-15.594284766857397,23.39295633979598,0.31371063889473416,13.295287187039767,-49.28537473473324,-1.1636840801607051,-30.60686097243462,-26.270700685679916,1,3.75
76,-32.028586667914986,7.878609277860961,-35.35845984590886,0.4246651545997176,-38.68220973450949,-5.195351349757856,-33.5312798858505,-20.94133539253035,-31.810158906548406,-16.86851308152904,-29.1047509761762,-8.55565779932592,-23.926310434344426,-0.1505849852819662,-23.956615277047074,-10.227286521661119,-15.843031391287322,23.29991514166754,0.24903569675293355,13.281296023564071,-49.378619364841235,-1.1703779576539513,-30.878969130134692,-26.107863892226835,1,3.8000000000000003
77,-32.23057223827569,7.763942200082799,-35.53876354296553,0.39435859112108657,-38.850465141190156,-5.182824480098604,-33.73812735430951,-20.857745772832114,-32.11078159504663,-16.83269826727401,-29.382400449545845,-8.673442275089148,-24.221444981238108,-0.2288944231779334,-24.29885896545764,-10.238542469329232,-16.091592786364526,23.2070287789696,0.18436075461109525,13.267304860088366,-49.47142213949177,-1.179873194344918,-31.152746210380037,-25.939372781402145,1,3.85
78,-32.435076219553906,7.652277039859598,-35.71939906071896,0.36745825655142483,-39.01679814812165,-5.171259958134711,-33.943470222648585,-20.76894711514552,-32.41014631756192,-16.79337056986022,-29.659101526204164,-8.792073186225615,-24.517332150504817,-0.3075380329025171,-24.641626238552103,-10.250488562366002,-16.33997519030118,23.114292037106004,0.1196858124693172,13.25331369661266,-49.56374908867631,-1.1920829753881048,-31.428066251881727,-25.765521801422445,1,3.9000000000000004
79,-32.64191710744747,7.543376772668221,-35.900382068610014,0.3437533762076708,-39.181414071999995,-5.16058866194188,-34.14737901324102,-20.675273271343876,-32.70786324802024,-16.75087296185073,-29.93498517026629,-8.911316602445089,-24.81348459210472,-0.386344566674812,-24.98455231467321,-10.262919615413843,-16.588190633732392,23.021694859525052,0.05501087032751656,13.239322533136974,-49.65556624238628,-1.2069204859380347,-31.704784770386723,-25.58668640122398,1,3.95
80,-32.85091339765418,7.437004373985591,-36.081728236079535,0.32303317540674387,-39.34451822952122,-5.150741469595804,-34.349924248460255,-20.577058093300355,-33.0035425603476,-16.705548415808476,-30.21018234584738,-9.03093859345731,-25.109414955997966,-0.46514277671404813,-25.327272412163758,-10.275630443115084,-16.836251147293215,22.929227189675032,-0.009664071814314213,13.22533136966127,-49.746839630613145,-1.2242989111492646,-31.98275728164199,-25.40324202974288,1,4.0
81,-33.06188358587181,7.332922819288562,-36.26345323256837,0.30508687946559687,-39.50631593738136,-5.141649259172173,-34.55117645067957,-20.474635432888274,-33.296794428469994,-16.657739904296477,-30.48482401706254,-9.150705228971965,-25.404635892144682,-0.543761415239378,-25.669421749366446,-10.288415860112126,-17.08416876161874,22.836878971004268,-0.07433901395609227,13.211340206185561,-49.83753528334833,-1.2441314361762597,-32.26183930139448,-25.21556413591543,1,4.05
82,-33.274646167798196,7.230895084054047,-36.44557272751733,0.2897037137011202,-39.667012512276436,-5.133242908746677,-34.751206142272345,-20.368339141980847,-33.58722902631342,-16.60779039987773,-30.75904114802691,-9.270382578698785,-25.69866005050502,-0.6220292344699785,-26.010635544624073,-10.301070681047365,-17.33195550734402,22.744640146961075,-0.13901395609790795,13.197349042709867,-49.9276192305833,-1.2663312461735916,-32.54188634539116,-25.024028168677738,1,4.1000000000000005
83,-33.48901963913112,7.130684143758909,-36.62810239036731,0.2766729034302475,-39.82681327090247,-5.125453296395037,-34.950083845611914,-20.25850307245133,-33.8744565278039,-16.556042875115224,-31.032964702855647,-9.389736712347526,-25.991000081039136,-0.699774986625012,-26.350549016279345,-10.31338972056313,-17.57962341510415,22.652500660993752,-0.20368889823970107,13.18335787923417,-50.017057502309505,-1.29081152629574,-32.822753929379,-24.82900957696609,1,4.15
84,-33.70482249556841,7.032052973880057,-36.811057890559105,0.2657836739698979,-39.98592352995552,-5.118211300192921,-35.14788008307165,-20.145461076173,-34.15808710686741,-16.502840302571993,-31.306725645663853,-9.508533699627877,-26.28116863370718,-0.7768274239236649,-26.688797382675055,-10.325167793301846,-17.827184515534192,22.56045045655057,-0.2683638403815093,13.169366715758475,-50.10581612851838,-1.317485461697238,-33.10429756910495,-24.630883809716668,1,4.2
85,-33.92187323280783,6.934764549894363,-36.9944548975336,0.2568252506370149,-40.14454860613159,-5.111447798216063,-35.34466537702491,-20.029547005019083,-34.437730937429954,-16.448525654811004,-31.580454940566693,-9.626539610249612,-26.568678358469278,-0.8530152985851092,-27.02501586215392,-10.336199713905879,-18.074650839269246,22.468479477079885,-0.33303878252332497,13.15537555228277,-50.19386113920135,-1.3462662375326326,-33.38637278031598,-24.430026315865632,1,4.25
86,-34.139990346547194,6.838581847278741,-37.178309080731594,0.24958685874850317,-40.30289381612671,-5.1050936685401345,-35.540510249845,-19.91109471086285,-34.71299819341752,-16.393441904395274,-31.85428355167928,-9.743520513922428,-26.853041905285572,-0.9281673628285168,-27.35883967305871,-10.346280297017586,-18.32203441694436,22.376577666029988,-0.3977137246651331,13.141384388807074,-50.2811585643499,-1.3770670389563795,-33.66883507875904,-24.22681254434923,1,4.3
87,-34.358992332484334,6.743267841510035,-37.36263610959397,0.2438577236212819,-40.4611644766369,-5.09907978924081,-35.735485223905314,-19.790438045577563,-34.983499048756116,-16.337932023887813,-32.12834244311674,-9.859242480356047,-27.133771924116246,-1.0021123688730307,-27.689904033732176,-10.355204357279376,-18.569347279194606,22.284734966849186,-0.4623886668069413,13.127393225331387,-50.36767443395546,-1.4098010511230696,-33.951539980181124,-24.021617944103664,1,4.3500000000000005
88,-34.57869768631702,6.648585508065183,-37.54745165356155,0.23942707057228974,-40.61956590435822,-5.093337038393848,-35.929660821579205,-19.667910861036436,-35.24884367737174,-16.28233898585158,-32.40276257899425,-9.973471579260213,-27.4103810649214,-1.0746790689378956,-28.017844162517058,-10.362766709333618,-18.816601456655082,22.192941322985764,-0.5270636089487344,13.113402061855673,-50.45337477800948,-1.4443814591871875,-34.23434300032916,-23.814817964065092,1,4.4
89,-34.798924903743064,6.554297822421027,-37.73277138207519,0.2360841249184651,-40.77830341598667,-5.087796294074905,-36.12310756523999,-19.54384700911275,-35.508642253190374,-16.227005762849615,-32.677674923426885,-10.085973880344667,-27.682381977661205,-1.145696215242201,-28.34229527775613,-10.368762167822648,-19.063808979960854,22.10118667788804,-0.5917385510905275,13.099410898379977,-50.5382256265034,-1.480721448303271,-34.51709965495015,-23.60678805316976,1,4.45
90,-35.019492480460265,6.460167760054488,-37.918610964575734,0.23361811197668372,-40.937582328218284,-5.082388434359675,-36.31589597726104,-19.41858034167976,-35.76250495013803,-16.172275327444897,-32.95321044052982,-10.196515453319094,-27.949287312295795,-1.2149925600051912,-28.662892597792116,-10.37298554738892,-19.310981879746983,22.00946097500433,-0.6564134932323282,13.08541973490427,-50.62219300942866,-1.518734203625814,-34.79966545979102,-23.39790366035386,1,4.5
91,-35.240218912166426,6.365958296442437,-38.104986070504,0.23181825706391324,-41.097607957749084,-5.0770443373238665,-36.50809658001572,-19.292444710610713,-36.01004194214073,-16.118490652200443,-33.22950009441818,-10.30486236789326,-28.21060971878534,-1.2823968554459808,-28.979271340967795,-10.375231662674759,-19.558132186648574,21.917754157782934,-0.7210884353741288,13.071428571428575,-50.70524295677673,-1.5583329103093493,-35.08189593059873,-23.188540234553585,1,4.55
92,-35.460922694559365,6.271432407061749,-38.29191236930086,0.2304737854970631,-41.258585621275124,-5.071694881043147,-36.69977989587737,-19.165773967778872,-36.25086340312442,-16.065994709679224,-33.5066748492071,-10.41078069377687,-28.46586184708996,-1.3477378537837847,-29.291066725625907,-10.375295328322572,-19.80527193130068,21.826056169672157,-0.785763377515937,13.057437407952868,-50.787341498539035,-1.599430753508386,-35.363646583120286,-22.97907322470512,1,4.6000000000000005
93,-35.68142232333686,6.176353067389354,-38.47940553040714,0.22937392259305256,-41.42072063549241,-5.066270943593263,-36.891016447219336,-19.038901965057455,-36.48457950701515,-16.015130472444262,-33.78486566901171,-10.514036500679659,-28.714556347169808,-1.410844307237756,-29.59791397010918,-10.372971358974704,-20.052413144338384,21.734356954120308,-0.8504383196577527,13.043446244477163,-50.86845466470703,-1.6419409183774711,-35.64477293310262,-22.769878079744714,1,4.65
94,-35.90153629419673,6.0804832529020905,-38.6674812232637,0.22830789366881532,-41.58421831709697,-5.060703403049896,-37.08187675641498,-18.912162554319764,-36.710800427738874,-15.966240913058561,-34.064203517947156,-10.614395858311342,-28.956205868985027,-1.4715449680270856,-29.899448292760404,-10.368054569273555,-20.29956785639675,21.64264645457569,-0.9151132617995533,13.029455081001467,-50.94854848527216,-1.685776590071109,-35.92513049629269,-22.56133024860854,1,4.7
95,-36.12108310283677,5.983585939076868,-38.85615511731137,0.22706492404126094,-41.74928398278484,-5.054923137488707,-37.27243134583763,-18.785889587439,-36.92913633922163,-15.919669004085113,-34.34481936012856,-10.711624836381667,-29.190323062495775,-1.5296685883709167,-30.195304911922307,-10.360339773861492,-20.546748098110864,21.550914614486587,-0.9797882039413767,13.015463917525771,-51.02758899022587,-1.730850953743832,-36.20457478843747,-22.35380518023282,1,4.75
96,-36.339881244954775,5.8854241013905915,-39.045442881991,0.2254342390273135,-41.91612294925204,-5.048861024985448,-37.46275073786066,-18.66041691628847,-37.139197415389376,-15.875757718086907,-34.62684415967105,-10.805489504600358,-29.41642057766218,-1.585043920488455,-30.48511904593765,-10.349621787380933,-20.7939659001158,21.459151377301353,-1.0444631460831322,13.001472754050077,-51.1055422095596,-1.7770771945501298,-36.48296132528392,-22.14767832355373,1,4.800000000000001
97,-36.557749216248574,5.785760715320113,-39.23536018674343,0.22320506394394043,-42.08494053319461,-5.04244794361578,-37.65290545485741,-18.53607839274139,-37.340593830168146,-15.834850027626947,-34.91040888068979,-10.895755932677112,-29.634011064444394,-1.6374997165988292,-30.768525913149183,-10.335695424474174,-21.04123329304664,21.367346686468263,-1.1091380882249626,12.987481590574381,-51.18237417326482,-1.8243684976445398,-36.76014562257901,-21.943325127507464,1,4.8500000000000005
98,-36.77450551241594,5.684358756342357,-39.425922701009505,0.22016662410799342,-42.25594205130858,-5.035614771455379,-37.842966019201256,-18.413207868670998,-37.53293575748392,-15.797288905268235,-35.195644487299894,-10.982190190321719,-29.842607172802584,-1.6868647289212548,-31.045160731899667,-10.318355499783666,-21.288562307538463,21.275490485435636,-1.1738130303667709,12.973490427098675,-51.25805091133295,-1.8726380481815954,-37.0359831960697,-21.741121041030254,1,4.9
99,-36.99003016842411,5.581076622940959,-39.61711194651538,0.2161543197929015,-42.429214570703785,-5.028315650980183,-38.03300666213826,-18.29205628357031,-37.71602815249874,-15.763328854405152,-35.48259820605343,-11.064609651566665,-30.041903890827157,-1.733026939835704,-31.314799699767928,-10.297467924030194,-21.535961528558232,21.183575597926875,-1.2384879725085716,12.959499263622968,-51.33253845375544,-1.921799031315781,-37.31027886977246,-21.541343393482165,1,4.95
100,-37.20444937631803,5.476154405626773,-39.80877285412851,0.21118825109791117,-42.60437216014536,-5.0205977822667975,-38.22311645040552,-18.172542927410944,-37.89045509531881,-15.73287050175744,-35.7709823132504,-11.143036907735684,-30.2323255591298,-1.7761112523652622,-31.57778293127729,-10.273182992248117,-21.783425758400767,21.09160636876598,-1.3031629146503798,12.945508100147272,-51.40580283052375,-1.9717646322016626,-37.58263470078187,-21.34387703591853,1,5.0
101,-37.41795086741203,5.369927617917412,-40.000716207001645,0.205334693078687,-42.78091063881229,-5.012531629792034,-38.41338815961285,-18.054504177784363,-38.05699544728646,-15.705726004876224,-36.06042534762763,-11.217545854475427,-30.414478856452433,-1.8163017996938386,-31.834591520187125,-10.245722095550278,-22.030946353692716,20.999590023052022,-1.367837856792188,12.931516936671578,-51.477810071629314,-2.022448035993716,-37.85260205446197,-21.148508699818752,1,5.050000000000001
102,-37.63072237302048,5.262731773330463,-40.19275278828753,0.198659920790937,-42.95832582588349,-5.004187658032733,-38.60391456537007,-17.93777641228191,-38.216428069743905,-15.681707521312635,-36.35055584792207,-11.28821038743241,-30.588970461536988,-1.8537827150053723,-32.08570656025683,-10.215306625049497,-22.278514671060762,20.90753378588411,-1.4325127989339888,12.917525773195871,-51.54852620706359,-2.073762427846502,-38.119732296176856,-20.95502511666201,1,5.1000000000000005
103,-37.84295162445774,5.154902385383563,-40.38469338113894,0.19123020929036444,-43.13611354053795,-4.995636331465719,-38.79478844328699,-17.82219600849503,-38.36953182403343,-15.660627208617809,-36.64100235287058,-11.355104402253222,-30.756407053125457,-1.8887381314837535,-32.33160914524581,-10.182157971858553,-22.526122067131617,20.815444882361295,-1.4971877410757892,12.903534609720175,-51.617917266818004,-2.1256209929145067,-38.383576791290615,-20.763213017927587,1,5.15
104,-38.05482635303815,5.046774967594329,-40.5763487687086,0.1831118336326435,-43.31376960195461,-4.986948114567779,-38.98610256897344,-17.70759934401509,-38.5170855714973,-15.64229722434288,-36.93139340121006,-11.418301794584421,-30.917395309959723,-1.9213521823129305,-32.57278036891343,-10.146497527090316,-22.77375989853192,20.723330537582708,-1.5618626832175897,12.889543446244481,-51.68594928088403,-2.1779369163522615,-38.64368690516731,-20.5728591350948,1,5.2
105,-38.26653429007609,4.93868503348035,-40.76752973414931,0.1743710688735112,-43.49078982931243,-4.978193471815754,-39.17794971803925,-17.593822796433518,-38.659868173477776,-15.626529726038946,-37.22135753167743,-11.477876460072583,-31.072541910781784,-1.95180900067675,-32.80970132501911,-10.10854668185756,-23.02141952188842,20.63119797664743,-1.6265376253594055,12.875552282768785,-51.7525882792531,-2.2306233833143003,-38.899614003171024,-20.383750199642883,1,5.25
106,-38.47826316688589,4.830968096559255,-40.95804706061381,0.165074190068637,-43.66667004179037,-4.969442867686482,-39.37042266609423,-17.480702743341674,-38.798658491317155,-15.613136871257124,-37.510523283009576,-11.533902294364255,-31.22245353433357,-1.9802927197591655,-33.04285310732224,-10.068526827273118,-23.269092293827747,20.539054424654537,-1.691212567501214,12.861561119293079,-51.81780029191664,-2.2835935789551263,-39.150909450665814,-20.195672943051093,1,5.300000000000001
107,-38.690200714781916,4.723959670348653,-41.14771153125483,0.15528747227368542,-43.840906058567384,-4.960766766656756,-39.5636141887482,-17.36807556233094,-38.934235386357685,-15.601930817548602,-37.79851919394338,-11.586453193106076,-31.367736859357013,-2.006987472744096,-33.27271680958219,-10.026659354449807,-23.51676957097663,20.446907106703154,-1.7558875096430067,12.847569955817372,-51.88155134886614,-2.3367606884292633,-39.39712461301577,-20.008414096798735,1,5.3500000000000005
108,-38.90253466507853,4.61799526836617,-41.33633392922516,0.14507719054442247,-44.01299369882243,-4.952235633203404,-39.757617061610965,-17.255777630992792,-39.06737771994163,-15.59272372246446,-38.08497380321575,-11.63560305194455,-31.50899856459408,-2.032077392815418,-33.499773525558375,-9.983165654500404,-23.764442709961727,20.354763247892322,-1.8205624517848378,12.833578792341676,-51.943807480093,-2.3900378968912337,-39.63781085558498,-19.821760392365093,1,5.4
109,-39.115452749090075,4.5134104041293766,-41.52372503767756,0.13450961993647412,-44.18242878173446,-4.943919931803251,-39.95252406029238,-17.14364532691856,-39.19886435341126,-15.585327743555837,-38.36951564956359,-11.681425766526253,-31.646845328786693,-2.0557466131570936,-33.72450434901019,-9.938267118537771,-24.012103067409704,20.26263007332117,-1.885237393926608,12.819587628865971,-52.004534715588704,-2.443338389495566,-39.87251954373749,-19.63549856122939,1,5.45
110,-39.32914269813092,4.410540591155931,-41.70969563976475,0.12365103550559182,-44.34870712648244,-4.935890126933128,-40.14842796040223,-17.031515027699655,-39.32947414810885,-15.57955503837388,-38.651773271723776,-11.723995232497817,-31.781883830676804,-2.078179266952975,-33.947390373697004,-9.892185137674687,-24.259741999947316,20.170514808088754,-1.949912336068439,12.805596465390286,-52.06369908534469,-2.496575351396764,-40.1008020428374,-19.449415334870935,1,5.5
111,-39.54379224351542,4.3097213429634404,-41.89405651863952,0.11256771230743055,-44.511324552245306,-4.928216683069842,-40.345421537550365,-16.919223110927483,-39.459985965376674,-15.575217764469668,-38.93137520843321,-11.763385345505727,-31.91472074900637,-2.0995594873870007,-34.16891269337823,-9.845141103024005,-24.507350864201197,20.07842467729421,-2.0145872782102323,12.79160530191458,-52.121266619352376,-2.5496619677493464,-40.32220971824877,-19.263297444768977,1,5.550000000000001
112,-39.75958911655791,4.2112881730694856,-42.07661845745462,0.10132592539770315,-44.66977687820205,-4.920970064690224,-40.54359756734658,-16.80660595419344,-39.59117866655699,-15.572128079394375,-39.20794999842879,-11.799670001196622,-32.04596276251732,-2.1200714076431,-34.38955240181326,-9.797356405698515,-24.754921016798043,19.98636690603658,-2.0792622203520326,12.777614138438873,-52.177203347603246,-2.6025114237078553,-40.536293935335685,-19.07693162240281,1,5.6000000000000005
113,-39.976721048572784,4.115576594991711,-42.25719223936281,0.08999194983213216,-44.82355992353159,-4.9142207362710755,-40.743048825400706,-16.6934999350889,-39.72383111299209,-15.570098140699073,-39.48112618044743,-11.832923095217005,-32.176216549951626,-2.139899160905143,-34.6097905927615,-9.749052436811025,-25.00244381436455,19.894348719415007,-2.143937162493856,12.763622974963177,-52.23147530008873,-2.655036904426785,-40.74260605946222,-18.890104599251686,1,5.65
114,-40.19537577087437,4.022922122247709,-42.43558864751682,0.07863206066637246,-44.972169507412914,-4.90803916228924,-40.943868087322585,-16.579741431205306,-39.858722166024194,-15.568940105934963,-39.75053229322599,-11.86321852321352,-32.3060887900512,-2.1592268803570893,-34.83010835998229,-9.700450587474364,-25.24991061352739,19.802377342528533,-2.2086121046356713,12.749631811487472,-52.28404850680027,-2.7071515950606884,-40.94069745599245,-18.702603106794896,1,5.7
115,-40.41574101477703,3.9336602683551067,-42.61161846506945,0.06731253295613698,-45.11510144902496,-4.902495807221501,-41.146148128722,-16.465166820133973,-39.996630686995616,-15.568466132653093,-40.01579687550141,-11.890630180832671,-32.43618616155801,-2.178238699182804,-35.0509867972351,-9.651772248801318,-25.497312770913243,19.710460000476306,-2.2732870467774795,12.735640648011776,-52.334888997729315,-2.7587686807640392,-41.13011949029044,-18.51421387651167,1,5.75
116,-40.63800451159511,3.8481265468315073,-42.78509247517342,0.0560996417571144,-45.25185156754669,-4.897661135544736,-41.349981725208785,-16.349612479466398,-40.1383355372486,-15.568488378404655,-40.27654846601055,-11.91523196372109,-32.56711534321399,-2.197118750566235,-35.272906998279254,-9.603238811904754,-25.74464164314883,19.618603918357334,-2.3379619889192877,12.72164948453608,-52.383962802867316,-2.8098013466913807,-41.31042352772028,-18.32472363988135,1,5.800000000000001
117,-40.86235399264297,3.7666564711945374,-42.9558214609815,0.04505966212500795,-45.38191568215705,-4.893605611735736,-41.555461652392765,-16.23291478679396,-40.28461557812544,-15.568819000740762,-40.53241560349031,-11.937097767525295,-32.69948301376108,-2.2160511676912886,-35.49635005687418,-9.555071667897439,-25.991888586860792,19.52681632127076,-2.402636931061081,12.707658321060386,-52.43123595220571,-2.8601627779972456,-41.48116093364604,-18.133919128383162,1,5.8500000000000005
118,-41.08897718923501,3.689585554961808,-43.12361620564646,0.034258869115540165,-45.50478961203502,-4.8903997002713036,-41.762680685883765,-16.114910119707968,-40.43624967096837,-15.569270157212479,-40.78302682667761,-11.956301487891878,-32.833895851941264,-2.23522008374183,-35.721797066779274,-9.507492207892211,-26.239044958675866,19.435104434315697,-2.467311873202874,12.69366715758469,-52.47667447573596,-2.9097661598361473,-41.64188307343179,-17.941587073496358,1,5.9
119,-41.317964443958516,3.617173627501227,-43.28835405765759,0.023725008669195802,-45.620187679652375,-4.888047316795625,-41.971680278045014,-15.995459663713609,-40.59374952935064,-15.569689310142328,-41.028134684679884,-11.97280630801362,-32.97082792848763,-2.2547860551686227,-35.94960738361529,-9.46068031462793,-26.486104436444204,19.343473542252706,-2.531986815344675,12.679675994108994,-52.5202444034495,-2.9585246773626093,-42.13858794411773,-17.523808859324983,1,5.95
120,-41.549016544492936,3.549377781582073,-43.450178626850466,0.01333171026601093,-45.728698220652255,-4.886286181622342,-42.182296588253514,-15.87452383597083,-40.75655827576927,-15.57006514093787,-41.26798776808686,-11.986132561268098,-33.11022288209812,-2.2748153314894988,-36.17965341044853,-9.414649837347659,-26.73306998291008,19.251921168488437,-2.5966617574864754,12.665684830633277,-52.56191176533777,-3.0063515157311302,-42.62379881779606,-17.115698240192316,1,6.0
121,-41.78173688979068,3.4860794258239336,-43.6093000883972,0.0029140742708321458,-45.83112807397066,-4.884787466232265,-42.39431445263967,-15.752087861553296,-40.92385188495226,-15.570421635777976,-41.502958677858814,-11.995689868579099,-33.251891743461826,-2.2953505854891296,-36.41168581220668,-9.369373116920485,-26.979946882041276,19.16044289609109,-2.661336699628276,12.65169366715758,-52.601642591392235,-3.0531598600962333,-43.097515694466786,-16.71725521609827,1,6.050000000000001
122,-42.01572887880414,3.4271599688463534,-43.7659286174699,-0.007692798951542273,-45.92828407854355,-4.883222342106441,-42.607518707333895,-15.628136965534656,-41.094806331627616,-15.570782780841647,-41.733420014956025,-12.000887850870424,-33.39564554326786,-2.3164344899521896,-36.64545525381738,-9.324822494215535,-27.226740417805555,19.06903430812883,-2.726011641770092,12.637702503681876,-52.63940291160432,-3.098862895612457,-43.5597385741299,-16.328479787042944,1,6.1000000000000005
123,-42.250595910485735,3.372500819268934,-43.920274389240696,-0.01865380903623674,-46.020973073306926,-4.881261980725779,-42.821694188466594,-15.502656372988646,-41.26859759052329,-15.57117256230775,-41.95974438033877,-12.00113612906586,-33.541295312205314,-2.3381097176633023,-36.88071240020834,-9.280970310101928,-27.473455874170682,18.977690987669813,-2.7906865839119,12.62371134020618,-52.67515875596549,-3.143373807434324,-44.0104674567854,-15.949371953026294,1,6.15
124,-42.48594138378786,3.32198338571124,-44.0725475788817,-0.030133855618443305,-46.11000189719673,-4.878577553571196,-43.036625732168176,-15.375631308988886,-41.44440163636731,-15.571614966355197,-42.18230437496733,-11.995844324089193,-33.68865208096332,-2.360418941407192,-37.11720791630721,-9.237788905448758,-27.720098535104423,18.886408517782186,-2.8553615260536933,12.609720176730484,-52.708876154467184,-3.1866057807163375,-44.44970234243329,-15.579931714048302,1,6.2
125,-42.721368697662946,3.2754890767928346,-44.222958361565006,-0.04229783833329606,-46.19617738914897,-4.874840232123663,-43.25209817456905,-15.247046998609045,-41.621394443887645,-15.5721339791629,-42.40147259980196,-11.984422056864215,-33.837526880230946,-2.3834048339684575,-37.354692467041666,-9.195250621125172,-27.966673684574545,18.79518248153416,-2.9200364681955087,12.59572901325477,-52.74052113710084,-3.2284720006130074,-44.877443231073585,-15.220159070109,1,6.25
126,-42.95648125106338,3.2328993011333345,-44.37171691246277,-0.05531065681595806,-46.280306388099625,-4.869721187864069,-43.46789635179964,-15.116888666922804,-41.79875198781231,-15.572753586909771,-42.617621655802985,-11.9662789483147,-33.98773074069734,-2.407110068131778,-37.59291671733939,-9.153327798000202,-28.213186606548838,18.70400846199387,-2.984711410337317,12.581737849779083,-52.77005973385792,-3.26888565227889,-45.293690122706266,-14.87005402120836,1,6.300000000000001
127,-43.19088244294158,3.194095467352279,-44.519033406747084,-0.0693372107016117,-46.36319573298468,-4.862891592273385,-43.683805099990344,-14.985141539003859,-41.975650242869264,-15.573497775774698,-42.831124143930644,-11.94082461936445,-34.139074693051576,-2.4315773166818158,-37.83163133212804,-9.111992776943048,-28.45964258499505,18.612882042229497,-3.04938635247911,12.567746686303398,-52.797457974729866,-3.30775992086847,-45.698443017331336,-14.529616567346393,1,6.3500000000000005
128,-43.42417567224995,3.158958984069267,-44.66511801959006,-0.08454239962538622,-46.44565226274008,-4.854022616832534,-43.89960925527157,-14.85179083992586,-42.15126518378653,-15.574390531936663,-43.04235266514522,-11.907468690937256,-34.29136976798277,-2.456849252403247,-38.07058697633531,-9.07121789882273,-28.70604690388096,18.521798805309214,-3.1140612946209183,12.553755522827693,-52.822681889708115,-3.3450079915363093,-46.0917019149488,-14.198846708523124,1,6.4
129,-43.65596433794091,3.127371259903851,-44.810180926163824,-0.1010911232224737,-46.528482816301846,-4.842785433022466,-44.11509365377374,-14.716821794762478,-42.32477278529207,-15.57545584157451,-43.25167982040701,-11.865620783956933,-34.44442699618001,-2.4829685480806982,-38.30953431488884,-9.030975504508406,-28.952404847174353,18.430754334301174,-3.1787362367627336,12.539764359351985,-52.845697508784106,-3.380543049436864,-46.47346681555865,-13.877744444738516,1,6.45
130,-43.88585183896684,3.0992137034756335,-44.95443230164047,-0.11914828112800337,-46.61249423260593,-4.828851212324128,-44.330043131627264,-14.580219628587386,-42.49534902211389,-15.57671769086716,-43.45947821067628,-11.814690519347225,-34.59805740833243,-2.509977876498865,-38.54822401271635,-8.991237934869202,-29.19872169884297,18.33974421227355,-3.243411178904542,12.52577319587629,-52.86647086194932,-3.414278279724719,-46.843737719160906,-13.566309775992597,1,6.5
131,-44.11344157428018,3.0743677234041593,-45.09808232119215,-0.13887877297717693,-46.69849335058832,-4.811891126218413,-44.54424252496254,-14.441969566474258,-42.66216986897999,-15.578200065993578,-43.66612043691332,-11.754087518031948,-34.75207203512912,-2.5379199104423895,-38.78640673474548,-8.951977530774219,-29.445002742854598,18.248764022294512,-3.30808612104635,12.511782032400575,-52.88496797919517,-3.4461268675543497,-47.20251462575554,-13.264542702285329,1,6.550000000000001
132,-44.33833694283332,3.05271472830904,-45.24134115999096,-0.1604474984051333,-46.787287009185015,-4.791576346186314,-44.75747666990999,-14.302056833496788,-42.82441130061835,-15.579926953132613,-43.871979100078384,-11.68322140093489,-34.906281907259185,-2.566837322695952,-39.0238331459039,-8.913166633092525,-29.691253263177007,18.157809347432234,-3.372761063188159,12.497790868924888,-52.901154890513105,-3.476001998080289,-47.54979753534257,-12.972443223616748,1,6.6000000000000005
133,-44.560141343578685,3.034136126809845,-45.38441899320902,-0.18401935704701144,-46.879682047331954,-4.767578043708723,-44.96953040260002,-14.160466654728616,-42.981249291756946,-15.58192233846321,-44.07742680113177,-11.60150178897984,-35.06049805541172,-2.5967727860441903,-39.2602539111193,-8.874777582693262,-29.937478543777942,18.066875770754866,-3.437436005329937,12.483799705449194,-52.9149976258946,-3.503816856457085,-47.88558644792199,-12.690011339986867,1,6.65
134,-44.77845817546867,3.018513327526132,-45.52752599601845,-0.2097592485379937,-46.976485303965156,-4.739567390266598,-45.18018855916304,-14.017184255243409,-43.131859817123804,-15.584210208164277,-44.28283614103375,-11.508338303090575,-35.214531510275854,-2.62776897327177,-39.49541969531934,-8.83678272044553,-30.18368386862522,17.975958875330605,-3.5021109474717673,12.469808541973478,-52.92646221533107,-3.5294846278392114,-48.2098813634938,-12.41724705139564,1,6.7
135,-44.99289083745569,3.005727739077485,-45.67087234359136,-0.23783207251322866,-47.07850361802058,-4.707215557340871,-45.38923597572946,-13.872194860114853,-43.27541885144689,-15.586814548414688,-44.4885797207446,-11.403140564190897,-35.36819330254067,-2.6598685571633376,-39.7290811634317,-8.79915438721845,-30.429874521686568,17.885054244227593,-3.5667858896135605,12.455817378497791,-52.935514688813974,-3.5529184973812207,-48.522682282058,-12.154150357843095,1,6.75
136,-45.20304272849214,2.995660770083486,-45.81466821109986,-0.26840272860791314,-47.18654382843419,-4.670193716412481,-45.5964574884297,-13.725483694416656,-43.411102369454206,-15.589759345393462,-44.6950301412246,-11.28531819320463,-35.521294462895284,-2.6931142105035937,-39.96098898038406,-8.761864923881136,-30.676055786929776,17.794157460514008,-3.631460831755353,12.441826215022106,-52.94212107633476,-3.574031650237627,-48.823989203614595,-11.900721259329236,1,6.800000000000001
137,-45.40851724753045,2.9881938291637233,-45.95912377371608,-0.3016361164571475,-47.301412774142,-4.628173038962367,-45.80163793339417,-13.577035983222421,-43.53808634587374,-15.593068585279378,-44.90256000343404,-11.154280811055477,-35.673646022028805,-2.7275486060771605,-40.190893811104075,-8.724886671302668,-30.922232948322605,17.703264107258008,-3.696135773897169,12.42783505154641,-52.94624740788486,-3.5927372715629287,-49.11380212816358,-11.656959755854032,1,6.8500000000000005
138,-45.60891779352301,2.9832083249377273,-46.104449206612124,-0.33769713569615273,-47.42391729407997,-4.580824696471485,-46.00456214675325,-13.426836951605885,-43.65554675543348,-15.59676625425141,-45.11154190833317,-11.00943803866731,-35.82505901063031,-2.7632144166687334,-40.418546320519425,-8.68819197035219,-31.168411289832836,17.612369767527767,-3.7608107160389928,12.413843888070694,-52.94785971345575,-3.608948546511688,-49.392121055704955,-11.422865847417519,1,6.9
139,-45.80384776542223,2.9805856660251333,-46.25085468496011,-0.37675068596004363,-47.55486422718408,-4.527819860420716,-46.20501496463739,-13.274871824640664,-43.762659572861416,-15.600876338488495,-45.3223484568823,-10.850199496963882,-35.97534445938896,-2.8001543150629256,-40.64369717355779,-8.651753161898812,-31.41459609542823,17.521470024391473,-3.8254856581807855,12.399852724594998,-52.94692402303885,-3.622578660238375,-49.65894598623872,-11.198439534019672,1,6.95
140,-45.99291056218054,2.9802072610454857,-46.39855038393217,-0.4189616668840074,-47.69506041239032,-4.468829702291038,-46.402781223176994,-13.12112582740044,-43.858600772885545,-15.605422824169473,-45.5353522500417,-10.67597480686897,-36.124313398993806,-2.8384109740444514,-40.86609703514684,-8.615542586811605,-31.660792649076566,17.430560460917242,-3.8901606003225937,12.385861561119302,-52.9434063666256,-3.633540797897556,-49.91427691976488,-10.983680815660522,1,7.0
141,-46.17581875560899,2.981950910586662,-46.54765943515833,-0.46441656729168473,-47.845026024386065,-4.4036579169707935,-46.59765124394894,-12.96564527349413,-43.94286109250853,-15.610418890291824,-45.7506146177701,-10.48666958492891,-36.27186884016174,-2.877912670953907,-41.085496570214254,-8.57953258595969,-31.907005964613354,17.339636885980077,-3.9548355424643944,12.371870397643598,-52.93729427218765,-3.6417768459306603,-50.15811385628344,-10.778589692340029,1,7.050000000000001
142,-46.35272160895333,2.985679983109689,-46.697956796100485,-0.5128882327608056,-48.00413458086433,-4.332638292977774,-46.789437290316094,-12.808720830671358,-44.01619031783168,-15.61583448712674,-45.96695180602006,-10.284173430179969,-36.41828171372066,-2.9181301013557195,-41.30164644368769,-8.543695500212205,-32.153239975345166,17.248696011681954,-4.01951048460621,12.357879234167891,-52.928661259617265,-3.6473434959269557,-50.39045679579438,-10.583166164058218,1,7.1000000000000005
143,-46.523877558318,2.991254239043913,-46.8491303806784,-0.564071098057573,-48.17147293526957,-4.256237142237279,-46.97795711108781,-12.650704255217013,-44.079652997231,-15.621628757763999,-46.18286878974264,-10.070871937280998,-36.56391493052626,-2.9584195653703804,-41.51429732049482,-8.50800367043825,-32.39949834444627,17.1577347759317,-4.084185426748011,12.343888070692206,-52.91760234678692,-3.6503261407627163,-50.611305738297716,-10.39741023081507,1,7.15
144,-46.68954503980739,2.998533438818636,-47.00086810281188,-0.6176595979481945,-48.346127941046184,-4.174920776674519,-47.16302845507344,-12.491947303415962,-44.134313679082474,-15.627760845293372,-46.39687054388887,-9.849150700890808,-36.7091314014342,-2.9981373631182713,-41.72319986556333,-8.47242943750691,-32.645784735091034,17.06675011663811,-4.148860368889803,12.329896907216488,-52.90421255156908,-3.6508101733141207,-50.820660683793434,-10.22132189261061,1,7.2
145,-46.84998248952594,3.0073773428632236,-47.152857876420725,-0.6733481671988729,-48.52718645163861,-4.089155508214718,-47.344469071082315,-12.332801731553051,-44.181236911762106,-15.63418989280456,-46.607462043409775,-9.621395315668215,-36.85429403730015,-3.036639794719855,-41.92810474382089,-8.436945142287316,-32.89210281045372,16.975738971709966,-4.213535311031604,12.315905743740792,-52.8885868918362,-3.6488809864573817,-51.01852163228156,-10.05490114944483,1,7.25
146,-47.005448343578045,3.0176457116069866,-47.30478761542473,-0.7308312405758306,-48.71373532049128,-3.9994076487831736,-47.52209670792378,-12.173619295913186,-44.22148724364589,-15.640875043387345,-46.8131482632564,-9.389991376272038,-36.999765748979804,-3.0732831602955026,-42.12876262019517,-8.401523125648563,-33.13845623370866,16.88469827905611,-4.278210253173428,12.301914580265079,-52.87082038546075,-3.644623973068763,-51.20488858376207,-9.898148001317718,1,7.300000000000001
147,-47.15620103806813,3.0291983054792566,-47.456345233743676,-0.7898032528452558,-48.90486140104863,-3.9061435103050677,-47.6957291144072,-12.014751752781212,-44.256129223109795,-15.647775440131475,-47.01243417837978,-9.157324477361069,-37.145909447328826,-3.107423759965673,-42.32492415961384,-8.366135728459781,-33.384848668030145,16.793624976585313,-4.342885195315214,12.287923416789392,-52.851008050315194,-3.638124526024411,-51.37976153823497,-9.751062448229293,1,7.3500000000000005
148,-47.30249900910062,3.04189488490937,-47.60721864529739,-0.8499586387733561,-49.099651546755055,-3.809829404705663,-47.8651840393419,-11.856550858441997,-44.28622739852984,-15.654850226126662,-47.20382476373094,-8.925780213594162,-37.29308804320288,-3.138417893850776,-42.51634002700458,-8.330755291590062,-33.631283776592525,16.70251600220638,-4.407560137457036,12.273932253313696,-52.829244904271995,-3.629468038200594,-51.54314049570026,-9.613644490179526,1,7.4
149,-47.44460069277992,3.055595210326657,-47.75709576400564,-0.9109918331263538,-49.29719261105502,-3.7109316439101954,-48.030279231537236,-11.699368369180398,-44.312846318282006,-15.662058544462685,-47.38582499426092,-8.697744179630089,-37.44166444745766,-3.1656218620712315,-42.702760887295064,-8.29535415590852,-33.87776522257005,16.611368293828093,-4.472235079598844,12.259941089838001,-52.805625965203625,-3.618739902473544,-51.69502545615794,-9.48589412716846,1,7.45
150,-47.58276452521044,3.0701590421604448,-47.90566450378822,-0.9725972706704565,-49.496571447392924,-3.6099165398438937,-48.19083243980256,-11.543556041281319,-44.33705053074228,-15.669359538229267,-47.556939844920755,-8.475601970127736,-37.59200157094883,-3.1883919647474874,-42.883937405412965,-8.25990466228427,-34.12429666913706,16.520178789359267,-4.53691002174063,12.245949926362306,-52.78024625098252,-3.606025511719444,-51.835416419608016,-9.367811359196052,1,7.5
151,-47.717248942496624,3.08544614084005,-48.052612778564956,-1.0344693861718912,-49.69687490921321,-3.5072504044320176,-48.346661412947206,-11.389465631029617,-44.35990458428667,-15.676712350516206,-47.71567429066147,-8.261739179745861,-37.74446232453205,-3.206084501999945,-43.05962024628594,-8.224379151586394,-34.370881779467865,16.428944426708703,-4.601584963882461,12.231958762886599,-52.753200779481176,-3.5914102588145154,-51.964313386050485,-9.259396186262334,1,7.550000000000001
152,-47.848312380742875,3.101316266794818,-48.197628502255625,-1.0963026143968078,-49.897189849960306,-3.4033995495997953,-48.49758389978054,-11.237448894710115,-44.382473027291155,-15.684076124413178,-47.86053330643412,-8.058541403143266,-37.89940961906302,-3.218055773949048,-43.22956007484168,-8.188749964684064,-34.617524216736754,16.337662143785213,-4.666259906024239,12.217967599410892,-52.72458456857204,-3.574979536635039,-52.08171635548534,-9.160648608367277,1,7.6000000000000005
153,-47.97621327605359,3.1176291804540948,-48.34039958878002,-1.1577913901114618,-50.09660312307864,-3.2988302872724837,-48.64341764911189,-11.08785758860774,-44.40582040813173,-15.69141000300998,-47.990021867189725,-7.86839423497884,-38.05720636539741,-3.223662080715201,-43.39350755600785,-8.152989442446332,-34.86422764411807,16.24632887849756,-4.73093484816607,12.203976435935196,-52.69449263612758,-3.5568187380571286,-52.18762532791259,-9.071568625510906,1,7.65
154,-48.101210064533205,3.134244642247158,-48.48061395205794,-1.2186301480820663,-50.294201582012626,-3.1940089293752845,-48.783980409750605,-10.941043469007342,-44.431011275184396,-15.698673129396338,-48.10264494787932,-7.693683269911343,-38.21821547439088,-3.222259722418853,-43.55121335471212,-8.117069925742323,-35.110995724786086,16.154941568754598,-4.7956097903078625,12.189985272459502,-52.66302000002026,-3.5370132559570844,-52.28204030333224,-8.99215623769321,1,7.7
155,-48.22355191271739,3.1510080391776074,-48.61796464962873,-1.278520278339923,-50.48908989196622,-3.089398283551448,-48.91908937184404,-10.79737078116249,-44.45890246006884,-15.705832618742084,-48.197347949557056,-7.536210859763217,-38.382667269665035,-3.213374811985714,-43.70242813588217,-8.08096375544114,-35.35783212191514,16.06349715246507,-4.860284732449679,12.175994108983787,-52.630261678122544,-3.5156484832111037,-51.51388105368676,-8.338994484487515,1,7.75
156,-48.343450908866835,3.1677072645459137,-48.75216531350987,-1.3371909919767606,-50.68044396518147,-2.9854471403159475,-49.04855949089158,-10.657253726201445,-44.48951992737961,-15.712887474537142,-48.274837977689494,-7.395446385011094,-38.55026172590515,-3.197212713562808,-43.84690256444567,-8.04464327241191,-35.60474049867951,15.971992567537821,-4.924959674591465,12.1620029455081,-52.59631268830689,-3.492809812695398,-50.7922769100804,-7.725418292082183,1,7.800000000000001
157,-48.46110987167349,3.184115838226748,-48.88293471933841,-1.394378455349382,-50.8674575256599,-2.8826007859017344,-49.17220516373061,-10.521118994221267,-44.52268192495495,-15.7198446723516,-48.33626256384635,-7.270275983295265,-38.720566230562454,-3.1741486041024722,-43.98438730533029,-8.00808081752372,-35.85172451825353,15.880424751881607,-4.989634616733303,12.148011782032405,-52.56126804844577,-3.468582637286199,-50.11722787251316,-7.151427660477183,1,7.8500000000000005
158,-48.57673161982932,3.2000072800948107,-49.00999164275139,-1.4498188348147023,-51.04932429740308,-2.7813045065418605,-49.289840787198536,-10.389393275318982,-44.55820670063311,-15.72671118775552,-48.38276923959727,-7.15958579225599,-38.89314817108812,-3.1445576605570413,-44.11463302346372,-7.971248731645711,-36.098787843811486,15.788790643405259,-5.054309558875058,12.134020618556699,-52.52522277641163,-3.4430523498597143,-49.48873394098505,-6.617022589672525,1,7.9
159,-48.69051897202625,3.215155110024778,-49.13305485938584,-1.503248296729496,-51.22523800441257,-2.6820035884692883,-49.40128075813275,-10.262503259591536,-44.59591250225231,-15.73349399631892,-48.415505536511965,-7.062261949533542,-39.06757493493336,-3.108815059878838,-44.23739038377361,-7.934119355646977,-36.34593413852772,15.697087180017581,-5.1189845010168895,12.120029455081003,-52.488271890076966,-3.41630434329217,-48.90679511549605,-6.122203079668233,1,7.95
160,-48.802674746956235,3.229332847891364,-49.251843144878784,-1.554403007450614,-51.39439237068989,-2.585143317916945,-49.50633947337062,-10.14087563713599,-44.63561757765083,-15.740200073611824,-48.43561898616012,-6.977190592768188,-39.24341390954939,-3.0672959790201575,-44.35241005118764,-7.896665030396605,-36.593167065576495,15.605311299627347,-5.183659443158712,12.106038291605296,-52.45051040731421,-3.3884240104597687,-48.37141139604617,-5.666969130464238,1,8.0
161,-48.913401763311235,3.242314013569246,-49.36607527486728,-1.6030191333349044,-51.55598112023662,-2.4911689811178443,-49.60483132974956,-10.02493709804931,-44.67714017466689,-15.74683639520431,-48.444257120111416,-6.903257859600205,-39.420232482387405,-3.0203755949333817,-44.45944269063348,-7.858858096763719,-36.840490288132166,15.51345994014339,-5.248334385300497,12.092047128129591,-52.41203334599585,-3.35949674423877,-47.88258278263542,-5.251320742060632,1,8.05
162,-49.02290283978321,3.253872126933119,-49.47547002498836,-1.648832840739165,-51.7091979770543,-2.400525864304948,-49.696570724106955,-9.91511433242853,-44.72029854113874,-15.753409936666399,-48.44256746993555,-6.839349887669801,-39.59759804089862,-2.968429084570799,-44.55823896703882,-7.8206708956174635,-37.08790746936901,15.421530039474478,-5.313009327442298,12.078055964653895,-52.37293572399434,-3.3296079375053442,-47.44030927526377,-4.875257914457368,1,8.1
163,-49.131380795064075,3.2637807078576633,-49.57974617087906,-1.691580296020291,-51.85323666514449,-2.3136592537112604,-49.781372053280194,-9.811834030370632,-44.764910924904626,-15.75992767356815,-48.431697567202185,-6.784352814617309,-39.77507797253422,-2.911831624884754,-44.64854954533132,-7.7820757678269,-37.33542227246135,15.329518535529429,-5.377684269584122,12.0640648011782,-52.33331255918213,-3.2988429831357404,-47.04459087393125,-4.538780647654431,1,8.15
164,-49.23903844784581,3.27181327621759,-49.6786224881764,-1.7309976655350718,-51.98729090850874,-2.2310144355697044,-49.859049714106675,-9.715522881972639,-44.81079557380281,-15.766396581479595,-48.41279494348102,-6.737152778082943,-39.95223966474542,-2.8509583928275744,-44.73012509043865,-7.743045054261169,-37.58303836058349,15.23742236621703,-5.442359211725908,12.050073637702495,-52.293258869431696,-3.267287274006181,-46.695427578637855,-4.24188894165185,1,8.200000000000001
165,-49.34607861682035,3.2777433518875694,-49.77181775251744,-1.7668211156403686,-52.11055443114859,-2.153036696113332,-49.929418103423785,-9.626607577331585,-44.85777073567151,-15.772823635970797,-48.38700713034174,-6.696635915706995,-40.12865050498342,-2.7861845653516037,-44.80271626728849,-7.703551095789354,-37.830759396909734,15.145238469446097,-5.507034153867723,12.036082474226799,-52.25286967261552,-3.235026202992853,-46.39281938938358,-3.9845827964496,1,8.25
166,-49.45270412067965,3.281344454742317,-49.85905073953922,-1.7987868126929993,-52.222220957065616,-2.0801713215750426,-49.992291618068904,-9.545514806544418,-44.905654658348986,-15.779215812611756,-48.35548165935403,-6.661688365129741,-40.30387788069944,-2.717885319409117,-44.86607374080851,-7.66356623328059,-38.07858904461439,15.05296378312541,-5.571709096009531,12.022091310751103,-52.21223998660602,-3.2021451629720277,-46.13676630616841,-3.766862212047721,1,8.3
167,-49.55911777811565,3.2823901046565034,-49.940040224878764,-1.8266309230498157,-52.32148421026134,-2.01286359818786,-50.04748465487945,-9.472671259708184,-44.95426558967348,-15.785580086972551,-48.31936606208759,-6.6311962639914,-40.47748917934466,-2.646435831952529,-44.91994817592637,-7.623062807603959,-38.326530966871786,14.960595245163766,-5.6363840381513235,12.008100147275398,-52.17146482927571,-3.168729546819882,-45.92726832899237,-3.588727188446163,1,8.35
168,-49.66552240782032,3.28065382150482,-50.0145049841731,-1.850089613067655,-52.40753791473734,-1.9515588121847498,-50.09481161069279,-9.408503626919877,-45.003421777483254,-15.791923434623229,-48.27980787011207,-6.604045749932289,-40.64905178837029,-2.5722112799340824,-44.96409023756977,-7.582013159628575,-38.574588826856214,14.868129793470004,-5.70105898029314,11.9941089837997,-52.13063921849703,-3.13486474741263,-45.764325457855456,-3.4501777256449566,1,8.4
169,-49.77212082848558,3.2759091251619763,-50.082163793059294,-1.8688990491033257,-52.479575794495155,-1.8967022497986976,-50.134086882346324,-9.353438598276519,-45.05294146961653,-15.798252831133803,-48.23795461499719,-6.579122960592634,-40.81813309522756,-2.495586840306173,-44.998250590666366,-7.540389630223558,-38.82276628774197,14.775564365952903,-5.76573392243494,11.980117820324004,-52.08985817214244,-3.100636157626534,-47.368110495511566,-2.98510842067679,1,8.450000000000001
170,-49.87911585880341,3.267929535502649,-50.14273542717434,-1.8827953975136988,-52.536791573536334,-1.8487391972626448,-50.165124866677445,-9.307902863875103,-45.102642913911545,-15.804575252074333,-48.19495382831263,-6.5553140336127385,-40.98430048736764,-2.416937690021091,-45.022179900143826,-7.498164560258054,-39.07106701270338,14.682895900521235,-5.830408864576741,11.9661266568483,-52.0492167080844,-3.0661291703377893,-48.79784134303446,-2.5705117534570947,1,8.5
171,-49.98671031746574,3.2564885724015373,-50.19593866215532,-1.891514824655587,-52.57837897586244,-1.8081149408096113,-50.187739960523544,-9.272323113812622,-45.15234435820658,-15.810897673014882,-48.15195304162807,-6.531505106632824,-41.147121352241754,-2.3366390060311684,-45.03562883092984,-7.455310290601095,-39.31949466491476,14.59012133508383,-5.895083806718549,11.952135493372603,-52.0088098441954,-3.031429178422592,-50.05351800042413,-2.206387723985888,1,8.55
172,-50.09510702316454,3.241359755733328,-50.24149227363924,-1.894793496885857,-52.60353172547502,-1.7752747666725675,-50.20174656072201,-9.247126038186124,-45.20186405033984,-15.817227069525465,-48.11009978651319,-6.5065823172931685,-41.306163077301086,-2.2550659652887592,-45.03834804795207,-7.4117991621218575,-39.5680529075504,14.49723760754949,-5.9597587488603505,11.938144329896907,-51.96873259834787,-2.996621574757174,-51.13514046768058,-1.892736332263171,1,8.6
173,-50.20450879459173,3.222316605372721,-50.279115037263146,-1.8923675805612927,-52.61144354637563,-1.7506639610844599,-50.206959064110244,-9.232738327092596,-45.25102023814961,-15.823570417176144,-48.07054159453768,-6.4794318032340525,-41.460993049996866,-2.1725937447461527,-45.03008821613818,-7.367603515689398,-39.81674540378461,14.404241655826985,-6.024433691002143,11.924153166421203,-51.929079988414294,-2.9617917522177906,-52.042708744803804,-1.6295575782889482,1,8.65
174,-50.31511845043928,3.199132641194388,-50.30852572866408,-1.883973242038775,-52.601308162565815,-1.7347278102782981,-50.203191867525625,-9.22958667062899,-45.299631169474104,-15.82993469153694,-48.03442599727123,-6.4489397020957355,-41.61117865778029,-2.0895975213556923,-45.01060000041588,-7.322695692172871,-40.065575816791714,14.311130417825147,-6.089108633143974,11.910162002945507,-51.88994703226713,-2.927025103680615,-52.7762228317938,-1.4168514620631905,1,8.700000000000001
175,-50.42713880939914,3.1715813830730286,-50.329443123479074,-1.8693466476751266,-52.57231929804712,-1.727911600487034,-50.190259367805545,-9.238097758892417,-45.34751509215159,-15.836326868177922,-48.002900526283526,-6.413992151518463,-41.75628728810255,-2.0064524720697348,-44.97963406571279,-7.277048032441375,-40.31454780974601,14.21790083145275,-6.153783575285774,11.896170839469791,-51.85142874777885,-2.892407022021899,-53.33568272865059,-1.2546179835859272,1,8.75
176,-50.54077269016325,3.1394363508833725,-50.34158599734518,-1.848223963827175,-52.52367067682111,-1.7306606179436526,-50.16797596178741,-9.25869828197981,-45.39449025402029,-15.842753922669074,-47.977112713144244,-6.373475289142509,-41.89588632841487,-1.9235337738405702,-44.93694107695662,-7.230632877363995,-40.5636650458218,14.124549834618628,-6.218458517427583,11.882179675994095,-51.813620152821905,-2.858022900117839,-53.72108843537415,-1.1428571428571388,1,8.8
177,-50.65622291142356,3.102471064500028,-50.344673125899405,-1.8203413568517721,-52.454556022889335,-1.7434201488811392,-50.1361560463086,-9.291814929988178,-45.440374902918464,-15.849222830580525,-47.95821008942308,-6.326275252608164,-42.02954316616843,-1.841216603620528,-44.882271699075034,-7.183422567809867,-40.8129311881934,14.031074365231559,-6.283133459569383,11.8681885125184,-51.776616265268764,-2.823958130844676,-53.72108843537415,-1.1428571428571388,1,8.85
178,-50.77369229187203,3.060459043797754,-50.33842328477881,-1.78543499310575,-52.364169060253346,-1.7666354795324597,-50.0946140182065,-9.33787439301455,-45.48498728668435,-15.855740567482265,-47.94734018668973,-6.271278179555632,-42.15682518881446,-1.7598761383619885,-44.81537659699569,-7.135389444648069,-41.06234990003513,13.937471361200322,-6.347808401711191,11.854197349042703,-51.7405121029919,-2.790298107078599,-53.72108843537415,-1.1428571428571388,1,8.9
179,-50.8933836502006,3.013173808651226,-50.32255524962042,-1.7432410389459418,-52.251703512914695,-1.800751896130619,-50.043164274318514,-9.397303361155958,-45.52814565315621,-15.862314108944378,-47.945650536513845,-6.207370207625267,-42.27729978380413,-1.679887555017218,-44.73600643564628,-7.086505848747759,-41.31192484452129,13.843737760433752,-6.412483343852992,11.840206185567007,-51.70540268386376,-2.757128221695838,-53.72108843537415,-1.1428571428571388,1,8.950000000000001
180,-51.01549980510122,2.960388878935125,-50.29678779606129,-1.6934956607291793,-52.11635310487494,-1.846214684908549,-49.98162121148203,-9.470528524509364,-45.56966825017226,-15.868950430536863,-47.95428867046515,-6.133437474457275,-42.39053433858869,-1.6016260305385694,-44.64391187995448,-7.0367441209780015,-41.561659684826175,13.749870500840636,-6.477158285994808,11.826215022091311,-51.67138302575682,-2.724533867572649,-53.72108843537415,-1.1428571428571388,1,9.0
181,-51.14024357526584,2.9018777745241713,-50.26083969973844,-1.6359350248122855,-51.95731156013562,-1.9034691320992403,-49.90979922653444,-9.557976573171784,-45.60937332557077,-15.875656507829763,-47.974402120113304,-6.048366117691896,-42.49609624061931,-1.5254667418783852,-44.53884359484795,-6.986076602207906,-41.81155808412411,13.655866520329774,-6.541833228136616,11.812223858615617,-51.638548146543535,-2.6926004375852055,-53.72108843537415,-1.1428571428571388,1,9.05
182,-51.26781777938643,2.8374140152930156,-50.21442973628889,-1.5702952975521363,-51.77377260269829,-1.9729605239356924,-49.82751271631314,-9.660074197240247,-45.64707912718999,-15.882439316393153,-48.00713841702799,-5.951042274969458,-42.593552877347186,-1.4517848659889847,-44.42055224525436,-6.934475633306644,-42.06162370558939,13.56172275680995,-6.606508170278417,11.798232695139902,-51.60699306409637,-2.661413324609749,-53.72108843537415,-1.1428571428571388,1,9.1
