Frame,Away_1634_x,Away_1634_y,Away_1635_x,Away_1635_y,Away_1636_x,Away_1636_y,Away_3837_x,Away_3837_y,Away_4777_x,Away_4777_y,Away_5201_x,Away_5201_y,Away_5566_x,Away_5566_y,Away_10054_x,Away_10054_y,Away_10055_x,Away_10055_y,Away_11234_x,Away_11234_y,Away_12853_x,Away_12853_y,ball_x,ball_y,Period,Time [s]
0,20.408035363048114,-6.237181727500982,21.43430696829222,-24.57941542281773,14.337903436993349,-32.76581715628404,9.785866673649327,12.137192650609329,44.426029611702546,-2.369972048008527,6.561904761904762,-15.142857142857155,3.902845456074145,-32.5658088387471,0.9556124169204159,-19.604804470965266,1.2707163752147919,-27.6782550562549,-5.9850340136054445,-29.28571428571429,-7.571428571428567,-8.285714285714285,3.902845456074145,-32.5658088387471,1,0.0
1,20.392439528584774,-6.2044597583486265,21.37968530516794,-24.703998724180643,14.3735457515273,-32.87516045619584,9.707429959991627,12.163297168175399,44.40953800653027,-2.376042117255539,6.403021452591219,-15.147379990830608,3.8506578074038926,-32.595711265263375,0.8654777860179629,-19.559608020467497,1.2402548394037418,-27.697868262095497,-6.066123495981957,-29.319617786111955,-7.636887806904191,-8.301675318457256,4.228074502750243,-32.396582069756064,1,0.05
2,20.37758613105065,-6.177027586512434,21.331927514796924,-24.810427490449985,14.402468829221744,-32.97224396259895,9.638393068459333,12.186048221692438,44.39505679968071,-2.3812204046587646,6.260795740181949,-15.14971210183161,3.8177890785970567,-32.62051876806209,0.7826396800767277,-19.514107109373175,1.2135300479719677,-27.71507549808814,-6.141510657205262,-29.349806797825952,-7.696748086564724,-8.316271148621214,4.525369766276207,-32.24189011527958,1,0.1
3,20.363546081779404,-6.154677749240914,21.29087496989927,-24.899302079054138,14.424990030733753,-33.05724389851095,9.578571804337404,12.20552860075094,44.38254401317916,-2.385536852401019,6.1348534332255955,-15.149907979427567,3.803565165096069,-32.640276170200316,0.7069423442766686,-19.46830823683162,1.1904622347360256,-27.729928123119763,-6.211313841682143,-29.376358410333996,-7.751125609601181,-8.32953010924549,4.79473124665212,-32.101732975317674,1,0.15000000000000002
4,20.350390292104834,-6.137202783782536,21.25636904319511,-24.97122284742143,14.441426716720413,-33.13033648694929,9.527781972910734,12.2218210949413,44.37195766905089,-2.389021402665175,6.024820340270773,-15.14802212718588,3.807311962343285,-32.65502829473499,0.6382300237979089,-19.422217901992173,1.1709716335125924,-27.742477496077303,-6.275651393819453,-29.399349713113917,-7.800136575204472,-8.341480533369367,5.036158943877919,-31.976110649870314,1,0.2
5,20.338189673360517,-6.1243952273857785,21.22825110740463,-25.02679015298024,14.452096247838838,-33.19169795093156,9.485839379464238,12.235008493853975,44.36325578932124,-2.391703997634053,5.9303222698661155,-15.144109048673942,3.8283553657810536,-32.66481996472319,0.5763469638204142,-19.375842604004212,1.1549784781182995,-27.752774975847686,-6.334641658023916,-29.418857795643447,-7.8438971825655734,-8.352150754032156,5.249652857953638,-31.86502313893756,1,0.25
6,20.32701513688021,-6.116047617299152,21.206362535247955,-25.0666043531589,14.457315984746156,-33.24150451347529,9.45255982928282,12.24517358707941,44.35639639601551,-2.3936145794905253,5.850985030560267,-15.138223247459159,3.866021270851821,-32.6696960032219,0.5211374095242254,-19.329188842017047,1.1424030023697411,-27.760871921317882,-6.388402978702352,-29.43495974740038,-7.882523630875403,-8.361569104273164,5.435212988879266,-31.768470442519348,1,0.30000000000000004
7,20.31693759399763,-6.111952490771046,21.19054469944519,-25.091265805385827,14.457403288099458,-33.279932397598074,9.427759127651424,12.25239916420803,44.351337511159024,-2.3947830904174174,5.7864344309018545,-15.130419227108957,3.919635572997958,-32.66970123328814,0.4724456060894808,-19.282263115180037,1.1331654400835411,-27.766819691374778,-6.437053700261552,-29.447732657862517,-7.916132119325006,-8.369763917131687,5.59283933665479,-31.686452560615717,1,0.35000000000000003
8,20.308027956046413,-6.111902385050012,21.180638972716494,-25.10137486708933,14.452675518555811,-33.30715782631738,9.41125307985492,12.256768014830302,44.348037156777025,-2.395239472597564,5.736296279439507,-15.120751491190688,3.988524167661858,-32.664880477978876,0.43011579869606326,-19.23507192264251,1.1271860250763535,-27.770669644905336,-6.480712167108289,-29.45725361650756,-7.944838847105225,-8.376763525647052,5.722531901280217,-31.618969493226658,1,0.4
9,20.300357134360304,-6.115689837384501,21.176486727782027,-25.09753189569776,14.44345003677233,-33.32335702265077,9.402857491178281,12.258362928536648,44.34645335489491,-2.3950136682138274,5.700196384721875,-15.109274543271775,4.0720129502858855,-32.65527856035116,0.39399223252411886,-19.18762176355381,1.1243849911648178,-27.772473140796514,-6.519496723649373,-29.463599712813334,-7.968760013407089,-8.382596262858545,5.824290682755569,-31.566021240352143,1,0.45
10,20.29399604027298,-6.123107385022977,21.177929337361917,-25.080337248639538,14.430044203406155,-33.32870620961576,9.402388166906388,12.257266694917536,44.34654412753797,-2.3941356194490386,5.677760555297586,-15.096042886919598,4.1694278163124565,-32.640940303462,0.3639191527536658,-19.139919137063277,1.124682572165558,-27.772281537935193,-6.553525714291581,-29.466848036257588,-7.988011817421554,-8.387290461805458,5.898115681080801,-31.5276078019922,1,0.5
11,20.28901558511813,-6.1339475652139415,21.18480817417626,-25.05039128334297,14.412775379114317,-33.32338161022996,9.409660912324142,12.253562103563345,44.34826749673152,-2.392635268486061,5.66861459971523,-15.081111025701617,4.280094661183941,-32.62191053036841,0.33974080456470734,-19.091970542320315,1.1279990018951374,-27.770146195208355,-6.582917483441706,-29.46707567631817,-8.002710458339573,-8.390874455527138,6.043703791491767,-31.602510378427162,1,0.55
12,20.285486680229475,-6.148002915205859,21.19696461094526,-25.00829435723641,14.391960924553997,-33.307559447510876,9.424491532716502,12.247331944064591,44.35158148450077,-2.390542557507713,5.672384326523506,-15.064533463185182,4.403339380342741,-32.598234064127375,0.3213014331373442,-19.04378247847416,1.1342545141702787,-27.766118471502903,-6.607790375506554,-29.464359722472743,-8.012972135352058,-8.393376577062838,6.190535224124185,-31.65959213733062,1,0.6000000000000001
13,20.28348023694066,-6.165065972247195,21.21424002038902,-24.954646827748242,14.367918200382244,-33.281415944476,9.446695833368388,12.238659006011668,44.35644411287119,-2.3878874286968648,5.688695544271015,-15.0463647029377,4.53848786923125,-32.56995572779594,0.30844528365154955,-18.995361444674195,1.1433693428075378,-27.760249725705794,-6.628262734892886,-29.45877726419915,-8.018913047650027,-8.394825159451887,6.33852087891839,-31.69938402081111,1,0.65
14,20.283067166585447,-6.184929273586422,21.23647577522766,-24.890049052306818,14.340964567256187,-33.24512732414296,9.476089619564647,12.22762607899502,44.36281340386795,-2.384699824236335,5.717174061506388,-15.026659248526588,4.684866023291831,-32.53712034443109,0.30101660128735663,-18.946713940069817,1.155263721623554,-27.752591316703956,-6.644452906007518,-29.450405390975163,-8.020649394424417,-8.395248535733593,6.487571655814794,-31.722416970977264,1,0.7000000000000001
15,20.284318380497485,-6.207385356472069,21.263513248181376,-24.815101388340516,14.31141738583288,-33.19886980952927,9.51248869659024,12.21431595260512,44.37064737951648,-2.3810096863090173,5.75744568677826,-15.005471603519245,4.8417997379668485,-32.499772737089856,0.29885963122482107,-18.89784646381032,1.1698578844350038,-27.743194603384335,-6.6564792332572305,-29.439321192278534,-8.018297374866197,-8.394675038947263,6.6375984547537605,-31.729221929937594,1,0.75
16,20.287304790010474,-6.232226758152537,21.29519381197026,-24.730404193277664,14.279594016769478,-33.142819623652414,9.555708869730093,12.19881141643237,44.37990406184199,-2.376846957097682,5.809136228635266,-14.98285627148304,5.008614908698778,-32.45795772882924,0.30181861864400644,-18.84876551504503,1.1870720650584587,-27.732110944633856,-6.664460061048826,-29.425601757587046,-8.011973188166298,-8.393133002132192,6.788512175675726,-31.720329839800613,1,0.8
17,20.292097306458132,-6.259246015876347,21.331358839314472,-24.63655782454663,14.245811820723027,-33.077152989529985,9.605565944269124,12.181195260067247,44.39054147286985,-2.3722415787852325,5.871871495626013,-14.958867755985423,5.184637430929939,-32.411720142706244,0.30973780872493084,-18.799477592923342,1.2068264973105427,-27.71939169933945,-6.668513733789048,-29.40932417637848,-8.001793033515675,-8.390650758327682,6.940223718521053,-31.69627164267497,1,0.8500000000000001
18,20.298766841174142,-6.288235666891975,21.371849702934128,-24.534162639575793,14.210388158350698,-33.00204613017954,9.661875725492198,12.161550273100154,44.40251763462536,-2.367223493554488,5.945277296299203,-14.933560560593772,5.369193200102723,-32.36110480177789,0.3224614466476199,-18.749989196594537,1.2290414150079252,-27.705088226388096,-6.668758595884721,-29.390565538130605,-7.9878731101052916,-8.387256640573048,7.09264398323014,-31.657578280669142,1,0.9
19,20.307384305492207,-6.318988248447894,21.41650777554939,-24.423818995793514,14.173640390309556,-32.917675268618574,9.724454018684266,12.139959245121554,44.415790569133755,-2.361822643588312,6.028979439203373,-14.906989188875478,5.561608111659527,-32.30615652910119,0.33983377759210687,-18.700306825208035,1.2536370519672078,-27.689251884666668,-6.665312991742685,-29.369402932321215,-7.970329617126147,-8.38297898190762,7.245683869743357,-31.604780695891733,1,0.9500000000000001
20,20.318020610746014,-6.351296297792544,21.465174429880385,-24.30612725062812,14.135885877256696,-32.824216627864615,9.793116629130257,12.11650496572189,44.430318298420495,-2.356068971069515,6.12260373288725,-14.879208144397957,5.7612080610427565,-32.24692014773315,0.36169904673846265,-18.650436977913106,1.2805336420050515,-27.671934033062104,-6.658295265769669,-29.345913448428075,-7.949278753769157,-8.377846115370623,7.399254278001165,-31.538409830451226,1,1.0
21,20.330746668269263,-6.3849523521744525,21.517691038647257,-24.18168776150799,14.097441979849233,-32.72184643093527,9.867679362115092,12.091270224491618,44.446058844510716,-2.3499924181809697,6.225775985899403,-14.850271930728596,5.967318943694783,-32.18344048073075,0.3879014992666978,-18.60038615385911,1.3096514189380133,-27.653186030461423,-6.647823762372461,-29.32017417592891,-7.924836719225255,-8.371886374001441,7.553266107943879,-31.45899662645624,1,1.05
22,20.345633389395637,-6.419748948842051,21.57389897457014,-24.051100885861487,14.058626058744245,-32.61074090084802,9.947958022923642,12.064337811021124,44.46297022942989,-2.343622927105502,6.3381220067885025,-14.820235051434805,6.179266655058003,-32.11576235115106,0.41828538035684576,-18.550160852195404,1.34091061658277,-27.633059235751446,-6.634016825957854,-29.292262204301547,-7.897119712685448,-8.365128090839333,7.707630259511891,-31.36707202601526,1,1.1
23,20.3627516854589,-6.455478625043852,21.63363961036919,-23.914966981116947,14.01975547459888,-32.49107626062048,10.033768416840854,12.035790514900912,44.48101047520321,-2.3369904400259838,6.459267604103157,-14.789152010083985,6.396377090574822,-32.043930582051075,0.452694935188932,-18.49976757207133,1.3742314687559678,-27.6116050078192,-6.616992800932653,-29.26225462302375,-7.8662439333406935,-8.357599598923638,7.862257632645655,-31.263166971236927,1,1.1500000000000001
24,20.382172467792643,-6.491933918028321,21.696754318764505,-23.77388640470275,13.981147588070186,-32.36302873327009,10.124926349151638,12.005711125721387,44.50013760385606,-2.330124899125217,6.588838586392008,-14.757077310243552,6.6179761456875585,-31.967989996487763,0.49097440894304256,-18.449212812636212,1.409534209274216,-27.58887470555155,-6.596870031703666,-29.23022852157328,-7.832325580381904,-8.349329231293613,8.017059127285492,-31.147812404229736,1,1.2000000000000002
25,20.403966647730606,-6.528907365043935,21.763084472476287,-23.628459514047268,13.943119759815273,-32.22677454181448,10.221247625140908,11.974182433072999,44.5203096374137,-2.3230562465860785,6.72646076220369,-14.724065455480856,6.8433897158386685,-31.88798541751819,0.5329680467991881,-18.39850307303943,1.4467390719540858,-27.564919687835488,-6.573766862677617,-29.196260989427948,-7.795480853000068,-8.340345320988618,8.171945643371835,-31.021539267102284,1,1.25
26,20.428205136606515,-6.566191503339154,21.832471444224602,-23.479286666578826,13.905989350491268,-32.08248990927112,10.322548050093584,11.941287226546196,44.54148459790146,-2.315814424591427,6.871759940086826,-14.690170949363377,7.0719436964705125,-31.80396166819933,0.5785200939373716,-18.3476448524303,1.4857662906122693,-27.539791313557924,-6.5478016382613875,-29.160429116065483,-7.755825950386124,-8.330676201047927,8.326828080845083,-30.884878501963044,1,1.3
27,20.454958845754042,-6.603578870162455,21.90475660672965,-23.326968219725806,13.870073720755267,-31.930351058657617,10.428643429294565,11.907108295731419,44.56362050734462,-2.3084293753240637,7.024361928590065,-14.655448295458429,7.302963983025488,-31.715963571588233,0.6274747955376716,-18.29664464995816,1.5265360990654053,-27.513540941605807,-6.5190927028617,-29.12280999096369,-7.713477071731049,-8.32035020451083,8.481617339645602,-30.738361050920652,1,1.35
28,20.484298686506868,-6.640862002762336,21.979781332711518,-23.17210453091657,13.835690231264383,-31.770534212991446,10.539349568028776,11.871728430219083,44.58667538776855,-2.300931040966861,7.1838925362620065,-14.619951997333473,7.535776470945986,-31.624035950741842,0.6796763967801289,-18.245508964772352,1.5689687311300502,-27.486219930866053,-6.487758400885356,-29.083480703600326,-7.668550416225776,-8.30939566441667,8.63622431971378,-30.582517856083612,1,1.4000000000000001
29,20.51629557019874,-6.677833438387265,22.0573869948904,-23.01529595757945,13.803156242675668,-31.603215595290227,10.654482271581148,11.835230419599661,44.61060726119853,-2.2933493637026445,7.349977571651344,-14.58373655855589,7.7697070556744,-31.528223628717257,0.734969142844754,-18.19424429602223,1.6129844206228883,-27.457879640225613,-6.453917076739175,-29.042518343453178,-7.621162183061327,-8.297840913804697,8.790559920990038,-30.4178798595605,1,1.4500000000000002
30,20.55102040816326,-6.714285714285712,22.137414965986395,-22.85714285714285,13.772789115646267,-31.428571428571434,10.773857345236568,11.79769705346358,44.63537414965985,-2.285714285714287,7.52224284330667,-14.5468564826931,8.004081632653065,-31.428571428571434,0.7931972789115651,-18.14285714285715,1.6585034013605435,-27.42857142857143,-6.417687074829926,-29.000000000000007,-7.571428571428567,-8.285714285714285,8.944535043414739,-30.24497800345987,1,1.5
31,20.5885441117342,-6.750011367706137,22.21970661871967,-22.698245587035114,13.74490621083325,-31.246777935852634,10.897290594279998,11.759211121401298,44.66093407517784,-2.2780557491846087,7.700314159776603,-14.509366273312468,8.238226097324425,-31.325124173361388,0.8542050501606556,-18.091354004426407,1.705445907159648,-27.39834665479041,-6.3791867395644175,-28.95600276271859,-7.5194657805185185,-8.273044113184698,9.098060586928273,-30.06434322989026,1,1.55
32,20.628937592245265,-6.7848029358970665,22.304103325810324,-22.539204504684584,13.719824888893745,-31.058011340151342,11.0245978239963,11.719855413003215,44.68724505977784,-2.270403696296463,7.883817329609804,-14.471320433981427,8.47146634513086,-31.217926686144118,0.9178367017720137,-18.03974137987938,1.7537321718367649,-27.36725667776951,-6.338534415349401,-28.910603721086723,-7.465390009522121,-8.259858729255248,9.25104745147106,-29.876506480960245,1,1.6
33,20.672271761030103,-6.818452956106925,22.390446459978513,-22.380619967519618,13.69786251048487,-30.862447864485148,11.15559483967044,11.679712717859822,44.7142651254851,-2.2627880692326943,8.072378161354898,-14.432773468267367,8.70312827151475,-31.10702378997664,0.9839364789257178,-17.98802576836545,1.8032824292086016,-27.335352856395666,-6.295848446591693,-28.863879964582157,-7.409317457630298,-8.246186466965206,9.403406536983452,-29.681998698778337,1,1.6500000000000001
34,20.71861752942243,-6.8507539655842,22.4785773939444,-22.223092332968587,13.679336436263691,-30.66026373187153,11.29009744658727,11.638865825561517,44.741952294324925,-2.255238810176122,8.265622463560508,-14.393779879737671,8.932537771918508,-30.992460307915987,1.0523486268017783,-17.93621366903384,1.8540169130917519,-27.30268654955582,-6.251247177698074,-28.815908582682667,-7.3513643240340825,-8.232055659353948,9.555048743405887,-29.48135082545315,1,1.7000000000000002
35,20.768045808755943,-6.881498501577401,22.568337500428086,-22.06722195845985,13.66456402688732,-30.45163516532811,11.427921450031768,11.597397525698774,44.770264588322746,-2.24778586130963,8.463176044775292,-14.354394171959758,9.159020741784449,-30.874281063019183,1.1229173905802363,-17.884311581034016,1.9058558573028244,-27.26930911613689,-6.20484895307537,-28.766766664866047,-7.291646807924366,-8.217494639460718,9.705884970678692,-29.27509380309318,1,1.75
36,20.82062751036436,-6.910479101334939,22.65956815214974,-21.913609201421764,13.653862643012845,-30.236738387872343,11.568882655288798,11.555390607862023,44.79916002950371,-2.2404591648160617,8.664664713547854,-14.314670848501045,9.38190307655503,-30.752530878343208,1.1954870154411248,-17.83232600351529,1.9587194956584888,-27.23527191502581,-6.156772117130302,-28.71653130061004,-7.230281108492121,-8.202531740324854,9.855826118742328,-29.063758573807018,1,1.8
37,20.876433545581335,-6.937488302105368,22.75211072182948,-21.762854419282686,13.647549645297383,-30.015749622521803,11.712796867643327,11.512927861641693,44.82859663989322,-2.233288662878218,8.869714278426851,-14.274664412928914,9.60051067167264,-30.627254576945056,1.2699017465644848,-17.780263435626928,2.012528061975339,-27.200626305109544,-6.107135014269715,-28.665279579392458,-7.167383424928285,-8.18719529498562,10.004783087537138,-28.847876079703198,1,1.85
38,20.935534825740568,-6.96231864113712,22.84580658218747,-21.61555796947102,13.645942394398018,-29.788845092294082,11.859479892380223,11.470092076628227,44.85853244151654,-2.226304297678991,9.077950547960885,-14.23442936881075,9.814169422579624,-30.498496981881782,1.3460058291303416,-17.728130376518394,2.0672017900700066,-27.165423645275006,-6.0560559889004075,-28.613088590691046,-7.103069956423866,-8.171513636482388,10.152666777003525,-28.627977262890305,1,1.9000000000000001
39,20.998002262175795,-6.984762655678667,22.940497105943827,-21.472320209415027,13.64935825097192,-29.556201020206643,12.00874753478444,11.426966042412111,44.888925456399036,-2.219536011401196,9.288999330698626,-14.194020219713972,10.022205224718395,-30.36630291621036,1.423643508318789,-17.67593332533891,2.1226609137591534,-27.129715294409113,-6.003653385429111,-28.560035423983592,-7.037456902169821,-8.155515097854394,10.29938808708189,-28.404593065476817,1,1.9500000000000002
40,21.06390676622067,-7.004612882978503,23.036023665818675,-21.33374149654315,13.65811457567608,-29.317993629277066,12.160415600140883,11.383632548583728,44.91973370656598,-2.2130137462276873,9.502486435188668,-14.153491469205983,10.223943973531338,-30.23071720298784,1.5026590293097546,-17.62367878123791,2.1788256668593577,-27.09355261139886,-5.9500455482627155,-28.506197168747846,-6.970660461357071,-8.139228012141,10.444857917712616,-28.178254429571354,1,2.0
41,21.13331924920894,-7.021661860285083,23.132227634532203,-21.20042218828371,13.672528729167686,-29.07439914252289,12.31429989373446,11.34017438473353,44.950915214042695,-2.2067674443413035,9.718037669979687,-14.112897620854186,10.418711564460839,-30.091784665271188,1.582896637283377,-17.571373243364693,2.235616283187267,-27.05698695513109,-5.8953508218078845,-28.451650914461634,-6.902796833176559,-8.122680712381442,10.58898716883612,-27.949492297282454,1,2.0500000000000003
42,21.206310622474227,-7.0357021248469005,23.2289503848045,-21.072962642065097,13.692918072103788,-28.825593782961665,12.470216220850059,11.296674340451995,44.98242800085449,-2.2008270479248986,9.9352788436203,-14.07229317822597,10.60583389294932,-29.949550126117447,1.6642005774196598,-17.51902321086862,2.2929529965595195,-27.02006968449283,-5.839687550471506,-28.39647375060269,-6.833982216819283,-8.105901531615082,10.731686740392767,-27.718837610718698,1,2.1
43,21.28295179735027,-7.046526213912433,23.326033289355742,-20.95196321531563,13.71959996514152,-28.571753773610872,12.627980386772656,11.253215205329525,45.01423008902667,-2.1952224991613023,10.15383576465911,-14.031732644888741,10.784636854439093,-29.804058408583607,1.7464150948986055,-17.466635182899,2.3507560407927173,-26.982852158370967,-5.78317407866029,-28.34074276664876,-6.764332811476147,-8.088918802881201,10.872867532322932,-27.486821311988553,1,2.15
44,21.363313685170795,-7.0539266647301675,23.42331772090602,-20.83802426546371,13.752891768937948,-28.31305533748815,12.78740819678713,11.20987976895657,45.04627950058455,-2.189983740233388,10.373334241644782,-13.991270524409913,10.954446344372595,-29.655354335726695,1.8293844349003006,-17.414215658605215,2.4089456497035147,-26.94538573565247,-5.725928750781126,-28.28453505207769,-6.693964816338194,-8.071760859219117,11.012440444567012,-27.25397434320066,1,2.2
45,21.447467197269432,-7.057696014548525,23.520645052175546,-20.731746149937667,13.793110844150219,-28.049674697610964,12.948315456178388,11.16675082092357,45.07853425755341,-2.1851407133239706,10.593400083125939,-13.95096132035686,11.114588258192232,-29.503482730603714,1.9129528426047475,-17.36177113713659,2.467442057108543,-26.90772177522426,-5.66806991124073,-28.22792769636722,-6.622994430596342,-8.0544560336681,11.150316377065437,-27.020827646463534,1,2.25
46,21.535483244979915,-7.057626800616031,23.61785665588438,-20.63372922616587,13.840574551435415,-27.781788076996857,13.110517970231372,11.123911150820986,45.110952381958555,-2.180723360615899,10.813659097651247,-13.910859536297002,11.26438849134037,-29.348488416271692,1.9969645631920176,-17.30930811764245,2.5261654968243885,-26.869911635973224,-5.609715904445915,-28.170997788995123,-6.5515378534415,-8.037032659267531,11.286406229758544,-26.787912163885725,1,2.3000000000000003
47,21.62743273963594,-7.05351156018116,23.714793904752703,-20.544573851576683,13.895600251450643,-27.509571698663436,13.27383154423097,11.081443548239237,45.143491895825385,-2.1767616242920367,11.033737093769243,-13.871019675797758,11.40317293925936,-29.19041621578763,2.081263841842084,-17.2568330992722,2.5850362026677285,-26.83200667678639,-5.550985074803437,-28.113822419439188,-6.479711284064678,-8.019519069056626,11.420620902586794,-26.555758837575798,1,2.35
48,21.72338659257122,-7.04514283049237,23.811298171500656,-20.464880383598462,13.958505304852961,-27.233201785628182,13.438071983462159,11.039430802768777,45.17611082117912,-2.173285446535204,11.253259880028672,-13.831496242426475,11.530267497391637,-29.029310952208515,2.165694923735092,-17.2043525811751,2.6439744084551333,-26.79405825655062,-5.491995766720153,-28.056478677177147,-6.407630921656821,-8.001943596074742,11.5528712954905,-26.324898609642318,1,2.4000000000000004
49,21.823415715119403,-7.032313148798149,23.90721082884837,-20.395249179659583,14.029607072299505,-26.95285456090865,13.603055093209756,10.997955704000033,45.20876718004512,-2.1703247695282637,11.471853264978094,-13.792343739750608,11.644998061179603,-28.8652174485914,2.250102054050963,-17.151873062500552,2.702900348003288,-26.756117734152884,-5.432866324602818,-27.999043651686815,-6.335412965408876,-7.984334573361157,11.683068308410085,-26.095862422193814,1,2.45
50,21.927591018614223,-7.014815052346971,24.002373249515983,-20.336280597188363,14.109222914447388,-26.66870624752239,13.76859667875873,10.957101041523456,45.241418994448665,-2.167909535454046,11.68914305716619,-13.75361667133754,11.746690526065606,-28.69818052799326,2.3343294779697974,-17.09940104239786,2.761734255128772,-26.7182364684801,-5.373715092858218,-27.941594432445964,-6.263173614511814,-7.9667203339552195,11.811122841285972,-25.86918121733886,1,2.5
51,22.035983414389356,-6.992441078387307,24.096626806223625,-20.288574993613178,14.197670191953723,-26.380933068486918,13.93451254539402,10.916949604929497,45.27402428641507,-2.1660696864954048,11.904755065141533,-13.71536954075465,11.834670787492051,-28.528245013471125,2.418221440671621,-17.046943020016418,2.8203963636482534,-26.6804658184192,-5.314660415893155,-27.88420810893234,-6.191029068156597,-7.949129210896159,11.936945794058506,-25.645385937185974,1,2.5500000000000003
52,22.148663813778526,-6.964983764167642,24.18981287169146,-20.252732726362403,14.295266265475556,-26.08971124681981,14.100618498400522,10.877584183808587,45.30654107796962,-2.1648351648351642,12.118315097452836,-13.677656851569358,11.908264740901314,-28.35545572808198,2.5016221873364826,-16.99450549450549,2.8788069073783342,-26.64285714285715,-5.255820638114379,-27.826961770623733,-6.119095525534142,-7.931589537223343,12.060448066668092,-25.425007523843746,1,2.6
53,22.265677335654367,-6.932350417774636,24.281778860442586,-20.22919296698734,14.402236070336071,-25.79530364358897,14.266795348725799,10.839041661059053,45.33895307700277,-2.1642278751431414,12.329547878521588,-13.640511894590071,11.967062581682043,-28.179911294676288,2.58440665230343,-16.942093684454274,2.9369018368697235,-26.605451681179893,-5.197293399732752,-27.76991902029672,-6.0474688569421104,-7.914124689148664,12.652842452643828,-25.402189675546925,1,2.6500000000000004
54,22.38696592904561,-6.894907430648007,24.372396354212107,-20.21775014353111,14.518434840522646,-25.498319672063907,14.433183929968179,10.801175292810697,45.3713467348652,-2.1642375720368374,12.538573796261044,-13.603883109589225,12.011711705007826,-28.001925535278087,2.6665725265476494,-16.889707686210905,2.994679969609468,-26.568250194769657,-5.139093524174921,-27.713089513922775,-5.9761636171045565,-7.8967382155743335,13.228748724496953,-25.380006916467114,1,2.7
55,22.51244575051977,-6.853135965065519,24.46154297653809,-20.218037498159777,14.64362538468865,-25.199455383564498,14.599990081388622,10.763792428501297,45.40383418877264,-2.1648459726207325,12.745612154457397,-13.567697723580213,12.043123805998508,-27.821866071704793,2.748148190203464,-16.8373463155634,3.0521558398186537,-26.531243325507596,-5.081215130671637,-27.65646942077223,-5.905174031852255,-7.879428708575225,13.788166882227499,-25.35845924660433,1,2.75
56,22.642032956644556,-6.80751718330503,24.54909635095863,-20.229688273039358,14.777570511487546,-24.899406829410623,14.767419642248061,10.726700417568534,45.43652757594093,-2.1660347939992666,12.9508822568968,-13.531882963576454,12.06221057977394,-27.64010052577391,2.8291620234050514,-16.78500838829974,3.1093439817184216,-26.49442171527495,-5.023652338453568,-27.60005491011539,-5.834494327016014,-7.862194760226181,14.331096925835459,-25.33754666595852,1,2.8000000000000003
57,22.77564370398759,-6.75853224764439,24.634934101011787,-20.252335710335977,14.920033029572664,-24.59887006092218,14.935678451807455,10.689706609450134,45.469539033585825,-2.167785753276947,13.1546034073654,-13.49636605659141,12.069883721453934,-27.456996519302898,2.9096424062866744,-16.732692720207826,3.1662589295298726,-26.457776005952965,-4.966399266751463,-27.543842151222584,-5.764118728426531,-7.845034962602043,14.857538855320819,-25.31726917452976,1,2.85
58,22.91319414911647,-6.706662320361467,24.718933850235636,-20.285613052215663,15.070775747597514,-24.298541129419053,15.104972349327857,10.65261835358383,45.502980698923096,-2.1700805675582004,13.35699490964939,-13.461074229638495,12.06705492615836,-27.272921674109185,2.9896177189825868,-16.68039812707574,3.2229152174740783,-26.42129683942285,-4.909450034796025,-27.487827313364072,-5.6940414619146225,-7.8279479077776655,15.367492670683603,-25.297626772317997,1,2.9000000000000004
59,23.05460044859889,-6.652388563734077,24.80097322216826,-20.329153540844473,15.229561474215432,-23.999116086221125,15.275507174070148,10.615242999407327,45.53696470916854,-2.172900953947506,13.558276067534898,-13.425934709731125,12.054635889007066,-27.08824361201026,3.0691163416270353,-16.628123424691378,3.2793273797721856,-26.38497485756581,-4.852798761817931,-27.432006565810173,-5.624256753310957,-7.8109321878278415,15.860958371923813,-25.278619459323224,1,2.95
60,23.199778759002434,-6.596192140040109,24.880929840347754,-20.382590418388546,15.396153018079858,-23.70129098264827,15.447488765295326,10.577387896358326,45.57160320153791,-2.176228629549352,13.758666184808115,-13.390874723882728,12.033538305119833,-26.90332995482357,3.1481666543542604,-16.575867428842745,3.3355099506453034,-26.348800702263087,-4.796439567047932,-27.376376077831193,-5.554758828446378,-7.793986394827481,16.337935959041445,-25.260247235545474,1,3.0
61,23.348645236894768,-6.53855421155735,24.958681328312167,-20.44555692701383,15.570313187844192,-23.405761870020356,15.621122962264335,10.538860393874586,45.60700831324704,-2.180045311468165,13.95838456525521,-13.355821499106712,12.004673869616585,-26.71854832436658,3.2267970372984998,-16.5236289553178,3.3914774643145567,-26.312765015395858,-4.74036656971672,-27.320932018697437,-5.485541913151556,-7.777109120851397,16.798425432036478,-25.24251010098474,1,3.0500000000000003
62,23.501116038843456,-6.4799559405637375,25.034105309599568,-20.517686308886468,15.75180479216184,-23.11322479965731,15.796615604238141,10.499467841393804,45.64329218151168,-2.1843327168084423,14.157650512662345,-13.320702262416534,11.968954277617119,-26.53426634245673,3.3050358705939935,-16.471406819904544,3.44724445500098,-26.276858438845395,-4.684573889055013,-27.26567055767921,-5.41660023325735,-7.760298957974443,17.242426790908922,-25.22540805564098,1,3.1
63,23.657107321416213,-6.42087848933702,25.107079407748085,-20.598611806172485,15.940390639686244,-22.824375822879002,15.97417253047776,10.459017588353682,45.680566943547596,-2.189072562674611,14.356683330815683,-13.285444240825592,11.927291224241262,-26.350851630911507,3.382911534375003,-16.419199838390924,3.5028254569257786,-26.24107161449285,-4.629055644293519,-27.210587864046833,-5.347928014594453,-7.743554498271455,17.669940035658797,-25.208941099514263,1,3.1500000000000004
64,23.816535241180603,-6.361803020155101,25.177481246295727,-20.68796666103797,16.135833539070745,-22.539910991005314,16.153999580244086,10.417316984191975,45.71894473657057,-2.1942465661711874,14.555702323501365,-13.249974661347336,11.880596404608887,-26.168671811548343,3.4604524087757675,-16.367006826564943,3.5582350043100104,-26.20539518421954,-4.573805954662937,-27.15568010707058,-5.279519482993648,-7.726874333817243,18.080965166286084,-25.19310923260454,1,3.2
65,23.979315954704305,-6.303210695295813,25.245188448780638,-20.78538411564896,16.33789629896885,-22.26052635535613,16.33630259279815,10.374173378346377,45.75853769779644,-2.1998364444025893,14.754926794505566,-13.214220750995159,11.82978151383983,-25.988094506184723,3.537686873930527,-16.314826600214545,3.6134876313748077,-26.16981978990659,-4.518818939393957,-27.100943456020744,-5.211368864285673,-7.710257056686695,18.47550218279077,-25.17791245491182,1,3.25
66,24.145365618554926,-6.245582677037022,25.310078638740848,-20.890497412171552,16.5463417280339,-21.986917967251312,16.521287407400852,10.32939412025463,45.79945796444095,-2.205823914473309,14.954576047614502,-13.178109736782517,11.775758247053908,-25.80948733663808,3.614643309973543,-16.262657975127727,3.6685978723412784,-26.13433607343525,-4.464088717717358,-27.04637408016769,-5.143470384301266,-7.693701258954666,18.85355108517288,-25.16335076643613,1,3.3000000000000003
67,24.31460038930011,-6.189400127656527,25.37202943971444,-21.002939792771762,16.760932634919296,-21.719781878010767,16.709159863313186,10.28278655935443,45.84181767371983,-2.2121906934878175,15.154869386614294,-13.141568845722817,11.719438299371005,-25.633217924725912,3.6913500970390314,-16.210499767092458,3.7235802614304956,-26.09893467668678,-4.409609408863762,-26.991968148781666,-5.075818268871233,-7.677205532695961,19.215111873432413,-25.149424167177443,1,3.35
68,24.48693642350745,-6.135144209432209,25.43091847523951,-21.12234449961568,16.981431828278517,-21.459814138954403,16.900125799796132,10.234158045083493,45.88572896284894,-2.218918498550553,15.356026115291108,-13.104525304829481,11.661733365910905,-25.459653892265624,3.7678356152612853,-16.158350791896687,3.77844933286362,-26.06360624154233,-4.355375132063987,-26.937721831133,-5.0084067438263045,-7.660768469985452,19.56018454756937,-25.13613265713576,1,3.4000000000000004
69,24.662289877744684,-6.083296084641901,25.486623368854104,-21.248344774869377,17.20760211676491,-21.207710801402058,17.094391056110677,10.183315926879565,45.93130396904401,-2.225989046765996,15.558265537431119,-13.066906341115946,11.6035551417935,-25.289162861074708,3.844128244774499,-16.10620986532842,3.833219620861754,-26.02834140988317,-4.301380006548648,-26.883631296491956,-4.9412300349972496,-7.6443886628979385,19.888769107583727,-25.12347623631109,1,3.45
70,24.840576908579344,-6.034336915563489,25.539021744096345,-21.380573860698902,17.439206309031945,-20.96416791667362,17.292161471517726,10.130067554180341,45.97865482952083,-2.2333840552386306,15.761806956820465,-13.028639181595628,11.545815322138608,-25.122112452970626,3.920256365712932,-16.05407580317562,3.887905659645977,-25.99313082359049,-4.247618151548464,-26.82969271412889,-4.8742823682148275,-7.628064703508343,20.200865553475495,-25.111454904703415,1,3.5
71,25.021713672579054,-5.98874786447477,25.587991224504286,-21.518664999270317,17.67600721373293,-20.72988153608901,17.49364288527827,10.074220276423546,46.02789368149519,-2.241085241072882,15.966869677245342,-12.98965105328195,11.489425602066067,-24.958870289770832,3.996248358210819,-16.001947421226266,3.9425219834374197,-25.957965124545513,-4.1940836862942135,-26.77590225331409,-4.8075579693097765,-7.611795183891421,20.496473885244683,-25.10006866231276,1,3.5500000000000003
72,25.205616326311517,-5.9470100936535975,25.633409433615984,-21.66225143274969,17.917767639521372,-20.50554771096811,17.699041136653268,10.0155814430469,46.07913266218288,-2.2490743213732536,16.173673002491924,-12.949869183188346,11.435297676695729,-24.79980399329277,4.0721326024024656,-15.949823535268322,3.9970831264571927,-25.922834954629487,-4.140770730016528,-26.722256083317838,-4.741051064112867,-7.595578696122072,20.775594102891304,-25.089317509139118,1,3.6
73,25.392201026344303,-5.909604765377851,25.67515399496953,-21.810966403303098,18.164250395050665,-20.291862492630788,17.9085620649037,9.95395840348813,46.13248390879967,-2.257333013244186,16.38243623634633,-12.909220798328262,11.384343241147448,-24.64528118535392,4.147937478422028,-15.89770296108978,4.051603622926404,-25.8877309557236,-4.087673401946127,-26.668750373410447,-4.674755878454849,-7.57941383227511,21.038226206415317,-25.079201445182477,1,3.6500000000000004
74,25.5813839292451,-5.877013041925359,25.71310253210303,-21.964443153096582,18.415218288974174,-20.089521932396902,18.122411509290508,9.889158507184938,46.18805955856134,-2.265843033790157,16.59337868259476,-12.867633125715086,11.33747399054105,-24.495669487771725,4.2236913664037985,-15.845584514478626,4.106098007066164,-25.852643769709108,-4.034785821313797,-26.61538129286226,-4.608666638166477,-7.563299184425432,21.284370195816756,-25.06972047044285,1,3.7
75,25.773081191581497,-5.849716085573959,25.74713266855452,-22.122314924296212,18.670434129945342,-19.899222081586384,18.340795309074704,9.820989103575059,46.24597174868368,-2.274586100115619,16.806719645023392,-12.825033392362242,11.295601619996322,-24.351336522363674,4.299422646482023,-15.7934670112228,4.1605808130975594,-25.817564038467165,-3.9821021073501686,-26.562145010943535,-4.54277756907855,-7.547233344647807,21.51402607109561,-25.060874584920228,1,3.75
76,25.96720896992113,-5.828195058601512,25.777122027862063,-22.28421495906807,18.92966072661758,-19.721658991519092,18.563919303517203,9.749257542096206,46.30633261638244,-2.2835439293250688,17.022678427418356,-12.78134882528317,11.25963782463322,-24.212649910947178,4.375159698790966,-15.741349267110289,4.215066575241744,-25.782482403879058,-3.9296163792859673,-26.509037696924562,-4.477082897021737,-7.531214905017108,21.72719383225187,-25.052663788614616,1,3.8000000000000003
77,26.16368342083165,-5.812931123285861,25.802948233563775,-22.449776499578196,19.1926608876443,-19.557528713514937,18.79198933187901,9.673771172186086,46.36925429887344,-2.2926982385229233,17.241474333565836,-12.736506651491302,11.230494299571493,-24.07997727533973,4.450930903464826,-15.689230097929064,4.269569827719797,-25.74738950782597,-3.877322756351923,-26.4560555200757,-4.411576847826913,-7.5152424576082355,21.923873479285557,-25.045088081525993,1,3.85
78,26.362420700880655,-5.804405441904849,25.824488909197726,-22.61863278799263,19.459197421678894,-19.40752729889374,19.025211233421047,9.59433734328244,46.434848933372436,-2.3020307448137043,17.46332666725199,-12.69043409800005,11.209082739931043,-23.9536862373588,4.526764640637881,-15.637108319467096,4.324105104752858,-25.712275992189117,-3.8252153577787524,-26.403194649667235,-4.34625364732474,-7.4993145944959485,22.104065012196678,-25.03814746365442,1,3.9000000000000004
79,26.56333696663584,-5.8030991767363105,25.841621678302026,-22.7904170664775,19.729033137374806,-19.272350798975463,19.263790847404323,9.510763404822978,46.503228657095235,-2.3115231653018142,17.68845473226299,-12.643058391822825,11.196314840831645,-23.834144418821804,4.602689290444349,-15.58498274751238,4.378686940562007,-25.67713249884975,-3.7732883027971025,-26.350451254969432,-4.281107521346009,-7.483429907755123,22.267768430985186,-25.03184193499982,1,3.95
80,26.766348374664783,-5.809493490058133,25.85422416441466,-22.96476257719881,20.001930843385402,-19.15269526507995,19.507934013089773,9.422856706245405,46.574505607257564,-2.3211572170917707,17.917077832384997,-12.594306759973096,11.193102297393205,-23.721719441546263,4.678733233018505,-15.532852197852883,4.433329869368343,-25.641949669689055,-3.7215357106377596,-26.297821505252625,-4.216132695721458,-7.467586989460589,22.41498373565112,-25.026171495562238,1,4.0
81,26.97137108153511,-5.82406954414811,25.862173991073767,-23.14130256232266,20.27765334836412,-19.049256748527096,19.757846569738355,9.330424596987458,46.64879192107528,-2.3309146172880184,18.14941527140416,-12.544106429464254,11.200356804735513,-23.61677892734955,4.754924848494575,-15.48071548627659,4.488048425393053,-25.606718146588257,-3.6699517005314064,-26.24530156978709,-4.151323396281901,-7.451784431687226,22.545710926194474,-25.021136145341668,1,4.05
82,27.17832124381451,-5.847308501284123,25.865348781817453,-23.319670264015073,20.55596346096437,-18.96273130063676,20.013734356611092,9.233274426486858,46.72619973576411,-2.3407770829950083,18.385686353106685,-12.492384627309708,11.218990057978463,-23.519690498049204,4.831292517006804,-15.428571428571434,4.54285714285715,-25.57142857142857,-3.6185303917087386,-26.192887617843198,-4.086673848858037,-7.436020826509857,22.659950002615233,-25.01673588433812,1,4.1000000000000005
83,27.387070820723682,-5.879618547662402,25.86389171175327,-23.499406353368,20.836687006799906,-18.89338678558936,20.275713339108947,9.131204686092724,46.806752584133804,-2.3507170984672148,18.626088634655815,-12.439112275303057,11.249633476391594,-23.4306746817514,4.907857754144244,-15.37641912696089,4.597767040465747,-25.536073849619285,-3.567265903400463,-26.140575818691183,-4.022178279280636,-7.420294766003319,23.249577859063578,-24.179856389180145,1,4.15
84,27.597314982096165,-5.921115965152708,25.85900816226699,-23.679681217176455,21.11990187932608,-18.839778319007106,20.54353998719332,9.023978434799984,46.8901195813698,-2.3606702165590003,18.870732686723276,-12.384435074358281,11.291797375843606,-23.34936363171739,4.984614617315261,-15.324258829410262,4.6527750748596715,-25.50065594068167,-3.5161523548373506,-26.088362341601382,-3.957830913380487,-7.40460484224247,23.81441655638193,-23.378161016941746,1,4.2
85,27.808704700418474,-5.971844059543169,25.85216906631392,-23.85957267116146,21.405748988958454,-18.800032829372736,20.816880896965678,8.91134987351492,46.97588123825166,-2.370562757274652,19.11970733335788,-12.328542420169526,11.344711796352948,-23.275242407497114,5.061550299383004,-15.272091070320284,4.707874687163722,-25.46517906766516,-3.4651838652499936,-26.036243355844096,-3.8936259769882926,-7.38894964730214,24.354466094570334,-22.611649767622893,1,4.25
86,28.02089094817722,-6.031846136621971,25.844845356849348,-24.038158531043894,21.694369246112746,-18.77227724516907,21.0954026645274,8.793073203143823,47.063618065558764,-2.3803210406185706,19.373101398608433,-12.271623708430967,11.40760677793801,-23.207796068640633,5.13865199321056,-15.219916384091771,4.763059318502714,-25.429647453619054,-3.414354553869232,-25.98421503068964,-3.8295576959348563,-7.373327773257191,24.869726473628788,-21.8803226412236,1,4.3
87,28.23352469785899,-6.101165502177226,25.83850796682854,-24.214516612544696,21.985903561204537,-18.754638494878787,21.378771885979997,8.668902624593036,47.15291057407055,-2.389871386595039,19.631003706523764,-12.213868334836707,11.479712360617214,-23.146509674697892,5.215906891661145,-15.167735305125428,4.818322410001414,-25.394065321592766,-3.363658539925673,-25.932273535408285,-3.765620296050925,-7.357737812182449,25.36019769355726,-21.184179637743842,1,4.3500000000000005
88,28.446256921950408,-6.179845461997129,25.834627829206816,-24.387724731384854,22.280492844649537,-18.74524350698465,21.666655157424824,8.538592338768856,47.24333927456649,-2.399140115208448,19.8935030811527,-12.155465695080924,11.56025858440901,-23.090868285218907,5.293302187597847,-15.115548367822061,4.8736574027846284,-25.358436894635645,-3.3130899426500964,-25.88041503927036,-3.7018080031672524,-7.342178356152757,25.825879754355817,-20.523220757183665,1,4.4
89,28.65873859293804,-6.267929321869764,25.834675876939478,-24.556860703285224,22.578278006863357,-18.742219209969406,21.958719074963398,8.401896546577593,47.33448467782597,-2.4080535464631097,20.160688346544028,-12.096605184857708,11.648475489331776,-23.040356959753645,5.370825073883875,-15.063356106582448,4.929057737977159,-25.322766395797053,-3.2626428812731763,-25.828635711546152,-3.63811504311456,-7.326647997242946,26.266772656024393,-19.897445999542985,1,4.45
90,28.870620683308463,-6.36546038758336,25.84012304298176,-24.721002343966806,22.879399958261658,-18.743692532315805,22.25463023469711,8.258569448925556,47.425927294628536,-2.4165380003633423,20.4326483267466,-12.037476199861276,11.743593115403984,-22.994460757852085,5.448462743382329,-15.011159055807314,4.984516856703814,-25.28705804812638,-3.2123114750256105,-25.776931721505978,-3.574535641723685,-7.311145327527903,26.682876398562993,-19.30685536482193,1,4.5
91,29.081554165548287,-6.472481964926015,25.852440260288997,-24.879227469150457,23.18399960926009,-18.747790402506592,22.55405523272742,8.108365246719067,47.51724763575356,-2.4245197969135,20.709471845809233,-11.97826813578573,11.844841502644051,-22.952664739064232,5.526202388956384,-14.958957749897445,5.040028200089365,-25.251316074672918,-3.162089843138156,-25.72529923842012,-3.5110640248253198,-7.2956689390824385,27.07419098197164,-18.75144885302041,1,4.55
92,29.291190012144085,-6.589037359685882,25.873098461816475,-25.030613894557174,23.49221787027433,-18.752639749024468,22.856660665155736,7.951038140864412,47.60802621198052,-2.4319252561179425,20.99124772778076,-11.91917038832521,11.951450691070402,-22.914453962940073,5.6040312034691855,-14.906752723253607,5.095585209258628,-25.215544698486124,-3.111972104841465,-25.67373443155891,-3.447694418250233,-7.280217423981394,27.440716406250353,-18.23122646413842,1,4.6000000000000005
93,29.499179195582492,-6.715169877651101,25.903568580519476,-25.17423943590785,23.804195651719986,-18.75636750035225,23.16211312808352,7.786342332267915,47.69784353408887,-2.4386806979809936,21.27806479670994,-11.86037235317388,12.062650720701415,-22.879313489029588,5.68193637978389,-14.854544510276574,5.151181325336383,-25.17974814261531,-3.0619523793663026,-25.622233470192654,-3.3844210478292,-7.264789374299647,27.782452671399074,-17.746188198176,1,4.65
94,29.705172688350054,-6.850922824609857,25.945321549353288,-25.30918190892345,24.120073864012774,-18.757100584972644,23.47007921761226,7.6140320218358895,47.78628011285804,-2.444712442507007,21.570011876645623,-11.802063426025855,12.177671631555572,-22.84672837688281,5.759905110763562,-14.802333645367089,5.206809989447406,-25.143930630109853,-3.0120247859433658,-25.57079252359161,-3.321238139392966,-7.249383382111991,28.09939977741784,-17.29633405513313,1,4.7
95,29.908821462933364,-6.996339506350261,25.999828301273233,-25.434519129324897,24.43999341756824,-18.752965931368376,23.780225529843285,7.433861410474636,47.87291645906743,-2.449946809700274,21.867177791636664,-11.744433002575306,12.295743463651291,-22.816183686049662,5.837924589271491,-14.75012066292596,5.262464642716537,-25.1080963840191,-2.9621834438033283,-25.519407761026134,-3.258139918772293,-7.2339980394933,28.39155772430663,-16.88166403500981,1,4.75
96,30.109776491819055,-7.15146322866049,26.068559769234554,-25.549328912833104,24.764095222802098,-18.742090468022205,24.09221866087814,7.245584699090489,47.95733308349661,-2.454310119565159,22.169651365731838,-11.687670478516342,12.416096257006966,-22.787164476080136,5.915982008170724,-14.69790609735389,5.318138726268554,-25.072249627392463,-2.912422472176911,-25.46807535176653,-3.1951206117979254,-7.218631938518413,28.658926512065502,-16.502178137806055,1,4.800000000000001
97,30.307688747493675,-7.316337297328677,26.15298688619258,-25.652689075169008,25.092520190130003,-18.722601123416904,24.40572520681819,7.04895608858972,48.03911049692492,-2.4577286921060235,22.47752142297996,-11.63196524954315,12.53796005164103,-22.759155806524284,5.9940645603244445,-14.645690483051684,5.373825681228238,-25.036394583279268,-2.8627359902948486,-25.416791465083044,-3.132174444300669,-7.20328367126219,28.901506140694398,-16.157876363521833,1,4.8500000000000005
98,30.502209202443815,-7.4910050181429675,26.254580585102588,-25.74367743205356,25.425409229967578,-18.692624826035207,24.720411763764915,6.843729779878668,48.117829210131845,-2.460128847327189,22.79087678742991,-11.57750671134984,12.66056488757193,-22.73164273693205,6.0721594385957705,-14.593474354420106,5.429518948720387,-25.00053547472889,-2.8131181173878526,-25.365552270246024,-3.0692956421112028,-7.187951829799455,29.11929661019332,-15.848758712157197,1,4.9
99,30.69298882915611,-7.675509696891552,26.374811798919872,-25.821371799207682,25.762903252730474,-18.65028850435982,25.03594492781972,6.62965997386363,48.19306973389682,-2.461436905232979,23.109806283130403,-11.524484259630595,12.783140804818068,-22.704110326853442,6.150253835847894,-14.54125824585993,5.48521196986982,-24.964676524790704,-2.763562972686591,-25.314353936525745,-3.0064784310603394,-7.172635006205048,29.312297920562315,-15.574825183712086,1,4.95
100,30.879678600117128,-7.869894639362535,26.515151460599707,-25.884849992352322,26.10514316883441,-18.593719086873527,25.35199129508409,6.406500871450913,48.26441257899931,-2.4615791858277487,23.434398734130355,-11.473087290079498,12.904917843397868,-22.676043635838425,6.228334944943928,-14.48904269177189,5.540898185801328,-24.928821956514046,-2.7140646754218354,-25.26319263319259,-2.943717036978825,-7.15733179255383,29.480510071801312,-15.336075778186567,1,5.0
101,31.061929487813433,-8.074203151344076,26.67707050309738,-25.93318982720838,26.452269888694914,-18.521043502059072,25.668217461659445,6.174006673546821,48.33143825621878,-2.460482009115846,23.764742964478515,-11.423505198390774,13.025126043329788,-22.64692772343702,6.306389958747033,-14.436828226556806,5.596571037639668,-24.892975992948323,-2.6646173448242303,-25.212064529516752,-2.8810056856973962,-7.142040780920617,29.62393306391035,-15.132510495580553,1,5.050000000000001
102,31.239392464731633,-8.288478538624314,26.862039859368224,-25.96546911949679,26.80442432272773,-18.430388678399154,25.984290023647183,5.9319315810577224,48.39372727633457,-2.458071695101577,24.100927798223772,-11.375927380258464,13.142995444632213,-22.616247649199174,6.384406070120374,-14.384615384615383,5.6522239665096725,-24.85714285714285,-2.6152151001245567,-25.160965794768615,-2.8183386030468602,-7.12676056338027,29.742566896889464,-14.964129335894127,1,5.1000000000000005
103,31.411780308074245,-8.5124962056594,27.070878616417662,-25.98106442505632,27.161618120605244,-18.320453546980687,26.29996344182956,5.68029470139579,48.45092224792264,-2.454369839200014,24.442873196761653,-11.330436332771008,13.257902488165154,-22.58358638388722,6.462372907086873,-14.332404598737009,5.707851660646213,-24.821325969172893,-2.5658520605534427,-25.109892598218426,-2.755710014857895,-7.1114897320076516,29.924625379911557,-14.940480619246122,1,5.15
104,31.579053013907302,-8.74495995157748,27.301798477451772,-25.98054726019683,27.523345889027112,-18.192225049307,26.615343635711806,5.420174767997204,48.50291417074429,-2.4497791384691374,24.78982367087488,-11.286686958593686,13.369809218154872,-22.548918543112784,6.5402898383088655,-14.280195895265358,5.763453796724457,-24.785525537216827,-2.516522345341654,-25.058841109136544,-2.693114146961328,-7.0962268788775615,30.107933985590936,-14.911728154982955,1,5.2
105,31.74123238301282,-8.984305674174554,27.552359299726845,-25.964787881346076,27.888972973949645,-18.047262129485553,26.93062438947994,5.1529154208040255,48.549656142357215,-2.444797565377579,25.140854868692912,-11.244227261786023,13.47882407966918,-22.512316653699813,6.6181586676083946,-14.227989198932747,5.819031298529607,-24.749740966479088,-2.4672200737199024,-25.00780749679323,-2.630545225187876,-7.0809705960648905,30.29180321201225,-14.877987500557346,1,5.25
106,31.89834021617276,-9.228969271246775,27.820120940499113,-25.934656544931762,28.257864721329295,-17.88712373162379,27.24599948731999,4.8798602997583265,48.59110126031921,-2.4399230923940034,25.49504243834521,-11.20260524640753,13.585055517775883,-22.473853242472256,6.69598119880757,-14.175784434471446,5.874585089846924,-24.71397166216392,-2.4179393649188547,-24.95678793045881,-2.567997475368359,-7.065719475644451,30.475543557260078,-14.839374213421996,1,5.300000000000001
107,32.05039831416918,-9.477386640590208,28.10264325702481,-25.89102350738155,28.629386477122438,-17.713368799829222,27.561662713417906,4.602353044802164,48.62720262218798,-2.4356536919870972,25.85146202796129,-11.161368916517725,13.688611977542905,-22.43360083625402,6.77375923572848,-14.123581526613748,5.930116094461692,-24.67821702947565,-2.368674338169262,-24.90577857940357,-2.5054651233334626,-7.050472109691097,30.65846551941902,-14.796003851029575,1,5.3500000000000005
108,32.197428477783944,-9.727993680000962,28.397486106560176,-25.834759025123194,29.002903587285424,-17.52755627820927,27.877807851959812,4.321737295877632,48.65791332552124,-2.4324873366255098,26.209189285670533,-11.120066276176123,13.78960190403796,-22.391631961869123,6.8514945821932045,-14.071380400091938,5.985625236159084,-24.642476473618572,-2.31941911270182,-24.854775612897825,-2.4429423949139695,-7.0352270902796485,30.839879596573642,-14.747991970832809,1,5.4
109,32.33945250779909,-9.979226287275118,28.702209346361485,-25.766733354584403,29.377781397774704,-17.331245110871397,28.194628687131637,4.039356692926784,48.68318646787676,-2.4309219987779316,26.567299859602453,-11.078245329442261,13.888133742328959,-22.348019146141425,6.929189042023854,-14.019180979638305,6.041113438724382,-24.60674939979708,-2.2701678077472343,-24.803775200211888,-2.3804235159406337,-7.019983009484992,31.01909628680859,-14.695454130284377,1,5.45
110,32.47649220499662,-10.229520360208745,29.014372833685034,-25.68781675219282,29.75338525454659,-17.125994241923074,28.512319003119426,3.7565548758917053,48.70297514681231,-2.431455650913038,26.924869397886532,-11.035454080375636,13.984315937483649,-22.30283491589494,7.006844419042515,-13.966983189985118,6.096581625942797,-24.571035213215417,-2.2209145425362014,-24.75277351061605,-2.3179027122442237,-7.004738459381958,31.19542608820847,-14.638505886836969,1,5.5
111,32.60856937015847,-10.47731179659796,29.331536425786993,-25.598879474376236,30.129080503557535,-16.913362615471762,28.831072584109187,3.474675484714457,48.71723245988549,-2.4345862654994352,27.280973548652195,-10.991240533035802,14.078256934569923,-22.25615179795359,7.084462517071277,-13.914786955864678,6.152030721599582,-24.535333319077903,-2.1716534362994797,-24.70176671338061,-2.255374209655484,-6.989492032045368,31.36817949885784,-14.577262797943307,1,5.550000000000001
112,32.735705804066676,-10.721036494238854,29.65125997992366,-25.500791777562345,30.504232490763886,-16.694909175624957,29.151083214286942,3.1950621593371293,48.725911504654164,-2.440811815005887,27.63468796002891,-10.945152691482233,14.170065178655612,-22.208042319141285,7.162045139932242,-13.862592202009262,6.207461649479976,-24.499643122588857,-2.122378608267728,-24.650750977775893,-2.192832234005214,-6.974242319550088,31.53666701684132,-14.511840421056085,1,5.6000000000000005
113,32.85792330750316,-10.959130350927504,29.97110335335126,-25.39442391817881,30.878206562122056,-16.47219286649004,29.47254467783873,2.919058539701775,48.728965378675994,-2.4506302719009896,27.985088280146197,-10.896738559774498,14.259849114808505,-22.158579006282057,7.239594091447482,-13.810398853151186,6.262875333369257,-24.46396402895262,-2.0730841776716957,-24.599722473072188,-2.1302710111241057,-6.958987913970936,31.700199140243523,-14.442354313628,1,5.65
114,32.975243681249935,-11.19002926445999,30.288626403326063,-25.280646152653368,31.250368063588414,-16.246772632174537,29.79565075895051,2.648008265750484,48.72634717950873,-2.4645396086534146,28.331250157133454,-10.845546141972097,14.347717188096436,-22.10783438619974,7.317111175439099,-13.758206834022676,6.318272697052581,-24.42829544337347,-2.0237642637420357,-24.54867736853976,-2.0676847668429277,-6.943727407382799,31.858086367149046,-14.368920033111742,1,5.7
115,33.087688726089,-11.412169132632428,30.60138898710433,-25.160328737413742,31.620082341119364,-16.0202074167859,30.120595241808342,2.3832549774253082,48.71801000471014,-2.4830377977318605,28.67224923912018,-10.791123442134516,14.433777843587269,-22.055880985718364,7.394598195729183,-13.706016069356107,6.373654664315286,-24.392636771055756,-1.974412985709565,-24.497611833449,-2.005067726992479,-6.928459391860486,32.00963919564248,-14.291653136960008,1,5.75
116,33.19528024280228,-11.623985853240919,30.906950961942297,-25.034341928887613,31.98671474067125,-15.794056164431606,30.44757191059821,2.1261423146683436,48.7039069518379,-2.506622811604979,29.007161174235858,-10.733018464321331,14.518139526348778,-22.002791331661843,7.472056956139835,-13.65382648388369,6.429022158942525,-24.356987417203804,-1.925024462804868,-24.446522037070135,-1.9424141174034963,-6.913182459478843,32.15416812380842,-14.210669182625523,1,5.800000000000001
117,33.29804003217184,-11.823915324081486,31.202872185096215,-24.9035559835027,32.34963060820054,-15.569877819219053,30.776774549506168,1.878013917421651,48.68399111844981,-2.535792622741439,29.335061610609902,-10.670779212591993,14.600910681448822,-21.948637950854113,7.549489260493153,-13.601638002337733,6.484376104719601,-24.321346787021852,-1.8755928142587175,-24.395404148673524,-1.879718163906734,-6.897895202312731,32.290983649731515,-14.126083727560927,1,5.8500000000000005
118,33.395989894979564,-12.010393442950274,31.486712513822336,-24.768841157686683,32.708195289663564,-15.349231325255783,31.10839694271819,1.6402134256273113,48.65821560210355,-2.571045203609917,29.65502619637182,-10.603953691006097,14.682199753955214,-21.893493370119142,7.626896912611198,-13.549450549450544,6.539717425431721,-24.28571428571428,-1.8261121593017953,-24.344254337529396,-1.8169740923329292,-6.882596212436975,32.4193962714963,-14.03801232921897,1,5.9
119,33.48917814164826,-12.182180844113972,31.75653051543388,-24.63094066658614,33.06188794486427,-15.133376994664337,31.442593701771887,1.4138127843033614,48.62657510672482,-2.6127586342263402,29.966329436037984,-10.532189153003158,14.762115188935793,-21.837430116280867,7.704281716316089,-13.497264049954376,6.59504704486414,-24.25008931848538,-1.7765766171648434,-24.293068772908132,-1.7541761285128885,-6.86728408192641,32.99187283075094,-13.677671428399941,1,5.95
120,33.577759121163595,-12.339337107721498,32.01237959747198,-24.49008956022277,33.41064298899701,-14.92238061162773,31.779362747611135,1.198797158771843,48.58923076171132,-2.660831424795731,30.269041259672306,-10.455529849542868,14.8407654314584,-21.780520716163227,7.781645475429893,-13.445078428581544,6.650365886802067,-24.214471290539503,-1.7269803070785745,-24.24184362408002,-1.6913184982773124,-6.851957402855896,33.550313187151694,-13.326165505884722,1,6.0
121,33.661913692152055,-12.482246550392482,32.254811877534806,-24.34639584733716,33.75450865110361,-14.716009328344192,32.11866282853144,0.994880019430743,48.546385302828604,-2.715042193070351,30.56343045372573,-10.374119280964916,14.918258926590854,-21.722837696590172,7.858989993774734,-13.392893610064318,6.705674875030802,-24.17885960708093,-1.6773173482736932,-24.19057506031533,-1.6283954274570136,-6.836614767300304,34.094717340698544,-12.983494561673258,1,6.050000000000001
122,33.741822713240026,-12.611293488746467,32.48437947322042,-24.19996753666979,34.09353316022594,-14.51403029701185,32.46045269282823,0.8017748366780979,48.49824146584232,-2.775169556802452,30.84976580464902,-10.288100947608998,14.994704119400957,-21.664453584385623,7.936317075172677,-13.340709519134972,6.76097493333553,-24.14325367331396,-1.6275818599808742,-24.139259250884376,-1.565401141882678,-6.821254767334437,34.62508529139155,-12.649658595765628,1,6.1000000000000005
123,33.81766704305408,-12.726862239402974,32.70163450212693,-24.050912636961293,34.4277647454059,-14.316210669828857,32.804691088797,0.6191950809118612,48.44500198651797,-2.8409921337443627,31.128316098893098,-10.197618349814867,15.070209454956547,-21.6054409063736,8.013628523445831,-13.288526080525857,6.816266985501492,-24.107652894442975,-1.5777679614308593,-24.0878923650575,-1.502329867385134,-6.805875995033144,35.141417039230674,-12.32465760816177,1,6.15
124,33.88962754022057,-12.829337118981586,32.90712908185249,-23.899339156952145,34.7572516356853,-14.122317598993375,33.15133676473321,0.4468542225300834,48.38686960062128,-2.9122885416483477,31.39935012290883,-10.102814987922217,15.144883378325474,-21.54587218937796,8.090926142416265,-13.23634321896917,6.871551955313977,-24.072056675672172,-1.5278697718543612,-24.03647057210496,-1.4391758297951271,-6.790477042471302,35.64371258421591,-12.008491598861704,1,6.2
125,33.957885063366,-12.919102444101911,33.10141532999517,-23.745355105382945,35.08204206010605,-13.932118236703607,33.50034846893233,0.2844657319307376,48.32404704391784,-2.9888373982666447,31.663136663147043,-10.003834362270744,15.218834334575547,-21.48581996022269,8.168211735906116,-13.18416085919723,6.926830766558197,-24.03646442220598,-1.4778814104820617,-23.984990041297046,-1.375933254943388,-6.775056501723674,36.13197192634726,-11.70116056786545,1,6.25
126,34.02262047111682,-12.996542531383442,33.28504536415315,-23.589068490994244,35.402184247710025,-13.74537973515765,33.8516849496898,0.13174307951182584,48.256737052173236,-3.070417321351558,31.919944506058613,-9.900819973200155,15.292170768774602,-21.425356745731733,8.245487107737429,-13.131978925942354,6.982104343019359,-24.000875539248657,-1.4277969965446884,-23.933446941904112,-1.3125963686606923,-6.7596129648652035,36.606195065624746,-11.402664515172974,1,6.300000000000001
127,34.08401462209949,-13.06204169744581,33.45857130192451,-23.43058732252655,35.71772642753903,-13.561869246553705,34.205304955301145,-0.01160026432861116,48.185142361153076,-3.156806928655364,32.17004243809442,-9.793915321050164,15.365001125990444,-21.36455507272903,8.3227540617323,-13.079797343936809,7.037373608482764,-23.96528943200452,-1.377610649272953,-23.88183744319645,-1.2491593967777632,-6.744145023970673,37.06638200204833,-11.113003440784311,1,6.3500000000000005
128,34.14224837494042,-13.11598425890852,33.62254526090734,-23.270019608720453,36.028716828635034,-13.381353923089904,34.56116723406176,-0.14585082919260997,48.10946570662293,-3.247784837930333,32.41369924570532,-9.683263906160487,15.437433851290926,-21.303487468038536,8.400014401712866,-13.027616037912878,7.0926394867336136,-23.929705505677926,-1.3273164878975985,-23.830157714444365,-1.1856165651254438,-6.7286512711149475,37.51253273561808,-10.832177344699415,1,6.4
129,34.19750258826612,-13.158754532391189,33.777519358699784,-23.107473358316494,36.33520368003982,-13.203600916964488,34.9192305342672,-0.2712951446821347,48.0299098243485,-3.3431296669287445,32.65118371534215,-9.569009228870826,15.509577389743898,-21.24222645848416,8.477269931501166,-12.975434932602859,7.14790290155716,-23.894123165473147,-1.2769086316492688,-23.778403924918123,-1.1219620995343673,-6.713130298372864,37.94464726633391,-10.560186226918345,1,6.45
130,34.249958120703035,-13.190736834513306,33.92404571289997,-22.943056580055227,36.63723521079528,-13.028377380375517,35.279453604212854,-0.3882197403991978,47.946677450095294,-3.44262003340286,32.88276463345581,-9.451294789520903,15.581540186417122,-21.180844570889903,8.554522454919319,-12.923253952739028,7.203164776738645,-23.858541816594496,-1.2263811997587215,-23.726572243888068,-1.0581902258353995,-6.6975806978192685,38.36272559419589,-10.297030087441039,1,6.5
131,34.29979583087763,-13.212315481894517,34.06267644110598,-22.776877282677216,36.93485964994329,-12.855450465521244,35.641795192194245,-0.4969111459457875,47.859971319628954,-3.546034555105013,33.1087107864971,-9.330264088450429,15.653430686378451,-21.119414332079668,8.631773775789412,-12.871073023053654,7.258426036063283,-23.82296086424633,-1.1757283114566388,-23.67465884062448,-0.994295169859241,-6.6820010615289975,38.766767719203976,-10.04270892626753,1,6.550000000000001
132,34.34719657741632,-13.22387479115434,34.19396366091593,-22.60904347492296,37.228125226525734,-12.68458732459975,36.006214046506834,-0.597655890923921,47.76999416871515,-3.653151849787402,33.32929096091696,-9.206060625999081,15.725357334695751,-21.05800826887743,8.709025697933516,-12.81889206827906,7.313687603316336,-23.7873797136329,-1.1249440859737327,-23.62265988439769,-0.9302711574366449,-6.6663899815769065,39.15677364135819,-9.797222743397837,1,6.6000000000000005
133,34.39234121894556,-13.22579907891234,34.31845948992798,-22.43966316553305,37.51708016958444,-12.515555109809254,36.372668915446035,-0.6907405049355818,47.6769487331194,-3.7637505352023606,33.544773943166206,-9.078827902506612,15.797428576436829,-20.99669890810712,8.786280025173754,-12.766711013147512,7.368950402283044,-23.751797769958614,-1.0740226425407458,-23.570571544477964,-0.866112414398402,-6.650746050037836,39.53274336065848,-9.560571538831923,1,6.65
134,34.435410614091865,-13.218472661788098,34.4367160457402,-22.268844363248046,37.80177270816128,-12.348120973347912,36.74111854730736,-0.7764515175827439,47.5810377486074,-3.87760922910212,33.75542851969569,-8.948709418312696,15.869752856669487,-20.935558776592657,8.863538561332224,-12.714529782391283,7.424215356748661,-23.716214438427656,-1.0229581003883448,-23.518389990135663,-0.8018131665752879,-6.635067858986634,39.89467687710496,-9.332755312569802,1,6.7
135,34.476585621481654,-13.20227985640117,34.54928544595073,-22.096695076808444,38.08225107129814,-12.182052067413862,37.11152169038629,-0.8550754584674239,47.482463950944684,-3.9945065492389857,33.96152347695629,-8.815848673757044,15.942438620461568,-20.874660401158025,8.940803110231,-12.662348300742698,7.479483390498405,-23.680629124244458,-0.9717445787472875,-23.466111390641018,-0.7373676397979958,-6.619354000498106,40.242574190697525,-9.11377406461147,1,6.75
136,34.51604709974135,-13.177604979371091,34.65671980815769,-21.923323314954857,38.35856348803691,-12.017115544205259,37.48383709297827,-0.9268988571916301,47.38143007589689,-4.1142211133652085,34.16332760139888,-8.68038916917941,16.015594312880907,-20.814076308627154,9.01807547569214,-12.610166492933976,7.53475542731752,-23.645041232613274,-0.9203761968482104,-23.413731915264393,-0.6727700598973162,-6.603603066647147,40.576435301436206,-8.903627794956947,1,6.800000000000001
137,34.55397590749747,-13.144832347317443,34.75957124995912,-21.748837086427805,38.6307581874194,-11.853078555920332,37.85802350337878,-0.9922082433573359,47.27813885922962,-4.236531539233117,34.36110967947432,-8.542474404919444,16.08932837899532,-20.753879025823995,9.095357461537798,-12.55798428369751,7.5900323909912615,-23.609450168738462,-0.8688470739218936,-23.361247733276045,-0.6080146527039949,-6.587813649508593,40.89626020932103,-8.702316503606207,1,6.8500000000000005
138,34.59055290337647,-13.104346276859784,34.85839188895327,-21.573344399967826,38.898883398487555,-11.689708254757152,38.23403966988325,-1.0512901465665443,47.172793036708484,-4.361216444594938,34.55513849763344,-8.402247881316882,16.16374926387263,-20.694141079572507,9.172650871590017,-12.505801597765487,7.645315205304837,-23.573855337824284,-0.8171513291990495,-23.308655013946314,-0.5430956440488302,-6.571984341157238,41.202048914351955,-8.509840190559267,1,6.9
139,34.62595894600473,-13.05653108461771,34.95373384273813,-21.39695326431551,39.16298735028316,-11.526771792913944,38.61184434078724,-1.1044310964212527,47.065595344099094,-4.488054447202978,34.74568284232714,-8.259853098711421,16.238965412580697,-20.6349349966966,9.249957509670917,-12.453618359870251,7.700604794043504,-23.538256145075103,-0.7652830819102999,-23.255949926545483,-0.47800725976251496,-6.556113733667975,41.49380141652901,-8.32619885581613,1,6.95
140,34.66037489400877,-13.001771087210765,35.046149228911894,-21.219771688211395,39.42311827184811,-11.364036322588852,38.991396264386104,-1.1519176225234549,46.95674851716702,-4.616824164809486,34.93301150000626,-8.115433557442799,16.315085270187325,-20.576333304020235,9.327279179602591,-12.401434494744063,7.755902080992524,-23.50265199569519,-0.7132364512864398,-23.20312864034383,-0.4127437256758476,-6.540200419115627,41.77151771585218,-8.151392499376762,1,7.0
141,34.693981606015015,-12.940450601258478,35.13619016507268,-21.041907680395987,39.679324392224316,-11.201268995980039,39.37265418897539,-1.194036254475158,46.84645529167799,-4.747304215166744,35.11739325712167,-7.969132757850712,16.392217281760338,-20.518408528367335,9.404617685207121,-12.349249927119226,7.81120798993711,-23.4670422948889,-0.6610055565581663,-23.150187324611718,-0.34729926761957375,-6.52424298957505,42.03519781232149,-7.985421121241209,1,7.050000000000001
142,34.726959940649955,-12.872953943380463,35.22440876881852,-20.86346924960988,39.9316539404536,-11.03823696528567,39.75557686285054,-1.2310735218783262,46.734918403397444,-4.879273216027046,35.299096900124226,-7.8210942002748345,16.470469892367575,-20.461233196561885,9.481974830306623,-12.29706458172799,7.866523444662509,-23.431426447860517,-0.608584516956169,-23.09712214861944,-0.28166811142449166,-6.508240037121098,42.2848417059369,-7.8282847214094495,1,7.1000000000000005
143,34.75949075654003,-12.799665430196233,35.31135715774761,-20.68456440459363,40.180155145577835,-10.87470738270387,40.14012303430701,-1.2633159543349866,46.622340588091134,-5.012509785142648,35.4783912154648,-7.671461385054943,16.54995154707686,-20.404879835427845,9.559352418723119,-12.24487838330269,7.921849368953957,-23.39580385981437,-0.5559674517111677,-23.04392928163726,-0.21584448292126412,-6.492190153828593,42.52044939669844,-7.679983299881488,1,7.15
144,34.791754912311674,-12.720969378325423,35.397587449458044,-20.50530115408776,40.42487623663888,-10.710447400432843,40.5262514516403,-1.2910500814471417,46.50892458152457,-5.146792540265846,35.65554498959425,-7.520377812530692,16.630770690956005,-20.349420971789126,9.636752254278788,-12.192691256575587,7.977186686596706,-23.360173935954762,-0.5031484800538445,-22.990604892935508,-0.14982260794074975,-6.476091931772379,42.74202088460612,-7.540516856657302,1,7.2
145,34.82393326659137,-12.637250104387531,35.483651761547925,-20.325787506832828,40.66586544267865,-10.545224170670782,40.91392086314586,-1.3145624328167653,46.39487311946341,-5.281900099148909,35.83082700896342,-7.367986983041806,16.713035769072857,-20.29492913246964,9.714176140795669,-12.140503126278949,8.032536321375972,-23.32453608148603,-0.4501217212149568,-22.937145151784495,-0.08359671231362639,-6.459943963027303,42.9495561696599,-7.409885391736905,1,7.25
146,34.85620667800557,-12.548891925002126,35.57010221161538,-20.146131471569394,40.90317099273895,-10.37880484561576,41.30309001711914,-1.3341395380458458,46.280388937673266,-5.417611079544105,36.00450606002318,-7.214432396928009,16.796855226495225,-20.241476844293402,9.791625882095857,-12.088313917145115,8.08789919707703,-23.288889701612465,-0.3968812944252018,-22.883546227454516,-0.01716102187072252,-6.44374483966823,43.143055251859785,-7.288088905120319,1,7.300000000000001
147,34.88875600518069,-12.456279156788788,35.65749091725852,-19.96644105703799,41.13684111586171,-10.210956577466044,41.69371766185563,-1.3500679267364006,46.16567477191971,-5.5537040992037205,36.1768509292244,-7.059857554528969,16.882337508290966,-20.189136634084303,9.86910328200145,-12.036123553906332,8.143276237485107,-23.253234201538405,-0.3434213189152916,-22.82980428921587,0.04949023755724639,-6.427493153769991,43.32251813120582,-7.175127396807524,1,7.3500000000000005
148,34.92176210674323,-12.359796116367084,35.74636999607547,-19.786824271979214,41.36692404108875,-10.04144651841969,42.08576254565079,-1.3626341284904273,46.05093335796839,-5.689957775880011,36.34813040301795,-6.904405956184458,16.96959105952785,-20.13798102866631,9.946610144334567,-11.983931961294891,8.19866836638542,-23.217568986468162,-0.2897359139158934,-22.77591550633883,0.11636284013952719,-6.4111874974073935,43.48794480769795,-7.07100086679851,1,7.4
149,34.95540584131966,-12.259827120356581,35.8372915656643,-19.607389125133547,41.59346799746195,-9.870041820674931,42.47918341680011,-1.3721246729098806,45.93636743158489,-5.826150727325269,36.51861326785468,-6.74822110223413,17.058724325273793,-20.08808255486338,10.024148272917257,-11.931739064043079,8.254076507563237,-23.181893461606034,-0.23581919865776443,-22.721876048093762,0.18346256004533656,-6.394826462655328,43.63933528133623,-6.975709315093312,1,7.45
150,34.98986806753639,-12.156756485376812,35.93080774362321,-19.428243625241596,41.81652121402319,-9.696509636429903,42.87393902359901,-1.378826089596821,45.82217972853482,-5.962061571291785,36.68856831018546,-6.591446493017727,17.14984575059658,-20.03951373949945,10.101719471571611,-11.879544786883187,8.309501584803803,-23.146207032156326,-0.18166529237156426,-22.667682083750933,0.25079517144396657,-6.378408641588596,43.77668955212061,-6.889252741691898,1,7.5
151,35.025329644019905,-12.050968528047349,36.02747064755025,-19.249495781043848,42.03613191981433,-9.520617117882761,43.26998811434303,-1.3830249081531985,45.708572984583796,-6.097468925531801,36.858264316461145,-6.4342256288749375,17.243063780564007,-19.992347109398445,10.179325544119767,-11.827349054547499,8.364944521892307,-23.110509103323384,-0.12726831428806534,-22.613329782580667,0.3183664485045813,-6.361932626282098,43.900007620051085,-6.811631146594291,1,7.550000000000001
152,35.06197142939664,-11.942847564987787,36.12783239504356,-19.071253601280944,42.252348343877216,-9.34213141723171,43.667289437327554,-1.3850076581810151,45.59574993549744,-6.232151407797645,37.02797007313259,-6.276702010145484,17.33848686024391,-19.94665519138436,10.256968294383785,-11.77515179176833,8.420406242614053,-23.074799080311518,-0.07262238363795731,-22.558815313853245,0.3861821653964877,-6.345397008810619,44.00928948512774,-6.742844529800454,1,7.6000000000000005
153,35.09997428229305,-11.83277791281766,36.23244510370124,-18.89362509469338,42.46521871525376,-9.160819686674875,44.065801740848116,-1.385060869282289,45.48391331704132,-6.36588763584153,37.19795436665066,-6.119019137169058,17.43622343470417,-19.90251051228106,10.33464952618576,-11.72295292327791,8.475887670754254,-23.039076368325034,-0.017721619651892125,-22.504134846838973,0.4542480962889252,-6.328800381249054,44.817796747735756,-5.943645579837431,1,7.65
154,35.13951906133564,-11.721143888156536,36.34186089112141,-18.716718270021666,42.67479126298579,-8.9764490784104,44.46548377320016,-1.3834710710589835,45.37326586498103,-6.49845622741579,37.36848598346622,-5.961320510285383,17.53638194901255,-19.85998559891255,10.412371043347799,-11.67075237380856,8.531389730098141,-23.003340372568232,0.03743985843931256,-22.449284550808148,0.5225700153511179,-6.312141335672198,45.59231271401787,-5.178046585728694,1,7.7
155,35.180786625150795,-11.608329807623981,36.45663187490219,-18.540641136006453,42.881114216115186,-8.788786744636504,44.866294282679156,-1.380524793113126,45.264010315082274,-6.629635800272638,37.53983371003013,-5.803749629834164,17.639070848236933,-19.819152978102796,10.490134649691962,-11.618550068092576,8.586913344430958,-22.96759049824544,0.09286793140504998,-22.394260595031106,0.5911536967523054,-6.295418464154935,46.33283738397421,-4.446047547474272,1,7.75
156,35.22395783236503,-11.494719987839556,36.577310172641695,-18.365501701388204,43.084235803683846,-8.597599837551304,45.26819201758057,-1.3765085650466853,45.15634940311058,-6.759204972164405,37.71226633279325,-5.64644999615513,17.744398577445104,-19.78008517667567,10.567942149040382,-11.566345930862216,8.642459437537969,-22.93182615056098,0.1485684800145326,-22.33905914877813,0.6600049146616966,-6.278630358772087,47.03937075760461,-3.747648465074156,1,7.800000000000001
157,35.26921354160474,-11.380698745422814,36.704447901938046,-18.191407974907495,43.28420425473359,-8.402655509352979,45.67113572619987,-1.3717089164616736,45.05048586483156,-6.8869423608433555,37.88605263820644,-5.489565109587956,17.85247358170492,-19.742854721455174,10.64579534521513,-11.514139886849797,8.698028933204382,-22.89604673471916,0.20454738503709335,-22.28367638131953,0.7291294432485989,-6.261775611598505,47.7119128349092,-3.082849338528316,1,7.8500000000000005
158,35.31673461149645,-11.266650396993333,36.83859718038935,-18.018467965304907,43.4810677983063,-8.203720912239685,46.075084156832524,-1.366412376960099,44.9466224360109,-7.012626584061758,38.0614614127206,-5.3332384704724,17.96340430608417,-19.707534139265253,10.72369604203826,-11.46193186078757,8.753622755215444,-22.860251655924287,0.26081052724202014,-22.2281084619256,0.7985330566822587,-6.244852814709031,48.350463615887904,-2.4516501678368106,1,7.9
159,35.366701900666534,-11.152959259170679,36.98031012559371,-17.84678968132094,43.67487466344387,-8.00056319840958,46.47999605777399,-1.3609054761439061,44.8449618524141,-7.136036259571874,38.23876144278653,-5.177613579148097,18.07729919565072,-19.67419595692982,10.80164604333193,-11.40972177740787,8.809241827356402,-22.824440319380713,0.31736378739861565,-22.17235155986664,0.8682215291318479,-6.227860560178488,48.95502310054071,-1.8540509529995768,1,7.95
160,35.419296267741544,-11.040009648574397,37.13013885514929,-17.67648113169618,43.865673079188134,-7.792949520060824,46.88583017731978,-1.3554747436151504,44.74570684980681,-7.256950005126027,38.41822151485516,-5.022833935954804,18.194266695472365,-19.642912701272806,10.879647152918192,-11.357509561442932,8.864887073412493,-22.788612130292716,0.3742130462761075,-22.11640184441299,0.9382006347666585,-6.2107974400817625,49.5255912888677,-1.290051694016658,1,8.0
161,35.47469857134785,-10.92818588182408,37.28863548665412,-17.50765032517119,44.05351127458099,-7.580647029391628,47.2925452637653,-1.350406708975787,44.649060163954644,-7.375146438476426,38.600110415377266,-4.869043041232261,18.31441525061698,-19.61375689911823,10.957701174619157,-11.30529513762507,8.920559417168981,-22.7527664938646,0.43136418464388143,-22.060255484834894,1.0084761477559296,-6.19366204649367,50.06216818086881,-0.7596523908880397,1,8.05
162,35.53308967011197,-10.817872275539235,37.456352137706425,-17.340405270486475,44.238437478664274,-7.363422878600093,47.70010006540607,-1.345987901827842,44.55522453062323,-7.490404177375404,38.78469693080379,-4.716384395320086,18.437853306152356,-19.586801077289977,11.035809912256905,-11.25307843068657,8.976259782411063,-22.716902815300696,0.4888230832711273,-22.003908650402693,1.0790538422689084,-6.17645297148906,50.56475377654406,-0.2628530436137123,1,8.1
163,35.5946504226603,-10.709453146339502,37.63384092590424,-17.174853976382604,44.42049992047988,-7.141044219884406,48.10845333053751,-1.3425048517733043,44.464402685578136,-7.602501839575197,38.97224984758554,-4.565001498558092,18.564689307146296,-19.562117762612008,11.11397516965354,-11.200859365359698,9.031989092923986,-22.681020499805353,0.5465956229272005,-21.94735751038669,1.1499394924748114,-6.159168807142772,51.03334807589346,0.20034634780629515,1,8.15
164,35.65956168761933,-10.60331281084438,37.8216539688457,-17.01110445160014,44.59974682906965,-6.913278205442715,48.51756380745513,-1.3402440884141429,44.376797364584995,-7.711218042828125,39.16303795217341,-4.415037851285934,18.69503169866671,-19.539779481908262,11.192198750631132,-11.148637866376761,9.08774827249303,-22.645118952582827,0.6046876843813815,-21.890598234057183,1.221138872542923,-6.141808145529641,51.46795107891699,0.6299457833720021,1,8.200000000000001
165,35.728004323615565,-10.499835585673459,38.020343384128935,-16.849264704879612,44.776226433475465,-6.679891987473198,48.92739024445438,-1.3394921413523888,44.29261130340946,-7.816331404886419,39.35733003101822,-4.266636953843295,18.828988925781353,-19.519858762002688,11.270482459011774,-11.096413858470058,9.143538244903414,-22.60919757883748,0.6631051484029356,-21.833626990684483,1.2926577566424151,-6.124369578724545,51.868562785614635,1.025945263083423,1,8.25
166,35.80015918927538,-10.3994057874463,38.230461289352036,-16.689442744961607,44.949986962739224,-6.440652718174018,49.337891389830766,-1.340535540190007,44.212047237817025,-7.917620543502399,39.55539487057089,-4.119942306569945,18.96666943355806,-19.502428129719252,11.348828098617599,-11.044187266371843,9.199359933940354,-22.57325578377359,0.7218538957612104,-21.776439949538865,1.3645019189426093,-6.10685169880229,52.23518319598644,1.388344786940524,1,8.3
167,35.876207143225244,-10.302407732782465,38.45255980211313,-16.531746580586642,45.121076645902775,-6.195327549743333,49.74902599187966,-1.3436608145290192,44.13530790357341,-8.014864076428298,39.75750125728223,-3.9750974098055383,19.108181667064706,-19.48756011188188,11.427237473270644,-10.991958014814426,9.255214263389124,-22.537292972595484,0.7809398072254037,-21.719033279890695,1.436677133612723,-6.089253097837738,52.56781231003238,1.7171443549433436,1,8.35
168,35.95632904409162,-10.209225738301498,38.687191040010326,-16.37628422049527,45.2895437120079,-5.943683634379287,50.16075279889662,-1.3491544939714037,44.06259603644412,-8.107840621416408,39.96391797760319,-3.8322457638898197,19.253634071369042,-19.475327235314513,11.50571238679304,-10.939726028530082,9.31110215703495,-22.501308550507478,0.8403687635648859,-21.66140315101018,1.5091891748219797,-6.071572367905719,52.86645012775244,2.0123439670918435,1,8.4
169,36.040705750501004,-10.120244120623015,38.93490712064177,-16.223163673428076,45.455436390096615,-5.685488124280086,50.5730305591771,-1.357303108119183,43.994114372194886,-8.19632879621905,40.174913817984496,-3.6915308691625213,19.403135091538974,-19.4658020268411,11.584254643006828,-10.887491232251122,9.367024538663049,-22.46530192271391,0.9001466455489223,-21.603545732167717,1.582043816739612,-6.053808101081095,53.13109664914667,2.273943623386062,1,8.450000000000001
170,36.12951812107979,-10.035847196366525,39.19626016160554,-16.072492948125554,45.61880290921067,-5.420508171643849,50.98581802101654,-1.3683931865743213,43.93006564659121,-8.280107218588421,40.3907575648771,-3.553096225963272,19.556793172642287,-19.459057013285587,11.662866045734173,-10.835253550709778,9.42298233205872,-22.42927249441907,0.9602793339467932,-21.545457192633567,1.6552468335349113,-6.035958889438705,53.361751874215024,2.5019433238259414,1,8.5
171,36.2229470144545,-9.956419282151616,39.47180228049977,-15.924380053328303,45.77969149839199,-5.148510928668755,51.39907393271043,-1.3827112589388308,43.87065259539877,-8.358954506276863,40.61171800473185,-3.4170853346318335,19.714716759746807,-19.455164721471913,11.74154839879713,-10.783012908638383,9.478976461007132,-22.393219670827296,1.0207727095277939,-21.48713370167804,1.7288039993770719,-6.018023325053394,53.55841580295752,2.6963430684115592,1,8.55
172,36.321173289251504,-9.882344694597833,39.76208559492253,-15.778932997776833,45.93815038668244,-4.869263547552976,51.81275704255423,-1.4005438548146996,43.81607795438312,-8.432649277036592,40.838063923999584,-3.283641695507926,19.87701429792038,-19.45419767822404,11.82030350601779,-10.73076923076924,9.535007849293564,-22.357142857142854,1.0816326530612121,-21.428571428571423,1.802721088435371,-6.0000000000000036,53.72108843537416,2.8571428571428563,1,8.6
173,36.321173289251504,-9.882344694597833,39.76208559492253,-15.778932997776833,45.93815038668244,-4.869263547552976,51.81275704255423,-1.4005438548146996,43.81607795438312,-8.432649277036592,40.838063923999584,-3.283641695507926,19.87701429792038,-19.45419767822404,11.82030350601779,-10.73076923076924,9.535007849293564,-22.357142857142854,1.0816326530612121,-21.428571428571423,1.802721088435371,-6.0000000000000036,53.72108843537416,2.8571428571428563,1,8.65
174,36.321173289251504,-9.882344694597833,39.76208559492253,-15.778932997776833,45.93815038668244,-4.869263547552976,51.81275704255423,-1.4005438548146996,43.81607795438312,-8.432649277036592,40.838063923999584,-3.283641695507926,19.87701429792038,-19.45419767822404,11.82030350601779,-10.73076923076924,9.535007849293564,-22.357142857142854,1.0816326530612121,-21.428571428571423,1.802721088435371,-6.0000000000000036,53.72108843537416,2.8571428571428563,1,8.700000000000001
175,36.321173289251504,-9.882344694597833,39.76208559492253,-15.778932997776833,45.93815038668244,-4.869263547552976,51.81275704255423,-1.4005438548146996,43.81607795438312,-8.432649277036592,40.838063923999584,-3.283641695507926,19.87701429792038,-19.45419767822404,11.82030350601779,-10.73076923076924,9.535007849293564,-22.357142857142854,1.0816326530612121,-21.428571428571423,1.802721088435371,-6.0000000000000036,53.72108843537416,2.8571428571428563,1,8.75
176,36.321173289251504,-9.882344694597833,39.76208559492253,-15.778932997776833,45.93815038668244,-4.869263547552976,51.81275704255423,-1.4005438548146996,43.81607795438312,-8.432649277036592,40.838063923999584,-3.283641695507926,19.87701429792038,-19.45419767822404,11.82030350601779,-10.73076923076924,9.535007849293564,-22.357142857142854,1.0816326530612121,-21.428571428571423,1.802721088435371,-6.0000000000000036,53.72108843537416,2.8571428571428563,1,8.8
177,36.321173289251504,-9.882344694597833,39.76208559492253,-15.778932997776833,45.93815038668244,-4.869263547552976,51.81275704255423,-1.4005438548146996,43.81607795438312,-8.432649277036592,40.838063923999584,-3.283641695507926,19.87701429792038,-19.45419767822404,11.82030350601779,-10.73076923076924,9.535007849293564,-22.357142857142854,1.0816326530612121,-21.428571428571423,1.802721088435371,-6.0000000000000036,53.72108843537416,2.8571428571428563,1,8.85
178,36.321173289251504,-9.882344694597833,39.76208559492253,-15.778932997776833,45.93815038668244,-4.869263547552976,51.81275704255423,-1.4005438548146996,43.81607795438312,-8.432649277036592,40.838063923999584,-3.283641695507926,19.87701429792038,-19.45419767822404,11.82030350601779,-10.73076923076924,9.535007849293564,-22.357142857142854,1.0816326530612121,-21.428571428571423,1.802721088435371,-6.0000000000000036,53.72108843537416,2.8571428571428563,1,8.9
179,36.321173289251504,-9.882344694597833,39.76208559492253,-15.778932997776833,45.93815038668244,-4.869263547552976,51.81275704255423,-1.4005438548146996,43.81607795438312,-8.432649277036592,40.838063923999584,-3.283641695507926,19.87701429792038,-19.45419767822404,11.82030350601779,-10.73076923076924,9.535007849293564,-22.357142857142854,1.0816326530612121,-21.428571428571423,1.802721088435371,-6.0000000000000036,53.72108843537416,2.8571428571428563,1,8.950000000000001
180,36.321173289251504,-9.882344694597833,39.76208559492253,-15.778932997776833,45.93815038668244,-4.869263547552976,51.81275704255423,-1.4005438548146996,43.81607795438312,-8.432649277036592,40.838063923999584,-3.283641695507926,19.87701429792038,-19.45419767822404,11.82030350601779,-10.73076923076924,9.535007849293564,-22.357142857142854,1.0816326530612121,-21.428571428571423,1.802721088435371,-6.0000000000000036,53.72108843537416,2.8571428571428563,1,9.0
181,36.321173289251504,-9.882344694597833,39.76208559492253,-15.778932997776833,45.93815038668244,-4.869263547552976,51.81275704255423,-1.4005438548146996,43.81607795438312,-8.432649277036592,40.838063923999584,-3.283641695507926,19.87701429792038,-19.45419767822404,11.82030350601779,-10.73076923076924,9.535007849293564,-22.357142857142854,1.0816326530612121,-21.428571428571423,1.802721088435371,-6.0000000000000036,53.72108843537416,2.8571428571428563,1,9.05
182,36.321173289251504,-9.882344694597833,39.76208559492253,-15.778932997776833,45.93815038668244,-4.869263547552976,51.81275704255423,-1.4005438548146996,43.81607795438312,-8.432649277036592,40.838063923999584,-3.283641695507926,19.87701429792038,-19.45419767822404,11.82030350601779,-10.73076923076924,9.535007849293564,-22.357142857142854,1.0816326530612121,-21.428571428571423,1.802721088435371,-6.0000000000000036,53.72108843537416,2.8571428571428563,1,9.1
