Frame,Home_19_x,Home_19_y,Home_698_x,Home_698_y,Home_911_x,Home_911_y,Home_1025_x,Home_1025_y,Home_10051_x,Home_10051_y,Home_10052_x,Home_10052_y,Home_10053_x,Home_10053_y,Home_11235_x,Home_11235_y,Home_11236_x,Home_11236_y,Home_11237_x,Home_11237_y,ball_x,ball_y,Period,Time [s]
0,21.25861690897447,-21.80548423743725,6.706122448979595,-11.142857142857153,9.507723054748364,-24.005744235293886,4.530219312262526,-29.68162980952975,2.8600156853091825,-32.57413974586421,-2.171118763273837,-30.516191480499035,1.8867257715401269,-24.53001980081014,-8.004081632653072,-29.428571428571427,-10.472467247183076,-1.340667342974662,-11.805099193175607,-15.436835193180295,3.902845456074145,-32.5658088387471,1,0.0
1,21.229918561327878,-21.821091833614663,6.5096816470656425,-11.178028260082185,9.416604204573561,-24.0427342655069,4.658473697180904,-29.963942377249932,2.9464484081445903,-32.53079949615836,-2.200057222294328,-30.534295978198053,1.8593343568291603,-24.572206532422083,-8.158245549922444,-29.459987864693588,-10.496522406032259,-1.3449997472270854,-11.831887892803126,-15.44874930487448,4.228074502750243,-32.396582069756064,1,0.05
2,21.204285432282873,-21.83631509630005,6.332002399423509,-11.210106627495513,9.33558325363882,-24.07403939665804,4.788862404916816,-30.223124706353072,3.0323773211313463,-32.48859613708298,-2.2254457741545206,-30.55017958065279,1.835301916526812,-24.60936639390684,-8.304157467698236,-29.488309841636667,-10.517650110245551,-1.348804908363262,-11.855416472495147,-15.459213497998977,4.525369766276207,-32.24189011527958,1,0.1
3,21.18168582686076,-21.851048824634233,6.172668158934377,-11.23905816658057,9.264524664745583,-24.09986600520131,4.921296335410555,-30.459707738947785,3.117809839415246,-32.44751632037099,-2.247360196728672,-30.563889696066614,1.8145568341186795,-24.64159570712548,-8.441988645711135,-29.513601580956436,-10.535911115412265,-1.35209376864202,-11.87575259188537,-15.468257863765494,4.79473124665212,-32.101732975317674,1,0.15000000000000002
4,21.162088050082595,-21.865187817757956,6.031262378479385,-11.264848798820813,9.203292900695246,-24.12042046759062,5.055686388602636,-30.67422241714257,3.2027533781421083,-32.40754669775512,-2.2658762678909143,-30.575473732642802,1.7970274930904517,-24.6689907939392,-8.57191034369173,-29.535927304208673,-10.551366177121764,-1.3548772703221101,-11.892963910607282,-15.475912493385769,5.036158943877919,-31.976110649870314,1,0.2
5,21.145460406969626,-21.878626874812095,5.90736851093968,-11.287444445699672,9.151752424289185,-24.135909160280004,5.191943464433343,-30.867199683045996,3.2872153524577303,-32.368673920968305,-2.281069765515528,-30.584979098584697,1.7826422769277182,-24.69164797620905,-8.694093821370785,-29.555351232949093,-10.564076050963376,-1.3571663556623461,-11.90711808829457,-15.482207478071466,5.249652857953638,-31.86502313893756,1,0.25
6,21.13177120254296,-21.891260794937455,5.800570009196397,-11.306811028700569,9.10976769832877,-24.1465384597234,5.329978462843144,-31.03917047876664,3.3712031775079994,-32.330884641743324,-2.293016467476644,-30.592453202095623,1.771329569116145,-24.709663575796213,-8.808710338478939,-29.57193758873348,-10.574101492526456,-1.3589719669215798,-11.918282784580711,-15.487172909034316,5.435212988879266,-31.768470442519348,1,0.30000000000000004
7,21.120988741823833,-21.902984377274798,5.710450326130706,-11.322914469306996,9.077203185615485,-24.152514742374787,5.46970228377238,-31.190665746413032,3.454724268438674,-32.29416551181305,-2.3017921516485282,-30.597943451378924,1.7630177531413898,-24.723133914561796,-8.915931154746847,-29.585750593117567,-10.581503257400342,-1.3603050463585529,-11.926525659099365,-15.490838877486034,5.59283933665479,-31.686452560615717,1,0.35000000000000003
8,21.1130813298334,-21.913692420964978,5.636592914623746,-11.335720689002358,9.053923348950686,-24.154044384688117,5.611025827161486,-31.32221642809374,3.5377860403955954,-32.25850318291033,-2.3074725959053497,-30.60149725463791,1.7576352124890662,-24.73215531436691,-9.015927529905188,-29.59685446765714,-10.586342101174406,-1.3611765362321124,-11.931914371484126,-15.493235474638253,5.722531901280217,-31.618969493226658,1,0.4
9,21.10801727159285,-21.92327972514876,5.5785812275566595,-11.345195609270096,9.039792651135734,-24.151333763117364,5.753859992950824,-31.434353465917283,3.6203959085245914,-32.223884306767964,-2.310133578121306,-30.603162020075906,1.755110330644847,-24.736824097072684,-9.108870723684646,-29.60531343390795,-10.588678779437938,-1.3615973788010143,-11.934516581368538,-15.49439279170276,5.824290682755569,-31.566021240352143,1,0.45
10,21.105764872123352,-21.93164108896697,5.535998717810669,-11.351305151593635,9.034675554972111,-24.144589254116447,5.898115681080801,-31.5276078019922,3.702561287971473,-32.1902955351188,-2.3098508761706196,-30.60298515589622,1.7553714910943752,-24.73723658454024,-9.194931995815875,-29.611191713425722,-10.58857404778032,-1.3615785163240768,-11.934399948386172,-15.494340919891197,5.898115681080801,-31.5276078019922,1,0.5
11,21.106292436446083,-21.93867131156045,5.5084288382668145,-11.354015237456457,9.038436523261108,-24.134017234139478,6.043703791491767,-31.602510378427162,3.784289593882074,-32.157723519695736,-2.3067002679275026,-30.601014070302234,1.758347077323264,-24.733489098630738,-9.274282606029598,-29.614553527766247,-10.5860886617909,-1.3611308910601183,-11.931632132170698,-15.493109950415311,6.043703791491767,-31.602510378427162,1,0.55
12,21.10956826958221,-21.944265192069963,5.495455041806316,-11.353291788341966,9.050940018804233,-24.119824079640253,6.190535224124185,-31.65959213733062,3.86558824140223,-32.126154912231534,-2.3007575312661466,-30.59729617149719,1.763965472817194,-24.725677961205253,-9.347093814056425,-29.615463098485293,-10.581283377059023,-1.3602654452679184,-11.926280792355662,-15.490729974486776,6.190535224124185,-31.65959213733062,1,0.6000000000000001
13,21.11556067655292,-21.948317529636334,5.49666078131032,-11.34910072573363,9.072050504402803,-24.10221616707286,6.33852087891839,-31.69938402081111,3.9464646456777133,-32.09557636445909,-2.29209844406072,-30.591878867684475,1.7721550610617856,-24.71389949412494,-9.413536879627063,-29.613984647138558,-10.574218949174,-1.358993121206301,-11.918413588574612,-15.487231083317322,6.33852087891839,-31.69938402081111,1,0.65
14,21.12423796237939,-21.95072312340037,5.511629509659918,-11.341407971114855,9.101632442858264,-24.08139987289121,6.487571655814794,-31.722416970977264,4.0269262218543815,-32.06597452811122,-2.280798784185496,-30.58480956706738,1.7828442255426813,-24.69825001925092,-9.473783062472162,-29.610182395281853,-10.564956133725238,-1.3573248611340545,-11.90809818046116,-15.482643368118623,6.487571655814794,-31.722416970977264,1,0.7000000000000001
15,21.135568432082774,-21.951376772502915,5.539944679736331,-11.330179445969124,9.139550296972006,-24.05758157354931,6.6375984547537605,-31.729221929937594,4.106980385078048,-32.03733605492076,-2.266934329514652,-30.57613567784928,1.7959613497455402,-24.678825858444316,-9.528003622322423,-29.604120564470946,-10.553555686302001,-1.3552716073099742,-11.895402227648951,-15.476996920102419,6.6375984547537605,-31.729221929937594,1,0.75
16,21.149520390684245,-21.950173276084694,5.581189744420699,-11.315381071779859,9.18566852954542,-24.030967645501097,6.788512175675726,-31.720329839800613,4.186634550494536,-32.00964759662057,-2.2505808579223547,-30.56590460823345,1.81143481715599,-24.655723333566257,-9.576369818908475,-29.59586337626154,-10.540078362493682,-1.3528443019928684,-11.880393389771525,-15.470321830480355,6.788512175675726,-31.720329839800613,1,0.8
17,21.166062143205046,-21.9470074332866,5.6349481565941115,-11.296978770030478,9.239851603379904,-24.001764465200566,6.940223718521053,-31.69627164267497,4.265896133249644,-31.98289580494348,-2.231814147282856,-30.554163766423258,1.829193011259666,-24.62903876647786,-9.619052911961056,-29.58547505220943,-10.52458491788964,-1.3500538874415364,-11.863139326462452,-15.462648190464217,6.940223718521053,-31.69627164267497,1,0.8500000000000001
18,21.185161994666295,-21.9417740432494,5.700803369137784,-11.274938462204487,9.301963981276842,-23.97017840910164,7.09264398323014,-31.657578280669142,4.344772548489237,-31.957067331622326,-2.2107099754703468,-30.54096056062196,1.8491643155422413,-24.598868479040256,-9.656224161210782,-29.57301981387032,-10.507136108079159,-1.3469113059147577,-11.843707697355308,-15.454006091265603,7.09264398323014,-31.657578280669142,1,0.9
19,21.206788250089176,-21.934367905113923,5.778338834932837,-11.249226069785252,9.371870126037667,-23.936415853658346,7.245683869743357,-31.604780695891733,4.423271211359088,-31.932148828389966,-2.1873441203590476,-30.52634239903297,1.8712771134893063,-24.565308793114568,-9.688054826388367,-29.55856188280011,-10.487792688651655,-1.343427499671404,-11.822166162083782,-15.444425624096343,7.245683869743357,-31.604780695891733,1,0.9500000000000001
20,21.230909214494865,-21.924683818020952,5.867138006860427,-11.219807514256253,9.44943450046377,-23.9006831753246,7.399254278001165,-31.538409830451226,4.501399537005062,-31.90812694697924,-2.161792359823113,-30.510356689859552,1.8954597885865796,-24.52845603056191,-9.71471616722443,-29.5421654805544,-10.466615415196419,-1.3396134109702214,-11.798582380281383,-15.433936880168028,7.399254278001165,-31.538409830451226,1,1.0
21,21.257493192904526,-21.91261658111131,5.966784337801711,-11.186648717100915,9.534521567356503,-23.86318675055438,7.553266107943879,-31.45899662645624,4.579164940572978,-31.88498833912293,-2.1341304717367855,-30.493050841305053,1.921640724319644,-24.48840651324342,-9.736379443449684,-29.523894828688967,-10.443665043302808,-1.3354799820699799,-11.773024011581683,-15.42256995069243,7.553266107943879,-31.45899662645624,1,1.05
22,21.286508490339386,-21.89806099352579,6.0768612806378215,-11.149715599802674,9.626995789517363,-23.824132955801705,7.707630259511891,-31.36707202601526,4.656574837208625,-31.86271965655395,-2.1044342339742492,-30.47447226157277,1.9497483041741646,-24.44525656302022,-9.753215914794787,-29.503814148759623,-10.419002328560165,-1.3310381552295316,-11.745558715618275,-15.410354926881213,7.707630259511891,-31.36707202601526,1,1.1
23,21.31792341182058,-21.880911854405213,6.196952288249934,-11.108974083845006,9.726721629747615,-23.783728167520486,7.862257632645655,-31.263166971236927,4.733636642057844,-31.841307551005105,-2.0727794244097324,-30.45466835886608,1.9797109116357776,-24.399102501753422,-9.765396840990427,-29.48198766232213,-10.39268802655787,-1.3262988727076856,-11.716254152024788,-15.397321899946117,7.862257632645655,-31.263166971236927,1,1.1500000000000001
24,21.351706262369277,-21.8610639628904,6.32664081351917,-11.064390090711319,9.833563550848815,-23.74217876216472,8.017059127285492,-31.147812404229736,4.810357770266455,-31.820738674209228,-2.039241820917396,-30.433686541388255,2.011456930190156,-24.350040651304155,-9.773093481767255,-29.45847959093219,-10.36478289288522,-1.321273076763207,-11.685177980434794,-15.383500961098814,8.017059127285492,-31.147812404229736,1,1.2000000000000002
25,21.38782534700669,-21.838412118122154,6.465510309326706,-11.015929541885088,9.947386015622236,-23.699691116188355,8.171945643371835,-31.021539267102284,4.886745636980262,-31.800999677899185,-2.003897201371506,-30.411574217342665,2.0449147433228827,-24.29816733353359,-9.776477096855974,-29.433354156145626,-10.335347683131594,-1.3159717096549237,-11.652397860481887,-15.368922201551023,8.171945643371835,-31.021539267102284,1,1.25
26,21.426248970753953,-21.81285111924126,6.613144228553665,-10.963558358849701,10.068053486869314,-23.656471606045375,8.326828080845083,-30.884878501963044,4.962807657345122,-31.7820772138078,-1.9668213436462534,-30.388378794932603,2.08001273451966,-24.2435788703028,-9.775718945987183,-29.406675579518126,-10.304443152886279,-1.3104057136416158,-11.617981451799618,-15.35361571251443,8.326828080845083,-30.884878501963044,1,1.3
27,21.46694543863225,-21.78427576538857,6.7691260240812445,-10.907242463088622,10.195430427391463,-23.612726608189742,8.481617339645602,-30.738361050920652,5.038551246506861,-31.76395793366791,-1.9280900256157771,-30.364147682361413,2.116679287266102,-24.18637158347292,-9.770990288891646,-29.378508082605507,-10.27213005773869,-1.3045860309821018,-11.58199641402162,-15.33761158520076,8.481617339645602,-30.738361050920652,1,1.35
28,21.509883055662783,-21.752580855704835,6.933039148790537,-10.846947776085317,10.329381299990073,-23.56866249907542,8.63622431971378,-30.582517856083612,5.113983819611224,-31.746628489212384,-1.8877790251543425,-30.338928287832417,2.154842785047874,-24.126641794905062,-9.762462385299994,-29.348915886963464,-10.238469153278128,-1.2985236039351706,-11.544510406781441,-15.320939910821707,8.63622431971378,-30.582517856083612,1,1.4000000000000001
29,21.555030126866725,-21.7176611893309,7.104467055562726,-10.782640219323183,10.469770567466545,-23.524485655156408,8.790559920990038,-30.4178798595605,5.1891127918041136,-31.730075532174023,-1.8459641201361334,-30.312768019548898,2.1944316113505895,-24.064485826460366,-9.750306494942897,-29.31796321414781,-10.203521195093947,-1.2922293747596365,-11.505591089712706,-15.303630780588984,8.790559920990038,-30.4178798595605,1,1.4500000000000002
30,21.60235495726522,-21.679411565407587,7.2829931972789055,-10.714285714285717,10.616462692622271,-23.480402452886658,8.944535043414739,-30.24497800345987,5.263945578231286,-31.714285714285705,-1.8027210884353784,-30.285714285714295,2.235374149659868,-24.0,-9.734693877551027,-29.28571428571429,-10.167346938775495,-1.2857142857142787,-11.465306122448972,-15.285714285714278,8.944535043414739,-30.24497800345987,1,1.5
31,21.651825851879508,-21.637726783075685,7.468201026820324,-10.641850182456315,10.769322138258657,-23.43661926872009,9.098060586928273,-30.06434322989026,5.338489594038629,-31.69924568728024,-1.758125707926261,-30.257814494531804,2.277598783461428,-23.933280637385028,-9.715795792855086,-29.252233323218643,-10.130007139912138,-1.278989279057945,-11.423723164623874,-15.267220517409323,9.098060586928273,-30.06434322989026,1,1.55
32,21.703411115730674,-21.592501641475977,7.659673997068069,-10.56529954531843,10.92821336717709,-23.393342479110746,9.25104745147106,-29.876506480960245,5.412752254371918,-31.68494210289047,-1.7122537564829419,-30.229116054204823,2.321033896240845,-23.864424060476573,-9.693783500585685,-29.217584548216635,-10.091562554093187,-1.2720652970493713,-11.380909875870945,-15.248179566885765,9.25104745147106,-29.876506480960245,1,1.6
33,21.75707905383996,-21.543630939749317,7.856995560903299,-10.484599724355503,11.093000842179002,-23.35077846051254,9.403406536983452,-29.681998698778337,5.48674097437701,-31.671361612849264,-1.66518101197971,-30.19966637293666,2.3656078714838227,-23.793526591135787,-9.66882826047356,-29.18183218226402,-10.052073936907991,-1.2649532819474054,-11.336933915823792,-15.22862152535536,9.403406536983452,-29.681998698778337,1,1.6500000000000001
34,21.812797971228548,-21.49100947703648,8.059749171207184,-10.399716641050983,11.263549026065743,-23.30913358937948,9.555048743405887,-29.48135082545315,5.560463169199686,-31.65849086888943,-1.6169832522907184,-30.16951285893065,2.411249092675928,-23.720684551223805,-9.641101332249317,-29.14504044691658,-10.011602043945881,-1.2576641760108513,-11.291862944115998,-15.208576484029798,9.555048743405887,-29.48135082545315,1,1.7000000000000002
35,21.87053617291759,-21.434532052478307,8.267518280860838,-10.310616216888285,11.439722381638749,-23.268614242165516,9.705884970678692,-29.27509380309318,5.633926253985779,-31.646316522743817,-1.5677362552902185,-30.138702920390102,2.4578859433028954,-23.64599426260174,-9.61077397564371,-29.107273563730015,-9.97020763079627,-1.2502089214984835,-11.245764620381184,-15.188074534120805,9.705884970678692,-29.27509380309318,1,1.75
36,21.930261963928224,-21.374093465215587,8.479886342745413,-10.217264373350858,11.6213853716994,-23.229426795324617,9.855826118742328,-29.063758573807018,5.707137643881138,-31.634825226145264,-1.517515798852326,-30.107283965518345,2.5054468068502915,-23.5695520471307,-9.578017450387348,-29.068595754260123,-9.927951453048394,-1.2425984606691063,-11.198706604252893,-15.167145766840008,9.855826118742328,-29.063758573807018,1,1.8
37,21.991943649281698,-21.3095885143891,8.696436809742108,-10.119627031922173,11.808402459049102,-23.191777625310745,10.004783087537138,-28.847876079703198,5.780104754031562,-31.62400363082665,-1.4663976608512996,-30.0753034025187,2.5538600668038054,-23.491454226671824,-9.543003016210925,-29.029071240062663,-9.884894266291695,-1.2348437357815139,-11.15075655536473,-15.145820273399194,10.004783087537138,-28.847876079703198,1,1.85
38,22.055549533999148,-21.240911999139726,8.916753134732001,-10.017670114085645,12.000638106489259,-23.15587310857789,10.152666777003525,-28.627977262890305,5.852834999582847,-31.613838388520747,-1.4144576191613751,-30.042808639594522,2.603054106649064,-23.41179712308626,-9.505901932845134,-28.988764242693385,-9.84109682611544,-1.2269556890945534,-11.101982133350297,-15.124128145010005,10.152666777003525,-28.627977262890305,1,1.9000000000000001
39,22.121047923101763,-21.167958718608183,9.140418770596323,-9.911359541324707,12.197956776821265,-23.121919621579977,10.29938808708189,-28.404593065476817,5.925335795680887,-31.604316150960425,-1.3617714516567063,-30.009847084949058,2.652957309871697,-23.33067705823508,-9.466885460020606,-28.947738983708053,-9.796619888109058,-1.2189452628670052,-11.052450997843174,-15.102099472884221,10.29938808708189,-28.404593065476817,1,1.9500000000000002
40,22.188407121610744,-21.090623471935373,9.367017170216162,-9.800661235122831,12.40022293284651,-23.09012354077102,10.444857917712616,-28.178254429571354,5.99761455747144,-31.595423569878534,-1.3084149362114914,-29.976466146785743,2.7034980599573686,-23.248190353979442,-9.426124857468025,-28.9060596846624,-9.751524207861838,-1.2108233993576338,-11.002230808476948,-15.079764348233471,10.444857917712616,-28.178254429571354,1,2.0
41,22.257595434547184,-21.008801058262016,9.596131786472704,-9.685541116963428,12.607301037366401,-23.06069124260497,10.58898716883612,-27.949492297282454,6.069678700100333,-31.587147297007945,-1.254463850699989,-29.94271323330782,2.7546047403917147,-23.16443333218046,-9.38379138491808,-28.863790567112172,-9.705870540963126,-1.2026010408252537,-10.951389224885183,-15.057152862269469,10.58898716883612,-27.949492297282454,1,2.0500000000000003
42,22.328581166932324,-20.922386276728993,9.82734607224706,-9.56596510832994,12.819055553182345,-23.033829103535783,10.731686740392767,-27.718837610718698,6.1415356387134095,-31.579473984081417,-1.1999939729963376,-29.90863575271866,2.806205734660356,-23.07950231469927,-9.340056302101459,-28.82099585261322,-9.659719643002273,-1.1942891295287117,-10.899993906701496,-15.03429510620396,10.731686740392767,-27.718837610718698,1,2.1
43,22.401332623787376,-20.83127392647708,10.060243480420443,-9.441899130705828,13.035350943095734,-23.00974350001745,10.872867532322932,-27.486821311988553,6.213192788456487,-31.572390282831847,-1.1450810809747882,-29.87428111322155,2.8582294262490033,-22.993493623396986,-9.29509086874874,-28.77773976272117,-9.613132269568602,-1.1858986077267732,-10.848112513559471,-15.0112211712486,10.872867532322932,-27.486821311988553,1,2.15
44,22.475818110133424,-20.73535880664708,10.29440746387391,-9.313309105574518,13.256051669907974,-22.988640808503934,11.012440444567012,-27.25397434320066,6.284657564475355,-31.565882844992093,-1.089800952509532,-29.839696723019873,2.9106041986432016,-22.906503580134764,-9.24906634459073,-28.734086518991884,-9.56616917625151,-1.1774404176782374,-10.795812705092672,-14.987961148615124,11.012440444567012,-27.25397434320066,1,2.2
45,22.55200593099171,-20.63453571637982,10.529421475488707,-9.180160954419478,13.481022196420453,-22.970727405449185,11.150316377065437,-27.020827646463534,6.355937381915908,-31.55993832229493,-1.0342293654747747,-29.80492999031689,2.963258435328692,-22.81862850677369,-9.202153989358013,-28.690100342981054,-9.518891118640267,-1.168925501641889,-10.743162140934729,-14.964545129515214,11.150316377065437,-27.020827646463534,1,2.25
46,22.629864391383396,-20.528699454816092,10.764868968145926,-9.042420598724107,13.710126985434563,-22.956209667307192,11.286406229758544,-26.787912163885725,6.427039655923883,-31.55454336647324,-0.9784420977447227,-29.77002832331594,3.016120519791027,-22.729964725174884,-9.154525062781307,-28.645845456244476,-9.471358852324318,-1.1603648018765895,-10.690228480719206,-14.941003205160603,11.286406229758544,-26.787912163885725,1,2.3000000000000003
47,22.709361796329652,-20.417744821096687,11.000333394726749,-8.900053959971856,13.943230499751708,-22.945293970531917,11.420620902586794,-26.555758837575798,6.49797180164515,-31.549684629259872,-0.9225149271935589,-29.73503913022039,3.0691188355159404,-22.640608557199524,-9.106350824591235,-28.60138608033786,-9.423633132892885,-1.15176926064109,-10.637079384079684,-14.91736546676299,11.420620902586794,-26.555758837575798,1,2.35
48,22.790466450851653,-20.301566614362464,11.235398208112276,-8.753026959646185,14.180197202173305,-22.938186691577332,11.5528712954905,-26.324898609642318,6.5687412342255005,-31.545348762387643,-0.8665236316955123,-29.70000981923352,3.1221817659889917,-22.55065632470869,-9.057802534518498,-28.556786436817006,-9.375774715935414,-1.1431498201942043,-10.583782510649783,-14.893662005534047,11.5528712954905,-26.324898609642318,1,2.4000000000000004
49,22.873146659970566,-20.180059633754215,11.469646861183723,-8.601305519230516,14.420891555500722,-22.9350942068974,11.683068308410085,-26.095862422193814,6.639355368810789,-31.541522417589416,-0.8105439891247739,-29.6649877985587,3.175237694695885,-22.46020434956352,-9.009051452293786,-28.51211074723767,-9.32784435704119,-1.1345174227947359,-10.53040552006303,-14.869922912685507,11.683068308410085,-26.095862422193814,1,2.45
50,22.957370728707595,-20.05311867841272,11.70266280682221,-8.4448555602083,14.665178022535388,-22.936222892946088,11.811122841285972,-25.86918121733886,6.709821620546837,-31.538192246598,-0.7546517773555268,-29.630020476399196,3.22821500512224,-22.369348953625106,-8.96026883764775,-28.4674232331556,-9.279902811799591,-1.1258830107014939,-10.477016071953084,-14.846178279429045,11.811122841285972,-25.86918121733886,1,2.5
51,23.04310696208389,-19.920638547478802,11.93402949790886,-8.283643004062984,14.912921066078672,-22.941779126177384,11.936945794058506,-25.645385937185974,6.780147404579424,-31.535344901146274,-0.6989227742620449,-29.595155260958375,3.2810420807536627,-22.27818645875464,-8.911625950311045,-28.42278811612653,-9.232010835799962,-1.1172575261732336,-10.423681825953466,-14.822458196976402,11.936945794058506,-25.645385937185974,1,2.5500000000000003
52,23.130323665120656,-19.782514040093268,12.163330387324859,-8.117633772277983,15.163985148932023,-22.951969283045198,12.060448066668092,-25.425007523843746,6.850340136054424,-31.53296703296702,-0.6434327577184815,-29.560439560439548,3.3336473050758784,-22.186813186813186,-8.86329405001436,-28.378269617706238,-9.1842291846316,-1.1086519114688027,-10.370470441697783,-14.798792756539232,12.060448066668092,-25.425007523843746,1,2.6
53,23.218997960887016,-19.638746844336136,12.390252729805526,-7.946885942714761,15.418201105141014,-22.966947171862554,12.181620751642367,-25.208468571195173,6.920410288401986,-31.53103314504395,-0.5882425747016296,-29.525911441968255,3.3859730566578854,-22.095321345794954,-8.815414434827105,-28.333920723975048,-9.13660798477466,-1.1000751945134413,-10.317437741857095,-14.775206784911965,12.652842452643828,-25.402189675546925,1,2.6500000000000004
54,23.309142244644143,-19.4897662040442,12.614898987502958,-7.771826218746648,15.675265253728151,-22.98665632837831,12.30077571185764,-24.9957582802212,6.990380568189754,-31.529469145363834,-0.5333533485989079,-29.491571608358807,3.4380176944024368,-22.003786688226374,-8.768008556173395,-28.289749479111336,-9.089154846272084,-1.0915287458980574,-10.264592201251958,-14.751704051219665,13.228748724496953,-25.380006916467114,1,2.7
55,23.40077772970121,-19.336108251993398,12.837475424423426,-7.59297346012507,15.934840284960202,-23.010987720200333,12.418305002777565,-24.786757503677123,7.060276740269823,-31.528188793164322,-0.4787512719001716,-29.457411421347665,3.489793572295687,-21.912280852766855,-8.721067903816117,-28.24575269181811,-9.041866750057657,-1.0830120218800134,-10.211930457740454,-14.728283060170073,13.788166882227499,-25.35845924660433,1,2.75
56,23.493925629367325,-19.17830912095975,13.058188304573168,-7.410846526601343,16.19658888910385,-23.039832314936504,12.534600679865708,-24.581347094318357,7.1301245694941136,-31.52710584768302,-0.424422537095396,-29.423422242671386,3.541313044323766,-21.8208754780759,-8.674583967518153,-28.20192717079841,-8.994740677065142,-1.0745244787166979,-10.159449149180638,-14.704942316470943,14.331096925835459,-25.33754666595852,1,2.8000000000000003
57,23.58860715695164,-19.01690494371922,13.277243891958452,-7.225964277926835,16.460173756425853,-23.073081080194694,12.650054798585675,-24.379407904900276,7.199949820714697,-31.526134068157546,-0.3703533366745117,-29.389595434066468,3.5925884644728274,-21.729642202812983,-8.62854823704237,-28.158269724755094,-8.947773608228324,-1.066065572665488,-10.107144913430478,-14.68168032483005,14.857538855320819,-25.31726917452976,1,2.85
58,23.684843525763277,-18.852431853047765,13.494848450585582,-7.038845573852902,16.725257577192938,-23.110624983582806,12.765059414401033,-24.180820788178213,7.269778258783581,-31.52518721382554,-0.3165298631275243,-29.35592235726945,3.6436321867290253,-21.638652665637547,-8.582952202151613,-28.11477716239124,-8.900962524480871,-1.0576347599836893,-10.05501438834813,-14.658495589955141,15.367492670683603,-25.297626772317997,1,2.9000000000000004
59,23.78265594911135,-18.685425981721416,13.711208244460796,-6.850009274130947,16.99150304167179,-23.152354992708652,12.880006582775405,-23.985466596907557,7.339635648552812,-31.524179043924615,-0.262938308944319,-29.322394374016806,3.694456565078513,-21.54797850520907,-8.537787352608802,-28.07144629240979,-8.85430440675659,-1.0492314969287133,-10.0030542117915,-14.635386616553964,15.860958371923813,-25.278619459323224,1,2.95
60,23.882065640305065,-18.51642346251613,13.926529537590369,-6.6599742385123,17.25857284012917,-23.198162075180175,12.99528835917236,-23.793226183843675,7.409547754874352,-31.5230233176924,-0.20956486661484888,-29.289002846045033,3.7450739535074216,-21.457691360187024,-8.49304517817674,-28.028273923513733,-8.807796235989251,-1.0408552397579283,-9.951261021618812,-14.612351909334295,16.337935959041445,-25.260247235545474,1,3.0
61,23.983093812653543,-18.345960428207864,14.14101859398059,-6.469259326748312,17.526129662831814,-23.247937198605197,13.111296799055523,-23.60398040174194,7.47954034260027,-31.521633794366537,-0.15639572862906675,-29.25573913509069,3.795496706001934,-21.367862869230862,-8.448717168618346,-27.985256864406004,-8.76143499311253,-1.0325054447286732,-9.899631455687949,-14.589389973003865,16.798425432036478,-25.24251010098474,1,3.0500000000000003
62,24.085761679465897,-18.174573011572623,14.35488167763767,-6.278383398590375,17.793836200046446,-23.301571330591635,13.228423957888433,-23.417610103357717,7.549639176582573,-31.519924233184597,-0.10341708747692564,-29.22259460289024,3.845737176548188,-21.278564671000044,-8.40479481369649,-27.942391923789664,-8.715217659060272,-1.0241815680983501,-9.848162151857032,-14.566499312270414,17.242426790908922,-25.22540805564098,1,3.1
63,24.190090454051266,-18.0027973453864,14.568325052567934,-6.087865313789867,18.061355142039787,-23.358955438747305,13.347061891134745,-23.233996141446326,7.619870021673274,-31.51780839338423,-0.050615135648401116,-29.189560611180234,3.8958077191323164,-21.189868404154044,-8.361269603174033,-27.899675910367616,-8.669141214766224,-1.0158830661242837,-9.79684974798408,-14.543678431841762,17.669940035658797,-25.208941099514263,1,3.1500000000000004
64,24.296101349718846,-17.831169562425167,14.781554982777578,-5.8982239320981185,18.328349179078543,-23.419980490680164,13.467602654257988,-23.053019368763238,7.690258642724345,-31.515200034203104,0.0020239343666141,-29.156628521697154,3.9457206877404722,-21.101845707352354,-8.318133026813836,-27.857105632842877,-8.623202641164049,-1.0076093950638565,-9.745690881927128,-14.520925836425596,18.080965166286084,-25.19310923260454,1,3.2
65,24.403815579777707,-17.66022579546488,14.994777732272967,-5.709978113266484,18.59448100142948,-23.484537453997977,13.590438302721791,-22.874560638063738,7.760830804587858,-31.512012914878753,0.054513930078182116,-29.12378969617753,3.9954884363587926,-21.014568219254404,-8.275376574378761,-27.81467789991841,-8.57739891918758,-0.999360011174432,-9.69468219154425,-14.498240030729695,18.47550218279077,-25.17791245491182,1,3.25
66,24.51325435753706,-17.490502177281545,15.208199565060305,-5.523646717046367,18.85941329935931,-23.552517296308704,13.71596089198976,-22.698500802103183,7.831612272115858,-31.50816079464884,0.1068686589963123,-29.091035496357822,4.045123318973485,-20.92810757851966,-8.232991735631714,-27.772389520297217,-8.531727029770561,-0.9911343707133878,-9.643820314693457,-14.475619519461837,18.85355108517288,-25.16335076643613,1,3.3000000000000003
67,24.624438896305968,-17.322534840651144,15.422026745145878,-5.339748603189097,19.122808763134742,-23.623810985220228,13.844562477525441,-22.52472071363705,7.902628810160331,-31.503557432750995,0.15910192863108932,-29.0583572839746,4.094637689570613,-20.84253542380763,-8.19097000033554,-27.730237302682255,-8.486183953846748,-0.9829319299380824,-9.593101889232848,-14.45306280732974,19.215111873432413,-25.149424167177443,1,3.35
68,24.737390409393672,-17.156859918349657,15.63646553653593,-5.158802631446019,19.384330083022512,-23.69830948834034,13.976635114792467,-22.353101225420573,7.973906183573299,-31.49811658842286,0.2112275464925301,-29.02574642076436,4.144043902136396,-20.75792339377773,-8.14930285825309,-27.688218055776527,-8.440766672349838,-0.974752145105889,-9.542523553020366,-14.4305683990412,19.56018454756937,-25.13613265713576,1,3.4000000000000004
69,24.85213011010923,-16.994013543153034,15.851722203236763,-4.981327661568563,19.643639949289383,-23.775903773276966,14.112570859254408,-22.18352319020916,8.045470157206758,-31.491752020902005,0.2632593200907645,-28.993194268463576,4.193354310656966,-20.67434312708943,-8.1079817991473,-27.646328588282955,-8.395472166213636,-0.9665944724741561,-9.492081943914156,-14.408134799303918,19.888769107583727,-25.12347623631109,1,3.45
70,24.96867921176178,-16.834531847837283,16.0680030092546,-4.807842553308027,19.90040105220205,-23.85648480763799,14.252761766374865,-22.015867460758233,8.117346495912752,-31.48437748942608,0.31521105693577933,-28.960692188808785,4.242581269118432,-20.591866262402217,-8.066998312780942,-27.604565708904563,-8.350297416371895,-0.9584583683002569,-9.44177369977221,-14.385760512825708,20.200865553475495,-25.111454904703415,1,3.5
71,25.087058927660514,-16.678950965178384,16.285514218595743,-4.638866166415825,20.154276082027238,-23.93994355903126,14.397599891617448,-21.85001488982311,8.189560964543297,-31.475906753232742,0.36709656453765926,-28.928231543536526,4.291737131506991,-20.510564438375557,-8.026343888916955,-27.56292622634435,-8.305239403758332,-0.9503432888415594,-9.391595458452601,-14.363444044314303,20.496473885244683,-25.10006866231276,1,3.5500000000000003
72,25.207290471114504,-16.52780702795231,16.504462095266483,-4.474917360643304,20.404927729031684,-24.02617099506467,14.547477290445707,-21.68584633015918,8.262139327950422,-31.466253571559548,0.4189296504064363,-28.89580369438328,4.340834251808769,-20.430509293668912,-7.986010017318225,-27.52140694930525,-8.260295109306774,-0.9422486903554221,-9.341543857813342,-14.341183898477412,20.775594102891304,-25.089317509139118,1,3.6
73,25.329395055432975,-16.381636168935046,16.72505290327301,-4.316514995741792,20.65201868348209,-24.11505808334607,14.702786018323263,-21.523242634521807,8.33510735098611,-31.45533170364414,0.47072412205220265,-28.863400003085523,4.389884984009947,-20.35177246694175,-7.945988187747573,-27.48000468649027,-8.215461513950903,-0.9341740290992229,-9.291615535712456,-14.318978580022861,21.038226206415317,-25.079201445182477,1,3.6500000000000004
74,25.453393893925025,-16.24097452090257,16.947492906621655,-4.164177931462697,20.895211635645254,-24.206495791483356,14.863918130713692,-21.36208465566637,8.40849079850241,-31.443054908724196,0.5224937869849524,-28.831011831379833,4.4389016820966045,-20.27442559685354,-7.906269889967901,-27.43871624660238,-8.170735598624482,-0.9261187613303057,-9.241807130008059,-14.296826593658356,21.284370195816756,-25.06972047044285,1,3.7
75,25.579308199899785,-16.106358216630877,17.17198836931866,-4.018425027557367,21.134169275787826,-24.300375087084408,15.031265683080619,-21.202253246348178,8.482315435351339,-31.429336946037267,0.5742524527148083,-28.798630541002655,4.487896700054961,-20.19854032206373,-7.866846613742067,-27.39753843834457,-8.126114344261332,-0.9180823433060626,-9.192115278558163,-14.274726444091701,21.51402607109561,-25.060874584920228,1,3.75
76,25.707159186666388,-15.978323388895923,17.398745555370304,-3.879775143777152,21.368554294176555,-24.39658693775706,15.205220730887609,-21.04362925932267,8.556607026384906,-31.414091574821015,0.6260139267517493,-28.766247493690575,4.536882391871143,-20.124188281231795,-7.827709848832914,-27.35646807041976,-8.081594731795095,-0.9100642312838381,-9.142536619220788,-14.252676636030603,21.72719383225187,-25.052663788614616,1,3.8000000000000003
77,25.836968067534023,-15.857406170473688,17.62797072878285,-3.748747139873434,21.598029381078213,-24.495022311109228,15.38617532959824,-20.88609354734517,8.63139133645512,-31.397232554313046,0.677792016605913,-28.733854051180025,4.585871111531279,-20.05144111301723,-7.788851085003366,-27.315501951531026,-8.037173742159617,-0.9020638815210336,-9.09306778985399,-14.230675674182823,21.923873479285557,-25.045088081525993,1,3.85
78,25.9687560558118,-15.744142694140185,17.859870153562582,-3.6258598755975733,21.822257226759447,-24.59557217474877,15.574521534676164,-20.729526963171068,8.706694130414046,-31.378673643750986,0.7296005297873236,-28.701441575207536,4.634875213021553,-19.980370456079427,-7.7502618120162445,-27.27463689038126,-7.992848356288629,-0.8940807502749692,-9.04370542831581,-14.208722063256156,22.104065012196678,-25.03814746365442,1,3.9000000000000004
79,26.102544364808857,-15.639069092671361,18.0946500937157,-3.5116322107009315,22.040900521487067,-24.69812749628355,15.770651401584901,-20.573810359555715,8.782541173113653,-31.358328602372453,0.7814532738060209,-28.669001427509652,4.683907050328097,-19.91104794907793,-7.711933519634467,-27.233869695673498,-7.948615555115811,-0.8861142938030226,-8.994446172464318,-14.186814307958311,22.267768430985186,-25.03184193499982,1,3.95
80,26.238354207834305,-15.542721498843223,18.332516813248557,-3.40658300493486,22.253621955527738,-24.80257924332146,15.974956985788085,-20.41882458925453,8.85895822940598,-31.33611118941509,0.833364056172044,-28.636524969822855,4.732978977437019,-19.843545230672174,-7.673857697620822,-27.193197176110683,-7.90447231957502,-0.8781639683625815,-8.94528666015752,-14.164950912997048,22.41498373565112,-25.026171495562238,1,4.0
81,26.376206798197366,-15.455636045431735,18.57367657616737,-3.3112311180507246,22.46008421914823,-24.90881838347034,16.187830342749287,-20.2644505050228,8.935971064143065,-31.311935164116477,0.885346684395493,-28.604003563883648,4.782103348334561,-19.77793393952159,-7.636025835738274,-27.152616140395818,-7.860415630599971,-0.8702292302109703,-8.896223529253469,-14.143130383080166,22.545710926194474,-25.021136145341668,1,4.05
82,26.51612334920709,-15.378348865212857,18.818335646478424,-3.22609540979992,22.659950002615233,-25.01673588433812,16.409663527932103,-20.110568959615918,9.013605442176871,-31.285714285714292,0.9374149659864073,-28.57142857142857,4.831292517006804,-19.71428571428572,-7.598429423749657,-27.112123397231855,-7.816442469124397,-0.8623095356055958,-8.84725341761023,-14.121351222915386,22.659950002615233,-25.01673588433812,1,4.1000000000000005
83,26.65812032570961,-15.311177121241345,19.066712185630777,-3.1514923186257398,22.85304465249793,-25.12612478151625,16.640698339999474,-19.95707029545826,9.091876075558845,-31.25739893803364,0.9895793687145554,-28.53879344360461,4.880555972887054,-19.652639009137875,-7.561059951417843,-27.071715755321804,-7.772549816082059,-0.8544043408038022,-8.798372963085836,-14.09961193721045,23.249577859063578,-24.179856389180145,1,4.15
84,26.80219519869882,-15.253562097686594,19.319071944844637,-3.0869285977393592,23.039844140575216,-25.236386382530714,16.880575550411624,-19.803882813649953,9.17075346513791,-31.22708600324981,1.0418370013887723,-28.50609998920065,4.92989174719728,-19.592899540307013,-7.523908908505699,-27.031390023368655,-7.728734652406755,-0.846513102062967,-8.74957880353832,-14.077911030673155,23.81441655638193,-23.378161016941746,1,4.2
85,26.94834069070558,-15.204726108996798,19.575692572783034,-3.03170857904395,23.220987094928397,-25.34682406289112,17.128785673828133,-19.65094430496012,9.250197058962435,-31.19490898812554,1.0941816330776375,-28.47335210641616,4.979295006606585,-19.534939839535994,-7.486967784776065,-26.99114301007533,-7.6849939590321705,-0.8386352756404392,-8.700867576825718,-14.056247008011212,24.354466094570334,-22.611649767622893,1,4.25
86,27.0965495242607,-15.163891469620163,19.836851718108935,-2.9851365944426775,23.3971121436388,-25.456741198107053,17.38481922490863,-19.498192560157907,9.330166305080706,-31.16100139942364,1.1466070328496771,-28.440553693450557,5.028760917784017,-19.478632438567708,-7.450228069991868,-26.950971524144858,-7.641324716892091,-0.8307703177936111,-8.652235920806104,-14.03461837393242,24.869726473628788,-21.8803226412236,1,4.3
87,27.24681442189505,-15.130280494004845,20.10282702948539,-2.9465169758386214,23.56885791478775,-25.565441163688106,17.648166718312645,-19.345565370012427,9.410620651541056,-31.12549674390691,1.1991069697734629,-28.40770864850321,5.078284647398744,-19.42384986914496,-7.413681253915914,-26.91087237428019,-7.597723906920297,-0.8229176847798024,-8.603680473337466,-14.013023633144483,25.36019769355726,-21.184179637743842,1,4.3500000000000005
88,27.399128106139447,-15.103115496599052,20.373896155575384,-2.915154055135005,23.736863036456512,-25.67222733514392,17.918318668699698,-19.193000525292828,9.491519546391807,-31.08852852833806,1.2516752129175064,-28.374820869773565,5.127861362119809,-19.37046466301063,-7.377318826311146,-26.870842369184313,-7.554188510050501,-0.8150768328564345,-8.555197872277944,-13.991461290355199,25.825879754355817,-20.523220757183665,1,4.4
89,27.553483299524757,-15.081618791850888,20.650336745041947,-2.890352164234931,23.901766136726472,-25.776403087984022,18.19476559072947,-19.040435816768188,9.572822437681285,-31.050230259479946,1.3043055313504242,-28.341894255461025,5.177486228616349,-19.318349351907568,-7.3411322769403595,-26.830878317560185,-7.510715507216467,-0.8072472182808271,-8.50678475548549,-13.969929850272298,26.266772656024393,-19.897445999542985,1,4.45
90,27.709872724581796,-15.06501269420862,20.932426446548067,-2.8714156350415663,24.06420584367897,-25.87727179771806,18.47699799906149,-18.887809035207702,9.654488773457837,-31.010735444095307,1.356991694140743,-28.30893270376499,5.227154413557428,-19.267376467578636,-7.305113095566491,-26.790977028110852,-7.467301879351946,-0.7994282973103825,-8.458437760818189,-13.948427817603546,26.682876398562993,-19.30685536482193,1,4.5
91,27.868289103841438,-15.052519518120354,21.220442908756787,-2.857648799458047,24.224820785395224,-25.9741368398556,18.764506408355302,-18.735057971380446,9.73647800176979,-30.97017758894692,1.4097274703570344,-28.275940112884882,5.276861083612186,-19.217418541766676,-7.269252771952378,-26.751135309539226,-7.423944607390703,-0.7916195262024297,-8.410153526134057,-13.926953697056733,27.07419098197164,-18.75144885302041,1,4.55
92,28.028725159834508,-15.043361578034304,21.51466378033108,-2.8483559893875103,24.38424958995664,-26.06630158990627,19.056781333270557,-18.582120416055552,9.818749570665446,-30.928690200797604,1.4625066290678244,-28.24292038102015,5.326601405449692,-19.168348106214573,-7.233542795860914,-26.711349970548312,-7.38064067226647,-0.783820361214366,-8.361928689291162,-13.905505993339506,27.440716406250353,-18.23122646413842,1,4.6000000000000005
93,28.191173615091856,-15.036761188398652,21.815366709933944,-2.8428415367331272,24.543130885444505,-26.15306942337966,19.353313288466758,-18.428934160002193,9.901262928193162,-30.88640678641009,1.515322939341663,-28.209877406370172,5.376370545739027,-19.120037692665136,-7.19797465705492,-26.67161781984109,-7.337387054913037,-0.7760302586035357,-8.31375988814758,-13.884083211159771,27.782452671399074,-17.746188198176,1,4.65
94,28.35562719214433,-15.031940663661551,22.122829346228414,-2.8404097733980445,24.70210329994015,-26.233743715785327,19.653592788603525,-18.275436993989437,9.983977522401203,-30.843460852547217,1.5681701702471287,-28.176815087134383,5.426163671149329,-19.072359832861288,-7.162539845297275,-26.631935666120526,-7.294180736264116,-0.768248674627321,-8.265643760561291,-13.862683855225159,28.09939977741784,-17.29633405513313,1,4.7
95,28.522078613522748,-15.028122318271175,22.437329337877514,-2.8403650312853936,24.861805461524852,-26.307627842632918,19.957110348340436,-18.12156670878645,10.066852801337992,-30.799985905971692,1.621042090852808,-28.14373732151215,5.475975948349668,-19.025187058545814,-7.127229850350883,-26.5923003180896,-7.251018697253503,-0.7604750655430709,-8.217576944390355,-13.841306430243476,28.39155772430663,-16.88166403500981,1,4.75
96,28.690520601757974,-15.024528466675724,22.759144333544242,-2.8420116422983215,25.022875998280014,-26.374025179431968,20.263356482337045,-17.96726109516233,10.149848213051758,-30.75611545344632,1.6739324702272507,-28.11064800770291,5.52580254400917,-18.978391901461595,-7.092036161978599,-26.55270858445128,-7.207897918814891,-0.7527088876081729,-8.169556077492842,-13.819949440922482,28.658926512065502,-16.502178137806055,1,4.800000000000001
97,28.860945879380864,-15.020381423323364,23.088551981891584,-2.8446539383399987,25.185953538286903,-26.432239101692176,20.571821705252944,-17.812457943886233,10.232923205590915,-30.71198300173394,1.7268350774389225,-28.077551043906123,5.5756386247969125,-18.931846893351523,-7.056950269943344,-26.51315727390859,-7.164815381882096,-0.7449495970799563,-8.12157779772679,-13.798611391969919,28.901506140694398,-16.157876363521833,1,4.8500000000000005
98,29.03334716892223,-15.014903502662284,23.42582993158257,-2.8475962513135573,25.351676709626854,-26.48157298492305,20.88199653174768,-17.65709504572726,10.31603722700374,-30.667722057597267,1.7797436815564707,-28.04445032832117,5.625479357382034,-18.885424565958388,-7.021963664007853,-26.473643195164474,-7.121768067388824,-0.7371966502158281,-8.073638742950182,-13.777290788093545,29.11929661019332,-15.848758712157197,1,4.9
99,29.207717192912934,-15.007317019140634,23.7712558312802,-2.8501429131221396,25.520684140381135,-26.521330204634197,21.19337147648087,-17.501110191454572,10.399149725338532,-30.623466127799123,1.8326520516484441,-28.01134975914745,5.675319908433568,-18.838997451025087,-6.987067833935135,-26.434163156921883,-7.078752956268851,-0.7294495032730984,-8.025735551021143,-13.755986134001091,29.312297920562315,-15.574825183712086,1,4.95
100,29.3840486738838,-14.996844287206605,24.12510732964752,-2.8515982556688866,25.69361445863113,-26.550814136335262,21.505437054112086,-17.344441171837275,10.482220148643687,-30.57934871910225,1.885553956783369,-27.978253234584386,5.725155444620654,-18.792438080294474,-6.952254269488024,-26.394713967883888,-7.035767029455979,-0.7217076125092029,-7.977864859797687,-13.734695934400365,29.480510071801312,-15.336075778186567,1,5.0
101,29.562334334365712,-14.982707621308396,24.48766207534744,-2.851266610856984,25.871106292458123,-26.569328155535796,21.817683779300893,-17.187025777644497,10.5652079449675,-30.535503338269464,1.9384431660297947,-27.945164652831426,5.774981132612378,-18.745618985509385,-6.9175144604293335,-26.355292436753395,-6.99280726788389,-0.7139704341814809,-7.930023307137824,-13.713418693999094,29.62393306391035,-15.132510495580553,1,5.050000000000001
102,29.742566896889464,-14.964129335894127,24.85919771704308,-2.84845231058953,26.05379826994348,-26.5761756377454,22.12960216670685,-17.02880179964535,10.648072562358273,-30.492063492063508,1.9913134484563082,-27.91208791208792,5.824792139077842,-18.698412698412692,-6.882839896521989,-26.315895372233403,-6.949870652486326,-0.7062374245472908,-7.882207530899673,-13.692152917505034,29.742566896889464,-14.964129335894127,1,5.1000000000000005
103,29.924625379911557,-14.940480619246122,25.239815740512583,-2.842682239430415,26.24213121158806,-26.570836668136,22.440690404748857,-16.86969666059076,10.730781159446739,-30.449137302158483,2.0441597578860033,-27.879026169346385,5.874584549699779,-18.650715987669404,-6.84822206752883,-26.276519583026847,-6.906954164197091,-0.698508039863957,-7.834414168941208,-13.670897109625923,29.924625379911557,-14.940480619246122,1,5.15
104,30.107933985590936,-14.911728154982955,25.628912979994873,-2.834373492586401,26.435754707571284,-26.5534981705288,22.75047737688306,-16.709596311158833,10.813331737192971,-30.406731349873667,2.0969817871603462,-27.845979616771565,5.92435812621537,-18.60252256963299,-6.813652463212748,-26.23716187783679,-6.864054783949946,-0.6907817363889301,-7.786639859120496,-13.649649775069555,30.107933985590936,-14.911728154982955,1,5.2
105,30.29180321201225,-14.877987500557346,26.0257101068441,-2.8241657179248887,26.63412054049211,-26.524523778407275,23.058499640324875,-16.5483763340094,10.895730007139543,-30.364826831439686,2.1497804138752343,-27.812947705321356,5.974113549375468,-18.553850397579126,-6.779122573336622,-26.19781906536612,-6.821169492678571,-0.6830579703794913,-7.738881239295597,-13.628409418543642,30.29180321201225,-14.877987500557346,1,5.25
106,30.475543557260078,-14.839374213421996,26.429427792414362,-2.812698563313394,26.836680492949462,-26.48427712525495,23.364293752289754,-16.385912311802343,10.977981680828861,-30.323404943087116,2.202556515626708,-27.779929885953496,6.023851499930909,-18.5047174247835,-6.744623887663271,-26.158487954317902,-6.778295271316824,-0.6753361980930763,-7.691134947324529,-13.607174544755981,30.475543557260078,-14.839374213421996,1,5.300000000000001
107,30.65846551941902,-14.796003851029575,26.839286708059742,-2.8006116766193263,27.042886347542357,-26.433121844555316,23.667396269993134,-16.22207982719751,11.060092469803443,-30.282446881046567,2.2553109700107328,-27.74692560962585,6.073572658632522,-18.455141604521717,-6.710147895955621,-26.11916535339503,-6.735429100798345,-0.6676158757869902,-7.643397621065308,-13.585943658414276,30.65846551941902,-14.796003851029575,1,5.3500000000000005
108,30.839879596573642,-14.747991970832809,27.254507525134372,-2.788544705710192,27.252189886869782,-26.371421569791845,23.96734375065047,-16.056754462854776,11.142068085605786,-30.2419338415486,2.308044654623237,-27.713934327296283,6.123277706231114,-18.40514089006945,-6.675686087976505,-26.079848071300574,-6.6925679620569625,-0.6598964597186691,-7.595665898376066,-13.56471526422633,30.839879596573642,-14.747991970832809,1,5.4
109,31.01909628680859,-14.695454130284377,27.674310914992407,-2.777137298453401,27.46404289353067,-26.299539934448106,24.263672751477138,-15.889811801434028,11.223914239778349,-30.201847020823866,2.360758447060254,-27.680955489922585,6.172967323477531,-18.354733234702383,-6.641229953488836,-26.040532916737444,-6.649708836026409,-0.6521774061454084,-7.547936417114781,-13.543487866899897,31.01909628680859,-14.695454130284377,1,5.45
110,31.19542608820847,-14.638505886836969,28.097917548987926,-2.767029102716406,27.67789715012403,-26.217840572007546,24.555919829688648,-15.721127425595084,11.305636643863675,-30.162167615102884,2.413453224917741,-27.647988548462575,6.222642191122592,-18.303936591696115,-6.606770982255457,-26.00121669840864,-6.606848703640454,-0.6444581713246006,-7.500205815139495,-13.522259971142681,31.19542608820847,-14.638505886836969,1,5.5
111,31.36817949885784,-14.577262797943307,28.524548098475034,-2.7588597663667236,27.89320443924877,-26.126687115953725,24.843621542500408,-15.550576917997867,11.387241009404235,-30.1228768206163,2.466129865791718,-27.615032953874078,6.272302989917165,-18.252768914326325,-6.572300664039199,-25.961896225017146,-6.5639845458328185,-0.6367382115136234,-7.452470730308291,-13.501030081662478,31.36817949885784,-14.577262797943307,1,5.550000000000001
112,31.53666701684132,-14.511840421056085,28.953423234807865,-2.7532689372717822,28.109416543503887,-26.026443199770092,25.12631444712786,-15.378035861302187,11.468733047942504,-30.083955833594686,2.5187892472780957,-27.58208815711498,6.321950400612094,-18.201248155868676,-6.537810488603036,-25.922568305265926,-6.521113343537317,-0.6290169829698402,-7.404727800479194,-13.479796703167084,31.53666701684132,-14.511840421056085,1,5.6000000000000005
113,31.700199140243523,-14.442354313628,29.383763629340518,-2.7508962632990017,28.325985245488408,-25.917472456940207,25.4035351007864,-15.20337983816795,11.550118471020923,-30.04538585026866,2.5714322469728783,-27.54915360914309,6.371585103958125,-18.149392269598838,-6.503291945709703,-25.883229747857957,-6.478232077687622,-0.6212939419505852,-7.356973663510192,-13.458558340364162,31.700199140243523,-14.442354313628,1,5.65
114,31.858086367149046,-14.368920033111742,29.814789953427134,-2.752381392315888,28.542362327801246,-25.800138520947502,25.67482006069153,-15.026484431255007,11.631402990182103,-30.007148066868787,2.6240597424720766,-27.5162287609162,6.4212077807061485,-18.09721920879241,-6.468736525122171,-25.843877361496247,-6.435337729217499,-0.6135685447132556,-7.309204957259407,-13.437313497961526,31.858086367149046,-14.368920033111742,1,5.7
115,32.00963919564248,-14.291653136960008,30.24572287842178,-2.758363972189885,28.757999573041367,-25.67480502527554,25.93970588405867,-14.847225223223212,11.712592316968431,-29.96922367962567,2.676672611371604,-27.48331306339213,6.4708191116069935,-18.0447469267251,-6.434135716603322,-25.80450795488379,-6.39242727906081,-0.6058402475152437,-7.261418319584901,-13.416060680666925,32.00963919564248,-14.291653136960008,1,5.75
116,32.15416812380842,-14.210669182625523,30.675783075678645,-2.769483650788445,28.972348763807794,-25.541835603407804,26.197729128103255,-14.665477796732452,11.793692162922436,-29.93159388476994,2.7292717312675077,-27.450405967528773,6.520419777411474,-17.991993376672546,-6.399481009915904,-25.76511833672349,-6.349497708151171,-0.5981085066138354,-7.213610388344609,-13.394798393188086,32.15416812380842,-14.210669182625523,1,5.800000000000001
117,32.290983649731515,-14.126083727560927,31.104191216551783,-2.786380075979003,29.184861682699466,-25.40159388882779,26.448426350040705,-14.481117734442547,11.874708239586585,-29.89423987853212,2.781857979755731,-27.417506924283902,6.570010458870426,-17.938976511910372,-6.36476389482293,-25.72570531571837,-6.306545997422388,-0.5903727782664521,-7.165777801396646,-13.373525140232807,32.290983649731515,-14.126083727560927,1,5.8500000000000005
118,32.4193962714963,-14.03801232921897,31.530167972395336,-2.80969289562905,29.394990112315334,-25.254443515019034,26.69133410708646,-14.294020619013436,11.95564625850341,-29.857142857142858,2.8344322344322395,-27.384615384615373,6.619591836734703,-17.885714285714283,-6.329975861087156,-25.68626570057141,-6.263569127808211,-0.5826325187304522,-7.117917196599038,-13.352239426508797,32.4193962714963,-14.03801232921897,1,5.9
119,32.53891155304992,-13.946575333387438,31.9530614059851,-2.839928327809835,29.602300670489623,-25.100720296374117,26.92612694742772,-14.10409691078874,12.036511931215351,-29.820284016832737,2.886995372893029,-27.351730799481032,6.669164591755087,-17.83222465135991,-6.295108398471539,-25.646796299985603,-6.220564080242433,-0.5748871842632038,-7.070025211809867,-13.330939756723847,32.99187283075094,-13.677671428399941,1,5.95
120,32.649815321789546,-13.851912239194423,32.372729145783666,-2.877058871407607,29.80681931599772,-24.94064877092201,27.15303138313868,-13.911396580847319,12.117310969264903,-29.78364455383236,2.93954827273408,-27.31885261983866,6.718729404682461,-17.77852556212288,-6.260152996738899,-25.60729392266388,-6.177527835658722,-0.5671362311220608,-7.022098484887138,-13.309624635585694,33.550313187151694,-13.326165505884722,1,6.0
121,32.752588470974835,-13.754167334103165,32.789156211675305,-2.920923595512522,30.00868684285014,-24.77442565760092,27.372411917265147,-13.716004477951776,12.198049084194594,-29.747205664372288,2.992091811551366,-27.28598029664613,6.768286956267648,-17.724634971278906,-6.225101145652117,-25.56775537730926,-6.1344573749909195,-0.5593791155643958,-6.974133653688896,-13.288292567802108,34.094717340698544,-12.983494561673258,1,6.050000000000001
122,32.84771189386549,-13.653484905576825,33.20232762354434,-2.9713615692145883,30.208044045057466,-24.60224767534888,27.58463305285308,-13.51800545086483,12.278731987546884,-29.710948544683163,3.0446268669408365,-27.253113280861246,6.8178379272614515,-17.67057083210358,-6.1899443349740775,-25.528177472624733,-6.091349679172726,-0.5516152938475627,-6.926127356073169,-13.266942058080833,34.62508529139155,-12.649658595765628,1,6.1000000000000005
123,32.935666483721164,-13.550009241078724,33.61222840127498,-3.028211861603974,30.405031716630244,-24.424311543104043,27.790059292948314,-13.317484348349087,12.359365390864241,-29.674854390995552,3.097154316498533,-27.220251023441833,6.867382998414711,-17.616351097872595,-6.154674054467632,-25.48855701731326,-6.048201729137942,-0.5438442222289394,-6.878076229898054,-13.245571611129652,35.141417039230674,-12.32465760816177,1,6.15
124,33.01693313380157,-13.443884628071931,34.018843564751585,-3.091313541770702,30.59979065157911,-24.2408139798045,27.989055140596832,-13.114526019167206,12.439955005689228,-29.638904399540042,3.1496750378203986,-27.18739297534574,6.916922850478284,-17.561993721861594,-6.119281793895654,-25.448890820077803,-6.005010505820252,-0.5360653569658984,-6.829976913021555,-13.224179731656248,35.64371258421591,-12.008491598861704,1,6.2
125,33.09199273736633,-13.335255354019761,34.42215813385839,-3.1605056788048835,30.792461643914553,-24.051951704388372,28.18198509884444,-12.909215312081812,12.520506543564268,-29.603079766547225,3.2021899085023904,-27.154538587530787,6.966458164202987,-17.507516657346226,-6.083759043021031,-25.40917568962134,-5.96177299015344,-0.5282781543157842,-6.781826043301695,-13.20276492436846,36.13197192634726,-11.70116056786545,1,6.25
126,33.161326187675165,-13.224265706385383,34.822157128479674,-3.2356273417966133,30.983185487647216,-23.85792143579377,28.369213670737086,-12.70163707585555,12.601025716031874,-29.56736168824772,3.254699806140513,-27.12168731095481,7.015989620339639,-17.452937857602176,-6.048097291606606,-25.36940843464687,-5.918486163071313,-0.5204820705359984,-6.733620258596584,-13.181325693973996,36.606195065624746,-11.402664515172974,1,6.300000000000001
127,33.22541437798775,-13.111059972632024,35.218825568499774,-3.3165175998359837,31.172102976787595,-23.658919892958814,28.551105359320694,-12.491876159251083,12.681518234634526,-29.531731360872097,3.3072056083307535,-27.088838596575606,7.06551789963907,-17.398275275905043,-6.012288029415256,-25.329585863857382,-5.875147005507518,-0.5126765618838465,-6.685356196764183,-13.15986054518062,37.06638200204833,-11.113003440784311,1,6.3500000000000005
128,33.284738201563776,-12.995782440222875,35.61214847380289,-3.4030155220130403,31.359354905346382,-23.455143794821616,28.72802466764108,-12.280017411031098,12.7619898109147,-29.49616998065097,3.359708192669047,-27.055991895351053,7.115043682852126,-17.34354686553052,-5.976322746209865,-25.289704785955838,-5.831752498395915,-0.5048610846167353,-6.6370304956625965,-13.138367982696098,37.51253273561808,-10.832177344699415,1,6.4
129,33.339778551662846,-12.878577396621171,36.00211086427337,-3.494960177417895,31.545082067334018,-23.24678986032028,28.900336098744237,-12.066145679958156,12.842446156414926,-29.46065874381493,3.4122084367514134,-27.023146658238954,7.164567650729642,-17.288770579754253,-5.9401929317533035,-25.24976200964518,-5.788299622670174,-0.49703509499205695,-6.588639793149884,-13.116846511228172,37.94464726633391,-10.560186226918345,1,6.45
130,33.391016321544726,-12.759589129290124,36.388697759795484,-3.5921906351406463,31.72942525676117,-23.034054808392906,29.068404155675942,-11.850345814794975,12.922892982677663,-29.425178846594562,3.4647072181738086,-26.99030233619714,7.21409048402241,-17.233964371851904,-5.9038900758084285,-25.209754343628454,-5.7447853592641245,-0.4891980492671121,-6.540180727084048,-13.095294635484596,38.36272559419589,-10.297030087441039,1,6.5
131,33.43893240446903,-12.638961925692927,36.77189418025343,-3.6945459642713785,31.912525267638355,-22.81713535797767,29.232593341482172,-11.632702664304174,13.003336001245387,-29.389711485220474,3.5172054145322,-26.957458380183443,7.2636128634813035,-17.179146195099104,-5.867405668138137,-25.169678596608616,-5.701206689111437,-0.4813494036993026,-6.491649935323084,-13.073710860173135,38.766767719203976,-10.04270892626753,1,6.550000000000001
132,33.48400769369548,-12.516840073292784,37.15168514553165,-3.8018652339001404,32.09452289397619,-22.596228228012606,29.393268159208823,-11.413301077248388,13.083780923660646,-29.35423785592322,3.5697039034226195,-26.924614241155663,7.313135469857154,-17.12433400277154,-5.830731198505232,-25.129531577288624,-5.65756059314594,-0.4734886145460064,-6.443044055725144,-13.052093690001529,39.15677364135819,-9.797222743397837,1,6.6000000000000005
133,33.52672308248373,-12.393367859552935,37.528055675514274,-3.9139875131170654,32.275558929785205,-22.371530137435855,29.550793111901772,-11.19222590239028,13.164233461465887,-29.318739154933464,3.6222035624410105,-26.891769370071685,7.362658983900773,-17.06954574814482,-5.7938581566726635,-25.089310094371502,-5.613844052301335,-0.4656151380645528,-6.394359726148221,-13.030441629677549,39.53274336065848,-9.560571538831923,1,6.65
134,33.56755946409347,-12.268689571936573,37.90099079008567,-4.030751871012235,32.45577416907598,-22.143237805185557,29.705532702606902,-10.969561988492515,13.244699326203582,-29.283196578481746,3.6747052691833395,-26.85892321788928,7.412184086362999,-17.014799384494665,-5.756778032403258,-25.049010956560153,-5.57005404751139,-0.4577284305123439,-6.345593584450329,-13.008753183908945,39.89467687710496,-9.332755312569802,1,6.7
135,33.60699773178436,-12.1429494979069,38.2704755091301,-4.151997376675688,32.635309405859104,-21.91154795019977,29.857851434370133,-10.745394184317682,13.325184229416243,-29.24759132279866,3.7272099012455935,-26.826075235566336,7.461711457994639,-16.960112865096658,-5.719482315459901,-25.008630972557643,-5.526187559709866,-0.4498279481467091,-6.296742268489549,-12.987026857403473,40.242574190697525,-9.11377406461147,1,6.75
136,33.645518778816104,-12.01629192492718,38.636494852531854,-4.277563099197548,32.81430543414515,-21.676657291416678,30.008113810237358,-10.51980733862849,13.405693882646355,-29.211904584114823,3.779718336223768,-26.79322487406064,7.511241779546588,-16.905504143226494,-5.681962495605454,-24.968166951066877,-5.482241569830533,-0.44191314722503594,-6.2478024161238945,-12.9652611548689,40.576435301436206,-8.903627794956947,1,6.800000000000001
137,33.68360349844835,-11.888861140460575,38.999033840175144,-4.407288107667915,32.99290304794467,-21.438762547774328,30.156684333254436,-10.292886300187561,13.486233997436422,-29.176117558660838,3.8322314517137914,-26.76037158433003,7.56077573176961,-16.850991172159826,-5.644210062602763,-24.927615700790888,-5.438213058807113,-0.4339834840046925,-6.198770665211453,-12.94345458101297,40.89626020932103,-8.702316503606207,1,6.8500000000000005
138,33.72173278394078,-11.760801431970286,39.358077491944336,-4.541011471176829,33.17124304126824,-21.198060438210852,30.303927506467307,-10.064715917757525,13.566810285328907,-29.14021144266727,3.884750125311682,-26.727514817332327,7.610313995414561,-16.796591905172306,-5.606216506214764,-24.886974030432615,-5.3940990075733986,-0.4260384147430517,-6.149643653610254,-12.921605640543424,41.202048914351955,-8.509840190559267,1,6.9
139,33.76038752855312,-11.632257086919553,39.71361082772373,-4.678572258814422,33.349466208126465,-20.954747681664387,30.450207832921873,-9.835381040101074,13.647428457866306,-29.104167432364747,3.93727523461345,-26.69465402402539,7.659857251232289,-16.7423242955396,-5.567973316204252,-24.846238748695058,-5.349896397063059,-0.41807739569746244,-6.100418019178303,-12.89971283816802,41.49380141652901,-8.32619885581613,1,6.95
140,33.80004862554498,-11.503372392771603,40.06561886739749,-4.819809539670768,33.52771334252987,-20.70902099707303,30.595889815663984,-9.604966515980799,13.728094226591143,-29.067966723983805,3.9898076572150014,-26.661788655367012,7.70940617997359,-16.688206296537306,-5.529471982334147,-24.80540666428118,-5.305602208209908,-0.4100998831252639,-6.051090399773683,-12.877774678594534,41.77151771585218,-8.151392499376762,1,7.0
141,33.841196968176064,-11.374291636989597,40.414086630849994,-4.964562382835921,33.70612523848906,-20.461077103374887,30.74133795773958,-9.373557194159376,13.808813303045861,-29.03159051375511,4.04234827071234,-26.62891816231505,7.7589614623893475,-16.634255861441137,-5.490703994367298,-24.76447458589398,-5.2612134219477245,-0.40210533328387726,-6.001657433254421,-12.855789666530729,42.03519781232149,-7.985421121241209,1,7.050000000000001
142,33.88431344970608,-11.245159107036796,40.75899913796553,-5.11266985740001,33.88484269001461,-20.211112719508073,30.886916762194524,-9.141237923399466,13.889591398772975,-28.9950199979092,4.094897952701467,-26.5960419958273,7.808523779230369,-16.580490943526712,-5.451660842066591,-24.723439322236448,-5.216727019210243,-0.3940932024306514,-5.952115757478573,-12.833756306684325,42.2848417059369,-7.8282847214094495,1,7.1000000000000005
143,33.92987896339466,-11.116119090376369,41.100341408628324,-5.263971032453121,34.064006491117034,-19.95932456441073,31.03299073207475,-8.908093552463667,13.970434225314953,-28.958236372676705,4.147457580778333,-26.56315960686163,7.8580938112474135,-16.526929496069727,-5.412334015194908,-24.682297682011516,-5.172139980931182,-0.38606294682292064,-5.902462010304173,-12.811673103763088,42.52044939669844,-7.679983299881488,1,7.15
144,33.978374402501494,-10.987315874471564,41.43809846272267,-5.4183049770853104,34.243757435807005,-19.70590935702091,31.179924370426107,-8.67420893011469,14.051347494214301,-28.921220834288206,4.200028032538982,-26.530270446375837,7.90767223919141,-16.473589472345783,-5.372715003515084,-24.641046473922202,-5.127449288044302,-0.37801402271809165,-5.852692829589231,-12.78953856247478,42.74202088460612,-7.540516856657302,1,7.2
145,34.03028066028625,-10.85889374678557,41.77225532013288,-5.575510760386671,34.424236318095005,-19.451063816276797,31.328082180294523,-8.439668905115134,14.13233691701352,-28.883954578974308,4.252610185579279,-26.49737396532778,7.9572597438131645,-16.42048882563057,-5.332795296789968,-24.59968250667147,-5.082651921483409,-0.36994588637349407,-5.8028048531918675,-12.767351187527158,42.9495561696599,-7.409885391736905,1,7.25
146,34.086078630008664,-10.730996994781611,42.10279700074323,-5.735427451447307,34.60558393199163,-19.194984661116443,31.477828664725877,-8.204558326227655,14.213408205255066,-28.84641880296556,4.305204917495271,-26.464469614675274,8.006857005863498,-16.367645509199725,-5.292566384782523,-24.558202588962317,-5.037744862182198,-0.36185799404652497,-5.752794718970064,-12.745109483627974,43.143055251859785,-7.288088905120319,1,7.300000000000001
147,34.14624920492834,-10.603769905922878,42.429708524438,-5.897894119357286,34.78794107150751,-18.937868610477974,31.629528326766074,-7.9689620422149225,14.294567070481461,-28.808594702492623,4.357813105882949,-26.431556845376132,8.056464706093248,-16.31507747632893,-5.2520197572554945,-24.516603529497683,-4.992725091074449,-0.35374980199453804,-5.702659064781933,-12.722811955484993,43.32251813120582,-7.175127396807524,1,7.3500000000000005
148,34.211273278305,-10.47735676767262,42.75297491110141,-6.062749833206696,34.971448530653134,-18.67991238329956,31.783545669461038,-7.732964901839566,14.37581922423517,-28.77046347378605,4.410435628338263,-26.398635108388216,8.106083525253208,-16.26280268029381,-5.211146903971868,-24.474882136980597,-4.947589589093921,-0.34562076647487716,-5.652394528485412,-12.700457107805954,43.48794480769795,-7.07100086679851,1,7.4
149,34.28163174339831,-10.351901867493998,43.072581180617846,-6.229833662085636,35.1562471034391,-18.421312698519213,31.940245195856612,-7.496651753864214,14.457170378058688,-28.732006313076454,4.463073362457177,-26.365703854669338,8.155714144094272,-16.210839074370032,-5.169939314694455,-24.433035220113986,-4.902335337174347,-0.33747034374494433,-5.60199774793862,-12.678043445298627,43.63933528133623,-6.975709315093312,1,7.45
150,34.35780549346792,-10.227549492850267,43.388512352871516,-6.398984675084186,35.34247758387602,-18.162266275075126,32.09999140899872,-7.260107447051535,14.538626243494528,-28.693204416594412,4.515727185835718,-26.33276253517728,8.205357243367231,-16.15920461183324,-5.128388479186136,-24.391059587600857,-4.856959316249506,-0.3292979900620787,-5.551465360999572,-12.655569472670733,43.77668955212061,-6.889252741691898,1,7.5
151,34.44027542177354,-10.10444393120462,43.70075344774672,-6.570041941292434,35.53028076597444,-17.902969831905388,32.26314881193325,-7.023416830164172,14.620192532085138,-28.65403898057054,4.568397976069798,-26.299810600869975,8.255013503822926,-16.107917245959108,-5.086485887209761,-24.3489520481442,-4.811458507253107,-0.32110316168364844,-5.500794005526334,-12.63303369463009,43.900007620051085,-6.811631146594291,1,7.550000000000001
152,34.52952242157487,-9.982729470020264,44.00928948512774,-6.742844529800454,35.719797443744895,-17.643620087948094,32.4300819077061,-6.786664751964776,14.70187495537304,-28.61449120123542,4.621086610755468,-26.266847502705147,8.304683606212205,-16.056994930023258,-5.044223028528249,-24.30670941044697,-4.765829891118962,-0.31288531486704585,-5.449980319376916,-12.610434615884394,44.00928948512774,-6.742844529800454,1,7.6000000000000005
153,34.62602738613152,-9.862550396760419,44.31410548489884,-6.917231509698357,35.91116841119802,-17.38441376214138,32.60115519936318,-6.549936061216003,14.783679224900704,-28.574542274819617,4.673793967488651,-26.2338726916407,8.354368231285846,-16.00645561730139,-5.001591392904417,-24.264328483212143,-4.720070448780758,-0.30464390586959067,-5.399020940409388,-12.587770741141428,44.817796747735756,-5.943645579837431,1,7.65
154,34.730271208703215,-9.744050998888298,44.615186466944394,-7.093041950076199,36.10453446234435,-17.12554757342337,32.77673318995036,-6.313315606680475,14.865611052210637,-28.534173397553765,4.72652092386534,-26.200885618634416,8.404068059794739,-15.956317261069097,-4.958582470101154,-24.221806075142737,-4.674177161172308,-0.29637839094869944,-5.347912506481777,-12.56504057510894,45.59231271401787,-5.178046585728694,1,7.7
155,34.84273478254963,-9.627375563867096,44.91251745114854,-7.270114920024083,36.300036391194446,-16.86721824073213,32.95718038251357,-6.07688823712084,14.947676148845312,-28.493365765668447,4.77926835748152,-26.16788573464417,8.453783772489693,-15.906597814602094,-4.915187749881357,-24.17913899494168,-4.628147009227352,-0.28808822636169684,-5.29665165545218,-12.542242622494674,46.33283738397421,-4.446047547474272,1,7.75
156,34.96389900093044,-9.51266837916004,45.20608345739565,-7.448289488632098,36.49781499175893,-16.609622483005822,33.14286128009865,-5.8407388012997705,15.02988022634724,-28.452100575394272,4.832037145933166,-26.134872490627732,8.503516050121531,-15.857315231175997,-4.871398722007859,-24.136324051312002,-4.581976973879611,-0.27977286836596055,-5.245235025178571,-12.519375388006413,47.03937075760461,-3.747648465074156,1,7.800000000000001
157,35.094244757105294,-9.400073732230341,45.49586950557,-7.627404724990332,36.69801105804833,-16.352957019182533,33.33414038575155,-5.604952147979897,15.112228996258857,-28.41035902296181,4.884828166816256,-26.10184533754298,8.553265573441099,-15.80848746406648,-4.827206876243563,-24.09335805295662,-4.535664036062885,-0.2714317732188587,-5.193659253519042,-12.496437376351897,47.7119128349092,-3.082849338528316,1,7.8500000000000005
158,35.234252944333925,-9.289735910541207,45.781860615555836,-7.807299698188859,36.90076538407321,-16.09741856820039,33.53138220251815,-5.369613125923878,15.194728170122708,-28.36812230460167,4.937642297726773,-26.068803726347735,8.60303302319922,-15.760132466549182,-4.782603702351289,-24.050237808578572,-4.4892051767108985,-0.2630643971777789,-5.14192097833158,-12.473427092238879,48.350463615887904,-2.4516501678368106,1,7.9
159,35.38440445587594,-9.181799201555869,46.06404180723751,-7.987813477317772,37.10621876384417,-15.84320384899748,33.73495123344434,-5.134806583894303,15.277383459481257,-28.32537161654443,4.990480416260683,-26.035747107999796,8.652819080146731,-15.712268191899776,-4.737580690093978,-24.0069601268808,-4.442597376757389,-0.2546701965000409,-5.09001683747427,-12.450343040375119,48.95502310054071,-1.8540509529995768,1,7.95
160,35.5451801849911,-9.076407892737494,46.34239810049923,-8.168785131467152,37.31451199137181,-15.590509580511942,33.94521198157602,-4.9006173706539045,15.360200575877018,-28.2820881550207,5.043343400013972,-26.002674933457016,8.702624425034443,-15.664912593393902,-4.69212932923444,-23.963521816566313,-4.395837617136171,-0.24624862744304182,-5.037943468805159,-12.427183725468385,49.5255912888677,-1.290051694016658,1,8.0
161,35.717061024939,-8.973706271549318,46.6169145152253,-8.350053729727097,37.52578586066663,-15.339532481681879,34.162528949959075,-4.667130334965292,15.443185230852448,-28.23825311626105,5.096232126582629,-25.96958665367724,8.752449738613223,-15.6180836243072,-4.646241109535551,-23.91991968633804,-4.348922878780915,-0.23779914626414497,-4.98569751018228,-12.403947652226393,50.06216818086881,-0.7596523908880397,1,8.05
162,35.90052786897937,-8.873838625454566,46.8875760713,-8.531458341187658,37.74018116573925,-15.09046927144539,34.387266641639435,-4.434430325591105,15.526343135950048,-28.193847696496118,5.149147473562605,-25.93648171961824,8.802295701633856,-15.57179923791535,-4.599907520760219,-23.87615054489902,-4.301850142625425,-0.22932120922070395,-4.9332755994636575,-12.380633325356943,50.56475377654406,-0.2628530436137123,1,8.1
163,36.096061610371876,-8.776949241916427,47.15436778860763,-8.712838034938972,37.957838700600256,-14.843516668740596,34.61978955966296,-4.202602191293979,15.609680002712324,-28.148853091956482,5.20209031854991,-25.90335958223793,8.852162994847223,-15.52607738749401,-4.553120052671295,-23.8322112009522,-4.2546163896034574,-0.22081427257008215,-4.880674374507391,-12.357239249567753,51.03334807589346,0.20034634780629515,1,8.15
164,36.3041431423762,-8.683182408398118,47.41727468703245,-8.894031880071116,38.17889925926018,-14.598871392505645,34.86046220707556,-3.9717307808365945,15.693201542681727,-28.103250498872733,5.2550615391405024,-25.870219692494054,8.902052299004113,-15.480936026318808,-4.505870195031643,-23.78809846320054,-4.207218600648751,-0.21227779256966214,-4.827890473171469,-12.333763929566588,51.46795107891699,0.6299457833720021,1,8.200000000000001
165,36.525253358252,-8.592682412362873,47.67628178645875,-9.074878945674167,38.40350363572961,-14.356730161678593,35.10964908692313,-3.7419009429815673,15.776913467400796,-28.05702111347545,5.308062012930355,-25.837061501344476,8.95196429485539,-15.436393107665404,-4.458149437604137,-23.74380914034708,-4.159653756695064,-0.2037112254768121,-4.77492053331393,-12.310205870061232,51.868562785614635,1.025945263083423,1,8.25
166,36.75987315125896,-8.505593541273871,47.931374106770825,-9.255218300838173,38.63179262401914,-14.117289695197606,35.36771470225156,-3.5131975264915813,15.86082148841198,-28.010146131995214,5.361092617515448,-25.80388445974705,9.001899663151864,-15.392466584809481,-4.409949270151625,-23.699340041094725,-4.1119188386761465,-0.19511402754887597,-4.721761192792853,-12.28656357575941,52.23518319598644,1.388344786940524,1,8.3
167,37.00848341465678,-8.422060082594342,48.182536667852965,-9.434889014653262,38.8639070181393,-13.880746712000748,35.63502355610673,-3.28570538012923,15.944931317257792,-27.962606750662662,5.414154230491771,-25.770688018659598,9.051859084644374,-15.349174411026656,-4.361261182437012,-23.65468797414652,-4.06401082752577,-0.1864856550432171,-4.668409089466303,-12.26283555136888,52.56781231003238,1.7171443549433436,1,8.35
168,37.27156504170511,-8.34222632378747,48.42975448958941,-9.61373015620952,39.09998761210067,-13.647297931026165,35.911940151534594,-3.059509352657194,16.029248665480694,-27.914384165708395,5.467247729455311,-25.737471629039888,9.10184324008375,-15.306534539592592,-4.312076664223146,-23.609849748205374,-4.015926704177595,-0.17782556421722773,-4.614860861192238,-12.23902030159741,52.86645012775244,2.0123439670918435,1,8.4
169,37.54959892566362,-8.26623655231652,48.67301259186443,-9.79158079459706,39.34017519991386,-13.41714007121196,36.19882899158099,-2.834694292838144,16.11377924462321,-27.86545957336295,5.520373992002003,-25.70423474184583,9.151852810220802,-15.264564923782965,-4.262387205272908,-23.56482217197434,-3.9676634495655363,-0.1691332113282664,-4.561113145828788,-12.215116331152744,53.13109664914667,2.273943623386062,1,8.450000000000001
170,37.84306595979204,-8.194235055644654,48.91229599456239,-9.968279998905885,39.58461057558938,-13.19046985149624,36.49605457929184,-2.6113450494346626,16.198528766227795,-27.815814169856957,5.573533895727866,-25.67097680803519,9.201888475806427,-15.223283516873419,-4.2121842953491715,-23.51960205415633,-3.919218044623207,-0.16040805263369634,-4.507162581233953,-12.191122144742643,53.361751874215024,2.5019433238259414,1,8.5
171,38.15244703734999,-8.126366121235108,49.14758971756752,-10.143666838226155,39.83343453313788,-12.96748399081712,36.80398141771302,-2.3895464712094605,16.283502941836968,-27.765429151421014,5.6267283182289045,-25.637697278565835,9.251950917591383,-15.182708272139577,-4.161459424214785,-23.474186203454376,-3.870587470284473,-0.15164954439085193,-4.453005805265752,-12.167036247074861,53.55841580295752,2.6963430684115592,1,8.55
172,38.478223051597205,-8.062774036551087,49.37887878076406,-10.31758038164792,40.08678786656989,-12.748379208112723,37.12297400989045,-2.16938340692514,16.368707482993194,-27.71428571428572,5.679958137100984,-25.604395604395595,9.302040816326532,-15.142857142857155,-4.110204081632652,-23.42857142857143,-3.8217687074829976,-0.1428571428571351,-4.398639455782307,-12.142857142857146,53.72108843537416,2.8571428571428563,1,8.6
173,38.478223051597205,-8.062774036551087,49.37887878076406,-10.31758038164792,40.08678786656989,-12.748379208112723,37.12297400989045,-2.16938340692514,16.368707482993194,-27.71428571428572,5.679958137100984,-25.604395604395595,9.302040816326532,-15.142857142857155,-4.110204081632652,-23.42857142857143,-3.8217687074829976,-0.1428571428571351,-4.398639455782307,-12.142857142857146,53.72108843537416,2.8571428571428563,1,8.65
174,38.478223051597205,-8.062774036551087,49.37887878076406,-10.31758038164792,40.08678786656989,-12.748379208112723,37.12297400989045,-2.16938340692514,16.368707482993194,-27.71428571428572,5.679958137100984,-25.604395604395595,9.302040816326532,-15.142857142857155,-4.110204081632652,-23.42857142857143,-3.8217687074829976,-0.1428571428571351,-4.398639455782307,-12.142857142857146,53.72108843537416,2.8571428571428563,1,8.700000000000001
175,38.478223051597205,-8.062774036551087,49.37887878076406,-10.31758038164792,40.08678786656989,-12.748379208112723,37.12297400989045,-2.16938340692514,16.368707482993194,-27.71428571428572,5.679958137100984,-25.604395604395595,9.302040816326532,-15.142857142857155,-4.110204081632652,-23.42857142857143,-3.8217687074829976,-0.1428571428571351,-4.398639455782307,-12.142857142857146,53.72108843537416,2.8571428571428563,1,8.75
176,38.478223051597205,-8.062774036551087,49.37887878076406,-10.31758038164792,40.08678786656989,-12.748379208112723,37.12297400989045,-2.16938340692514,16.368707482993194,-27.71428571428572,5.679958137100984,-25.604395604395595,9.302040816326532,-15.142857142857155,-4.110204081632652,-23.42857142857143,-3.8217687074829976,-0.1428571428571351,-4.398639455782307,-12.142857142857146,53.72108843537416,2.8571428571428563,1,8.8
177,38.478223051597205,-8.062774036551087,49.37887878076406,-10.31758038164792,40.08678786656989,-12.748379208112723,37.12297400989045,-2.16938340692514,16.368707482993194,-27.71428571428572,5.679958137100984,-25.604395604395595,9.302040816326532,-15.142857142857155,-4.110204081632652,-23.42857142857143,-3.8217687074829976,-0.1428571428571351,-4.398639455782307,-12.142857142857146,53.72108843537416,2.8571428571428563,1,8.85
178,38.478223051597205,-8.062774036551087,49.37887878076406,-10.31758038164792,40.08678786656989,-12.748379208112723,37.12297400989045,-2.16938340692514,16.368707482993194,-27.71428571428572,5.679958137100984,-25.604395604395595,9.302040816326532,-15.142857142857155,-4.110204081632652,-23.42857142857143,-3.8217687074829976,-0.1428571428571351,-4.398639455782307,-12.142857142857146,53.72108843537416,2.8571428571428563,1,8.9
179,38.478223051597205,-8.062774036551087,49.37887878076406,-10.31758038164792,40.08678786656989,-12.748379208112723,37.12297400989045,-2.16938340692514,16.368707482993194,-27.71428571428572,5.679958137100984,-25.604395604395595,9.302040816326532,-15.142857142857155,-4.110204081632652,-23.42857142857143,-3.8217687074829976,-0.1428571428571351,-4.398639455782307,-12.142857142857146,53.72108843537416,2.8571428571428563,1,8.950000000000001
180,38.478223051597205,-8.062774036551087,49.37887878076406,-10.31758038164792,40.08678786656989,-12.748379208112723,37.12297400989045,-2.16938340692514,16.368707482993194,-27.71428571428572,5.679958137100984,-25.604395604395595,9.302040816326532,-15.142857142857155,-4.110204081632652,-23.42857142857143,-3.8217687074829976,-0.1428571428571351,-4.398639455782307,-12.142857142857146,53.72108843537416,2.8571428571428563,1,9.0
181,38.478223051597205,-8.062774036551087,49.37887878076406,-10.31758038164792,40.08678786656989,-12.748379208112723,37.12297400989045,-2.16938340692514,16.368707482993194,-27.71428571428572,5.679958137100984,-25.604395604395595,9.302040816326532,-15.142857142857155,-4.110204081632652,-23.42857142857143,-3.8217687074829976,-0.1428571428571351,-4.398639455782307,-12.142857142857146,53.72108843537416,2.8571428571428563,1,9.05
182,38.478223051597205,-8.062774036551087,49.37887878076406,-10.31758038164792,40.08678786656989,-12.748379208112723,37.12297400989045,-2.16938340692514,16.368707482993194,-27.71428571428572,5.679958137100984,-25.604395604395595,9.302040816326532,-15.142857142857155,-4.110204081632652,-23.42857142857143,-3.8217687074829976,-0.1428571428571351,-4.398639455782307,-12.142857142857146,53.72108843537416,2.8571428571428563,1,9.1
