Frame,Home_13_x,Home_13_y,Home_692_x,Home_692_y,Home_1060_x,Home_1060_y,Home_2245_x,Home_2245_y,Home_2246_x,Home_2246_y,Home_2917_x,Home_2917_y,Home_7540_x,Home_7540_y,Home_7541_x,Home_7541_y,Home_8162_x,Home_8162_y,Home_8163_x,Home_8163_y,ball_x,ball_y,Period,Time [s]
0,-20.42397757921131,-27.22276471986141,-8.04831742739896,9.70394547181975,-25.066498652126718,28.54405385668853,-27.20540804914796,14.883909109896244,-30.034615269281684,5.74840456884431,-30.911947237276465,-30.177007792090848,-12.722385730479683,-3.01464055645149,-14.11323852875857,-20.444637987617757,-0.6489795918367378,-9.428571428571386,0.07210884353737598,5.285714285714288,-20.42397757921131,-27.22276471986141,1,0.0
1,-20.561497235385477,-27.302545482215237,-8.143284111160877,9.69871376331202,-25.09848111221722,28.54200014570644,-27.29085859059766,14.823243013206614,-30.09215409892469,5.69119087841937,-30.901944808405727,-30.192024930258338,-12.77681618927889,-3.022318198465371,-14.140760347047497,-20.453021504692863,-0.6489795918367378,-9.428571428571386,0.07210884353737598,5.285714285714288,-20.561497235385477,-27.302545482215237,1,0.05
2,-20.696298504180852,-27.37656746785926,-8.238372583884793,9.693460079231942,-25.13060291232145,28.539757242756995,-27.378243346983766,14.760924417073563,-30.15150266089315,5.632145255687921,-30.892991703714333,-30.20546666645224,-12.833029955947254,-3.030223818618457,-14.169270769475409,-20.461624648779157,-0.6489795918367227,-9.428571428571386,0.07210884353737598,5.285714285714288,-20.696298504180852,-27.37656746785926,1,0.1
3,-20.82778113371766,-27.444198189668707,-8.333304215866441,9.68819873153762,-25.162776900446165,28.53731849192393,-27.46743563943804,14.69702427273335,-30.21261013992323,5.571316024557884,-30.88518947070349,-30.217180542417083,-12.89098380984511,-3.0383497186210624,-14.198753849742674,-20.470437021359018,-0.6489795918367603,-9.428571428571386,0.07210884353737598,5.285714285714298,-20.82778113371766,-27.444198189668707,1,0.15000000000000002
4,-20.95534487211617,-27.504805160518675,-8.427800377401507,9.682944032187104,-25.194915924598032,28.534677237291003,-27.558308789092276,14.631613531422262,-30.275425720751127,5.5087515089372365,-30.87863965687444,-30.227014099897318,-12.950634530332707,-3.0466882001834894,-14.229193641549749,-20.479448223914854,-0.6489795918367603,-9.428571428571386,0.07210884353735339,5.285714285714288,-20.95534487211617,-27.504805160518675,1,0.2
5,-21.07838946749664,-27.55775589328436,-8.521582438785757,9.677710293138533,-25.226932832783785,28.531826822941944,-27.65073611707825,14.564763144376627,-30.339898588113037,5.444500032733874,-30.873443809728386,-30.234814880637458,-13.011938896770346,-3.055231565016083,-14.260574198597038,-20.488647857929084,-0.6489795918367378,-9.428571428571386,0.07210884353737598,5.285714285714288,-21.07838946749664,-27.55775589328436,1,0.25
6,-21.1963146679793,-27.60241790084092,-8.614371770314854,9.672511826349984,-25.25874047301008,28.52876059296051,-27.74459094452774,14.49654406283269,-30.40597792674514,5.378609919855763,-30.869703476766563,-30.240430426382,-13.074853688518335,-3.063972114829206,-14.29287957458493,-20.49802552488412,-0.6489795918367378,-9.428571428571386,0.07210884353735339,5.285714285714298,-21.1963146679793,-27.60241790084092,1,0.30000000000000004
7,-21.30852022168442,-27.638158696063506,-8.705889742284546,9.66736294377954,-25.29025169328368,28.525471891430378,-27.83974659257252,14.427027238026788,-30.473612921383648,5.311129494210835,-30.867520205490212,-30.243708278875413,-13.13933568493696,-3.072902151333146,-14.326093823213908,-20.507570826262363,-0.6489795918367378,-9.428571428571386,0.07210884353737598,5.285714285714288,-21.30852022168442,-27.638158696063506,1,0.35000000000000003
8,-21.414405876732253,-27.664345791827216,-8.795857724990578,9.662277957385335,-25.32137934161127,28.52195406243536,-27.936076382344385,14.356283621195177,-30.542752756764745,5.242107079707036,-30.866995543400567,-30.24449597986218,-13.205341665386523,-3.0820139762382333,-14.360200998184311,-20.517273363546206,-0.6489795918367378,-9.42857142857137,0.07210884353735339,5.285714285714288,-21.414405876732253,-27.664345791827216,1,0.4
9,-21.513371381243015,-27.68034670100729,-8.883997088728654,9.657271179125415,-25.352036265999534,28.518200450059155,-28.033453634975114,14.284384163574167,-30.61334661762462,5.1715910002522785,-30.8682310379988,-30.242641071086844,-13.272828409227293,-3.0912998912547924,-14.395185153196582,-20.52712273821805,-0.6489795918367603,-9.428571428571386,0.07210884353737598,5.285714285714288,-21.513371381243015,-27.68034670100729,1,0.45
10,-21.60481648333697,-27.685528936478836,-8.97002920379445,9.652356920957912,-25.38213531445519,28.51420439838548,-28.131751671596465,14.211399816400032,-30.685343688699465,5.0996295797545725,-30.871328236786187,-30.23799109429386,-13.34175269581961,-3.10075219809314,-14.431030341951168,-20.53710855176031,-0.6489795918367378,-9.428571428571386,0.07210884353735339,5.285714285714288,-21.60481648333697,-27.685528936478836,1,0.5
11,-21.688140931134374,-27.679260011117034,-9.05367544048373,9.647549494840922,-25.41158933498493,28.509959251498103,-28.230843813340243,14.137401530909065,-30.75869315472546,5.026271142121789,-30.87638868726393,-30.230393591227752,-13.412071304523721,-3.11036319846363,-14.467720618148448,-20.547220405655413,-0.6489795918367378,-9.428571428571386,0.07210884353737598,5.285714285714288,-21.688140931134374,-27.679260011117034,1,0.55
12,-21.762744472755486,-27.660907437797036,-9.134657169092222,9.642863212732516,-25.440311175595504,28.50545835348076,-28.330603381338207,14.06246025833757,-30.83334420043881,4.951564011261888,-30.88351393693327,-30.21969610363297,-13.483741014699937,-3.120125194076583,-14.505240035488852,-20.557447901385736,-0.6489795918367378,-9.428571428571386,0.07210884353735339,5.285714285714288,-21.762744472755486,-27.660907437797036,1,0.6000000000000001
13,-21.828026856320534,-27.629838729393988,-9.212695759915597,9.638312386590792,-25.468213684293545,28.500695048417164,-28.43090369672216,13.986646949921832,-30.9092460105757,4.875556511082811,-30.89280553329541,-30.20574617325403,-13.556718605708546,-3.1300304866423194,-14.543572647672809,-20.567780640433686,-0.6489795918367378,-9.428571428571386,0.07210884353737598,5.285714285714288,-21.828026856320534,-27.629838729393988,1,0.65
14,-21.8833878299498,-27.585421398783012,-9.287512583249615,9.633911328373896,-25.495209709085827,28.495662680391106,-28.531618080623865,13.910032556898152,-30.98634776987232,4.798296965492528,-30.904365023851607,-30.1883913418354,-13.630960856909867,-3.1400713778711546,-14.582702508400697,-20.578208224281692,-0.6489795918367378,-9.428571428571386,0.07210884353737598,5.285714285714288,-21.8833878299498,-27.585421398783012,1,0.7000000000000001
15,-21.928227141763514,-27.527022958839318,-9.358829009389993,9.629674350039865,-25.52121209797899,28.49035459348623,-28.632619854175115,13.83268803050279,-31.064598663064885,4.719833698398938,-30.91829395610307,-30.167479151121622,-13.706424547664174,-3.15024016947342,-14.622613671372982,-20.588720254412145,-0.6489795918367603,-9.42857142857137,0.07210884353735339,5.285714285714288,-21.928227141763514,-27.527022958839318,1,0.75
16,-21.96194453988192,-27.454010922438087,-9.426366408632411,9.625615763546792,-25.54613369897978,28.484764131786356,-28.73378233850768,13.75468432197207,-31.14394787488954,4.640215033709995,-30.934693877551016,-30.142857142857146,-13.783066457331731,-3.1605291631594348,-14.663290190290052,-20.59930633230746,-0.6489795918367603,-9.428571428571386,0.07210884353735339,5.285714285714288,-21.96194453988192,-27.454010922438087,1,0.8
17,-21.984140765177308,-27.36594203062109,-9.489956730830077,9.621744485798681,-25.569920112957753,28.478890762739045,-28.834995075657798,13.67609361362547,-31.22433235827944,4.559502937991473,-30.953634226373822,-30.114426929867435,-13.860843365272888,-3.1709306606395584,-14.704716118852296,-20.609956059449992,-0.6489795918367378,-9.428571428571386,0.07210884353735339,5.285714285714288,-21.984140765177308,-27.36594203062109,1,0.8500000000000001
18,-21.995220529530176,-27.263129937096835,-9.549874244065926,9.618047853483036,-25.592647952233985,28.472758447247244,-28.936212491279683,13.59699301211543,-31.30564013895544,4.477813948440397,-30.975056003458427,-30.082306409301456,-13.93971205084791,-3.1814369636240833,-14.746875510760205,-20.620659037322213,-0.6489795918367378,-9.428571428571386,0.07210884353735339,5.285714285714298,-21.995220529530176,-27.263129937096835,1,0.9
19,-21.99578953757297,-27.146077523740587,-9.606503795980274,9.614507808233181,-25.614426581992383,28.466397269577758,-29.037405231931928,13.517460855177546,-31.387747010835284,4.395278244911631,-30.998868100368874,-30.046667549389337,-14.01962929341708,-3.192040373823329,-14.78975241971413,-20.63140486740651,-0.6489795918367603,-9.42857142857137,0.07210884353735339,5.285714285714298,-21.99578953757297,-27.146077523740587,1,0.9500000000000001
20,-21.986453493938242,-27.01528767242752,-9.660230234213557,9.61110629168249,-25.635365367416867,28.45983731399743,-29.13854394417316,13.437575480547466,-31.470528767836758,4.312026007260053,-31.024979408669264,-30.007682318361066,-14.10055187234072,-3.20273319294766,-14.833330899414491,-20.64218315118528,-0.6489795918367378,-9.428571428571386,0.07210884353735339,5.285714285714288,-21.986453493938242,-27.01528767242752,1,1.0
21,-21.967818103258463,-26.87126326503283,-9.71143840640611,9.607825245464348,-25.6555736736914,28.453108664773048,-29.239599274562057,13.357415225960786,-31.55386120387764,4.228187415340524,-31.053298819923643,-29.96552268444654,-14.182436566979089,-3.2135077227073774,-14.877595003561757,-20.652983490140908,-0.6489795918367378,-9.428571428571386,0.07210884353737598,5.285714285714288,-21.967818103258463,-26.87126326503283,1,1.05
22,-21.94048907016614,-26.71450718343175,-9.760513160198327,9.604646611212083,-25.675160865999857,28.4462414061714,-29.340541869657226,13.277058429153154,-31.637620112875712,4.143892649007903,-31.083735225696092,-29.920360615875847,-14.265240156692503,-3.2243562648128017,-14.922528785856276,-20.663795485755838,-0.6489795918367603,-9.42857142857137,0.07210884353735339,5.285714285714298,-21.94048907016614,-26.71450718343175,1,1.1
23,-21.90507209929381,-26.54552230949943,-9.807839343230583,9.601552330559105,-25.694236309526193,28.439265622459352,-29.441342376017293,13.196583427860169,-31.72168128874875,4.059271888117062,-31.116197517550667,-29.87236808087901,-14.34891942084125,-3.2352711209742773,-14.968116299998504,-20.67460873951247,-0.6489795918367378,-9.428571428571386,0.07210884353735339,5.285714285714288,-21.90507209929381,-26.54552230949943,1,1.1500000000000001
24,-21.86217289527395,-26.36481152511111,-9.853801803143242,9.598524345138753,-25.712909369454312,28.43221139790366,-29.541971440200935,13.116068559817482,-31.805920525414518,3.974455312522835,-31.15059458705148,-29.821717047685944,-14.433431138785638,-3.2462445929021255,-15.014341599688839,-20.685412852893187,-0.6489795918367378,-9.42857142857137,0.07210884353737598,5.285714285714288,-21.86217289527395,-26.36481152511111,1,1.2000000000000002
25,-21.81239716273903,-26.172877712142,-9.898785387576666,9.595544596584396,-25.731289410968177,28.425108816771168,-29.64239970876676,13.035592162760715,-31.890213616790778,3.8895731020801376,-31.18683532576255,-29.768579484526736,-14.518732089885916,-3.257268982306647,-15.061188738627724,-20.69619742738041,-0.6489795918367378,-9.428571428571386,0.07210884353735339,5.285714285714288,-21.81239716273903,-26.172877712142,1,1.25
26,-21.756350606321604,-25.970223752467284,-9.943174944171222,9.5925950265294,-25.749485799251673,28.41798796332864,-29.7425978282734,12.955232574425457,-31.97443635679535,3.8047554366437866,-31.22482862524797,-29.713127359631322,-14.604779053502442,-3.268336590898206,-15.108641770515565,-20.706952064456555,-0.6489795918367378,-9.428571428571386,0.07210884353735339,5.285714285714288,-21.756350606321604,-25.970223752467284,1,1.3
27,-21.694638930654147,-25.75735252796218,-9.98735532056735,9.589657576607108,-25.767607899488734,28.41087892184293,-29.842536445279496,12.875068132547367,-32.05846453934596,3.7201324960686657,-31.26448337707181,-29.655532641229783,-14.69152880899547,-3.279439720387113,-15.156684749052749,-20.717666365604,-0.6489795918367378,-9.428571428571386,0.07210884353737598,5.285714285714288,-21.694638930654147,-25.75735252796218,1,1.35
28,-21.627867840369177,-25.53476692050186,-10.03171136440535,9.586714188450923,-25.785765076863328,28.403811776580856,-29.942186206343692,12.795177174862072,-32.142173958360445,3.6358344602096486,-31.30570847279815,-29.595967297552022,-14.77893813572528,-3.290570672483689,-15.205301727939727,-20.728329932305158,-0.6489795918367378,-9.428571428571386,0.07210884353735339,5.285714285714288,-21.627867840369177,-25.53476692050186,1,1.4000000000000001
29,-21.556643040099196,-25.30296981196157,-10.076627923325617,9.583746803694199,-25.804066696559318,28.396816611809193,-30.041517758024614,12.715638039105164,-32.2254404077565,3.551991508921566,-31.348412803991025,-29.53460329682809,-14.866963813052202,-3.301721748898259,-15.254476760876885,-20.73893236604245,-0.6489795918367378,-9.428571428571386,0.07210884353737598,5.285714285714288,-21.556643040099196,-25.30296981196157,1,1.4500000000000002
30,-21.481570234476674,-25.062464084216483,-10.122489844968534,9.580737363970252,-25.822622123760652,28.389923511794763,-30.1405017468809,12.636529063012313,-32.30813968145195,3.4687338220593116,-31.392505262214556,-29.471612607288016,-14.955562620336512,-3.3128852513411533,-15.304193901564691,-20.74946326829828,-0.6489795918367378,-9.428571428571386,0.07210884353737598,5.285714285714288,-21.481570234476674,-25.062464084216483,1,1.5
31,-21.40325512813417,-24.8137526191418,-10.169681976974475,9.577667810912539,-25.841540723651285,28.383162560804365,-30.239108819471205,12.557928584319093,-32.39014757336457,3.38619157947774,-31.437894739032767,-29.40716719716175,-15.044691336938492,-3.324053481522707,-15.3544372037035,-20.759912240555046,-0.6489795918367378,-9.428571428571386,0.07210884353735339,5.285714285714288,-21.40325512813417,-24.8137526191418,1,1.55
32,-21.322303425704145,-24.557338298612738,-10.218589166983797,9.574520086154363,-25.860931861415093,28.37656384310483,-30.33730962235413,12.47991494076115,-32.47133987741212,3.3044949610317107,-31.48449012600975,-29.341439034679336,-15.13430674221844,-3.335218741153241,-15.405190720993746,-20.770268884295156,-0.6489795918367378,-9.428571428571386,0.07210884353735339,5.285714285714288,-21.322303425704145,-24.557338298612738,1,1.6
33,-21.2393208318191,-24.293724004504508,-10.269596262636924,9.571276131329089,-25.88090490223604,28.370157442962963,-30.43507480208833,12.402566470074113,-32.55159238751239,3.223774146576103,-31.532200314709577,-29.27460008807074,-15.224365615536673,-3.3463733319430844,-15.456438507135871,-20.780522801001023,-0.6489795918367378,-9.428571428571386,0.07210884353737598,5.285714285714288,-21.2393208318191,-24.293724004504508,1,1.6500000000000001
34,-21.154913051111564,-24.02341261869229,-10.32308811157416,9.567917888070106,-25.901569211298025,28.363973444645577,-30.53237500523245,12.325961509993615,-32.63078089758314,3.144159315965766,-31.580934196696326,-29.206822325565962,-15.314824736253469,-3.3575095556025203,-15.508164615830268,-20.790663592155,-0.6489795918367603,-9.42857142857137,0.07210884353735339,5.285714285714298,-21.154913051111564,-24.02341261869229,1,1.7000000000000002
35,-21.069685788214045,-23.74690702305128,-10.379449561435923,9.564427298010774,-25.923034153784997,28.35804193241943,-30.629180878345124,12.250178398255258,-32.708781201542166,3.0657806490555743,-31.630600663534036,-29.13827771539504,-15.405640883729124,-3.368619713841955,-15.56035310077737,-20.80068085923956,-0.6489795918367378,-9.428571428571386,0.07210884353737598,5.285714285714298,-21.069685788214045,-23.74690702305128,1,1.75
36,-20.984244747759014,-23.46471009945668,-10.439065459862578,9.560786302784429,-25.945409094880866,28.352392990551404,-30.72546306798498,12.17529547259468,-32.78546909330723,2.9887683257003785,-31.681108606786804,-29.06913822578794,-15.49677083732391,-3.3796961083716623,-15.612988015677551,-20.81056420373711,-0.6489795918367378,-9.428571428571386,0.07210884353737598,5.285714285714288,-20.984244747759014,-23.46471009945668,1,1.8
37,-20.899195634378984,-23.177324729783766,-10.502320654494468,9.556976844024465,-25.968803399769556,28.347056703308297,-30.821192220710657,12.10139107074749,-32.86072036679609,2.913252525755022,-31.732366918018688,-28.9995758249747,-15.588171376398142,-3.3907310409019664,-15.666053414231298,-20.82030322713002,-0.6489795918367378,-9.428571428571386,0.07210884353737598,5.285714285714288,-20.899195634378984,-23.177324729783766,1,1.85
38,-20.81514415270645,-22.88525379590766,-10.569599992972005,9.552980863364233,-25.99332643363501,28.34206315495686,-30.916338983080774,12.028543530449328,-32.93441081592655,2.839363429074434,-31.78428448879376,-28.929762481185307,-15.67979928031213,-3.401716813143207,-15.71953335013896,-20.829887530900685,-0.6489795918367603,-9.428571428571386,0.07210884353737598,5.285714285714298,-20.81514415270645,-22.88525379590766,1,1.9000000000000001
39,-20.732696007373924,-22.58900017970358,-10.641288322935544,9.548780302437109,-26.019087561661117,28.337442429763975,-31.01087400165398,11.95683118943581,-33.00641623461636,2.7672312155134247,-31.836770210676097,-28.859870162649756,-15.771611328426113,-3.41264572680571,-15.773411877100978,-20.839306716531556,-0.6489795918367603,-9.428571428571386,0.07210884353735339,5.285714285714288,-20.732696007373924,-22.58900017970358,1,1.9500000000000002
40,-20.652456903013938,-22.28906676304673,-10.717770492025483,9.544357102876468,-26.04619614903184,28.333224611996396,-31.104767922988934,11.886332385442563,-33.07661241678333,2.6969860649268487,-31.889732975229766,-28.790070837598023,-15.863564300100464,-3.4235100835998007,-15.827673048817791,-20.848550385505025,-0.6489795918367378,-9.428571428571386,0.07210884353735339,5.285714285714288,-20.652456903013938,-22.28906676304673,1,2.0
41,-20.575032544258946,-21.98595642781233,-10.799431347882162,9.539693206315656,-26.074761560931083,28.32943978592098,-31.197991393644248,11.81712545620522,-33.14487515634519,2.628758157169619,-31.943081674018824,-28.72053647426017,-15.955614974695399,-3.4343021852358144,-15.882300918989786,-20.857608139303462,-0.6489795918367603,-9.428571428571386,0.07210884353737598,5.285714285714288,-20.575032544258946,-21.98595642781233,1,2.0500000000000003
42,-20.501028635741488,-21.68017205587555,-10.886655738145988,9.534770554388027,-26.10489316254278,28.326118035804495,-31.290515060178546,11.749288739459393,-33.211080247219755,2.5626776720965765,-31.99672519860737,-28.651439040866137,-16.047720131571246,-3.445014333424057,-15.937279541317364,-20.866469579409294,-0.6489795918367378,-9.428571428571386,0.07210884353737598,5.285714285714288,-20.501028635741488,-21.68017205587555,1,2.1
43,-20.431050882094038,-21.372216529111647,-10.979828510457313,9.529571088726957,-26.136700319050856,28.323289445913765,-31.38230956915049,11.682900572940706,-33.2751034833248,2.4988747895625796,-32.05057244055944,-28.58295050564598,-16.139836550088294,-3.455638829874872,-15.99259296950099,-20.875124307304958,-0.6489795918367378,-9.428571428571386,0.07210884353735339,5.285714285714288,-20.431050882094038,-21.372216529111647,1,2.15
44,-20.365704987949115,-21.062592729395757,-11.079334512456512,9.524076750965834,-26.17029239563924,28.3209841005156,-31.47334556711871,11.618039294384781,-33.33682065857806,2.4374796894225033,-32.10453229143913,-28.515242836829657,-16.231921009606854,-3.4661679762985718,-16.048225257241068,-20.883561924472804,-0.6489795918367378,-9.428571428571386,0.07210884353737598,5.285714285714288,-20.365704987949115,-21.062592729395757,1,2.2
45,-20.30559665793922,-20.751803538603152,-11.185558591783954,9.518269482737987,-26.20577875749184,28.319232083876813,-31.563593700641835,11.554783241527254,-33.39610756689735,2.378622551531173,-32.1585136428105,-28.44848800264719,-16.323930289487205,-3.4765940744054764,-16.10416045823797,-20.891772032395288,-0.6489795918367603,-9.428571428571386,0.07210884353737598,5.285714285714298,-20.30559665793922,-20.751803538603152,1,2.25
46,-20.251331596696854,-20.44035183860898,-11.298885596080034,9.512131225676816,-26.243268769792603,28.318063480264225,-31.653024616278504,11.493210752103733,-33.45284000220043,2.322433555743511,-32.21242538623762,-28.382857971328576,-16.41582116908962,-3.48690942590595,-16.16038262619215,-20.899744232554784,-0.6489795918367378,-9.428571428571386,0.07210884353735339,5.285714285714288,-20.251331596696854,-20.44035183860898,1,2.3000000000000003
47,-20.203515508854522,-20.128740511288488,-11.41970037298509,9.505643921415652,-26.28287179772543,28.317508373944637,-31.74160896058735,11.433400163849855,-33.50689375840508,2.269042881914343,-32.26617641328456,-28.318524711103844,-16.50755042777443,-3.497106332510284,-16.216875814804023,-20.907468126433724,-0.6489795918367378,-9.428571428571386,0.07210884353737598,5.285714285714288,-20.203515508854522,-20.128740511288488,1,2.35
48,-20.16275409904473,-19.817472438516834,-11.548387770139534,9.49878951158788,-26.32469720647427,28.31759684918484,-31.82931738012701,11.375429814501238,-33.55814462942906,2.21858070989853,-32.31967561551539,-28.255660190202924,-16.599074844901903,-3.507177095928813,-16.273624077773995,-20.914933315514478,-0.6489795918367378,-9.428571428571386,0.07210884353737598,5.285714285714288,-20.16275409904473,-19.817472438516834,1,2.4000000000000004
49,-20.129653071899956,-19.50705050216923,-11.685332635183713,9.491549937826866,-26.36885436122305,28.318358990251646,-31.91612052145614,11.319378041793511,-33.60646840919016,2.171177219550963,-32.372831884494175,-28.1944363768559,-16.69035119983235,-3.5171140178718634,-16.330611468802477,-20.92212940127949,-0.6489795918367378,-9.428571428571404,0.07210884353737598,5.285714285714288,-20.129653071899956,-19.50705050216923,1,2.45
50,-20.10481813205273,-19.197977584120906,-11.83091981575803,9.483907141765965,-26.41545262715567,28.31982488141188,-32.001989031133334,11.265323183462293,-33.65174089160616,2.1269625907264693,-32.42555411178502,-28.135025239292716,-16.781336271926055,-3.5269094000497545,-16.387822041589914,-20.92904598521113,-0.6489795918367378,-9.428571428571386,0.07210884353735339,5.285714285714288,-20.10481813205273,-19.197977584120906,1,2.5
51,-20.088854984135544,-18.890756566247028,-11.98553415950282,9.475843065038536,-26.464601369456062,28.322024606932366,-32.08689355571727,11.213343577243206,-33.69383787059482,2.0860670032799566,-32.47775118895193,-28.07759874574339,-16.871986840543293,-3.5365555441728223,-16.445239849836696,-20.935672668791813,-0.6489795918367378,-9.428571428571404,0.07210884353737598,5.285714285714288,-20.088854984135544,-18.890756566247028,1,2.5500000000000003
52,-20.08236933278092,-18.58589033042283,-12.149560514058487,9.467339649277958,-26.516409953308187,28.324988251079862,-32.17080474176655,11.163517560871874,-33.732635140073924,2.04862063706627,-32.52933200755903,-28.022328864437956,-16.962259685044394,-3.5460447519514107,-16.502848947243226,-20.941999053503977,-0.6489795918367603,-9.428571428571386,0.07210884353737598,5.285714285714288,-20.08236933278092,-18.58589033042283,1,2.6
53,-20.08596688262133,-18.283881758523496,-12.323383727065398,9.458378836117598,-26.570987743895927,28.328745898121245,-32.25369323583984,11.11592347208395,-33.768008493961254,2.0147536719402592,-32.580205459170365,-27.969387563606368,-17.05211158478961,-3.555369325095812,-16.560633387509966,-20.94801474083,-0.6489795918367378,-9.428571428571404,0.07210884353737598,5.285714285714288,-20.08596688262133,-18.283881758523496,1,2.6500000000000004
54,-20.10025333828928,-17.985233732424255,-12.507388646163916,9.448942567190809,-26.628444106403208,28.33332763232329,-32.33552968449577,11.070639648615005,-33.79983372617456,1.9845962877567935,-32.63028043535001,-27.918946811478666,-17.14149931913928,-3.5645215653163653,-16.618577224337308,-20.95370933225227,-0.6489795918367603,-9.428571428571386,0.07210884353735339,5.285714285714288,-20.10025333828928,-17.985233732424255,1,2.7
55,-20.1258344044173,-17.690449134000286,-12.701960118994407,9.439012784130965,-26.68888840601397,28.338763537952797,-32.41628473429295,11.027744428200695,-33.82798663063165,1.9582786643707568,-32.67946582766204,-27.871178576284812,-17.230379667453658,-3.573493774323382,-16.676664511425653,-20.959072429253233,-0.6489795918367378,-9.428571428571404,0.07210884353737598,5.285714285714288,-20.1258344044173,-17.690449134000286,1,2.75
56,-20.163315785637877,-17.400030845126796,-12.907482993197274,9.428571428571423,-26.752430007912146,28.345083699276547,-32.49592903179004,10.987316148576648,-33.852343001250276,1.9359309816369896,-32.72767052767052,-27.826254826254825,-17.318709409093067,-3.582278253827226,-16.73487930247541,-20.96409363331526,-0.6489795918367378,-9.428571428571404,0.0721088435374061,5.285714285714288,-20.163315785637877,-17.400030845126796,1,2.8000000000000003
57,-20.21315776801625,-17.114389551967705,-13.124161649737623,9.417615470561104,-26.819162035871624,28.352280832823862,-32.5744355885927,10.949409887543988,-33.87283759929149,1.9176190041437586,-32.774831899779585,-27.784261990581896,-17.406445323417795,-3.5908673055382088,-16.793205651187048,-20.968762545920775,-0.6489795918367378,-9.428571428571404,0.07210884353737598,5.285714285714288,-20.257302518759587,-16.084609320601224,1,2.85
58,-20.275238963348613,-16.833567157841966,-13.351478602879558,9.406201993811079,-26.889112648026174,28.360198184173644,-32.65178687649461,10.91398768316582,-33.88964105538944,1.903150835412857,-32.82100119975355,-27.744944342312007,-17.493544189788107,-3.5992532311666348,-16.851627611260934,-20.973068768552178,-0.6489795918367378,-9.428571428571404,0.0721088435374061,5.285714285714288,-20.348984848617366,-14.801439812438785,1,2.9000000000000004
59,-20.349292564863898,-16.557513370357157,-13.588735900211896,9.394403110447996,-26.962293761099545,28.3686416311673,-32.727967732336474,10.880988313570784,-33.90298296752151,1.892270163699475,-32.86625815619684,-27.707960615454244,-17.579962787564323,-3.607428332422855,-16.91012923639749,-20.9770019026919,-0.6489795918367603,-9.428571428571404,0.07210884353737598,5.285714285714288,-20.43836277521121,-13.550522320639518,1,2.95
60,-20.435051765791066,-16.28617789712096,-13.835235589323533,9.382290932598494,-27.03871729181548,28.377417051646237,-32.80296299295904,10.850350556887506,-33.913092933665105,1.884720677258847,-32.910682497713815,-27.672969544017743,-17.665657896106747,-3.615384911017161,-16.96869458029716,-20.9805515498223,-0.6489795918367603,-9.428571428571404,0.07210884353737598,5.285714285714288,-20.52543629854112,-12.331856845203378,1,3.0
61,-20.532249759359004,-16.019510445741005,-14.090279717803252,9.369937572389178,-27.118395156897712,28.386330323451794,-32.876757495202995,10.822013191244608,-33.92020055179762,1.8802460643461343,-32.95435395290887,-27.6396298620117,-17.750586294775648,-3.6231152686599155,-17.02730769666034,-20.98370731142581,-0.6489795918367378,-9.428571428571404,0.07210884353737598,5.285714285714288,-20.61020541860711,-11.145443386130413,1,3.0500000000000003
62,-20.640619738796694,-15.757460723824918,-14.353170333239973,9.357415141946682,-27.20133927306999,28.395187324425418,-32.94933607590907,10.79591499477075,-33.924535419896486,1.878590013216562,-32.99735225038641,-27.60760030344522,-17.834704762931324,-3.630611707061445,-17.08595263918745,-20.98645878898483,-0.6489795918367378,-9.428571428571386,0.07210884353737598,5.285714285714288,-20.69267013540916,-9.991281943420567,1,3.1
63,-20.759894897333027,-15.499978438980353,-14.623209483222501,9.344795753397655,-27.287561557056048,28.403793932408444,-33.02068357191797,10.771994745594519,-33.92632713593908,1.8794962121252958,-33.03975711875081,-27.576539602327404,-17.917970079934076,-3.637866527932055,-17.144613461578885,-20.988795583981805,-0.6489795918367378,-9.428571428571404,0.07210884353737598,5.285714285714288,-20.77283044894729,-8.869372517073906,1,3.1500000000000004
64,-20.889808428196957,-15.247013298814968,-14.89969921533968,9.332151518868734,-27.37707392557965,28.411956025242336,-33.090784820070404,10.750191221844544,-33.925805297902805,1.8827083493275607,-33.08164828660649,-27.546106492667445,-18.000339025144196,-3.6448720329820854,-17.20327421753509,-20.99070729789905,-0.6489795918367603,-9.428571428571386,0.07210884353737598,5.285714285714288,-20.850686359221484,-7.779715107090354,1,3.2
65,-21.030093524617424,-14.998515010936337,-15.181941577180357,9.319554550486519,-27.46988829536452,28.419479480768405,-33.15962465720712,10.73044320164948,-33.923199503765076,1.8879701130785425,-33.12310548255781,-27.51595970847445,-18.08176837792198,-3.651620523921838,-17.26191896075647,-20.99218353221906,-0.6489795918367378,-9.428571428571404,0.07210884353737598,5.285714285714288,-20.92623786623175,-6.722309713470002,1,3.25
66,-21.180483379823347,-14.75443328295218,-15.469238616333394,9.307076960377687,-27.566016583134413,28.42617017682811,-33.22718792016878,10.712689463137917,-33.9187393515033,1.8950251916334269,-33.16420843520917,-27.48575798375758,-18.162214917627686,-3.6581043024616906,-17.320531744943455,-20.99321388842419,-0.6489795918367603,-9.428571428571386,0.07210884353737598,5.285714285714288,-20.999484969978088,-5.69715633621275,1,3.3000000000000003
67,-21.340711187043674,-14.514717822470082,-15.760892380387602,9.294790860668833,-27.66547070561306,28.431833991262767,-33.29345944579613,10.696868784438502,-33.912654439094844,1.9036172732474335,-33.205036873164964,-27.455160052525954,-18.241635423621684,-3.6643156703119057,-17.379096623796446,-20.993787967996873,-0.6489795918367378,-9.428571428571404,0.0721088435374061,5.285714285714288,-21.07042767046049,-4.704254975318673,1,3.35
68,-21.51051013950733,-14.279318337097699,-16.056204916931886,9.282768363486607,-27.768262579524226,28.43627680191385,-33.35842407092989,10.682919943679863,-33.90517436451715,1.913490046175748,-33.24567052502959,-27.423824648788692,-18.319986675264193,-3.6702469291828432,-17.43759765101584,-20.9938953724195,-0.6489795918367378,-9.428571428571404,0.0721088435374061,5.285714285714288,-21.139065967678977,-3.7436056307877275,1,3.4000000000000004
69,-21.68961343044324,-14.048184534442669,-16.35447827355504,9.271081580957633,-27.87440412159163,28.439304486622706,-33.42206663241077,10.670781718990629,-33.89652872574761,1.9243871986735568,-33.286189119407425,-27.391410506554973,-18.39722545191557,-3.6758903807848236,-17.49601888030211,-20.99352570317445,-0.6489795918367603,-9.428571428571386,0.07210884353737598,5.285714285714298,-21.205399861633513,-2.815208302619953,1,3.45
70,-21.87775425308037,-13.82126612211262,-16.655014497845944,9.259802625208534,-27.983907248539023,28.440722923230705,-33.484371967079475,10.660392888499423,-33.88694712076363,1.9360524189960886,-33.326672384902885,-27.357576359833896,-18.473308532936024,-3.6812383268281956,-17.554344365355607,-20.992668561744203,-0.6489795918367603,-9.428571428571404,0.0721088435374061,5.285714285714288,-21.26942935232413,-1.9190629908153207,1,3.5
71,-22.07466580064763,-13.598512807715215,-16.95711563739343,9.249003608365962,-28.09678387709016,28.440337989579252,-33.54532491177672,10.651692230334866,-33.876659147542604,1.9482293953984904,-33.36720005012032,-27.321980942634617,-18.548192697685927,-3.686283069023261,-17.612558159876787,-20.991313549611096,-0.6489795918367227,-9.428571428571404,0.0721088435374061,5.285714285714288,-21.331154439750833,-1.05516969537383,1,3.5500000000000003
72,-22.280081266373948,-13.379874298858091,-17.26008373978632,9.238756642556542,-28.213045923968764,28.437955563509753,-33.604910303343225,10.644618522625587,-33.86589440406192,1.9606618161360019,-33.40785184366416,-27.284282988966297,-18.621834725525552,-3.6910169090803255,-17.67064431756605,-20.989450268257556,-0.6489795918367378,-9.428571428571404,0.0721088435374061,5.285714285714298,-21.390575123913578,-0.22352841629548606,1,3.6
73,-22.49373384348829,-13.16530030314886,-17.563220852613487,9.229133839906902,-28.332705305898582,28.433381522863602,-33.66311297861971,10.63911054350023,-33.854882488299005,1.973093369463813,-33.44870749413878,-27.24414123283803,-18.694191395815167,-3.6954321487097634,-17.728586892123833,-20.987068319166,-0.6489795918367378,-9.428571428571404,0.07210884353737598,5.285714285714288,-21.44769140481241,0.5758608464197065,1,3.6500000000000004
74,-22.715356725219532,-12.954740528195178,-17.8658290234638,9.220207312543685,-28.45577393960338,28.42642174548216,-33.71991777444687,10.635107071087386,-33.84385299823127,1.9852677436370858,-33.48984673014858,-27.201214408258966,-18.765219487915097,-3.6995210896218658,-17.786369937250537,-20.984157303818808,-0.6489795918367378,-9.428571428571404,0.0721088435374061,5.285714285714288,-21.502503282447314,1.3429980927717522,1,3.7
75,-22.944683104796656,-12.748144681604689,-18.167210299926037,9.21204917259351,-28.58226374180687,28.41688210920685,-33.77530952766545,10.632546883515722,-33.83303553183609,1.9969286269110789,-33.531349280297924,-27.155161249238283,-18.834875781185616,-3.7032760335269916,-17.84397750664656,-20.98070682369845,-0.6489795918367378,-9.428571428571404,0.0721088435374061,5.285714285714288,-21.55501075681828,2.0778833227606466,1,3.75
76,-23.181446175448585,-12.54546247098504,-18.46666672958912,9.204731532183011,-28.71218662923283,28.40456849187906,-33.829273075116134,10.631368758913831,-33.822659687090876,2.0078197075409436,-33.57329487319125,-27.105640489785046,-18.903117054987007,-3.7066892821354274,-17.901393654012352,-20.976706480287234,-0.6489795918367378,-9.428571428571404,0.0721088435374061,5.285714285714288,-21.605213827925326,2.7805165363863846,1,3.8000000000000003
77,-23.42537913040425,-12.346643603943855,-18.763500360041856,9.198326503438814,-28.84555451860495,28.389286771340128,-33.88179325363966,10.63151147541038,-33.81295506197304,2.017684673781866,-33.615763237432915,-27.052310863908453,-18.969900088679598,-3.7097531371575094,-17.958602433048313,-20.972145875067664,-0.6489795918367378,-9.428571428571404,0.0721088435374061,5.285714285714288,-21.65311249576843,3.450897733648981,1,3.85
78,-23.676215162892582,-12.151637788088758,-19.057013238873083,9.192906198487583,-28.982379326647024,28.370842825431513,-33.93285490007672,10.632913811133939,-33.80415125445998,2.02626721388909,-33.658834101627306,-26.99483110561761,-19.035181661623675,-3.7124599003035956,-18.015587897454854,-20.967014609522053,-0.6489795918367378,-9.428571428571404,0.0721088435374061,5.285714285714288,-21.698706760347616,4.08902691454843,1,3.9000000000000004
79,-23.933687466142537,-11.960394731027428,-19.346507413671667,9.18854272945591,-29.122672970082778,28.349042531994574,-33.982442851268054,10.635514544213187,-33.7964778625291,2.0333110161177865,-33.702587194378836,-26.932859948921664,-19.098918553179484,-3.7148018732839834,-18.072334100932387,-20.961302285132877,-0.6489795918367378,-9.428571428571404,0.07210884353737598,5.285714285714288,-21.741996621662867,4.694904079084733,1,3.95
80,-24.197529233383015,-11.772864140367458,-19.631284932026453,9.185308208470461,-29.26644736563596,28.323691768870702,-34.030541944054356,10.63925245277673,-33.79016448415779,2.038559768723142,-33.747102244291895,-26.86605612782976,-19.161067542707386,-3.716771357808982,-18.128825097181355,-20.954998503382505,-0.6489795918367378,-9.428571428571404,0.0721088435374061,5.285714285714288,-21.782982079714188,5.26852922725788,1,4.0
81,-24.46747365784295,-11.588995723716534,-19.910647841526295,9.183274747657824,-29.413714430030286,28.29459641390129,-34.07713701527636,10.644066314953193,-33.78544071732347,2.0417571599603903,-33.79245897997086,-26.794078376351024,-19.22158540956763,-3.7183606555889672,-18.18504493990215,-20.94809286575335,-0.6489795918367378,-9.428571428571404,0.0721088435374061,5.285714285714288,-21.82166313450157,5.809902359067866,1,4.05
82,-24.743253932751312,-11.40873918868226,-20.183898189759987,9.182514459144656,-29.564486079989532,28.26156234492774,-34.122212901774745,10.649894908871186,-33.782536160003545,2.0426468780846685,-33.83873713002012,-26.71658542849461,-19.280428933120536,-3.7195620683342194,-18.240977682795183,-20.940574973727827,-0.6489795918367378,-9.428571428571404,0.0721088435374061,5.285714285714288,-21.85803978602504,6.319023474514724,1,4.1000000000000005
83,-25.024603251337002,-11.232044242872306,-20.450338024316434,9.183099455057603,-29.71877423223742,28.224395439791422,-34.16575444039026,10.65667701265937,-33.78168041017539,2.0409726113512305,-33.88601642304408,-26.63323601826962,-19.337554892726367,-3.7203678977550885,-18.2966073795609,-20.93243442878834,-0.6489795918367378,-9.428571428571404,0.0721088435374061,5.285714285714288,-21.892112034284573,6.795892573598421,1,4.15
84,-25.31125480682899,-11.058860593894286,-20.709269392784467,9.185101847523294,-29.87659080349771,28.18290157633371,-34.20774646796361,10.664351404446364,-33.78310306581645,2.0364780480152382,-33.93437658764712,-26.543688879685224,-19.392920067745447,-3.7207704455619095,-18.351918083899694,-20.92366083241727,-0.6489795918367378,-9.42857142857141,0.0721088435374061,5.285714285714288,-21.923879879280168,7.240509656318967,1,4.2
85,-25.60294179245615,-10.889137949355833,-20.959994342752932,9.188593748668328,-30.037947710494127,28.13688663239602,-34.2481738213355,10.672856862360772,-33.787033724904084,2.0289068763319107,-33.98389735243365,-26.447602746750558,-19.446481237538066,-3.7207620134649697,-18.406893849512,-20.914243786097053,-0.6489795918367378,-9.42857142857141,0.0721088435374061,5.285714285714288,-21.953343321011843,7.65287472267638,1,4.25
86,-25.899397401447462,-10.722826016864623,-21.201814921810676,9.193647270619373,-30.20285686995043,28.08615648581976,-34.287021337346665,10.682132164531245,-33.79370198541572,2.018002784556434,-34.034658446008045,-26.34463635347474,-19.498195181464478,-3.720334903174642,-18.461518730098188,-20.904172891310097,-0.6489795918367378,-9.42857142857141,0.0721088435374061,5.285714285714288,-21.98050235947959,8.032987772670632,1,4.3
87,-26.200354827031852,-10.559874504028285,-21.434033177546517,9.200334525503045,-30.371330198590357,28.030517014446296,-34.324273852837806,10.692116089086388,-33.803337445328744,2.003509460944004,-34.08673959697469,-26.234448433866937,-19.54801867888503,-3.719481416401208,-18.515776779358724,-20.893437749538805,-0.6489795918367378,-9.42857142857141,0.0721088435374061,5.285714285714288,-22.005356994683407,8.380848806301751,1,4.3500000000000005
88,-26.505547262438267,-10.400233118454409,-21.65595115754934,9.208727625445984,-30.543379613137652,27.969774096117042,-34.35991620464962,10.70274741415484,-33.81616970262059,1.9851705937498156,-34.14022053393799,-26.11669772193626,-19.595908509159962,-3.718193854855038,-18.569652050994016,-20.882027962265553,-0.6489795918367378,-9.428571428571404,0.0721088435374061,5.285714285714288,-22.02790722662328,8.696457823569707,1,4.4
89,-26.81470790089561,-10.2438515677507,-21.866870909407968,9.21889868257481,-30.71901703031605,27.903733608673363,-34.39393322962287,10.713964917865248,-33.83242835526863,1.9627298712290788,-34.19518098550233,-25.991042951691856,-19.641821451649626,-3.716464520246422,-18.623128598704458,-20.869933130972747,-0.6489795918367378,-9.42857142857141,0.0721088435374061,5.285714285714288,-22.04815305529924,8.979814824474518,1,4.45
90,-27.127569935632817,-10.090679559524752,-22.066094480711268,9.230919809016173,-30.89825436684931,27.83220142995665,-34.42630976459821,10.725707378346211,-33.852343001250276,1.9359309816369896,-34.25170068027211,-25.85714285714286,-19.685714285714283,-3.7142857142857104,-18.676190476190477,-20.857142857142854,-0.6489795918367378,-9.428571428571404,0.0721088435374061,5.285714285714288,-22.066094480711268,9.230919809016173,1,4.5
91,-27.443865258259972,-9.940669568616217,-22.2531254633904,9.244833665696062,-31.0810708051283,27.755014502858938,-34.4570474050344,10.737919045047228,-33.876090858553475,1.9046119938113908,-34.30983802951725,-25.714774384044212,-19.727565065402295,-3.71165409967135,-18.728827478359655,-20.84365319596405,-0.6489795918367378,-9.42857142857141,0.0721088435374061,5.285714285714288,-22.2531254633904,9.244833665696062,1,4.55
92,-27.763320553911612,-9.793785138792607,-22.42827362674599,9.260565108738064,-31.267314590212543,27.672134030474872,-34.48621478086215,10.750566052701346,-33.90363962520833,1.8689884989209171,-34.36956617516994,-25.56418732513401,-19.767436943514216,-3.70858378305431,-18.78105236494827,-20.82948601744795,-0.6489795918367378,-9.42857142857141,0.0721088435374061,5.285714285714288,-22.42827362674599,9.260565108738064,1,4.6000000000000005
93,-28.085661206103396,-9.64999258105349,-22.59205028442098,9.278009543065108,-31.456801232828656,27.583552280949718,-34.51389728063015,10.76362000736242,-33.93490461925548,1.8293704687168304,-34.43083694182788,-25.405749684896183,-19.805414347538715,-3.7050932320737053,-18.832883636899716,-20.814669645311916,-0.6489795918367378,-9.42857142857141,0.0721088435374061,5.285714285714288,-22.59205028442098,9.278009543065108,1,4.65
94,-28.410612598351012,-9.5092582063984,-22.744966750058303,9.297062373600136,-31.649346243703295,27.48926152242879,-34.540180292887136,10.777052515084348,-33.96980115873559,1.7860678749504033,-34.493602154088784,-25.239829467814605,-19.841581704964366,-3.7012009143686853,-18.88433979515739,-20.799232403273436,-0.6489795918367378,-9.42857142857141,0.0721088435374061,5.285714285714288,-22.744966750058303,9.297062373600136,1,4.7
95,-28.73790011417012,-9.3715483258268,-22.88753433730092,9.317619005266128,-31.844765133563104,27.38925402305734,-34.565149206181815,10.790835181921038,-34.00824456168927,1.7393906893729127,-34.55781363655034,-25.066794678373174,-19.87602344327989,-3.696925297578302,-18.935439340664782,-20.783202615049806,-0.6489795918367378,-9.42857142857141,0.0721088435374061,5.285714285714288,-22.88753433730092,9.317619005266128,1,4.75
96,-29.067249137076395,-9.236829250338287,-23.02026435979174,9.339574842985966,-32.04287341313472,27.283522050980608,-34.58888940906291,10.804939613926365,-34.05015014615719,1.6896488837356067,-34.62342321381029,-24.887013321055843,-19.90882398997389,-3.6922848493416955,-18.986200774365248,-20.766608604358527,-0.6489795918367378,-9.42857142857141,0.0721088435374061,5.285714285714288,-23.02026435979174,9.339574842985966,1,4.800000000000001
97,-29.39838505058551,-9.10506729093235,-23.143668131173744,9.362825291682642,-32.2434865931448,27.172057874343935,-34.61148629007913,10.81933741715421,-34.09543323018,1.6371524297898064,-34.69038271046633,-24.700853400346485,-19.940067772534952,-3.6872980372979565,-19.036642597202242,-20.749478694916974,-0.6489795918367378,-9.42857142857141,0.0721088435374061,5.285714285714288,-23.143668131173744,9.362825291682642,1,4.8500000000000005
98,-29.731033238213158,-8.976228758608547,-23.258256965089853,9.387265756279078,-32.44642018431996,27.054853761292563,-34.63302523777919,10.834000197658485,-34.14400913179833,1.58221129928673,-34.75864395111618,-24.50868292072902,-19.96983921845177,-3.681983329086219,-19.086783310119188,-20.731841210442568,-0.6489795918367378,-9.42857142857141,0.0721088435374061,5.285714285714288,-23.258256965089853,9.387265756279078,1,4.9
99,-30.06491908347496,-8.850279964366392,-23.364542175183026,9.41279164169823,-32.65148969738688,26.931901979971798,-34.65359164071181,10.848899561493067,-34.19579316905282,1.5251354639776988,-34.82815876035754,-24.310869886687332,-19.998222755212954,-3.6763591923455885,-19.136641414059486,-20.713724474652686,-0.6489795918367378,-9.428571428571423,0.0721088435374061,5.285714285714288,-23.364542175183026,9.41279164169823,1,4.95
100,-30.39976796988662,-8.727187219205407,-23.463035075096204,9.43929835286304,-32.85851064307217,26.80319479852691,-34.67327088742569,10.864007114711855,-34.25070065998414,1.4662348956139704,-34.89887896278813,-24.107782302705356,-20.02530281030713,-3.6704440947151475,-19.186235409966564,-20.695156811264802,-0.6489795918367378,-9.428571428571429,0.0721088435374061,5.285714285714288,-23.463035075096204,9.43929835286304,1,5.0
101,-30.735305280963814,-8.606916834125133,-23.554246978472314,9.466681294696427,-33.067298532102484,26.66872448510316,-34.69214836646956,10.879294463368716,-34.30864692263292,1.4058195659467974,-34.97075638300565,-23.899788173266987,-20.05116381122295,-3.6642565038340584,-19.23558379878386,-20.676166543996278,-0.6489795918367378,-9.428571428571423,0.0721088435374061,5.285714285714288,-23.554246978472314,9.466681294696427,1,5.050000000000001
102,-31.071256400222204,-8.489435120125098,-23.638689198954317,9.494835872121373,-33.27766887520446,26.52848330784584,-34.71030946639215,10.89473321351756,-34.3695472750398,1.3441994467274718,-35.04374284560783,-23.68725550285612,-20.075890185449055,-3.6578148873413876,-19.284705081454774,-20.656781996564515,-0.6489795918367378,-9.428571428571423,0.0721088435374061,5.285714285714288,-23.638689198954317,9.494835872121373,1,5.1000000000000005
103,-31.40734671117746,-8.374708388204827,-23.716873050185168,9.523657490060813,-33.48943718310477,26.38246353490021,-34.72783957574214,10.910294971212263,-34.43331703524544,1.28168450970729,-35.11779017519237,-23.470552295956658,-20.09956636047406,-3.651137712876251,-19.333617758922735,-20.63703149268694,-0.6489795918367227,-9.428571428571423,0.0721088435374061,5.285714285714288,-23.716873050185168,9.523657490060813,1,5.15
104,-31.743301597345262,-8.262702949363856,-23.789309845807775,9.553041553437678,-33.702418966530004,26.23065743441157,-34.74482408306826,10.925951342506742,-34.49987152129047,1.2185847266374805,-35.192850196356986,-23.25004655705252,-20.122276763786612,-3.6442434480777695,-19.382340332131164,-20.616943356080938,-0.6489795918367378,-9.428571428571423,0.0721088435374061,5.285714285714288,-23.789309845807775,9.553041553437678,1,5.2
105,-32.078846442241264,-8.15338511460169,-23.85651089946512,9.582883467174923,-33.91642973620686,26.07305727452521,-34.76134837691924,10.941673933454851,-34.56912605121555,1.155210069269354,-35.26887473369938,-23.02610629062759,-20.144105822875346,-3.6371505605850567,-19.430891302023475,-20.596545910463938,-0.6489795918367378,-9.428571428571423,0.0721088435374061,5.285714285714288,-23.85651089946512,9.582883467174923,1,5.25
106,-32.41370662938115,-8.046721194917893,-23.91898752480012,9.613078636195478,-34.13128500286196,25.909655323386392,-34.77749784584377,10.957434350110523,-34.64099594306131,1.0918705093541596,-35.34581561181728,-22.79909950116581,-20.1651379652289,-3.6298775180372185,-19.479289169543115,-20.57586747955337,-0.6489795918367378,-9.428571428571423,0.0721088435374061,5.285714285714288,-23.91898752480012,9.613078636195478,1,5.300000000000001
107,-32.7476075422806,-7.942677501311985,-23.977251035455733,9.643522465422302,-34.346800277221924,25.740443849140398,-34.793357878390594,10.973204198527595,-34.71539651486839,1.0288760186431734,-35.423624655308366,-22.56939419315104,-20.185457618335896,-3.622442788073356,-19.527552435633485,-20.55493638706662,-0.6489795918367378,-9.428571428571423,0.0721088435374061,5.285714285714288,-23.977251035455733,9.643522465422302,1,5.3500000000000005
108,-33.080274564455266,-7.841220344783484,-24.031812745074898,9.674110359778345,-34.56279107001343,25.565415119932467,-34.80901386310839,10.98895508476,-34.79224308467746,0.9665365688876775,-35.50225368877038,-22.33735837106725,-20.20514920968497,-3.61486483833257,-19.575699601237982,-20.533780956721092,-0.6489795918367378,-9.428571428571423,0.0721088435374061,5.285714285714288,-24.031812745074898,9.674110359778345,1,5.4
109,-33.41143307942084,-7.7423160363319035,-24.08318396730057,9.704737724186531,-34.77907289196311,25.384561403907963,-34.8245511885459,11.004658614861606,-34.87145097052914,0.9051621318389639,-35.581654536801025,-22.103360039398275,-20.224297166764785,-3.6071621364540083,-19.623749167300076,-20.512429512234174,-0.6489795918367378,-9.428571428571429,0.0721088435374061,5.285714285714288,-24.08318396730057,9.704737724186531,1,5.45
110,-33.74080847069298,-7.6459308869568146,-24.131876015775674,9.735299963569805,-34.99546125379759,25.197874969212094,-34.840055243251825,11.020286394886305,-34.952935490464114,0.8450626792482561,-35.66177902399802,-21.86776720262803,-20.242985917063933,-3.599353150076734,-19.671719634763157,-20.490910377323328,-0.6489795918367378,-9.428571428571429,0.0721088435374061,5.285714285714288,-24.131876015775674,9.735299963569805,1,5.5
111,-34.068126121787365,-7.5520312076577065,-24.178400204143166,9.76569248285114,-35.211771666243536,25.00534808399016,-34.855611415774916,11.035810030888005,-35.03661196252299,0.7865481828668845,-35.74257897495907,-21.63094786524046,-20.26129988807108,-3.591456346839896,-19.719629504570655,-20.46925187570592,-0.6489795918367378,-9.428571428571429,0.0721088435374061,5.285714285714288,-24.178400204143166,9.76569248285114,1,5.550000000000001
112,-34.393111416219654,-7.460583309434118,-24.223267846046006,9.795810686953446,-35.42781964002758,24.80697301638745,-34.87130509466383,11.051201128920574,-35.12239570474642,0.7299286144460779,-35.82400621428187,-21.39327003171947,-20.279323507274857,-3.5834901943826036,-19.767497277665978,-20.44748233109941,-0.6489795918367378,-9.428571428571423,0.0721088435374061,5.285714285714288,-24.223267846046006,9.795810686953446,1,5.6000000000000005
113,-34.715489737505536,-7.371553503285618,-24.2669902551271,9.825549980799686,-35.64342068587635,24.602742034549223,-34.88722166846734,11.066431295037916,-35.21020203517505,0.6755139457371376,-35.90601256656416,-21.155101706548948,-20.29714120216388,-3.575473160343949,-19.815341454992573,-20.425630067221118,-0.6489795918367378,-9.428571428571423,0.0721088435374061,5.285714285714288,-24.2669902551271,9.825549980799686,1,5.65
114,-35.034986469160664,-7.284908100211667,-24.310078745029408,9.854805769312794,-35.85839031451653,24.39264740662076,-34.903446525734104,11.081472135293899,-35.29994627184952,0.6236141484913214,-35.98854985640362,-20.916810894212784,-20.3148374002268,-3.567423712363023,-19.86318053749382,-20.403723407788576,-0.6489795918367378,-9.428571428571429,0.0721088435374061,5.285714285714288,-24.310078745029408,9.854805769312794,1,5.7
115,-35.35132699470072,-7.2006134112118625,-24.353044629395878,9.883473457415727,-36.07254403667472,24.176681400747363,-34.920065055012884,11.09629525574244,-35.39154373281049,0.5745391944599157,-36.07156990839798,-20.678765599194904,-20.33249652895225,-3.5593603180789795,-19.91103302611319,-20.381790676519064,-0.6489795918367378,-9.428571428571429,0.0721088435374061,5.285714285714288,-24.353044629395878,9.883473457415727,1,5.75
116,-35.66423669764138,-7.118635747285675,-24.396399221869476,9.91144845003144,-36.28569736307759,23.954836285074293,-34.93716264485238,11.110872262437423,-35.48490973609861,0.5285990553941979,-36.155024547144976,-20.4413338259792,-20.35020301582885,-3.5513014451309184,-19.958917421794077,-20.359860197130104,-0.6489795918367378,-9.428571428571429,0.0721088435374061,5.285714285714288,-24.396399221869476,9.91144845003144,1,5.800000000000001
117,-35.97344096149829,-7.038941419432678,-24.440653836093098,9.938626152082819,-36.49766580445176,23.72710432774683,-34.95482468380129,11.125174761432705,-35.579959599754496,0.48610370304539685,-36.23886559724227,-20.204883579049582,-20.368041288345257,-3.5432655611579116,-20.00685222547989,-20.337960293339016,-0.6489795918367603,-9.428571428571423,0.0721088435374061,5.285714285714288,-24.440653836093098,9.938626152082819,1,5.8500000000000005
118,-36.278665169787175,-6.961496738652346,-24.486319785709735,9.96490196849287,-36.708264871523916,23.493477796910252,-34.973136560408356,11.13917435878223,-35.676608641818824,0.4473631091648571,-36.3230448832876,-19.969782862889968,-20.386095773990128,-3.535271133799114,-20.05485593811409,-20.31611928886323,-0.6489795918367378,-9.428571428571429,0.0721088435374061,5.285714285714288,-24.486319785709735,9.96490196849287,1,5.9
119,-36.579634706023654,-6.886268015944285,-24.533908384362306,9.990171304184512,-36.91731007502066,23.253948960709838,-34.99218366322229,11.152842660539852,-35.774772180332214,0.41268724550380254,-36.407514229878686,-19.736399681984242,-20.40445090025203,-3.5273366306936005,-20.102947060640055,-20.294365507420185,-0.6489795918367378,-9.428571428571423,0.0721088435374061,5.285714285714288,-24.533908384362306,9.990171304184512,1,5.95
120,-36.87607495372341,-6.813221562307984,-24.583930945693755,10.014329564080699,-37.12461692566865,23.008510087290873,-35.01205138079179,11.166151272759466,-35.87436553333533,0.38238608381350075,-36.49222546161321,-19.505102040816332,-20.423191094619664,-3.5194805194805165,-20.15114409400124,-20.27272727272726,-0.6489795918367378,-9.428571428571429,0.0721088435374061,5.285714285714288,-24.583930945693755,10.014329564080699,1,6.0
121,-37.16777598430072,-6.74225625330496,-24.63678767633286,10.03729959616163,-37.33008011173417,22.757244731310195,-35.0328731520572,11.179078632102742,-35.975354389752184,0.3566827260336714,-36.577119719034016,-19.27617664149714,-20.44238408781049,-3.5117178510186537,-20.19946101192882,-20.251227857071186,-0.6489795918367378,-9.428571428571429,0.0721088435374061,5.285714285714288,-25.749147931434724,10.407983259501453,1,6.050000000000001
122,-37.45478662076416,-6.673001222744852,-24.692434354851695,10.05911402063672,-37.53391103164217,22.50060159347095,-35.05497461752544,11.191630497662374,-36.0779059220402,0.33545279485757784,-36.66209540646438,-19.04958497664561,-20.462030823457553,-3.504050009045555,-20.247893679305268,-20.22987032701573,-0.6489795918367378,-9.428571428571429,0.0721088435374061,5.285714285714288,-26.876863680852964,10.788967640586854,1,6.1000000000000005
123,-37.73722037402091,-6.605018168999261,-24.750715652808186,10.079832900772601,-37.73640026135722,22.23912066098789,-35.07872946809498,11.203819459138863,-36.182237673540264,0.31848504316692616,-36.747040244172666,-18.825207236507705,-20.48211554842275,-3.496474960518419,-20.29643343380075,-20.208652697693985,-0.6489795918367378,-9.428571428571429,0.0721088435374061,5.285714285714288,-27.967078193948534,11.157282707336869,1,6.15
124,-38.01519075497815,-6.537868790439806,-24.811476241760207,10.099516299835956,-37.937838376843885,21.973341921075672,-35.104511394664385,11.215658106232699,-36.28856718759317,0.3055682238434318,-36.83184195242726,-18.60292361132938,-20.502622509567942,-3.488990672394558,-20.345071613085516,-20.187572984238997,-0.6489795918367378,-9.428571428571429,0.0721088435374061,5.285714285714288,-29.0197914707214,11.512928459751503,1,6.2
125,-38.288811274543065,-6.4711147854381075,-24.874560793265683,10.11822428109341,-38.13851595406676,21.703805360949037,-35.13269408813214,11.227159028644364,-36.397112007539775,0.2964910897687912,-36.91638825149653,-18.38261429135659,-20.523535953755054,-3.481595111631147,-20.39379955482974,-20.16662920178388,-0.6489795918367227,-9.428571428571432,0.07210884353742117,5.285714285714288,-30.035003511171578,11.855904897830758,1,6.25
126,-38.55819544362281,-6.404317852365789,-24.939813978882523,10.136016907811639,-38.33872356899043,21.431050967822713,-35.163651239396756,11.238334816074294,-36.50808967672086,0.29104239382469105,-37.00056686164886,-18.16415946683533,-20.544840127845948,-3.474286245185478,-20.44260859670367,-20.14581936546175,-0.6489795918367378,-9.428571428571429,0.0721088435374061,5.285714285714288,-31.012714315299036,12.186212021574631,1,6.300000000000001
127,-38.82345677312458,-6.337039689594456,-25.00708047016862,10.152954243257302,-38.53875179757945,21.155618728911406,-35.1977565393568,11.249198058223051,-36.62171773847731,0.2890108888928228,-37.084265503152636,-17.94743932801152,-20.566519278702543,-3.4670620400147554,-20.491490076377506,-20.125141490405618,-0.6489795918367378,-9.428571428571429,0.0721088435374061,5.285714285714288,-31.952923883103807,12.503849830983116,1,6.3500000000000005
128,-39.08470877395558,-6.268841995495724,-25.07620493868192,10.169096350697044,-38.73889121579844,20.87804863142985,-35.23538367891073,11.259761344791093,-36.7382137361499,0.2901853278549311,-37.167371896276244,-17.732334065131106,-20.58855765318671,-3.4599204630762284,-20.540435331521465,-20.10459359174861,-0.6489795918367378,-9.428571428571429,0.0721088435374061,5.285714285714288,-32.855632214585896,12.808818326056219,1,6.4
129,-39.34206495702294,-6.199286468441222,-25.147032055980286,10.184503293397526,-38.93943239961194,20.59888066259272,-35.276906348957105,11.27003726547884,-36.85779521307951,0.2943544635926736,-37.249773761288026,-17.518723868440077,-20.610939498160338,-3.4528594813271436,-20.589435699805744,-20.084173684623803,-0.6489795918367378,-9.428571428571429,0.0721088435374061,5.285714285714288,-33.72083930974526,13.101117506793946,1,6.45
130,-39.59563883323386,-6.127934806802546,-25.21940649362163,10.199235134625432,-39.14066592498454,20.31865480961475,-35.322698240394416,11.280038409986865,-36.98067971260694,0.3013070489877563,-37.331358818456394,-17.306488928184372,-20.63364906048532,-3.445877061724722,-20.638482518900577,-20.063879784164264,-0.6489795918367378,-9.428571428571429,0.0721088435374061,5.285714285714288,-34.548545168581946,13.380747373196279,1,6.5
131,-39.845543913495526,-6.054348708951337,-25.29317292316389,10.213351937647381,-39.34288236788084,20.037911059710677,-35.37313304412118,11.289777368015608,-37.10708477807302,0.3108318369218998,-37.41201478804972,-17.09550943460998,-20.656670587023573,-3.4389711712262354,-20.68756712647619,-20.043709905503093,-0.6489795918367378,-9.428571428571429,0.0721088435374061,5.285714285714288,-35.33874979109593,13.647707925263255,1,6.550000000000001
132,-40.09189370871509,-5.978089873259204,-25.368176016164924,10.226913765730039,-39.54637230426539,19.757189400095196,-35.428584451035945,11.299266729265552,-37.23722795281859,0.3227175802767761,-37.491629390336385,-16.885665577962808,-20.679988324636952,-3.432139776788898,-20.73668086020274,-20.023662063773372,-0.6489795918367378,-9.428571428571429,0.0721088435374061,5.285714285714288,-36.09145317728722,13.90199916299483,1,6.6000000000000005
133,-40.334801729799764,-5.898719998097757,-25.44426044418269,10.239980682140095,-39.75142631010281,19.47702981798302,-35.489426152037204,11.308519083437195,-37.371326780184475,0.3367530319341347,-37.57009034558477,-16.676837548488834,-20.703586520187383,-3.425380845369929,-20.78581505775051,-20.00373427410814,-0.6489795918367378,-9.428571428571429,0.0721088435374061,5.285714285714288,-36.8066553271558,14.143621086391043,1,6.65
134,-40.574381487656694,-5.815800781838624,-25.52127087877507,10.252612750144195,-39.95833496135765,19.197972300588887,-35.55603183802348,11.31754702023103,-37.5095988035115,0.3527269447756285,-37.64728537406324,-16.468905536434054,-20.727449420536725,-3.418692343926625,-20.83496105678968,-19.98392455164055,-0.6489795918367378,-9.428571428571429,0.0721088435374061,5.285714285714288,-37.48435624070169,14.37257369545185,1,6.7
135,-40.810746493193086,-5.728893922853408,-25.599051991499966,10.264870033008954,-40.16738883399448,18.92055683512749,-35.62877519989328,11.326363129347497,-37.652261566140496,0.37042807168295866,-37.72310219604018,-16.26174973204439,-20.751561272546905,-3.412072239416172,-20.884110194990445,-19.964230911503616,-0.6489795918367378,-9.428571428571429,0.0721088435374061,5.285714285714288,-38.12455591792489,14.588856990177286,1,6.75
136,-41.04401025731609,-5.637561119513755,-25.677448453915297,10.276812594001084,-40.3788785039779,18.645323408813564,-35.70802992854514,11.334980000487128,-37.7995326114123,0.3896451655378505,-37.79742853178398,-16.055250325565794,-20.775906323079766,-3.405518498795832,-20.933253810023057,-19.944651368830463,-0.6489795918367378,-9.428571428571429,0.0721088435374061,5.285714285714288,-38.727254358825384,14.792470970567342,1,6.800000000000001
137,-41.27428629093291,-5.541364070191221,-25.756304937578975,10.28850049638721,-40.5930945472725,18.372812008861796,-35.794169714877576,11.34341022335039,-37.95162948266773,0.4101669792219954,-37.870152101563015,-15.84928750724423,-20.80046881899725,-3.3990290890228443,-20.98238323955769,-19.925183938754156,-0.6489795918367378,-9.428571428571429,0.0721088435374061,5.285714285714288,-39.29245156340318,14.983415636622036,1,6.8500000000000005
138,-41.50168810495071,-5.439864473257495,-25.835466114048877,10.299993803434017,-40.81032753984284,18.10356262248693,-35.88756824978909,11.351666387637747,-38.10876972324762,0.43178226561708016,-37.941160625645644,-15.643741467325677,-20.825233007161195,-3.3926019770544418,-21.03148982126462,-19.905826636407774,-0.6489795918367378,-9.428571428571429,0.0721088435374061,5.285714285714288,-39.82014753165828,15.161690988341313,1,6.9
139,-41.726329210276674,-5.332624027084147,-25.914776654882946,10.311352578408137,-41.0308680576535,17.83811523690365,-35.98859922417821,11.359761083049712,-38.27117087649279,0.4542797776048204,-38.010341824300276,-15.43849239605607,-20.85018313443356,-3.386235129847893,-21.080564892813985,-19.88657747692441,-0.6489795918367227,-9.428571428571432,0.07210884353742117,5.285714285714288,-40.31034226359068,15.327297025725239,1,6.95
140,-41.948323117817964,-5.219204430042805,-25.99408123163906,10.322636884576234,-41.25500667666907,17.577009839326717,-36.097636328943445,11.367706899286752,-38.439050485744076,0.4774482680669075,-38.07758341779527,-15.233420483681371,-20.875303447676174,-3.379926514360378,-21.12959979187603,-19.867434475437133,-0.6489795918367378,-9.428571428571429,0.0721088435374061,5.285714285714288,-40.763035759200385,15.480233748773765,1,7.0
141,-42.167783338481776,-5.099167380505097,-26.073224515875147,10.333906785204983,-41.483033972854116,17.320786416970815,-36.21505325498333,11.375516426049357,-38.612626094342325,0.5010764898850718,-38.14277312639901,-15.028405920447561,-20.90057819375095,-3.373674097549174,-21.17858585612099,-19.848395647079048,-0.6489795918367378,-9.428571428571423,0.0721088435374061,5.285714285714288,-41.178228018487395,15.620501157486911,1,7.050000000000001
142,-42.384823383175295,-4.972074576842648,-26.15205117914909,10.345222343561026,-41.71524052217323,17.069984957050668,-36.341223693196355,11.383202253038023,-38.79211524562834,0.5249531959409757,-38.20579867037986,-14.823328896600563,-20.925991619519802,-3.3674758463715246,-21.22751442321905,-19.82945900698321,-0.6489795918367378,-9.428571428571429,0.0721088435374061,5.285714285714288,-41.555919041451716,15.748099251864687,1,7.1000000000000005
143,-42.59955676280568,-4.837487717427035,-26.230405893018826,10.356643622911017,-41.95191690059101,16.82514544678099,-36.47652133448107,11.390776969953206,-38.97773548294296,0.5488671391163493,-38.26654777000625,-14.61806960238636,-20.95152797184459,-3.3613297277846534,-21.276376830840427,-19.810622570282707,-0.6489795918367378,-9.428571428571429,0.07210884353742117,5.285714285714288,-41.896108828093325,15.863028031907065,1,7.15
144,-42.81209698828011,-4.694968500629894,-26.308133329042256,10.368230686521626,-42.193353684071994,16.586807873376507,-36.62131986973596,11.398253166495403,-39.16970434962702,0.5726070722928456,-38.3249081455465,-14.412508228050873,-20.97717149758722,-3.3552337087458093,-21.32516441665536,-19.79188435211063,-0.6489795918367378,-9.428571428571429,0.0721088435374061,5.285714285714288,-42.19879737841223,15.96528749761407,1,7.2
145,-43.02255757050578,-4.544078624822878,-26.38507815877727,10.380043597659508,-42.43984144858079,16.355512224051918,-36.775992989859574,11.405643432365107,-39.36823938902134,0.5959617483522234,-38.38076751726901,-14.206524963840101,-21.002906443609586,-3.3491857562122167,-21.373868518334035,-19.773242367600034,-0.6489795918367378,-9.428571428571429,0.0721088435374061,5.285714285714288,-42.463984692408445,16.054877648985688,1,7.25
146,-43.23105202038985,-4.38437978837754,-26.461085053781762,10.392142419591313,-42.69167077008197,16.131798486021946,-36.94091438575041,11.412960357262795,-39.57355814446675,0.6187199201761407,-38.434013605442175,-14.0,-21.028717056773555,-3.343183837141147,-21.42248047354667,-19.75469463188404,-0.6489795918367378,-9.428571428571429,0.0721088435374061,5.285714285714288,-42.69167077008197,16.131798486021946,1,7.300000000000001
147,-43.43772371574455,-4.215760342324695,-26.536044794218206,10.404574599171081,-42.94895690400235,15.91604402411948,-37.11623987856034,11.420068033961329,-39.78570919397835,0.6406643645083121,-38.48457988814812,-13.792831361722408,-21.054590419186272,-3.3372247289984744,-21.470998915202593,-19.73623588424368,-0.6489795918367378,-9.428571428571432,0.0721088435374061,5.285714285714288,-42.94895690400235,15.91604402411948,1,7.3500000000000005
148,-43.64283550200228,-4.039415248331817,-26.610032594667004,10.41733711760238,-43.21111382361771,15.70797571365008,-37.30125381045469,11.426236567523093,-40.00406525426826,0.6615539535404872,-38.53258287472409,-13.58498841398291,-21.0805249539358,-3.3313004512847963,-21.519451657167462,-19.717847760551937,-0.6489795918367378,-9.428571428571423,0.0721088435374061,5.285714285714288,-43.21111382361771,15.70797571365008,1,7.4
149,-43.84668009150045,-3.856866120725553,-26.68316977831311,10.430414339676128,-43.477380181666014,15.507157807537451,-37.495022653852054,11.430587566082787,-40.22783007672291,0.6811415833263322,-38.57818483232107,-13.376458356702907,-21.10652191935536,-3.325401834009399,-21.56787380854607,-19.699508620829736,-0.6489795918367378,-9.428571428571423,0.0721088435374061,5.285714285714288,-43.477380181666014,15.507157807537451,1,7.45
150,-44.04955019657648,-3.6696345738325142,-26.755577668341534,10.44379063018328,-43.74699463088528,15.31315455870531,-37.69661288117114,11.432242637775232,-40.45620741272867,0.6991801499196054,-38.62154802809004,-13.167228389803894,-21.132582573778247,-3.3195197071815,-21.616300478443186,-19.681196825098052,-0.6489795918367378,-9.428571428571423,0.0721088435374061,5.285714285714288,-43.74699463088528,15.31315455870531,1,7.5
151,-44.251738529567845,-3.479242221979323,-26.827377587937193,10.457450353914764,-44.019195824013515,15.125530220077408,-37.905090964830585,11.430323390735126,-40.688401013671964,0.7154225493740265,-38.66283472918202,-12.95728571320727,-21.158708175537743,-3.3136449008104143,-21.664766775963606,-19.662890733377772,-0.6489795918367227,-9.428571428571429,0.07210884353744376,5.285714285714288,-44.019195824013515,15.125530220077408,1,7.550000000000001
152,-44.453537802811944,-3.287210679492626,-26.89869086028507,10.471377875661501,-44.29322241378871,14.943849044577437,-38.11952337724904,11.42395143309724,-40.923614630939184,0.7296216777433099,-38.70220720274799,-12.746617526834534,-21.18489998296712,-3.3077682449053505,-21.713307810212115,-19.6445687056899,-0.6489795918367378,-9.428571428571429,0.0721088435374061,5.285714285714288,-44.29322241378871,14.943849044577437,1,7.6000000000000005
153,-44.65524072864622,-3.0950615606990413,-26.96963880857011,10.485557560214453,-44.56831305294887,14.767675285129148,-38.33897659084516,11.412248372996345,-41.16105201591674,0.7415304310811851,-38.73982771593895,-12.535211030607112,-21.211159254399647,-3.301880569475589,-21.76195869029346,-19.626209102055327,-0.6489795918367378,-9.428571428571423,0.0721088435374061,5.285714285714288,-44.56831305294887,14.767675285129148,1,7.65
154,-44.8571400194081,-2.9043164799252277,-27.040342755977306,10.499973772364552,-44.84370639423198,14.596573194656251,-38.5625170780376,11.39433581856715,-41.39991691999101,0.7509017054413667,-38.7758585359059,-12.323053424446464,-21.237487248168584,-3.295972704530378,-21.81075452531245,-19.607790282495042,-0.6489795918367378,-9.428571428571429,0.07210884353742117,5.285714285714288,-44.84370639423198,14.596573194656251,1,7.7
155,-45.059528387435,-2.716497051497828,-27.110924025691585,10.5146108769027,-45.11864109037603,14.430107026082458,-38.78921131124501,11.369335377944422,-41.6394130945484,0.757488396877584,-38.810461929799814,-12.110131908274035,-21.2638852226072,-3.290035480078993,-21.859730424373833,-19.589290607029966,-0.6489795918367378,-9.428571428571429,0.07210884353742117,5.285714285714288,-45.11864109037603,14.430107026082458,1,7.75
156,-45.26269854506438,-2.5331248897434016,-27.181503940897922,10.529453238619883,-45.39235579411906,14.267841032331498,-39.01812576288605,11.336368659262925,-41.87874429097534,0.7610434014435563,-38.843800164771714,-11.896433682011265,-21.2903544360488,-3.284059726130676,-21.908921496582433,-19.57068843568103,-0.6489795918367378,-9.428571428571429,0.07210884353742117,5.285714285714288,-45.39235579411906,14.267841032331498,1,7.800000000000001
157,-45.466943204633665,-2.3557216089886612,-27.25220382478129,10.544485222307006,-45.66408915819904,14.109339466327107,-39.24832690537937,11.29455727065739,-42.117114260658205,0.7613196151930227,-38.876035507972574,-11.681945945579622,-21.316896146826632,-3.2780362726947034,-21.958362851043,-19.551962128469214,-0.6489795918367378,-9.428571428571423,0.0721088435374061,5.285714285714288,-45.66408915819904,14.109339466327107,1,7.8500000000000005
158,-45.67255507848027,-2.1858088235602255,-27.32314500052663,10.55969119275502,-45.933079835353965,13.954166580992982,-39.47888121114363,11.243022820262574,-42.35372675498341,0.7580699341796594,-38.9073302265534,-11.466655898900555,-21.343511613273957,-3.271955949780351,-22.00808959686032,-19.53309004541542,-0.6489795918367378,-9.428571428571429,0.0721088435374061,5.285714285714288,-45.933079835353965,13.954166580992982,1,7.9
159,-45.87982687894164,-2.0249081477846964,-27.39444879131891,10.575055514754846,-46.198566478321844,13.801886629252872,-39.70885515259746,11.180886916213236,-42.58778552533734,0.7510472544572292,-38.93784658766519,-11.250550741895502,-21.370202093724078,-3.2658095873968187,-22.058136843139167,-19.51405054654066,-0.6489795918367378,-9.428571428571429,0.0721088435374061,5.285714285714288,-46.198566478321844,13.801886629252872,1,7.95
160,-46.08905131835521,-1.874541195988716,-27.466236520343095,10.590562553097435,-46.45978773984067,13.652063864030483,-39.93731520215955,11.1072711666441,-42.8184943231064,0.7400044720794421,-38.96774685845892,-11.03361767448591,-21.396968846510255,-3.25958801555343,-22.108539698984327,-19.494821991865752,-0.6489795918367378,-9.428571428571429,0.07210884353742117,5.285714285714288,-46.45978773984067,13.652063864030483,1,8.0
161,-46.3005211090584,-1.736229582498925,-27.538629510784144,10.6061966725737,-46.71598227264845,13.504262538249542,-40.163327832248534,11.021297179689943,-43.04505689967701,0.7246944831000272,-38.99719330608559,-10.815843896593258,-21.423813129965737,-3.253282064259413,-22.15933327350059,-19.47538274141176,-0.6489795918367378,-9.428571428571423,0.0721088435374061,5.285714285714288,-46.71598227264845,13.504262538249542,1,8.05
162,-46.514528963388635,-1.6114949216419747,-27.611749085827014,10.621942237974617,-46.96638872948318,13.358046904833772,-40.38595951528305,10.922086563485495,-43.26667700643554,0.7048701835726896,-39.02634819769622,-10.597216608138973,-21.450736202423837,-3.246882563524029,-22.21055267579271,-19.455711155199552,-0.6489795918367378,-9.428571428571423,0.0721088435374061,5.285714285714288,-46.96638872948318,13.358046904833772,1,8.1
163,-46.731367593683366,-1.5018588277444733,-27.685716568656687,10.637783614091093,-47.21024576308286,13.212981216706886,-40.60427672368178,10.808760926165517,-43.482558394768404,0.6802844695511393,-39.05537380044178,-10.377723009044528,-21.47773932221779,-3.2403803433565543,-22.262233014965478,-19.43578559325017,-0.6489795918367378,-9.428571428571423,0.0721088435374061,5.285714285714288,-47.21024576308286,13.212981216706886,1,8.15
164,-46.95132971228001,-1.408842915133052,-27.760653282458094,10.653705165714054,-47.446792026185484,13.068629726792619,-40.817345929863365,10.680441875864767,-43.69190481606203,0.6506902370891635,-39.08443238147327,-10.157350299231334,-21.504823747680888,-3.2337662337662367,-22.314409400123683,-19.415584415584412,-0.6489795918367378,-9.428571428571429,0.0721088435374061,5.285714285714288,-47.446792026185484,13.068629726792619,1,8.200000000000001
165,-47.17455405567575,-1.3335854270455123,-27.836604730831727,10.669684287247291,-47.675418792222644,12.924733621114292,-41.024443163884136,10.536622216784288,-43.89406521543604,0.6159810416069934,-39.113687931269396,-9.936157094459722,-21.531974604539187,-3.227037832993954,-22.367075430302467,-19.395104621892823,-0.6489795918367227,-9.428571428571423,0.07210884353742117,5.285714285714288,-47.75951214442723,11.333713342393986,1,8.25
166,-47.400563457006726,-1.2756911223641767,-27.913313139040046,10.685670491545878,-47.896127817400334,12.781741818093685,-41.225682686351206,10.37827953739037,-44.088969312943185,0.576613075991236,-39.14331133361967,-9.71448767384534,-21.55911248808983,-3.220219812207049,-22.420058664258498,-19.374417770543737,-0.6489795918367378,-9.42857142857141,0.0721088435374061,5.285714285714288,-48.05327952823007,9.703943405534652,1,8.3
167,-47.62872677356882,-1.2343813888826132,-27.99044491276101,10.701606321077707,-48.10907347861811,12.64028016925213,-41.42138831550931,10.206762622215583,-44.27669202236945,0.5331831924950103,-39.173475195641345,-9.492757732342788,-21.586141861022757,-3.213343610804568,-22.473145150678803,-19.353614059575065,-0.6489795918367378,-9.428571428571429,0.07210884353742117,5.285714285714288,-48.328094177594025,8.179319916214627,1,8.35
168,-47.85841286265795,-1.208877614394246,-28.06766645767263,10.717434318310689,-48.31441015277555,12.500974526111037,-41.61188386960323,10.023420255792553,-44.457308257500856,0.48628824337147364,-39.20435212445163,-9.271382964906525,-21.612967186027888,-3.206440668185456,-22.526120938250415,-19.332783687024627,-0.6489795918367378,-9.428571428571423,0.0721088435374061,5.285714285714288,-48.58395609251908,6.759842874433918,1,8.4
169,-48.088990581569966,-1.1984011866926731,-28.14464417945285,10.733097025712729,-48.512292216772224,12.364450740191735,-41.79749316687774,9.829601222653807,-44.63089293212337,0.4365250808737932,-39.236114727167774,-9.05077906649114,-21.63949292579518,-3.1995424237486967,-22.57877207566035,-19.312016850930362,-0.6489795918367227,-9.428571428571429,0.07210884353744376,5.285714285714288,-48.820865273005246,5.445512280192528,1,8.450000000000001
170,-48.319828787600784,-1.202173493571347,-28.22104448377966,10.748536985751718,-48.70287404750772,12.231334663015637,-41.978540025577615,9.62665430733198,-44.797520960023,0.3844905572550877,-39.268935610907,-8.831361732051118,-21.665623543014547,-3.1926803168932834,-22.630884611595675,-19.291403749330087,-0.6489795918367378,-9.428571428571423,0.0721088435374061,5.285714285714288,-49.03882171905252,4.236328133490454,1,8.5
171,-48.55029633804629,-1.2194159228237889,-28.296533776331053,10.763696740895575,-48.88631002188159,12.102252146104066,-42.15534826394761,9.415928294359636,-44.95726725498572,0.3307815247685002,-39.30298738278654,-8.613546656541065,-21.691263500375957,-3.1858857870182242,-22.682244594743388,-19.27103458026169,-0.6489795918367378,-9.428571428571429,0.07210884353742117,5.285714285714288,-49.2378254306609,3.1322904343276736,1,8.55
172,-48.779762090202354,-1.2493498622434993,-28.370778462784976,10.778518833612216,-49.062754516793426,11.977829040978413,-42.3282417002325,9.198771968269371,-45.11020673079756,0.2759948356671978,-39.33844264992363,-8.397749534915427,-21.716317260569294,-3.1791902735225075,-22.732638073790543,-19.250999541763075,-0.6489795918367378,-9.428571428571423,0.0721088435374061,5.285714285714288,-49.417876407830384,2.133399182704215,1,8.6
173,-49.00759490136489,-1.2911966996239992,-28.44344494881942,10.792945806369522,-49.232361909142796,11.858691199160052,-42.49754415267706,8.976534113593774,-45.25641430124449,0.22072734220432352,-39.37547401943551,-8.184386062128787,-21.74068928628453,-3.172625215805068,-22.781851097424152,-19.23138883187208,-0.6489795918367378,-9.428571428571429,0.07210884353742117,5.285714285714288,-49.57897465056098,1.2396543786200795,1,8.65
174,-49.23316362882977,-1.3441778227587848,-28.51419964011236,10.806920201635421,-49.395286575829275,11.745464472170335,-42.663579439526046,8.750563514865421,-45.3959648801125,0.16557589663301542,-39.41425409843939,-7.9738719331356585,-21.76428404021159,-3.1662220532649337,-22.82966971433128,-19.212292648626597,-0.6489795918367378,-9.428571428571423,0.07210884353744376,5.285714285714288,-49.72112015885268,0.45105602207523704,1,8.700000000000001
175,-49.455837129892885,-1.4075146194413717,-28.582708942341768,10.820384561877791,-49.551682893752414,11.638774711530663,-42.82667137902424,8.522208956616902,-45.5289333811876,0.11113735120641649,-39.45495549405251,-7.76662284289059,-21.787005985040405,-3.160012225301107,-22.875879973198916,-19.193801190064484,-0.6489795918367378,-9.428571428571429,0.07210884353742117,5.285714285714288,-49.84431293270548,-0.23239588693028793,1,8.75
176,-49.67498426185013,-1.480428477465266,-28.648639261185625,10.83328142956455,-49.701705239811815,11.539247768762358,-42.98714378941641,8.292819223380821,-45.65539471825578,0.058008558177684216,-39.497750813392116,-7.563054486348104,-21.808759583460905,-3.1540271713125234,-22.92026792271413,-19.176004654223615,-0.6489795918367378,-9.428571428571429,0.0721088435374061,5.285714285714288,-49.948552972119394,-0.8107013483965003,1,8.8
177,-49.889973881997385,-1.5621407846239788,-28.711657002321893,10.845553347163602,-49.845507990907045,11.447509495386809,-43.14532048894733,8.063743099689729,-45.775423805103024,0.006786369799937404,-39.542812663575425,-7.363582558462756,-21.829449298163038,-3.148298330698234,-22.962619611563937,-19.15899323914189,-0.6489795918367227,-9.428571428571432,0.07210884353744376,5.285714285714288,-50.03384027709442,-1.2838603623234095,1,8.85
178,-50.10017484763055,-1.6518729287110014,-28.77142857142858,10.857142857142856,-49.98324552393766,11.364185742925407,-43.30152529586174,7.83632937007627,-45.88909555551534,-0.0419323616736375,-39.590313651719676,-7.168622754189035,-21.84897959183673,-3.1428571428571366,-23.002721088435372,-19.142857142857142,-0.6489795918367378,-9.428571428571429,0.0721088435374061,5.285714285714288,-50.10017484763055,-1.6518729287110014,1,8.9
179,-50.3049560160455,-1.748846297519859,-28.827620374183613,10.867992501970209,-50.11507221580326,11.289902362899486,-43.45608202840445,7.611926819072967,-45.99648488327871,-0.08755078398991202,-39.640426384942096,-6.978590768481521,-21.867254927171917,-3.1377350471883,-23.040358402015475,-19.127686563407273,-0.6489795918367227,-9.428571428571432,0.07210884353742117,5.285714285714288,-50.69038376243275,-1.5921890699025287,1,8.950000000000001
180,-50.50368624453813,-1.8522822788440585,-28.879898816265012,10.87804482411358,-50.24114244340339,11.225285206830454,-43.609314504820205,7.39188423121244,-46.09766670217915,-0.129472044895748,-39.693323470359914,-6.793902296294719,-21.884179766858516,-3.13296348309069,-23.07531760099125,-19.11357169883016,-0.6489795918367378,-9.428571428571429,0.07210884353742117,5.285714285714288,-51.229899887006546,-1.537631432096031,1,9.0
181,-50.69573439040435,-1.9614022604771,-28.92793030335073,10.887242366040859,-50.361610583637656,11.170960126239624,-43.76154654335378,7.177550391027266,-46.19271592600263,-0.16709929213799768,-39.749177515090366,-6.614973032583168,-21.899658573586496,-3.12857388996328,-23.107384734049777,-19.100602747163666,-0.6489795918367378,-9.428571428571429,0.0721088435374061,5.285714285714288,-51.71872322135194,-1.4882000152914692,1,9.05
182,-50.880469310940015,-2.0754276302124754,-28.97138124111876,10.895527670219959,-50.4766310134056,11.127552972648395,-43.91310196224994,6.970274083050048,-46.28170746853516,-0.19983567346350353,-39.808161126250695,-6.442218672301404,-21.913595810045774,-3.124597707205063,-23.136345849878037,-19.088869906445645,-0.6489795918367378,-9.428571428571429,0.07210884353744376,5.285714285714288,-52.15685376546891,-1.443894819488872,1,9.1
183,-51.05725986344103,-2.193579775843735,-29.00991803524706,10.902843279118777,-50.586358109606806,11.095689597578172,-44.06430457975346,6.771404091813364,-46.36471624356273,-0.22708433661914199,-39.87044691095811,-6.276054910403958,-21.925895938926267,-3.121066374215038,-23.161986997163076,-19.07846337471399,-0.6489795918367378,-9.428571428571429,0.07210884353744376,5.285714285714288,-52.54429151935748,-1.404715844688211,1,9.15
184,-51.22547490520328,-2.3150800851643694,-29.04320709141362,10.909131735205216,-50.690946249140865,11.075995852550243,-44.215478214109126,6.5822892018497745,-46.441817164871324,-0.24824842935174105,-39.93620747632986,-6.116897441845352,-21.936463422917942,-3.1180113303921586,-23.184094224591963,-19.06947335000659,-0.6489795918367378,-9.428571428571429,0.07210884353742117,5.285714285714288,-52.88103648301764,-1.370663090889515,1,9.200000000000001
185,-51.38448329352266,-2.4391499459678556,-29.0709148152964,10.914335580947187,-50.79054980890732,11.06909758908604,-44.36694668356168,6.40427819769191,-46.51308514624695,-0.2627310994081722,-40.00561542948318,-5.965161961580129,-21.945202724710708,-3.1154640151354425,-23.20245358085168,-19.061990030361322,-0.6489795918367227,-9.428571428571429,0.07210884353744376,5.285714285714288,-53.16708865644938,-1.3417365580927791,1,9.25
186,-51.53365388569506,-2.5650107460477387,-29.092707612573395,10.918397358812596,-50.88532316580577,11.075620658706923,-44.51903380635589,6.238719863872325,-46.5785951014756,-0.2699354945352829,-40.07884337753529,-5.821264164562837,-21.952018306994496,-3.1134558678438746,-23.2168511146293,-19.056103613816003,-0.6489795918367378,-9.428571428571432,0.0721088435374061,5.285714285714288,-53.402448039652704,-1.3179362462979984,1,9.3
187,-51.67235553901636,-2.691883873197506,-29.108251888922567,10.921259611269356,-50.97542069673577,11.096190912934226,-44.67206340073655,6.086962984923632,-46.638421944343264,-0.2692647624799349,-40.156063927603405,-5.685619745747995,-21.956814632459267,-3.1120183279164078,-23.227072874611824,-19.051904298408562,-0.6489795918367378,-9.428571428571429,0.07210884353742117,5.285714285714288,-53.58711463262764,-1.2992621555051587,1,9.35
188,-51.799957110782444,-2.8189907152107008,-29.117214050021904,10.922864880785362,-51.0609967785969,11.131434203289357,-44.82635928494842,5.950356345378392,-46.692640588635946,-0.2601220509889612,-40.2374496868048,-5.558644400090134,-21.95949616379494,-3.111182834752071,-23.232904909486315,-19.049482282176815,-0.6489795918367378,-9.428571428571429,0.07210884353742117,5.285714285714288,-53.72108843537415,-1.2857142857142787,1,9.4
189,-51.91582745828922,-2.9455526598807724,-29.119260501549356,10.923155709828492,-51.142205788288734,11.18197638129367,-44.982245277236245,5.830248729769199,-46.74132594813963,-0.24191050780923803,-40.32317326225667,-5.44075382254379,-21.959967363691437,-3.110980827749865,-23.234133267939747,-19.048927763158744,-0.6489795918367378,-9.428571428571429,0.07210884353742117,5.285714285714288,-53.72108843537415,-1.2857142857142787,1,9.450000000000001
190,-52.019335438832556,-3.0707910950012693,-29.114057649182918,10.92207464086671,-51.21920210271085,11.248443298468532,-45.140045195844834,5.727988922628668,-46.78455293664032,-0.21403328068761282,-40.41340726107627,-5.332363708063486,-21.958132694838717,-3.1114437463087032,-23.230543998659247,-19.05033093939209,-0.6489795918367378,-9.428571428571429,0.0721088435374061,5.285714285714288,-53.72108843537415,-1.2857142857142787,1,9.5
191,-52.109849909708366,-3.1939274083656795,-29.101271898600597,10.919564216367878,-51.292140098762815,11.331460806335317,-45.30008285901893,5.6449257084893585,-46.822396467924,-0.1758935173709233,-40.50832429038081,-5.233889751603773,-21.953896619926695,-3.112603029827641,-23.22192315033175,-19.053782008914823,-0.6489795918367378,-9.428571428571423,0.0721088435374061,5.285714285714288,-53.72108843537415,-1.2857142857142787,1,9.55
192,-52.18673972821252,-3.3141829877675466,-29.080569655480318,10.915566978799887,-51.3611741533442,11.431654756415377,-45.46268208500331,5.58240787188384,-46.854931455776665,-0.12689436560605544,-40.60809695728755,-5.145747648119191,-21.94716360164529,-3.1144901177056226,-23.20805677164435,-19.05937116976478,-0.6489795918367378,-9.428571428571429,0.0721088435374061,5.285714285714288,-53.72108843537415,-1.2857142857142787,1,9.600000000000001
193,-52.2493737516409,-3.4307792210003574,-29.051617325500057,10.910025470630691,-51.426458643354586,11.549651000230101,-45.62816669204274,5.541784197344726,-46.88223281398432,-0.06643897313985178,-40.71289786891369,-5.068353092564224,-21.9378381026845,-3.1171364493416807,-23.188730911284054,-19.067188619979834,-0.6489795918367378,-9.428571428571429,0.07210884353742117,5.285714285714288,-53.72108843537415,-1.2857142857142787,1,9.65
194,-52.29712083728941,-3.54293749585757,-29.014081314337837,10.902882234328159,-51.488147945693534,11.686075389300841,-45.79686049838201,5.524403469404619,-46.90437545633295,0.006069512280840285,-40.82289963237649,-5.002121779893462,-21.92582458573419,-3.120573464134745,-23.163731617937906,-19.077324557597862,-0.6489795918367378,-9.428571428571429,0.07210884353742117,5.285714285714288,-53.72108843537415,-1.2857142857142787,1,9.700000000000001
