Frame,Away_262_x,Away_262_y,Away_263_x,Away_263_y,Away_264_x,Away_264_y,Away_2749_x,Away_2749_y,Away_2750_x,Away_2750_y,Away_2751_x,Away_2751_y,Away_2752_x,Away_2752_y,Away_2753_x,Away_2753_y,Away_2754_x,Away_2754_y,Away_3271_x,Away_3271_y,Away_11156_x,Away_11156_y,ball_x,ball_y,Period,Time [s]
0,-10.16734693877551,23.71428571428571,-10.744217687074833,1.5714285714285683,-10.600000000000001,-7.2857142857142865,7.138775510204085,27.0,13.051700680272116,19.28571428571429,13.772789115646251,11.285714285714286,4.9755102040816235,20.142857142857135,-1.453442859577076,11.396210021750795,4.110204081632652,-6.285714285714288,-10.16734693877551,15.857142857142852,-41.95110731939436,-0.3408267973770853,12.440841015378522,24.284477301458683,1,0.0
1,-9.98745200349001,23.768739551144506,-10.678158087192926,1.6110049212802633,-10.533804926809328,-7.2340504588668075,7.26753518915237,27.064395637175327,13.084141436229345,19.226961153104707,13.735292301909412,11.219285838575482,5.035158324491713,20.111077889103086,-1.39208209626636,11.117054089644311,4.3033084806091715,-6.390910606135076,-10.229109527585921,15.800841343918478,-41.95254013610206,-0.3087574086955624,11.862067975786655,23.207248568666166,1,0.05
2,-9.81782138797715,23.818212370510004,-10.618001657172961,1.6486047977291411,-10.475781464969756,-7.1862153163669475,7.393608579803142,27.125420508658014,13.115184633516275,19.168654592803026,13.698161297155217,11.152646015963196,5.09090980351991,20.078073329274893,-1.3354783078900647,10.84860532240572,4.484011771469897,-6.495748639379804,-10.286233670156758,15.749753194285137,-41.95848203216222,-0.27880780364320257,11.289600634680632,22.141756180044176,1,0.1
3,-9.658372622623936,23.86271577136809,-10.563719999907798,1.6841904993791135,-10.425817763833432,-7.142191366171215,7.517014226625313,27.18310265827923,13.144841464879978,19.11079102830762,13.661392352543277,11.085796984070619,5.142794176088036,20.043854020393667,-1.2836676010580343,10.590574875786185,4.6524187311328635,-6.600229457184025,-10.33897321240968,15.703615625662305,-41.96884684682291,-0.2509374768003465,10.723438992060427,21.088000135592676,1,0.15000000000000002
4,-9.509023237817242,23.902261352704627,-10.515284718290285,1.7177243248340486,-10.383801972752593,-7.1019611162363,7.637770674087825,27.237470129870132,13.173123123067413,19.053366883116876,13.624981719233132,11.018740909090917,5.190840977118103,20.008430519480523,-1.2366860823802108,10.342673905536765,4.808634136516048,-6.704354131283303,-10.38758200026643,15.662165855469473,-41.98354841933215,-0.22510592274726718,10.16358304792605,20.045980435311666,1,0.2
5,-9.369690763944039,23.93686071350548,-10.472667415213209,1.7491685726978385,-10.34962224107947,-7.065507074518805,7.7558964666595855,27.28855096726191,13.200040800825533,18.996378580729168,13.588925648384357,10.951479957217261,5.235079741532039,19.97181338355656,-1.194569858466369,10.10461356740858,4.952762764537467,-6.808123733413196,-10.432313879648675,15.625141101126097,-42.00250058893799,-0.20127263606437765,9.610032802277491,19.01569707920117,1,0.25
6,-9.240292731391248,23.966525452756546,-10.435839693569422,1.778485541574347,-10.323166718166261,-7.032811748975349,7.8714101488095265,27.33637321428571,13.225605690901372,18.939822544642848,13.553220391156467,10.884016294642855,5.275540004251711,19.934013169642856,-1.1573550359263993,9.876105017152732,5.084909392115107,-6.911539335309235,-10.473422696478117,15.592278580051662,-42.02561719488847,-0.17939711133195574,9.062788255114782,17.997150067261185,1,0.30000000000000004
7,-9.120746670545888,23.991267169443702,-10.404773156251803,1.8056375300675194,-10.304323553365172,-7.003857647562536,7.984330265006562,27.38096491477273,13.249828986041841,18.883695198356335,13.51786219870901,10.816352087560887,5.3122513001990335,19.895040434760553,-1.1250777213702123,9.656859410520314,5.205178796166932,-7.014602008706955,-10.511162296676495,15.563315509665669,-42.052812076431636,-0.15943884313037585,8.521849406437852,16.99033939949168,1,0.35000000000000003
8,-9.010970111794823,24.011097462552797,-10.379439406153132,1.83058683678119,-10.292980896028425,-6.978627278236996,8.094675359719641,27.422354112554125,13.27272187899401,18.82799296536797,13.482847322201602,10.748489502164512,5.345243164296015,19.85490573593074,-1.097774021407607,9.446587903262435,5.313675753610966,-7.11731282534197,-10.545786526165477,15.537989107387553,-42.08399907281552,-0.14135732603994,7.987216256246796,15.995265075892696,1,0.4
9,-8.910880585525057,24.026027931069734,-10.359810046166256,1.853295760319227,-10.289026895508217,-6.957103148955341,8.202463977417672,27.46056885146104,13.2942955625048,18.772712269176143,13.448172012793746,10.680430704646907,5.374545131464519,19.813619630174525,-1.075480042648472,9.245001651130183,5.410505041365232,-7.2196728569498,-10.577549230866786,15.516036590636809,-42.11909202328817,-0.12511205464099845,7.458888804541535,15.011927096464197,1,0.45
10,-8.820395622123474,24.03607017398033,-10.34585667918402,1.873726599285576,-10.292349701156773,-6.939267767674203,8.307714662569595,27.49563717532467,13.314561229321262,18.717849533279225,13.413832521645011,10.612177861201301,5.400186736626477,19.77119267451298,-1.0582318917026292,9.051811809874673,5.49577143634767,-7.321683175266048,-10.606704256702088,15.49719517683292,-42.15800476709763,-0.11066252351390148,6.9368670513221105,14.04032546120621,1,0.5
11,-8.739432751977056,24.04123579027055,-10.337550908099292,1.891841652284081,-10.302837462326277,-6.925103642350212,8.410445959644282,27.52758712797618,13.333530072190317,18.663401181175598,13.379825099914978,10.543733138020837,5.4221975147037895,19.727635425967264,-1.0460656751800346,8.866729535247009,5.569579715476293,-7.42334485202617,-10.633505449593127,15.48120208339535,-42.20065114349193,-0.09796822723893656,6.42115099658851,13.08046017011874,1,0.55
12,-8.667909505472783,24.041536378926196,-10.334864335804852,1.9076032179186295,-10.320378328368998,-6.9145932809399255,8.510676413110708,27.556446753246753,13.351213283858979,18.609363636363643,13.346145998763134,10.475098701298707,5.44060700061843,19.68295844155844,-1.0390174996904573,8.689465982998291,5.632034655669145,-7.524658958965779,-10.658206655461585,15.467794527743571,-42.24694499171913,-0.08698866039648777,5.9117406403407085,12.132331223201756,1,0.6000000000000001
13,-8.60574341299758,24.03698353893317,-10.33776856519356,1.920973594793138,-10.344860448637096,-6.907719191400038,8.608424567437773,27.582244094967535,13.367622057074268,18.555733322341716,13.312791469349103,10.406276717228089,5.455444729292301,19.63717227830763,-1.0371234718437856,8.519732308879606,5.6832410338441655,-7.625626567820439,-10.68106172022916,15.456709727297083,-42.29680015102727,-0.07768331756685712,5.408635982578776,11.195938620455287,1,0.65
14,-8.55285200493833,24.02758886927735,-10.346235199158244,1.9319150815114552,-10.376171972482812,-6.904463881687138,8.703708967094402,27.60500719696969,13.382767584583084,18.502506662608226,13.279757762832398,10.33726935200218,5.466740235647274,19.59028749323593,-1.0404196982499014,8.357239668642075,5.7233036269193285,-7.72624875032568,-10.702324489817542,15.447684899475313,-42.35013046066438,-0.07001169333039485,4.911837023302636,10.271282361879296,1,0.7000000000000001
15,-8.509152811682037,24.013363968944592,-10.360235840591741,1.9403899766774786,-10.414201049258335,-6.904809859757841,8.796548156549552,27.624764103084413,13.396661059132455,18.44968008066152,13.247041130372589,10.268078771814126,5.474523054605381,19.54231464336444,-1.0489422855186712,8.201699218036783,5.752327211812702,-7.826526578217093,-10.722248810148468,15.440457261697821,-42.406849759878504,-0.06393328226743193,4.4213437625123255,9.358362447473814,1,0.75
16,-8.474563363615648,23.994320436920788,-10.37974209238693,1.9463605788951002,-10.45883582831588,-6.908739633568739,8.886960680272075,27.641542857142863,13.40931367346939,18.397250000000003,13.214637823129237,10.198707142857154,5.478822721088436,19.493264285714275,-1.0627273402599462,8.052822112814845,5.770416565442211,-7.926461123230157,-10.74108852714365,15.434764031383985,-42.46687188791769,-0.059407578958328315,3.9371562002078764,8.457178877238842,1,0.8
17,-8.4490011911261,23.970469872191796,-10.404725557436542,1.9497891867682031,-10.509964459007671,-6.916235711076518,8.974965082731023,27.6553715029762,13.420736620340842,18.345212844122017,13.182544092261882,10.129156631324413,5.479668770018444,19.443146977306544,-1.081810969083532,7.910319508727355,5.777676464725948,-8.026053457100526,-10.759097486724723,15.430342425953343,-42.530110684029985,-0.056394077983366625,3.4592743363892424,7.567731651174381,1,0.8500000000000001
18,-8.432383824600329,23.94182387374353,-10.435157838633554,1.9506380989006746,-10.567475090685932,-6.927280600237734,9.060579908395177,27.666278084415588,13.43094109249382,18.293565036525973,13.150756188930114,10.059429403409096,5.477090736317242,19.39197327516235,-1.1062292785993786,7.773902561525414,5.774211686581765,-8.125304651563663,-10.776529534813452,15.426929662825366,-42.59647998746341,-0.05485227392293581,2.987698171056416,6.690020769280406,1,0.9
19,-8.424628794425281,23.9083940405618,-10.471010538870651,1.9488696138963828,-10.631255872702845,-6.941856809009028,9.143823701733531,27.67429064529221,13.4399382826753,18.242303000710233,13.119270364293438,9.989527625304383,5.471118154906833,19.33975373630276,-1.1360183754172841,7.643282426960132,5.76012700792779,-8.224215778355184,-10.793638517331463,15.424262959419512,-42.665893637466034,-0.05474166135732332,2.522427704209405,5.824046231556938,1,0.9500000000000001
20,-8.425653630987927,23.870191971632526,-10.512255261040785,1.9444460303592443,-10.701194954410617,-6.959946845347024,9.224715007215007,27.679437229437234,13.44773938363223,18.191423160173166,13.088082869511425,9.919453463203466,5.461780560709114,19.286498917748926,-1.1712143661471452,7.518170260782591,5.735527205681926,-8.32278790921061,-10.810678280200541,15.42207953315525,-42.73826547328587,-0.056021734866879454,2.0634629358482393,4.969808038003979,1,1.0
21,-8.435375864675184,23.827229265941575,-10.55886360803673,1.9373296468931178,-10.777180485161487,-6.981533217208331,9.303272369308548,27.681745880681817,13.45435558811165,18.140921938413154,13.057189955743649,9.849209083299517,5.44910748864603,19.232219376521915,-1.2118533573988284,7.3982772187439165,5.700517056762221,-8.42102211586551,-10.827902669342361,15.420116601452088,-42.81350933417099,-0.05865198903196415,1.6108038659729038,4.12730618862151,1,1.05
22,-8.45371302587401,23.77951752247482,-10.61080718275134,1.9274827621019053,-10.859100614307657,-7.0065984325495805,9.37951433248302,27.681244642857145,13.459798088860543,18.090795758928575,13.026587874149648,9.778796651785706,5.4331284736394485,19.176925669642856,-1.2579714557821922,7.283314456595202,5.655201338086682,-8.518919470055433,-10.845565530678613,15.41811138172948,-42.89153905936941,-0.06259191843289386,1.164450494583369,3.296540683409538,1,1.1
23,-8.480582644971335,23.727068340218132,-10.668057588077474,1.9148676745894744,-10.946843491201331,-7.035124999327369,9.453459441207357,27.677961559794383,13.464078078625873,18.0410410452178,12.996272875888963,9.70821833485525,5.413873050611365,19.120628354132844,-1.3096047679070506,7.172993130087545,5.599684826573245,-8.616481043515932,-10.863920710131008,15.415801091406916,-42.97226848812919,-0.06780101764998506,0.7244028216796867,2.477511522368081,1,1.1500000000000001
24,-8.515902252354127,23.66989331815739,-10.730586426907927,1.8994466829597279,-11.040297265194742,-7.067095425498354,9.525126239950541,27.67192467532469,13.467206750154608,17.991654220779225,12.966241212121204,9.637476298701303,5.391370754483615,19.063337987012982,-1.3667894003833299,7.0670243949720435,5.53407229913994,-8.713707907982567,-10.883222053621221,15.412922947903823,-43.055611459698355,-0.07423878126359285,0.29066084726181995,1.6702187054971345,1,1.2000000000000002
25,-8.559589378409289,23.60800405527846,-10.798365302135565,1.8811820858165624,-11.139350085640075,-7.1024922190191155,9.594533273181451,27.66316203327922,13.469195296193769,17.942631709111197,12.93648913400586,9.566572709517054,5.365651120178189,19.005065125304384,-1.4295614598208815,6.965119406999805,5.4584685327047815,-8.81060113519088,-10.903723407071006,15.409214168639757,-43.14148181332496,-0.081864703854053,-0.136775428670239,0.8746622327966739,1,1.25
26,-8.611561553523849,23.541412150567226,-10.871365816653185,1.8600361817638076,-11.243890101889555,-7.1412978878463,9.661699085369012,27.65170167748917,13.470054909490315,17.893969933712118,12.907012892702516,9.49550973349567,5.336743682616985,18.945820326028137,-1.4979570528295119,6.866989321921931,5.372978304185736,-8.90716179687645,-10.925678616402006,15.404411971034154,-43.22979338825704,-0.09063828000171582,-0.5579060061164601,0.09084210426671888,1,1.3
27,-8.671736308084668,23.47012920300956,-10.949559573353646,1.8359712694054093,-11.353805463295387,-7.183494939936491,9.72664222098213,27.63757165178571,13.469796782791235,17.845665318080364,12.87780873937071,9.424289536830363,5.304677976721932,18.885614146205366,-1.57201228601917,6.772345295489526,5.277706390500797,-9.003390964774802,-10.949341527535955,15.398253572506457,-43.320460023742655,-0.1005190042868736,-0.9727308850768207,-0.6812416800927403,1,1.35
28,-8.740031172478744,23.394166811591333,-11.032918175129804,1.8089496473452402,-11.468984319209813,-7.229065883246356,9.789381224489805,27.620799999999996,13.468432108843535,17.79771428571429,12.848872925170046,9.352914285714284,5.2694835374149775,18.82445714285714,-1.6517632659996468,6.680898483453679,5.172757568567965,-9.0992897106215,-10.974965986394555,15.390476190476194,-43.41339555902982,-0.11146637128988629,-1.3812500655514113,-1.4415891202816697,1,1.4000000000000001
29,-8.816363677093001,23.313536575298407,-11.12141322487447,1.778933614187159,-11.589314818984997,-7.277993225732476,9.849934640360864,27.601414765963224,13.465972080394174,17.750113260112286,12.820201701260029,9.28138614634065,5.231189899617984,18.7623598730046,-1.7372460993808465,6.59236004156552,5.058236615305219,-9.194859106152094,-11.002805838899516,15.380817042362814,-43.5085138333666,-0.12343987559109451,-1.7834635475401337,-2.1902002163001324,1,1.4500000000000002
30,-8.900651352314387,23.228250093116696,-11.21501632548048,1.7458854685350869,-11.71468511197316,-7.330259475351483,9.908321013064345,27.57944399350647,13.462427890190186,17.702858664772716,12.79179131880025,9.2097072849026,5.189826598252969,18.699332893668824,-1.8284968927725525,6.5064411255760985,4.934248307630622,-9.29010022310217,-11.033114930972534,15.369013345585804,-43.605728686001015,-0.13639901177080987,-2.1793713310430407,-2.92707496814808,1,1.5
31,-8.992811728529833,23.138318964032045,-11.313699079840674,1.7097675089928872,-11.84498334752656,-7.385847140059973,9.964558887069035,27.554915726461047,13.457810730978473,17.655946923193998,12.76363802895019,9.137879867593345,5.145423168241725,18.635386761870944,-1.9255517527847594,6.422852891236577,4.800897422462112,-9.385014133207239,-11.066147108535283,15.354802317564626,-43.70495395618112,-0.15030327440938265,-2.568973416060148,-3.652213375825517,1,1.55
32,-9.092762336126336,23.043754787030313,-11.417433090847911,1.6705420341644333,-11.980097674997353,-7.444738727814623,10.018666806843942,27.52785800865801,13.4521317955061,17.60937445887446,12.73573808286951,9.065906060606068,5.0980091445063085,18.57053203463203,-2.028446786027213,6.341306494298021,4.658288736717669,-9.479601908202875,-11.102156217509467,15.337921175718767,-43.80610348315497,-0.16511215808715832,-2.9522698025913945,-4.365615439332473,1,1.6
33,-9.200420705490778,22.9445691610974,-11.526189961394966,1.6281713426536364,-12.119916243737784,-7.506916746572006,10.070663316858017,27.49829888392857,13.445402276520014,17.5631376953125,12.7080877317177,8.993788030133919,5.047614061968557,18.50477926897321,-2.1372180991098175,6.261513090511533,4.506527027315341,-9.573864619824645,-11.141396103816831,15.318107137467706,-43.90909110617058,-0.18078515738444367,-3.3292604906368335,-5.067281158668909,1,1.6500000000000001
34,-9.315704367010149,22.84077368521919,-11.639941294374736,1.5826177330643796,-12.264327203100073,-7.572363704288734,10.120566961580089,27.466266396103897,13.437633366767175,17.517233056006503,12.680683226654292,8.92152794237013,4.994267455550405,18.438139021915593,-2.2519017986424688,6.183183835628221,4.345717071173061,-9.667803339808057,-11.184120613379047,15.295097420230903,-44.013830664476004,-0.19728176688160828,-3.6999454801964338,-5.757210533834844,1,1.7000000000000002
35,-9.438530851071366,22.732379958381525,-11.758658692680005,1.5338435040005307,-12.413218702436364,-7.641062108921454,10.168396285479172,27.431788589015138,13.428836258994625,17.471656964454823,12.653520818838906,8.849127963507836,4.937998860173813,18.370621850480244,-2.372533991234974,6.1060298853992006,4.175963645208904,-9.761419139888728,-11.2305835921178,15.268629241427865,-44.12023599731929,-0.21456148115897833,-4.0643247712702495,-6.435403564830278,1,1.75
36,-9.56881768806138,22.61939957957031,-11.882313759203651,1.4818109540659874,-12.566478891098939,-7.712994468426755,10.214169833024117,27.394893506493503,13.41902214594929,17.42640584415585,12.626596759431038,8.776590259740257,4.878837810760677,18.302238311688313,-2.4991507834972135,6.02976239557555,3.9973715263408125,-9.854713091802173,-11.281038885954846,15.238439818478033,-44.22822094394846,-0.23258379479685573,-4.422398363858189,-7.101860251655221,1,1.8
37,-9.706482408367158,22.501844147771394,-12.010878096838503,1.4264823818646415,-12.723995918439991,-7.788143290761262,10.257906148683885,27.355609192370153,13.40820222037821,17.38147611860795,12.599907299590264,8.70391699726056,4.816813842232918,18.232998962560885,-2.6317882820390768,5.9540925219083825,3.810045491486735,-9.947686267283933,-11.335740340811835,15.204266368800903,-44.337699343611575,-0.2513082023755956,-4.774166257960323,-7.756580594309655,1,1.85
38,-9.851442542375615,22.379725261970677,-12.14432330847738,1.3678200860003564,-12.885657933811743,-7.8664910838816375,10.29962377692744,27.313963690476186,13.396387675028329,17.336864211309532,12.573448690476145,8.631110342261913,4.75195648951248,18.162914360119053,-2.77048259347037,5.878731420148786,3.6140903175647705,-10.0403397380696,-11.394941802610498,15.165846109815938,-44.44858503555668,-0.2706941984755386,-5.119628453576624,-8.399564592793574,1,1.9000000000000001
39,-10.003615620473727,22.253054521154016,-12.282620997013098,1.3057863650770491,-13.051353086566367,-7.948020355744445,10.339341262223662,27.269985044642862,13.383589702646699,17.29256654575893,12.547217183248293,8.558172460937504,4.684295287521266,18.091995061383923,-2.9152698244010127,5.803390246047886,3.4096107814928605,-10.132674575894699,-11.45889711727251,15.122916258942634,-44.56079185903181,-0.29070127767703496,-5.458784950707118,-9.030812247107006,1,1.9500000000000002
40,-10.16291917304843,22.121843524307284,-12.425742765338544,1.2403435176985826,-13.220969526056106,-8.03271361430636,10.377077149041451,27.2237012987013,13.369819495980247,17.248579545454543,12.521209029066178,8.485105519480518,4.613859771181229,18.02025162337661,-3.066186081440825,5.727780155356767,3.196711660188976,-10.224691852494827,-11.527860130719603,15.075214033600442,-44.674233653285,-0.3112889345603625,-5.791635749351782,-9.650323557249935,1,2.0
41,-10.329270730486657,21.98610387041636,-12.573660216346518,1.1714538424688445,-13.394395401633142,-8.120553367523934,10.41284998184978,27.175140496482683,13.355088247775935,17.20489963389475,12.495420479089344,8.411911684084153,4.540679475414236,17.947694603118233,-3.223267471199697,5.651612303826536,2.9754977305711927,-10.3163926396055,-11.602084688873441,15.022476651208851,-44.78882425756429,-0.33241666370592954,-6.1181808495106,-10.258098523222356,1,2.0500000000000003
42,-10.502587823175354,21.84584715846713,-12.726344952929876,1.0990796379917078,-13.571518862649778,-8.211522123353816,10.446678305117507,27.124330681818186,13.33940715078079,17.161523234577928,12.469847784477441,8.338593120941564,4.464783935142245,17.874334557629854,-3.386550100287501,5.574597847208284,2.746073769557408,-10.40777800896226,-11.681824637655783,14.964441329187357,-44.90447751111775,-0.3540439596940283,-6.4384202511835955,-10.854137145024273,1,2.1
43,-10.682787981501487,21.701084987445434,-12.883768577981442,1.023183202871089,-13.752228058458074,-8.305602389752654,10.478580663313611,27.071299898538964,13.322787397741777,17.11844677100244,12.444487196389908,8.26515199624594,4.3862026852871985,17.800182043932644,-3.5560700753140306,5.496447941253148,2.508544554065675,-10.498849032300669,-11.767333822988252,14.90084528495539,-45.021107253193385,-0.3761303171049849,-6.752353954370784,-11.43843942265569,1,2.15
44,-10.86978873585199,21.551828956337193,-13.045902694394059,0.9437268357108706,-13.936411138410378,-8.402776674677025,10.508575600907047,27.016076190476195,13.305240181405889,17.075666666666667,12.419334965986408,8.191590476190473,4.304965260770972,17.725247619047618,-3.7318635028892175,5.41687374171217,2.263014861013965,-10.589606781356318,-11.858866090792649,14.831425735932463,-45.13862732303925,-0.39863523051915933,-7.059981959072149,-12.011005356116614,1,2.2
45,-11.06350761661379,21.398090664128244,-13.212718905060537,0.8606728351149309,-14.123956251858838,-8.50302748608354,10.536681662366664,26.95868760146104,13.286776694520144,17.03317934506899,12.394387344426399,8.117910726968347,4.221101196515548,17.649541839995944,-3.9139664896229065,5.335586404336504,2.0095894673203403,-10.680052327864747,-11.956675286990585,14.755919899538029,-45.2569515599034,-0.4215181945168632,-7.361304265287661,-12.571834945407048,1,2.25
46,-11.263862154173854,21.239881709804482,-13.38418881287373,0.7739834996871183,-14.314751548155698,-8.606337331928863,10.562917392161403,26.899162175324662,13.267408129831479,16.99098122970779,12.369640582869508,8.044114914772727,4.134640027442815,17.573075263798703,-4.1024151421249275,5.252297084877243,1.7483731499026656,-10.770186743561466,-12.06101525750379,14.674064993191587,-45.375993803033865,-0.4447387036784807,-7.656320873017379,-13.120928190526946,1,2.3000000000000003
47,-11.470769878919114,21.07721369235178,-13.560284020726474,0.6836211280313594,-14.508685176653108,-8.712688720169604,10.587301334760232,26.83752795589827,13.24714568008691,16.949068744081444,12.345090932475273,7.9702052057968045,4.045611288474671,17.495858447477005,-4.29724556700519,5.166716939085454,1.4794706856790638,-10.860011100182094,-12.172139848253966,14.585598234312583,-45.49566789167869,-0.46825625258425563,-7.945031782261268,-13.658285091476365,1,2.35
48,-11.684148321236528,20.910098210756,-13.74097613151163,0.5895480187515366,-14.705645286703346,-8.822064158762334,10.609852034632041,26.773812987012988,13.226000538033407,16.90743831168831,12.320734644403249,7.896183766233758,3.9540445145331127,17.417901948051952,-4.4984938708735305,5.078557122712275,1.2029868515674527,-10.94952646946213,-12.290302905162843,14.49025684032053,-45.615887665085914,-0.49203033581461564,-8.227436993019289,-14.183905648255264,1,2.4000000000000004
49,-11.903915011513039,20.738546864003027,-13.926236748121964,0.49172647045153267,-14.905520027658573,-8.934446155663728,10.630588036245761,26.708045312499998,13.203983896417935,16.866086356026784,12.296567969812916,7.822052762276791,3.8599692405399844,17.339216322544637,-4.706196160339816,4.9875287915088045,0.9190264244858485,-11.03873392313715,-12.415758274152086,14.387778028634877,-45.73656696250358,-0.5160204479498484,-8.503536505291532,-14.697789860863688,1,2.45
50,-12.129987480135604,20.562571251078726,-14.116037473450383,0.3901187817352303,-15.108197548871036,-9.049817218830388,10.649527884070316,26.64025297619047,13.181106947987539,16.82500930059523,12.272587159863953,7.747814360119047,3.763415001417245,17.259812127976183,-4.9203885420138995,4.893343101226119,0.6276941813522683,-11.127634532942748,-12.548759801143419,14.277899016675116,-45.85761962317974,-0.5401860835702942,-8.773330319077925,-15.199937729301599,1,2.5
51,-12.362283257491136,20.38218297096898,-14.31034991038967,0.2846872512064976,-15.313565999692957,-9.168159856218928,10.666690122574625,26.57046402191558,13.157380885489154,16.78420356889205,12.248788465715819,7.673470725953733,3.664411332086829,17.179699921367696,-5.141107122505659,4.795711207615344,0.3290948990846904,-11.216229370614412,-12.68956133205852,14.160357021860696,-45.97895948636242,-0.5644867372562843,-9.036818434378507,-15.690349253568986,1,2.5500000000000003
52,-12.6007198739666,20.19739362265968,-14.509145661832726,0.1753941774692561,-15.52151352947651,-9.289456575785948,10.682093296227608,26.498706493506482,13.132816901669766,16.743665584415584,12.225168138528154,7.599024025974025,3.5629877674706205,17.098890259740255,-5.36838800842494,4.694344266427567,0.023333354601093675,-11.304519507887699,-12.838416712819118,14.03488926161112,-46.10050039129966,-0.5888819035881784,-9.294000851193257,-16.169024433665903,1,2.6
53,-12.845214859948975,20.008214805136664,-14.712396330672313,0.06220185912736895,-15.731928287573915,-9.41368988548808,10.695755949498185,26.425008434794382,13.107426189276381,16.703391770664236,12.201722429460425,7.524476426373098,3.4591738424906073,17.01739370011499,-5.602267306381625,4.588953433413902,-0.28948567518051305,-11.392506016498206,-12.99557978934692,13.901232953345874,-46.222156177239526,-0.6133310771462833,-9.544877569522164,-16.635963269592313,1,2.6500000000000004
54,-13.09568574582515,19.814658117385832,-14.920073519801306,-0.054927405215276226,-15.94469842333739,-9.540842293281978,10.707696626855297,26.34939788961039,13.081219941055984,16.66337855113636,12.178447589672238,7.449830093344153,3.3529990920686497,16.935220799512983,-5.842781122985556,4.479249864325446,-0.6092574133421511,-11.48018996818148,-13.161304407563588,13.759125314484383,-46.34384068343004,-0.6377937525109448,-9.789448589365279,-17.0911657613482,1,2.7
55,-13.352050061982078,19.616735158393038,-15.132148832112534,-0.17603131695480642,-16.159712086119153,-9.670896307124202,10.717933872767889,26.271902901785715,13.054209349755524,16.623622349330354,12.155339870323129,7.375087193080348,3.244493051126712,16.852382114955347,-6.089965564846594,4.364944714913289,-0.9358770829657738,-11.567572434673046,-13.335844413390847,13.608303562446176,-46.46546774911925,-0.6622294242625127,-10.02771391072254,-17.534631908933594,1,2.75
56,-13.614225338806746,19.414457527144176,-15.348593870498842,-0.30114757748730026,-16.376857425271417,-9.803834434971408,10.726486231704804,26.19255151515151,13.026405608122069,16.584119588744564,12.132395522572684,7.300249891774889,3.1336852545867018,16.768888203463202,-6.343856738574633,4.2457491409285355,-1.26923990713341,-11.65465448770852,-13.51945365275041,13.448504914650705,-46.58695121355518,-0.6865975869812749,-10.259673533593993,-17.96636171234848,1,2.8000000000000003
57,-13.882129106686062,19.20783682262511,-15.569380237853034,-0.43031388820892347,-16.596022590146383,-9.93963918478021,10.733372248135044,26.111371773538966,12.9978199089025,16.544866692877434,12.109610797580391,7.225320355620927,3.020605237370523,16.684749622057637,-6.6044907507794886,4.121374298122325,-1.6092411089270962,-11.741437199023366,-13.71238597156394,13.279466588517444,-46.70820491598591,-0.7108577352476152,-10.4853274579796,-18.386355171592875,1,2.85
58,-14.15567889600698,18.99688464382173,-15.794479537067977,-0.563567950515716,-16.817095730096273,-10.078293064507212,10.738610466527525,26.02839172077922,12.968463444843842,16.505860085227276,12.086981946505905,7.150300750811681,2.9052825344001194,16.59997692775974,-6.871903708071063,3.9915313422457004,-1.955775911428793,-11.827921640353198,-13.914895215753203,13.100925801465879,-46.829142695659456,-0.7349693636418357,-10.70467568387938,-18.794612286666776,1,2.9000000000000004
59,-14.434792237156472,18.78161258971989,-16.023863371036484,-0.7009474658038771,-17.039964994473287,-10.21977858210906,10.742219431351149,25.94363940070346,12.938347408693126,16.46709618929249,12.064505220508654,7.075193243540305,2.7877466805974342,16.51458067759063,-7.146131717059195,3.8559314290497984,-2.3087395377205446,-11.91410888343355,-14.127235231239839,12.912619770915471,-46.949678391823866,-0.7588919667443011,-10.917718211293355,-19.191133057570156,1,2.95
60,-14.719386660521424,18.56203225930548,-16.257503342651415,-0.8424901354694763,-17.264518532629648,-10.364078245542357,10.744217687074833,25.85714285714286,12.907482993197288,16.42857142857142,12.042176870748296,6.9999999999999964,2.6680272108843575,16.42857142857142,-7.427210884353733,3.7142857142857104,-2.6680272108843575,-12.000000000000007,-14.349659863945577,12.714285714285715,-47.06972584372717,-0.7825850391353134,-11.12445504022152,-19.575917484303048,1,3.0
61,-15.00935013168449,18.338284087949457,-16.495370960772178,-0.9881663867982456,-17.490606478667022,-10.511129596863064,10.744610545836256,25.768941243912327,12.875883474859414,16.390281560724425,12.019987847769823,6.924726249239029,2.546149761542442,16.341965882457373,-7.715125964928039,3.566418244831712,-3.033483973858427,-12.08558616029006,-14.582297838155696,12.50589140806985,-47.189198890617426,-0.8060080753952374,-11.32488617066382,-19.948965566865425,1,3.0500000000000003
62,-15.30445235701085,18.111023856563193,-16.737437358124648,-1.1376775506344277,-17.717926905684894,-10.660690314524667,10.743350390447869,25.679118154761905,12.843570465206948,16.352219680059505,11.997907899659879,6.84938947172618,2.4221243742914087,16.254805319940466,-8.00965630720931,3.412604632074817,-3.404754149006031,-12.170818928549117,-14.824777391609846,12.288326865056176,-47.30801137174267,-0.8291205701043944,-11.51901160262032,-20.310277305257312,1,3.1
63,-15.604433478061287,17.881036182443165,-16.983673573401298,-1.2906576837118555,-17.946139871532296,-10.812473111079886,10.740376371390912,25.587768293425324,12.81056765952334,16.31437821504667,11.975901473890701,6.774010210785307,2.295957192210712,16.167137166446828,-8.310529907988215,3.253233378529226,-3.7814318785466945,-12.255639967524534,-15.076601640411273,12.062712657106799,-47.42607712635094,-0.8518820178431153,-11.706831336090993,-20.659852699478684,1,3.1500000000000004
64,-15.909033636396659,17.649105682885814,-17.234050645294523,-1.4467408427643724,-18.174905434058125,-10.966190699081572,10.735627639146607,25.494986363636368,12.776898753092166,16.27674959415586,11.953933017934443,6.698609009740245,2.1676543583797425,16.07900884740259,-8.617474764055425,3.0886929867090966,-4.163111304699839,-12.33999093996369,-15.337273700663165,11.830169356083793,-47.54330999369028,-0.8742519131917456,-11.888345371075832,-20.997691749529576,1,3.2
65,-16.217992973577804,17.416016975187613,-17.488539612496854,-1.6055610845258308,-18.4038836511114,-11.12155579108252,10.729043344196132,25.400867069128783,12.742587441196914,16.239326245857004,11.931966979263315,6.623206411914898,2.037222015877867,15.990467788233893,-8.930218872201618,2.919371959128615,-4.549386569684977,-12.423813508613971,-15.606296688468746,11.591817533849259,-47.65962381300875,-0.8961897507305824,-12.063553707574844,-21.323794455409946,1,3.25
66,-16.53105163116555,17.182554676645022,-17.747111513700695,-1.7667524657300644,-18.632734580541094,-11.27828109963551,10.720562637020734,25.305505113636364,12.707657419121087,16.202100598620135,11.909967805349414,6.547822960633118,1.9046663077844892,15.901561414366876,-9.248490229217495,2.745658798301991,-4.939851815721633,-12.50704933622273,-15.883173719931312,11.348777762265273,-47.774932423554354,-0.9176550250400194,-12.23245634558803,-21.638160817119832,1,3.3000000000000003
67,-16.847949750720733,16.949503404554534,-18.00973738759852,-1.929949043110935,-18.861118280196113,-11.436079337293329,10.710124668101624,25.208995200892854,12.67213238214817,16.16506508091516,11.887899943665,6.472479199218745,1.7699933771790066,15.812337151227673,-9.572016831893652,2.5679420067433574,-5.334101185029223,-12.589640085537331,-16.167407911154047,11.10217061319392,-47.88914966457517,-0.9386072307003588,-12.395053285115381,-21.940790834659197,1,3.35
68,-17.16842747380419,16.71764777621257,-18.27638827288278,-2.0947848734022863,-19.088694807925496,-11.5946632166088,10.697668587920031,25.111432034632035,12.636036025561761,16.128212121212123,11.86572784168215,6.397195670995664,1.6332093671408083,15.722842424242417,-9.90052667702086,2.386610086966934,-5.7317288198272855,-12.67152741930516,-16.458502378240173,10.853116658497289,-48.00218937531922,-0.9590058622919264,-12.551344526156914,-22.231684508028078,1,3.4000000000000004
69,-17.492224941976723,16.48777240891561,-18.547035208245923,-2.2608940133379316,-19.31512422157817,-11.753745450134673,10.683133546957137,25.012910318587664,12.599392044645285,16.09153414798093,11.843415946873069,6.321992919287755,1.4943204207492764,15.63312465883726,-10.233747761389706,2.2020515414869033,-6.132328862335305,-12.752653000273545,-16.75596023729292,10.602736470037458,-48.11396539503456,-0.9788104143951017,-12.701330068712647,-22.51084183722644,1,3.45
70,-17.8190822967992,16.260661919960125,-18.821649232380427,-2.427910519651767,-19.54006657900312,-11.9130387504238,10.666458695694178,24.9135247564935,12.562224134682282,16.05502358969156,11.82092870670997,6.246891487418836,1.353332681083792,15.543231280438311,-10.57140808179092,2.0146548728174403,-6.535495454772754,-12.83295849118991,-17.05928460441552,10.352150619676541,-48.22439156296922,-0.9979803815901528,-12.845009912782514,-22.77826282225431,1,3.5
71,-18.14873967983243,16.03710092664257,-19.100201383978725,-2.595468449077593,-19.763181938049318,-12.07225583002895,10.647583184612397,24.81337005208333,12.524555990956284,16.018672874813987,11.798230568664987,6.171911918712794,1.2102522912237899,15.453209714471711,-10.913235635015159,1.8248085834727221,-6.940822739359121,-12.912385554801595,-17.367978595711232,10.102479679276588,-48.33338171837125,-1.0164752584574588,-12.98238405836658,-23.03394746311166,1,3.5500000000000003
72,-18.48093723263726,15.817874046259425,-19.382662701733302,-2.763201858349267,-19.98413035656575,-12.231109401502904,10.626446164192977,24.71254090909091,12.486411308750796,15.982474431818192,11.775285980210269,6.097074756493493,1.0650853942486371,15.363107386363634,-11.258958417853105,1.6329011759669587,-7.347904858313881,-12.99087585385597,-17.681545327283246,9.854844220699706,-48.44084970048866,-1.0342545395773606,-13.113452505464823,-23.277895759798525,1,3.6
73,-18.81541509677451,15.603765896107117,-19.66900422433658,-2.9307448042006645,-20.20257189240134,-12.389312177398478,10.602986784917093,24.611132031249994,12.447813783349304,15.946420689174111,11.752059388818054,6.022400544084804,0.9178381332376998,15.272971721540177,-11.608304427095383,1.4393211528143217,-7.75633595385656,-13.068371051100407,-17.99948791523479,9.61036481580797,-48.54670934856956,-1.0512777195301746,-13.238215254077236,-23.510107712314895,1,3.6500000000000004
74,-19.151913413805016,15.395561093482135,-19.95919699048104,-3.0977313433655955,-20.418166603405098,-12.546576870268474,10.577144197266048,24.509238122294374,12.40878711003532,15.910504075351724,11.728515241960434,5.947909824810605,0.7685166512703905,15.18285014542748,-11.961001659532762,1.2444570165289734,-8.165710168206623,-13.14481280928226,-18.32130947566911,9.370162036463476,-48.65087450186192,-1.0675042928962124,-13.356672304203808,-23.730583320660752,1,3.7
75,-19.490172325289592,15.194044255680948,-20.253212038859097,-3.2637955325778893,-20.63057454742597,-12.702616192665676,10.548857551721,24.406953885957787,12.369354984092382,15.874717018821006,11.704617987109625,5.873623141994717,0.6171270914260756,15.09279008345171,-12.316778111955816,1.0486972696251282,-8.575621643583538,-13.220142791148927,-18.646513124689434,9.135356454528308,-48.75325899961382,-1.082893754255848,-13.468823655844577,-23.93932258483612,1,3.75
76,-19.82993197278912,15.000000000000002,-20.551020408163264,-3.4285714285714213,-20.839455782312925,-12.857142857142854,10.518065998763145,24.304374025974017,12.329541100803954,15.839051948051939,11.680332071737794,5.79956103896103,0.46367559678417464,15.002838961038941,-12.675361781155287,0.852430414616939,-8.985664522206847,-13.294302659447746,-18.974601978398994,8.907068641864551,-48.8537766810733,-1.0974055981894084,-13.574669308999505,-24.136325504840965,1,3.8000000000000003
77,-20.17096761544599,14.814005166181254,-20.852573867560466,-3.591789078982124,-21.04456559501355,-13.009945302035764,10.484708688873766,24.201593246076836,12.289369155453631,15.80350129151446,11.655621943317122,5.725744059033407,0.30816831042406934,14.913044203615398,-13.036480663921832,0.656044954018611,-9.39543294629597,-13.36723407692612,-19.305176757872637,8.686182039245912,-48.95234138548841,-1.1109993192772238,-13.982799087822874,-24.10844575022078,1,3.85
78,-20.513194982729082,14.635805483748573,-21.157747108115494,-3.753562495054279,-21.246040188869785,-13.161114868811865,10.448724772534009,24.098706250000003,12.248862843324867,15.768057477678575,11.630452049319738,5.652192745535703,0.1506113754252017,14.823453236607143,-13.399862757046094,0.4599293903443399,-9.804521058070453,-13.438878706331403,-19.638228604071724,8.472631563092635,-49.048866952107154,-1.1236344120996349,-14.395625302927808,-24.08164597043382,1,3.9000000000000004
79,-20.856564921688857,14.464938904671307,-21.466395551367736,-3.914101678934232,-21.44411099632217,-13.310818624721538,10.410053400225166,23.99580774147727,12.208045859701128,15.732712935014208,11.60478683721784,5.578927641791804,-0.008989065133136763,14.734113485440341,-13.7652360573188,0.2644722261082828,-10.212522999749748,-13.509178210410932,-19.97384626292922,8.266114998736564,-49.143267220177606,-1.1352703712369634,-14.8122087239377,-24.055898141029402,1,3.95
80,-21.201028279375798,14.300943380918826,-21.77837461885649,-4.073616632768396,-21.639009449811294,-13.459223637015194,10.368633722428356,23.892992424242426,12.166941899865996,15.697460091991344,11.57859075448361,5.505969291125537,-0.17062686817150408,14.645072375541119,-14.132328561530597,0.07006196382463542,-10.619032913553365,-13.578074251912113,-20.312118480378118,8.066330131509545,-49.235456028947816,-1.14586669126954,-15.231610120475986,-24.031174237556925,1,4.0
81,-21.546535902840397,14.143356864460465,-22.093539732121094,-4.232317358703089,-21.83096698177768,-13.60649697294319,10.324404889624887,23.790355002029216,12.125574659102993,15.662291377079937,11.551828248589228,5.433338236860794,-0.33429589061050335,14.556377332335636,-14.50086826647213,-0.12291289399243538,-11.023644941700763,-13.64550849358229,-20.653134002351415,7.872974746743425,-49.3253472176658,-1.1553828667777248,-15.65289026216611,-24.007446235565787,1,4.05
82,-21.893038639133096,13.991717307265601,-22.411746312700867,-4.390413858884738,-22.020215024661923,-13.752805699755928,10.277306052295948,23.687990178571415,12.083967832695585,15.627199218750004,11.52446376700681,5.361055022321419,-0.4999899893707227,14.46807578125,-14.870583168934079,-0.3140638448287194,-11.425953226411455,-13.711422598168888,-20.99698157478209,7.6857466297701045,-49.412854625579605,-1.16377839234181,-16.07510991863151,-23.98468611060537,1,4.1000000000000005
83,-22.24048733530435,13.84556266130354,-22.732849782135133,-4.548116135459672,-22.206985010904535,-13.898316884703792,10.227276360922698,23.585992657602812,12.04214511592728,15.592176045471447,11.49646175720856,5.289140190831315,-0.6677030213728481,14.380215147710354,-15.241201265707172,-0.5030023861700595,-11.825551909904917,-13.775758228419184,-21.343749943603125,7.504343565921391,-49.49789209193728,-1.1710127625421842,-16.497329859495572,-23.962865838225024,1,4.15
84,-22.588832838404656,13.70443087854368,-23.05670556196323,-4.705634190574283,-22.391508372946074,-14.043197595037206,10.1742549659864,23.48445714285714,12.000130204081625,15.557214285714297,11.46778666666668,5.217614285714287,-0.8374288435374151,14.292842857142853,-15.612450553582041,-0.6893400155022262,-12.222035134400645,-13.838457047080645,-21.693527854747483,7.328463340529147,-49.58037345598688,-1.1770454719591354,-16.918610854381743,-23.94195739397416,1,4.2
85,-22.938025995484495,13.567859910955361,-23.38316907372447,-4.863178026374897,-22.574016543227117,-14.18761489800648,10.118181017968267,23.383478338068187,11.957946792442087,15.522306367948461,11.438402942853276,5.146497850294239,-1.0091613127850492,14.206006334973612,-15.984059029349368,-0.8726882303111012,-12.614997042118123,-13.899460716900542,-22.046404054148166,7.157803738925242,-49.660212556976425,-1.1818360151730376,-17.338013672913466,-23.921932753402128,1,4.25
86,-23.28801765359432,13.435387710507946,-23.712095738958194,-5.020957645007921,-22.75474095418822,-14.331735860862091,10.058993667349506,23.283150946969705,11.915618576292246,15.487444720643941,11.408275033240567,5.07581142789502,-1.1828942860363836,14.119753006628791,-16.355754689799824,-1.0526585280824499,-13.004031775276808,-13.95871090062634,-22.40246728773816,6.992062546441523,-49.73732323415396,-1.1853438867641883,-17.754599084714147,-23.90276389205831,1,4.3
87,-23.638758659784617,13.306552229170777,-24.043340979203734,-5.179183048619727,-22.933913038269917,-14.475727550854364,9.996632064611351,23.183569673295455,11.873169250915556,15.452621772270687,11.377367385300708,5.005575561840501,-1.358621620211999,14.034130297534489,-16.727265531724086,-1.2288624063020956,-13.388733476096249,-14.016149261005358,-22.76180630145042,6.83093754840985,-49.81161932676753,-1.1875285813129426,-18.167427859407244,-23.884422785492127,1,4.3500000000000005
88,-23.99019986110584,13.180891418913193,-24.37676021600038,-5.338064239356668,-23.111764227912754,-14.619757035233748,9.93103536023498,23.084829220779223,11.830622511595546,15.417829951298707,11.345644446505887,4.935810795454547,-1.5363371722325212,13.949185633116887,-17.09831955191283,-1.4009113624558818,-13.768696286795905,-14.071717460784948,-23.12450984121797,6.674126530162064,-49.88301467406519,-1.188349593399636,-18.575560766616146,-23.866881409252926,1,4.4
89,-24.34229210460845,13.057943231704577,-24.712208870887487,-5.497811219365132,-23.28852595555731,-14.763991381250593,9.862142704701665,22.987024293154768,11.788002053615703,15.383061686197912,11.313070664328222,4.8665376720610105,-1.7160347990185612,13.86496643880209,-17.468644747156727,-1.5684168940295928,-14.143514349595238,-14.125357162712513,-23.49066665297378,6.521327277030026,-49.95142311529496,-1.1877664176046094,-18.97805857596431,-23.85011173889007,1,4.45
90,-24.694986237342963,12.937245619514277,-25.049542365404392,-5.6586339907914835,-23.46442965364414,-14.908597656155257,9.789893248492598,22.890249594155833,11.745331572259577,15.348309405438307,11.27961048623996,4.797776734983764,-1.8977083574906988,13.781520140016234,-17.837969114246437,-1.7309904985090672,-14.51278180671376,-14.177010029535404,-23.860365482650813,6.372237574345584,-50.01675848970489,-1.1857385485081693,-19.37398205707513,-23.83408574995299,1,4.5
91,-25.048233106359806,12.818336534311618,-25.388616121090394,-5.820742555782058,-23.639706754613783,-15.053742927198194,9.71422614208894,22.794599827516226,11.70263476281066,15.313565537489854,11.245228359713195,4.72954852754667,-2.081351704569613,13.698894162185471,-18.206020649972643,-1.8882436733801233,-14.876092800370946,-14.226617724000976,-24.23369507618208,6.226555207440614,-50.078934636543025,-1.1822254806906807,-19.762391979572083,-23.818775417991006,1,4.55
92,-25.401983558709464,12.700753928065986,-25.729285559484822,-5.984346916483293,-23.81458869090679,-15.199594261629777,9.635080535971962,22.700169696969695,11.659935320552469,15.278822510822515,11.209888732220175,4.661873593073597,-2.2669586971758537,13.617135930735927,-18.572527351126034,-2.0397879161285513,-15.23304147278632,-14.274121908856655,-24.61074417950052,6.083977961646934,-50.13786539505741,-1.17718670873246,-20.142349113078556,-23.804152718553574,1,4.6000000000000005
93,-25.756188441442408,12.584035752746729,-26.071406102127035,-6.149657075041489,-23.98930689496372,-15.346318726700357,9.552395580622889,22.607053906250012,11.617256940768474,15.244072753906245,11.173556051233005,4.594772474888393,-2.4545231922300026,13.536292871093755,-18.937217214497274,-2.1852347242402037,-15.583221966179329,-14.319464246849734,-24.991601538539168,5.9442036222964525,-50.193464604496086,-1.1705817272138574,-20.512914227217998,-23.790189627190003,1,4.65
94,-26.110798601609126,12.467719960323192,-26.414833170556324,-6.316883033603054,-24.164092799225145,-15.494083389660378,9.46611042652287,22.51534715909089,11.574623318742272,15.209308695211028,11.136194764223864,4.528265716314942,-2.644039046652744,13.456412408685068,-19.299818236877034,-2.324195595200875,-15.926228422769473,-14.362586400727631,-25.376355899230976,5.806929974720956,-50.24564610410709,-1.162370030715209,-20.873148091613828,-23.776858119449688,1,4.7
95,-26.46576488626007,12.35134450276473,-26.759422186312023,-6.486234794314364,-24.339177836131597,-15.643055317760172,9.376164224153205,22.425144159226193,11.532058149757294,15.17452276320684,11.097769318664973,4.462373860677074,-2.8355001173646452,13.377541968936002,-19.66005841505598,-2.456282026496369,-16.26165498477623,-14.40343003323769,-25.76509600750894,5.671854804252347,-50.29432373313846,-1.1525111138168211,-21.222111475889474,-23.76413017088204,1,4.75
96,-26.82103814244571,12.234447332040693,-27.105028570933474,-6.657922359321749,-24.51479343812364,-15.793401578250188,9.282496123995063,22.33653961038961,11.489585129097083,15.139707386363634,11.058244162028457,4.3971174512987,-3.0289002612863305,13.299728977272723,-20.017665745824807,-2.581105515612524,-16.589095794419105,-14.441936807127313,-26.15791060930603,5.53867589622246,-50.33941133083825,-1.140964471099049,-21.55886514966836,-23.751977757036425,1,4.800000000000001
97,-27.176569217216535,12.11656640012044,-27.451507745959994,-6.832155730771605,-24.691171037641826,-15.945289238380779,9.185045276529642,22.24962821631493,11.447227952045157,15.104854993151395,11.017583741786478,4.332517031503655,-3.224233335338397,13.223020859121352,-20.372368225974167,-2.6982775600351396,-16.908144993917595,-14.478048385143829,-26.554888450555232,5.407091035963172,-50.38082273645449,-1.127689597142224,-21.882469882573925,-23.74037285346223,1,4.8500000000000005
98,-27.532308957622995,11.997239658973324,-27.798715132930887,-7.009144910810315,-24.86854206712671,-16.098885365402314,9.083750832238191,22.16450468073593,11.405010313885008,15.069958012040042,10.975752505411258,4.268593144615799,-3.4214931964414608,13.147465039908004,-20.723893852294747,-2.8074096572500546,-17.218396725491164,-14.511706430034646,-26.956118277189546,5.276798008806297,-50.418471789235234,-1.112645986526691,-22.191986444229574,-23.729287435708784,1,4.9
99,-27.888208210715558,11.876005060568708,-28.146506153385513,-7.189099901584231,-25.04713795901887,-16.25435702656524,8.978551941601932,22.081263707386366,11.362955909900183,15.035008871499585,10.932714900374926,4.205366333959015,-3.620673701516127,13.073108945058843,-21.07197062157722,-2.908113304743072,-17.5194451313593,-14.542852604547097,-27.36168883514193,5.147494600083734,-50.452272328428506,-1.0957931338327864,-22.486475604258768,-23.71869347932552,1,4.95
100,-28.24421782354472,11.75240055687592,-28.494736228863182,-7.372230705239726,-25.227190145758804,-16.4118712891199,8.869387755102043,21.999999999999993,11.32108843537415,15.000000000000002,10.888435374149655,4.1428571428571495,-3.8217687074829976,13.000000000000005,-21.416326530612256,-2.9999999999999964,-17.8108843537415,-14.571428571428573,-27.771688870345383,5.018878595127306,-50.482138193282374,-1.0770905336408214,-22.764998132284923,-23.708562959861816,1,5.0
101,-28.6002897561343,11.626076781345747,-28.843260621314005,-7.558633149343557,-25.408865542022028,-16.57151890622242,8.756229932280586,21.920780967412217,11.279426466239059,14.964925461835614,10.842891396705134,4.081078589841878,-4.024762493121406,12.928170533835363,-21.756757092633496,-3.08279713234097,-18.092431816938806,-14.597400319328996,-28.186131524866756,4.890744652886885,-50.50803815027829,-1.0565040349023576,-23.65630184003637,-22.479621680914615,1,5.050000000000001
102,-28.956380420401562,11.497135093354531,-29.191933954331116,-7.747946363143952,-25.592072991423656,-16.73308537465171,8.63918016892277,21.843564838864832,11.237968101021533,14.929785864598358,10.79611252800111,4.0200135942760955,-4.229601024645538,12.857592490380005,-22.093327886646538,-3.156695658423359,-18.364298073578556,-14.620831140508603,-28.604727525308448,4.763274926784447,-50.53016067483142,-1.0340249040539469,-24.52906431166818,-21.276245302272415,1,5.1000000000000005
103,-29.31244734123716,11.365789533760067,-29.54061069191852,-7.939695301309616,-25.77665681981374,-16.896279877092518,8.518372669874761,21.7682825487013,11.19670631889687,14.894583451704555,10.748141350494738,3.959637550730522,-4.4362206901283265,12.788222717126624,-22.426172008099947,-3.222002426738843,-18.626816958369627,-14.641808653130168,-29.027111994406706,4.636748443859945,-50.548749169590394,-1.0096507619033093,-25.383285547180336,-20.09843382393519,1,5.15
104,-29.668448043531686,11.232254143420102,-29.889145298080106,-8.13340491850915,-25.962461353042336,-17.06081159622941,8.393941639982597,21.694865031265024,11.155634099040292,14.859320466570464,10.699020446643281,3.8999258537758528,-4.644557877642645,12.72001806156806,-22.755422552442248,-3.279024285779088,-18.88032230602086,-14.660420475356476,-29.45292005489776,4.511444231153348,-50.56404703720379,-0.9833792292581981,-26.218965546572868,-18.94618724590299,1,5.2
105,-30.024340052175813,11.096742963192412,-30.23739223681983,-8.328600169411231,-26.1493309169595,-17.22638971474712,8.266021284092343,21.62324322089947,11.11474442062704,14.823999152612428,10.648792398904002,3.8408538979828073,-4.854548975261389,12.652935371197083,-23.081212615122038,-3.3280680840357584,-19.125147951241185,-14.676754225350338,-29.88178682951792,4.38764131570462,-50.57629768032024,-0.9552079269263283,-27.036104309845726,-17.819505568175774,1,5.25
106,-30.38008089206014,10.959470033934782,-30.58520597214164,-8.524806008684479,-26.337109837415277,-17.392723415330284,8.134745807050095,21.55334805194805,11.0740302628324,14.788621753246751,10.597499789734062,3.782397077922085,-5.066130371057513,12.586931493506485,-23.403675291587852,-3.36944067000054,-19.361627728739485,-14.690897521274506,-30.31334744100341,4.265618724553716,-50.58574450158832,-0.9251344757154824,-27.834701836998974,-16.718388790753536,1,5.300000000000001
107,-30.735628088075323,10.820649396504969,-30.932440968049477,-8.721547390997543,-26.525642440259706,-17.55952188066357,8.000249413701916,21.485110458754214,11.03348460483161,14.753190511889736,10.545185201590744,3.724530788164392,-5.2792384531038685,12.521963275989059,-23.722943677288264,-3.4034488921651214,-19.5900954732246,-14.70293798129177,-30.7472370120905,4.145655484740628,-50.592630903656655,-0.8931564964333703,-28.614758128032552,-15.642836913636296,1,5.3500000000000005
108,-31.090939165111973,10.680495091760756,-31.27895168854727,-8.918349271019082,-26.714773051342853,-17.726494293431664,7.8626663088939095,21.41846137566137,10.99310042579992,14.717707671957674,10.491891216931212,3.667230423280427,-5.49380960947341,12.457987566137572,-24.039150867671804,-3.430399599021153,-19.810885019405454,-14.712963223564955,-31.18309066551542,4.028030623305325,-50.59720028917382,-0.8592716098877651,-29.376273182946488,-14.592849936824072,1,5.4
109,-31.445971648060727,10.539221160559896,-31.624592597638976,-9.114736603417732,-26.904345996514742,-17.893349836319157,7.72213069747217,21.353331737012983,10.952870704912634,14.682175476866876,10.437660418212726,3.610471377840911,-5.709780228239028,12.394961211444802,-24.35242995818707,-3.4505996390603406,-20.024330201990914,-14.721060866256794,-31.620543524014472,3.913023167287758,-50.59969606078845,-0.8234774368863961,-30.11924700174078,-13.56842786031682,1,5.45
110,-31.80068306181224,10.397041643760168,-31.969218159328527,-9.310234342862167,-27.094205601625447,-18.059797692010818,7.578776784282735,21.289652477152472,10.91278842134496,14.646596170033675,10.382535387892496,3.5542290464165656,-5.927086697473605,12.33284105940356,-24.662914044282598,-3.464355860774338,-20.23076485568984,-14.727318527530127,-32.05923071032387,3.800912143727884,-50.60036162114914,-0.7857715982370073,-30.843679584415458,-12.569570684114565,1,5.5
111,-32.155030931257095,10.254170582219352,-32.31268283761986,-9.504367444020993,-27.284196192525005,-18.225547043191263,7.432738774171676,21.227354530423284,10.872846554272154,14.610971994874339,10.326558708427802,3.4984788235780404,-6.145665405250072,12.271583957506607,-24.970736221406955,-3.4719751126548113,-20.430522815211138,-14.731823825547728,-32.49878734717991,3.6919765796656883,-50.59944037290449,-0.746151714747357,-31.549570930970454,-11.596278408217296,1,5.550000000000001
112,-32.50897278128596,10.11082201679522,-32.65484109651694,-9.696660861562869,-27.47416209506348,-18.390307072545117,7.2841508719851555,21.166368831168835,10.833038082869502,14.5753051948052,10.26977296227582,3.443196103896111,-6.365452739641297,12.211146753246757,-25.27602958500869,-3.4737642431934885,-20.623937915263685,-14.734664378472349,-32.93884855731882,3.5864955021411578,-50.5971757187031,-0.7046154072251792,-32.23692104140583,-10.648551032625038,1,5.6000000000000005
113,-32.86246613678946,9.967209988345536,-32.99554740002369,-9.88663955015646,-27.66394763509091,-18.553786962757105,7.133147282569176,21.106626313732562,10.793355986312251,14.539598013242534,10.212220731893758,3.3883562819414355,-6.586385088720249,12.151486294116765,-25.578927230536358,-3.4700301008819827,-20.81134399055635,-14.735927804466817,-33.379049463476875,3.4847479381942374,-50.59381106119358,-0.6611602964782182,-32.90572991572155,-9.726388557337762,1,5.65
114,-33.21546852265822,9.823548537728028,-33.33465621214406,-10.073828464470349,-27.853397138457357,-18.71569589651187,6.979862210769821,21.048057912457917,10.753793243775636,14.503852693602699,10.153944599738875,3.33393475228476,-6.808398840559787,12.09255942760943,-25.87956225343855,-3.4610795342119816,-20.99307487579805,-14.73570172169389,-33.81902518839033,3.3870129148649064,-50.58958980302451,-0.6157840033141935,-33.55599755391764,-8.829790982355485,1,5.7
115,-33.567937463782876,9.680051705800546,-33.67202199688198,-10.257752559173282,-28.042354931012856,-18.875743056494077,6.8244298614332095,20.990594561688308,10.7143428344349,14.468071479301955,10.094987148268377,3.2799069094967486,-7.031430383232841,12.034323001217537,-26.178067749163777,-3.4472193916751763,-21.169464405697614,-14.734073748316385,-34.25841085479543,3.293569459193114,-50.58475534684453,-0.5684841485408876,-34.18772395599408,-7.958758307678201,1,5.75
116,-33.91983048505406,9.536933533420815,-34.0074992182414,-10.437936788933827,-28.230665338607462,-19.033637625388362,6.66698443940539,20.934167195767206,10.674997737465365,14.432256613756609,10.035390959939535,3.226248148148152,-7.255416104812295,11.976733862433873,-26.474576813160635,-3.4287565217632556,-21.34084641496398,-14.731131502497067,-34.69684158542845,3.2046965982188333,-50.57955109530223,-0.5192583529660203,-34.80090912195086,-7.113290533305917,1,5.800000000000001
117,-34.271105111362374,9.394408061446608,-34.34094234022626,-10.613906108420665,-28.418172687091218,-19.189088785879417,6.507660149532441,20.878706749038,10.635750932042221,14.396410340382996,9.975198617209493,3.172933862809648,-7.480292393371056,11.919748858751202,-26.769222540877664,-3.405997772967875,-21.507554738305988,-14.726962602398729,-35.13395250302564,3.120673358982044,-50.57422045104621,-0.46810423739734036,-35.39555305178801,-6.2933876592386,1,5.8500000000000005
118,-34.62171886759852,9.252689330735713,-34.67220582684051,-10.785185472302416,-28.604721302314196,-19.3418057206519,6.34659119666045,20.82414415584414,10.596595397340753,14.3605349025974,9.914452702535538,3.1199394480519644,-7.7059956369820695,11.86332483766234,-27.062138027763435,-3.3792499937806766,-21.669923210432536,-14.721654666184158,-35.569378730323265,3.041778768522709,-50.569006816725064,-0.4150194226426012,-35.971655745505515,-5.499049685476321,1,5.9
119,-34.97162927865306,9.111991382145881,-35.00114414208807,-10.95129983524776,-28.790155510126418,-19.491497612390493,6.18391178563555,20.770410350529104,10.557524112536221,14.324632543816136,9.853195798374898,3.0672402984457694,-7.932462223718186,11.807418646660047,-27.353456369266503,-3.348820032693426,-21.828285666052516,-14.715295312016156,-36.00275539005757,2.9682918538807974,-50.56415359498742,-0.3600015295095372,-36.52921720310338,-4.730276612019005,1,5.95
120,-35.320793869416654,8.972528256534897,-35.32761174997292,-11.111774151925308,-28.974319636377952,-19.637873643779823,6.019756121303728,20.717436267436266,10.518530056803847,14.28870550745551,9.791470487184776,3.0148118085618125,-8.159628541652353,11.751987133237135,-27.643310660835414,-3.3150147381977164,-21.98297593987478,-14.707972158057478,-36.43371760496481,2.9004916420962785,-50.55990418848186,-0.3030481788058921,-37.0682374245816,-3.987068438866685,1,6.0
121,-35.669170164779935,8.834513994760512,-35.65146311449896,-11.266133377003724,-29.157058006918845,-19.780642997504593,5.854258408511134,20.665152840909087,10.479606209318938,14.252756036931826,9.729319351422369,2.9626293729707878,-8.387430978857463,11.696987144886371,-27.93183399791875,-3.278140958785267,-22.134327866608242,-14.699772822470926,-36.86190049778125,2.8386571602090966,-50.556501999857005,-0.24415699133941957,-37.58871640994017,-3.269425166019361,1,6.050000000000001
122,-36.01671568963353,8.69816263768052,-35.972552699670146,-11.413902465151658,-29.33821494759915,-19.919514856249428,5.687552852103808,20.61349100529101,10.440745549256732,14.216786375661368,9.666784973544956,2.910668386243403,-8.615805923406409,11.642375529100534,-28.21915947596504,-3.238505542947728,-22.28267528096176,-14.690784923419299,-37.286939191243164,2.7830674352592593,-50.55419043176144,-0.18332558791784892,-38.0906541591791,-2.5773467934770324,1,6.1000000000000005
123,-36.36338796886807,8.56368822615268,-36.29073496949043,-11.554606371037766,-29.51763478426891,-20.05419840269907,5.519773656927845,20.562381694925456,10.401941055792463,14.180798767060491,9.603909936009723,2.858904242950344,-8.84468976337212,11.588109133372418,-28.505420190422885,-3.196415339176779,-22.42835201764422,-14.681096079065375,-37.708468808086785,2.734001494286716,-50.55321288684378,-0.1205515893489482,-38.57405067229839,-1.9108333212396904,1,6.15
124,-36.709144527374164,8.431304801034758,-36.605864387963756,-11.687770049330659,-29.69516184277816,-20.1844028195381,5.351055027829323,20.511755844155843,10.363185708101426,14.144795454545452,9.540736821273946,2.807312337662335,-9.07401888682746,11.534144805194806,-28.7907492367408,-3.1521771959641103,-22.5716919113645,-14.670793907571952,-38.12612447104838,2.6917383643314072,-50.553812767752625,-0.0558326164404275,-39.038905949298034,-1.2698847493073397,1,6.2
125,-37.053942890042485,8.301226403184524,-36.91779541909405,-11.812918454699,-29.87064044897698,-20.309837289451195,5.181531169654317,20.461544387325638,10.324472485358843,14.108778681532591,9.477308211794796,2.7558680649500964,-9.303729681845375,11.48043939206048,-29.075279710367372,-3.106097961801377,-22.713028796831512,-14.659966027101785,-38.5395413028642,2.656557072433345,-50.55623347713659,0.010833709999940312,-39.485219990178024,-0.6545010776800085,1,6.25
126,-37.39774058176363,8.17366707345978,-37.22638252688525,-11.929576541811462,-30.043914928715402,-20.43021099512304,5.011336287248895,20.411678258778245,10.28579436673995,14.07275069143818,9.41366669002956,2.704546819384331,-9.533758536498766,11.42694974146223,-29.359144706751135,-3.058484485180288,-22.852696508754107,-14.648700055817683,-38.94835442627052,2.6287366456324737,-50.56071841764426,0.07944976916442101,-39.912992794938376,-0.06468230635765906,1,6.300000000000001
127,-37.740495127428254,8.04884085271827,-37.531480175341315,-12.037269265336644,-30.21482960784347,-20.545233119238326,4.840604585459179,20.362088392857142,10.247144331420042,14.036713727678586,9.349854838435355,2.653323995535707,-9.764041838860553,11.37363270089286,-29.642477321340678,-3.0096436145924894,-22.991028881841174,-14.637083611882463,-39.35219896400359,2.608556110968758,-50.567510991924244,0.15001794024528523,-40.322224363579096,0.4995715646597091,1,6.3500000000000005
128,-38.082164051926966,7.926961781817759,-37.83294282846619,-12.135521579943214,-30.383228812211257,-20.654612844481647,4.669470269131219,20.312705723905722,10.208515358574388,14.000670033670032,9.285915239469528,2.602174987974991,-9.99451597700358,11.320445117845118,-29.92541064958454,-2.9598821985296655,-23.128359750801586,-14.62520431345884,-39.75071003879965,2.5962944954821943,-50.57685460262516,0.22254060243477455,-40.71291469610016,1.0382605353720862,1,6.4
129,-38.422704880150434,7.8082439016160246,-38.130624950263794,-12.223858440299816,-30.548956867668803,-20.758059353537714,4.4980675431110875,20.263461186267435,10.169900427378218,13.964621852828884,9.221890475589213,2.5510751912728695,-10.22511733900085,11.267343839811806,-30.20807778693129,-2.9095070854834724,-23.265022950344257,-14.613149778709664,-40.143522773394984,2.5922308262127243,-50.58899265239559,0.2970201349251403,-41.08506379250158,1.5513846057794578,1,6.45
130,-38.762075136989246,7.692901252970841,-38.42438100473809,-12.301804801075088,-30.71185810006615,-20.855281829091187,4.326530612244901,20.21428571428572,10.131292517006804,13.928571428571434,9.157823129251696,2.4999999999999973,-10.455782312925166,11.214285714285715,-30.490611828829458,-2.8588251239456235,-23.401352315178023,-14.60100762579771,-40.53027229052583,2.596644130200306,-50.60416854388415,0.3734589169086337,-41.43867165278336,2.038943775881824,1,6.5
131,-39.10023234733405,7.58114787673998,-38.71406545589301,-12.368885616937696,-30.87177683525335,-20.945989453826716,4.154993681378684,20.165110242303996,10.092684606635345,13.892521004313982,9.093755782914144,2.448924808727164,-10.686447286849535,11.161227588759628,-30.773145870727657,-2.808143162407756,-23.53768168001181,-14.588865472885736,-40.910583011887354,2.6096763372479415,-50.62252681760415,0.4517545473224817,-41.773738276945494,2.5009380456792134,1,6.550000000000001
132,-39.437134036075484,7.473197813781207,-38.99953276773249,-12.424625842556281,-31.028557399080448,-21.029891410429,3.983590955358567,20.115865704665712,10.054069675439168,13.856472823472817,9.02973101903385,2.397825012025023,-10.917048648846748,11.108126310726314,-31.055813008074402,-2.7577680493615726,-23.674344879554468,-14.576810938136536,-41.2840365550103,2.630920988210633,-50.64381656552763,0.531385504083548,-42.09026366498799,2.937367415171597,1,6.6000000000000005
133,-39.77273772810417,7.369265104952284,-39.28063740426048,-12.468550432599491,-31.182044117397503,-21.106696881582668,3.8124566390306085,20.0664830357143,10.01544070259352,13.820429129464289,8.965791420068033,2.346676004464287,-11.1475227869898,11.054938727678573,-31.338746336318263,-2.708006633298749,-23.811675748514887,-14.56493163971295,-41.65020383638432,2.65983452670634,-50.66768801749139,0.6117254848536721,-42.388247816910834,3.348231884359014,1,6.65
134,-40.10700094831075,7.269563791111016,-39.55723382948093,-12.500184341735954,-31.332081316054566,-21.176115049972395,3.6417249372408684,20.016893169793185,9.976790667273644,13.784392165704677,8.901979568473848,2.2954531806156826,-11.37780608935158,11.001621687109191,-31.622078950907795,-2.6591657627109404,-23.95000812160196,-14.553315195777706,-42.00865577249907,2.695873396353088,-50.69379140333219,0.6921481872947317,-42.66769073271403,3.7335314532414063,1,6.7
135,-40.43988122158585,7.174307913115135,-39.82917650739776,-12.519052524634345,-31.47851332090169,-21.237855098282846,3.4715300548354846,19.967027041245796,9.938112548654729,13.748364175610273,8.838338046708582,2.2441319350499076,-11.607834944004978,10.948132036510945,-31.905943947291572,-2.6115522860898372,-24.089675833524556,-14.542049224493624,-42.35896327984418,2.7384940407689227,-50.721776952886785,0.7720273090685614,-42.92859241239759,4.093266121818827,1,6.75
136,-40.77133607282009,7.083711511822428,-40.09631990201493,-12.524679935963261,-31.6211844577889,-21.29162620919867,3.3020061966604706,19.916815584415588,9.899399325912151,13.712347402597405,8.774909437229443,2.192687662337664,-11.837545739022886,10.894426623376626,-32.190474420918136,-2.565473051927128,-24.231012718991558,-14.53122134402345,-42.70069727490931,2.7871529035717835,-50.75129489599197,0.850736547836967,-43.17095285596151,4.427435890091236,1,6.800000000000001
137,-41.10132302690412,6.99798862809067,-40.35851847733638,-12.516591530391384,-31.759939052566285,-21.337137565404557,3.1332875675619265,19.866189733645996,9.860643978221114,13.676344090082386,8.711736322493643,2.1410957570496745,-12.066874862478256,10.840462295199016,-32.475803467236055,-2.521234908714454,-24.374352612711863,-14.520919172530022,-43.03342867418411,2.8413064283797245,-50.78199546248449,0.9276496012618067,-43.39477206340578,4.736040758058666,1,6.8500000000000005
138,-41.429799608728565,6.9173533027776255,-40.61562669736604,-12.494312262587354,-31.894621431083863,-21.374098349585157,2.9655083723859788,19.815080423280424,9.82183948475684,13.640356481481488,8.648861284958421,2.089331613756616,-12.295758702443958,10.78619589947091,-32.762064181693894,-2.479144704943515,-24.520029349394306,-14.511230328176104,-43.35672839415821,2.9004110588107053,-50.81352888220111,1.0021401670049301,-43.600050034730415,5.019080725721093,1,6.9
139,-41.75672334318404,6.842019576741069,-40.86749902610786,-12.457367087219815,-32.02507591919169,-21.402217744425155,2.798802815978637,19.763418587662343,9.78297882469463,13.604386820211051,8.586326907080995,2.0373706270292353,-12.524133646992915,10.73158428368508,-33.0493896597402,-2.4395092891059806,-24.668376763747847,-14.50224242912445,-43.670167351321275,2.963923238482775,-50.84554538497863,1.073581942728171,-43.78678676993539,5.276555793078526,1,6.95
140,-42.0820517551612,6.772201490838772,-41.11398992756578,-12.40528095895742,-32.15114684273982,-21.421204932609164,2.633305103186074,19.711135161135168,9.744054977209714,13.568437349687365,8.524175771318625,1.9851881914381915,-12.751936084198,10.676584295334308,-33.33791299682352,-2.4026355096935017,-24.819728690481288,-14.49404309353792,-43.97331646216295,3.0312994110139027,-50.87769520065378,1.1413486260933792,-43.95498226902074,5.508465960130976,1,7.0
141,-42.40574236955066,6.708113085928492,-41.35495386574376,-12.337578832468804,-32.272678527578314,-21.4307690968219,2.4691494388542443,19.65816107804234,9.705060921477358,13.53251031332672,8.462450460128489,1.9327597015542493,-12.979102402132174,10.621152781911386,-33.62776728839243,-2.368830215197807,-24.974418964303567,-14.486719939579238,-44.26574664317289,3.1019960200221086,-50.909628559063364,1.2048139147623838,-45.29103984872325,4.364004198323361,1,7.050000000000001
142,-42.72775271124306,6.649968402868018,-41.5902453046457,-12.253785662422638,-32.38951529955721,-21.430619419748027,2.306470027829315,19.60442727272727,9.665989636672847,13.496607954545457,8.401193555967819,1.880060551948049,-13.205568988868292,10.565246590909103,-33.919085629895505,-2.3384002541105517,-25.132781419923518,-14.480360585411225,-44.547028810840715,3.175469509125376,-50.940995690044126,1.2633515063970049,-46.532149174030664,3.300874744461488,1,7.1000000000000005
143,-43.04804030512903,6.597981482515106,-41.81971870827557,-12.153426403487513,-32.50150148452655,-21.420465084072152,2.1454010749573307,19.54986467953344,9.626834101971365,13.46073251675987,8.340447641293892,1.8270661371903651,-13.431272232479298,10.508822569820232,-34.21200111678128,-2.311652474923368,-25.295149892050084,-14.475052649196648,-44.8167338816561,3.2511763219417507,-50.97144682343285,1.3163350986591447,-47.67831024494297,2.3190775985453294,1,7.15
144,-43.36656267609919,6.5523663657275355,-42.043228540637315,-12.036026010332163,-32.608481408336395,-21.400015272478985,1.9860767850843974,19.49440423280424,9.587587296548236,13.424886243386247,8.280255298563873,1.7737518518518471,-13.656148521038064,10.45183756613757,-34.50664684449831,-2.2888937261279825,-25.461858215392095,-14.470883749098329,-45.07443277210869,3.3285729020891996,-51.00063218906629,1.363138389210575,-48.72952306146018,1.4186127605748713,1,7.2
145,-43.6832773490442,6.513337093363078,-42.26062926573487,-11.90110943762513,-32.7102993968368,-21.368979167653215,1.8286313630565765,19.437976866883123,9.548242199578677,13.389071377840914,8.220659110235001,1.7200930905032505,-13.880134242617512,10.394248427353906,-34.80315590849517,-2.2704308562160613,-25.63324022465844,-14.467941503279002,-45.31969639868812,3.40711569318575,-51.02820201678122,1.4031350757131933,-49.685787623582286,0.5994802305501614,1,7.25
146,-43.99814184885466,6.481107706279503,-42.471775347572176,-11.748201640035141,-32.8067997758778,-21.327065952279455,1.673199013719973,19.380513516113524,9.508791790237957,13.353290163540178,8.16170165876451,1.6660652477152535,-14.103165785290573,10.336012000962002,-35.101661404220394,-2.2565707136792614,-25.809629754558017,-14.466313529901484,-45.55209567788405,3.486261138849398,-51.05380653641441,1.435698855828785,-50.54710393130929,-0.1383199915288634,1,7.300000000000001
147,-44.31111370042121,6.4558922453345735,-42.67652125015317,-11.576827572230808,-32.89782687130945,-21.273984809042418,1.51991394192064,19.32194511483887,9.469229047701347,13.317544843900322,8.103425526609644,1.6116437180585688,-14.325179537130113,10.277085134454667,-35.40229642712257,-2.247620147009265,-25.991360639799712,-14.466087447128588,-45.77120152618612,3.5654656826981315,-51.07709597780263,1.4602034272192101,-51.31347198464119,-0.7947879056621496,1,7.3500000000000005
148,-44.62215042863449,6.43790475138607,-42.87472143748181,-11.386512188880781,-32.9832250089818,-21.2094449206267,1.368910352504638,19.262202597402602,9.42954695114409,13.281837662337667,8.045873296227583,1.5568038961038981,-14.546111886209061,10.217424675324677,-35.70519407265025,-2.2438860046977784,-26.178766715092397,-14.467350873123044,-45.97658486008398,3.6441857683499617,-51.09772057078265,1.4760224875463452,-51.984891783577986,-1.3699235118497362,1,7.4
149,-44.931209558385135,6.427359265291767,-43.066230373562014,-11.176780444653687,-33.06283851474491,-21.13315546971703,1.2203224503180659,19.20121689814817,9.3897384797414,13.24617086226852,7.9890875500755705,1.5015211764219683,-14.765899220600296,10.156987471064827,-36.010487436251985,-2.245675135236417,-26.37218181514494,-14.470191426047666,-46.16781659606728,3.721877839422925,-51.115330545191235,1.4825297344720065,-52.56136332811968,-1.8637268100915938,1,7.45
150,-45.23824861456375,6.424469827909424,-43.250902522397745,-10.947157294218227,-33.13651171444882,-21.044825638998034,1.0742844402070588,19.138918951418958,9.349796612668618,13.210546687109193,7.933110870610868,1.4457709535834482,-14.984477928376764,10.095730369167875,-36.318309613376336,-2.2532943871169193,-26.571939774666227,-14.474696724065256,-46.34446765062567,3.79799833953497,-51.12957613086515,1.4790988656580086,-53.04288661826627,-2.2761978003877275,1,7.5
151,-45.54322512206099,6.429450480096819,-43.42859234799293,-10.697167692242978,-33.204088933943574,-20.944164611154374,0.930930527017625,19.075239691558448,9.309714329100931,13.174967380275982,7.877985840290646,1.3895286221590981,-15.20178439761134,10.033610217126633,-36.62879369947187,-2.2670506088309024,-26.77837442836517,-14.480954385338578,-46.506108940248794,3.872003712304156,-51.14010755764117,1.4651035787662297,-53.42946165401776,-2.6073364827381567,1,7.550000000000001
152,-45.84609660576748,6.442515262711714,-43.599154314351516,-10.426336593396622,-33.26541449907924,-20.830881568870762,0.7903949155958703,19.010110052910065,9.269484608213634,13.139435185185192,7.82375504157219,1.3327695767195917,-15.417755016376951,9.970583862433871,-36.94207278998712,-2.2872506488700606,-26.991819610950614,-14.489052028030448,-46.652311381426294,3.9433504013484564,-51.14657505535606,1.4399175714584898,-53.72108843537415,-2.8571428571428563,1,7.6000000000000005
153,-46.14682059057385,6.463878216611885,-43.762442885477455,-10.134188952347806,-33.32033273570586,-20.70468569483181,0.6528118107878851,18.943460969817238,9.229100429181962,13.103952345253129,7.770461056912673,1.2754692118356215,-15.632326172746469,9.906608152582374,-37.25827998037068,-2.3142013557261265,-27.21260915713147,-14.499077270303623,-46.78264589064783,4.0114948502858585,-51.148628853846596,1.4029145413966333,-53.72108843537415,-2.8571428571428563,1,7.65
154,-46.445354601370724,6.4937533826550995,-43.91831252537467,-9.820249723765187,-33.368687969673466,-20.565286171722217,0.5183154174397075,18.875223376623374,9.188554771181192,13.068521103896117,7.718146468769324,1.2176029220779239,-15.84543425479284,9.841639935064956,-37.57754836607108,-2.348209577890703,-27.44107690161659,-14.511117730320905,-46.89668338440304,4.075893502734408,-51.14591918294954,1.3534681862424798,-53.72108843537415,-2.8571428571428563,1,7.7
155,-46.74165616304876,6.5323548016991415,-44.06661769804712,-9.484043862317366,-33.410324526832134,-20.412392182226633,0.38703994039745865,18.80532820767196,9.147840613386546,13.03314370453043,7.666853859599392,1.159146102017206,-16.057015650588962,9.77563605737435,-37.900011042536896,-2.389582163855494,-27.67755667911488,-14.525261026245067,-46.99399477918158,4.136002802312078,-51.13809627250165,1.2909522036579317,-53.72108843537415,-2.8571428571428563,1,7.75
156,-47.03568280049854,6.579896514601768,-44.207212867498725,-9.12509632267305,-33.44508673303189,-20.245712909029688,0.2591195845071988,18.733706397306403,9.106950934973316,12.997822390572393,7.616625811860119,1.1000741462241468,-16.267006748207724,9.708553367003374,-38.22580110521669,-2.438625962112169,-27.922382324335192,-14.54159477623891,-47.0741509914731,4.191279192636879,-51.12481035233971,1.214740291304756,-53.72108843537415,-2.8571428571428563,1,7.800000000000001
157,-47.32739203861075,6.636592562220746,-44.33995249773344,-8.742932059500838,-33.4728189141228,-20.064957534816124,0.13468855461504134,18.660288879870123,9.065878715116721,12.962559405438311,7.567504908008672,1.0403624492694767,-16.475343935722027,9.640348711444798,-38.555051649559,-2.495647821152419,-28.175887671986448,-14.560206598465236,-47.136722937767225,4.241179117326817,-51.10571165230049,1.12420614684484,-53.72108843537415,-2.8571428571428563,1,7.8500000000000005
158,-47.61674140227599,6.702656985413874,-44.46469105275522,-8.337076027469383,-33.49336539595492,-19.869835242270526,0.013881055567016744,18.58500658970658,9.02461693299205,12.927356992544489,7.5195337305023,0.9799864057239185,-16.681963601204803,9.570978938191438,-38.887895771012396,-2.5609545894678885,-28.4384065567775,-14.581184111086804,-47.181281534553634,4.2851590199999166,-51.08045040222075,1.0187234679400186,-53.72108843537415,-2.8571428571428563,1,7.9
159,-47.9036884163849,6.778303825038881,-44.581282996567985,-7.907053181247353,-33.50657050437828,-19.660055214077605,-0.10316870779076923,18.507790461159217,8.983158567774513,12.892217395307242,7.472754861798259,0.9189214101581258,-16.88680213272895,9.50040089473605,-39.22446656502543,-2.6348531155502584,-28.710272813417255,-14.60461493226641,-47.20739769832196,4.322675344274148,-51.048676831937264,0.8976659522521114,-53.72108843537415,-2.8571428571428563,1,7.95
160,-48.18819060582811,6.863747121953571,-44.689582793175695,-7.4523884755033745,-33.51227856524294,-19.435326632922017,-0.2163265306122484,18.428571428571427,8.94149659863945,12.857142857142854,7.427210884353733,0.8571428571428541,-17.089795918367347,9.428571428571423,-39.564897127046684,-2.717650247891256,-28.991820276614558,-14.630586680166845,-47.21464234556184,4.353184533767533,-51.010041171286794,0.7604072974429679,-53.72108843537415,-2.8571428571428563,1,8.0
161,-48.18819060582811,6.863747121953571,-44.689582793175695,-7.4523884755033745,-33.51227856524294,-19.435326632922017,-0.2163265306122484,18.428571428571427,8.94149659863945,12.857142857142854,7.427210884353733,0.8571428571428541,-17.089795918367347,9.428571428571423,-39.564897127046684,-2.717650247891256,-28.991820276614558,-14.630586680166845,-47.21464234556184,4.353184533767533,-51.010041171286794,0.7604072974429679,-53.72108843537415,-2.8571428571428563,1,8.05
162,-48.18819060582811,6.863747121953571,-44.689582793175695,-7.4523884755033745,-33.51227856524294,-19.435326632922017,-0.2163265306122484,18.428571428571427,8.94149659863945,12.857142857142854,7.427210884353733,0.8571428571428541,-17.089795918367347,9.428571428571423,-39.564897127046684,-2.717650247891256,-28.991820276614558,-14.630586680166845,-47.21464234556184,4.353184533767533,-51.010041171286794,0.7604072974429679,-53.72108843537415,-2.8571428571428563,1,8.1
163,-48.18819060582811,6.863747121953571,-44.689582793175695,-7.4523884755033745,-33.51227856524294,-19.435326632922017,-0.2163265306122484,18.428571428571427,8.94149659863945,12.857142857142854,7.427210884353733,0.8571428571428541,-17.089795918367347,9.428571428571423,-39.564897127046684,-2.717650247891256,-28.991820276614558,-14.630586680166845,-47.21464234556184,4.353184533767533,-51.010041171286794,0.7604072974429679,-53.72108843537415,-2.8571428571428563,1,8.15
164,-48.18819060582811,6.863747121953571,-44.689582793175695,-7.4523884755033745,-33.51227856524294,-19.435326632922017,-0.2163265306122484,18.428571428571427,8.94149659863945,12.857142857142854,7.427210884353733,0.8571428571428541,-17.089795918367347,9.428571428571423,-39.564897127046684,-2.717650247891256,-28.991820276614558,-14.630586680166845,-47.21464234556184,4.353184533767533,-51.010041171286794,0.7604072974429679,-53.72108843537415,-2.8571428571428563,1,8.200000000000001
165,-48.18819060582811,6.863747121953571,-44.689582793175695,-7.4523884755033745,-33.51227856524294,-19.435326632922017,-0.2163265306122484,18.428571428571427,8.94149659863945,12.857142857142854,7.427210884353733,0.8571428571428541,-17.089795918367347,9.428571428571423,-39.564897127046684,-2.717650247891256,-28.991820276614558,-14.630586680166845,-47.21464234556184,4.353184533767533,-51.010041171286794,0.7604072974429679,-53.72108843537415,-2.8571428571428563,1,8.25
166,-48.18819060582811,6.863747121953571,-44.689582793175695,-7.4523884755033745,-33.51227856524294,-19.435326632922017,-0.2163265306122484,18.428571428571427,8.94149659863945,12.857142857142854,7.427210884353733,0.8571428571428541,-17.089795918367347,9.428571428571423,-39.564897127046684,-2.717650247891256,-28.991820276614558,-14.630586680166845,-47.21464234556184,4.353184533767533,-51.010041171286794,0.7604072974429679,-53.72108843537415,-2.8571428571428563,1,8.3
