Frame,Home_13_x,Home_13_y,Home_1057_x,Home_1057_y,Home_1686_x,Home_1686_y,Home_4162_x,Home_4162_y,Home_4163_x,Home_4163_y,Home_4165_x,Home_4165_y,Home_4166_x,Home_4166_y,Home_4167_x,Home_4167_y,Home_4445_x,Home_4445_y,Home_5817_x,Home_5817_y,ball_x,ball_y,Period,Time [s]
0,8.725170068027222,-20.428571428571434,-12.61904761904762,25.42857142857143,12.440841015378522,24.284477301458683,-2.9564625850340196,27.999999999999986,-0.2185353291683376,11.840577052471424,3.9659863945578255,5.1428571428571495,22.42585034013603,18.0,23.291156462585025,0.2857142857142847,8.869387755102043,18.857142857142858,-9.734693877551027,-0.1428571428571351,12.440841015378522,24.284477301458683,1,0.0
1,8.758553463268978,-20.42136248339448,-12.58006536877109,25.367898800885506,12.518135899494634,24.313199512367614,-2.799208467386947,27.957859453781516,-0.13522605635357793,12.11724805774339,4.164883369347736,5.2297697478991685,22.553194823348093,18.096462386006873,23.247663133100325,0.28856374455820405,9.130149973076144,19.017899507156137,-9.711395915646973,-0.157507145093779,11.862067975786655,23.207248568666166,1,0.05
2,8.775288715445553,-20.420890910140134,-12.546000442669591,25.30729413072162,12.586795128015524,24.340271652209267,-2.6513239749232937,27.917208963585427,-0.06334598311981579,12.378331622780443,4.35356944911297,5.306919887955184,22.674043941739235,18.188004587229923,23.208811276316375,0.29110911802644807,9.37592466869365,19.167096468881013,-9.693137326665084,-0.17162050506518,11.289600634680632,22.141756180044176,1,0.1
3,8.775705785282113,-20.426937548010994,-12.516823165301052,25.246692777797335,12.646988767860604,24.365726216779688,-2.5126971268507416,27.878007773109257,-0.002757603782344376,12.624099278529068,4.532156614645869,5.374472268907568,22.78851038165491,18.274711962637767,23.17443707554975,0.2933611385440304,9.606979275304926,19.304949600816634,-9.67988795232247,-0.18532870810460025,10.723438992060427,21.088000135592676,1,0.15000000000000002
4,8.760134633503782,-20.439283236209697,-12.492503861223302,25.186030101830113,12.698886885949324,24.389595701874967,-2.38321594237697,27.84021512605041,0.04667658734361098,12.854822555935801,4.700756846738668,5.432591596638653,22.89670682944061,18.356669871199045,23.144376714116802,0.2953305385359596,9.823581226260274,19.43167476146215,-9.671617634336297,-0.19876323954526812,10.16358304792605,20.045980435311666,1,0.2
5,8.728905220835824,-20.45770881393889,-12.473012854994227,25.125241462537485,12.742659549201065,24.411912603291167,-2.262768440709616,27.803790266106446,0.08509409594274203,13.070772985947178,4.859482126183801,5.481442577030812,22.998745971441615,18.43396367188242,23.118466375333988,0.2970280504272782,10.025997954909958,19.547487809316742,-9.66829621442368,-0.21205558472045538,9.610032802277491,19.01569707920117,1,0.25
6,8.682347508003424,-20.481995120401137,-12.458320471171696,25.064262219636905,12.77847682453531,24.432709416824377,-2.1512426410564185,27.768692436974785,0.112632427699846,13.27222209950969,5.008444433773518,5.521189915966387,23.094740494003503,18.5066787236565,23.09654224251782,0.29846440664301416,10.214496894604366,19.65260460287953,-9.66989353430175,-0.2253372289634049,9.062788255114782,17.997150067261185,1,0.30000000000000004
7,8.62079145573173,-20.51192299479913,-12.448397034313569,25.00302773284593,12.80650877887145,24.452018638270687,-2.0485265626250673,27.734880882352932,0.12942908829956196,13.45944142756989,5.147755750300147,5.551998319327727,23.184803083471536,18.57490038548998,23.07844049898458,0.2996503396082002,10.389345478693734,19.7472410006497,-9.676379435687664,-0.23873965760735472,8.521849406437852,16.99033939949168,1,0.35000000000000003
8,8.544567024745994,-20.547273276335474,-12.443212868977692,24.941473361882014,12.826925479128926,24.46987276342619,-1.954508224623182,27.702314845938385,0.13562158342669461,13.632702501074245,5.277528056555964,5.5740324929971985,23.26904642619126,18.638714016351457,23.06399732805084,0.300596581747821,10.550811140528445,19.83161286112639,-9.68772376029856,-0.2523943559855863,7.987216256246796,15.995265075892696,1,0.4
9,8.454004175771335,-20.587826804212796,-12.44273829972197,24.879534466462683,12.839896992227153,24.486304288086934,-1.8690756462585112,27.670953571428555,0.13134741876597344,13.792276850969337,5.397873333333329,5.587457142857145,23.347583208508045,18.698204975209617,23.053048913033024,0.30131386548695277,10.699161313458792,19.905936042808776,-9.703896349851536,-0.2664328094313231,7.458888804541535,15.011927096464197,1,0.45
10,8.349432869533075,-20.633364417633704,-12.446943651104252,24.817146406305458,12.845593385085598,24.50134570804903,-1.7921168467387059,27.64075630252101,0.11674410000209774,13.938436008201627,5.508903561424571,5.5924369747899085,23.42052611676727,18.75345862103306,23.0454314372476,0.30181292325057996,10.834663430835096,19.970426404195987,-9.724867046063784,-0.2809865032778467,6.9368670513221105,14.04032546120621,1,0.5
11,8.231183066756259,-20.68366695580086,-12.455799247682382,24.754244541127807,12.844184724623616,24.51502951910853,-1.7235198452714462,27.611682282913158,0.09194913281982707,14.071451503717682,5.610730721621973,5.589136694677881,23.487987837314407,18.80456031279047,23.040981084010895,0.30210448746371615,10.957584926007648,20.025299803787203,-9.750605690652407,-0.2961869228583612,6.42115099658851,13.08046017011874,1,0.55
12,8.099584728166171,-20.738515257916863,-12.469275414014234,24.690764230647243,12.83584107776064,24.52738821706155,-1.6631726610644133,27.58369075630253,0.05710002290387578,14.191594868463987,5.70346679471789,5.577721008403357,23.550081056494868,18.85159540945046,23.03953403663946,0.302199290551423,11.068193232326784,20.07077210008155,-9.78108212533451,-0.31216555350616265,5.9117406403407085,12.132331223201756,1,0.6000000000000001
13,7.9549678144879605,-20.79769016318433,-12.487342474657742,24.626640834581274,12.820732511416189,24.538454297704156,-1.6109633133253478,27.556740966386553,0.012334275939018511,14.299137633387089,5.787223761504606,5.558354621848732,23.606918460654057,18.89464926998171,23.04092647844974,0.30210806493872866,11.166755783142833,20.10705915157823,-9.816266191827314,-0.3290538805544938,5.408635982578776,11.195938620455287,1,0.65
14,7.797662286446873,-20.86097251080595,-12.509970754170663,24.56180971264739,12.79902909250956,24.54826025683242,-1.5667798212618627,27.530792156862745,-0.04221060239006803,14.394351329433487,5.862113602774468,5.531202240896355,23.658612736137385,18.933807253352807,23.04499459275811,0.30184154305063204,11.25354001180606,20.13437681677637,-9.856127731847877,-0.3469833893365879,4.911837023302636,10.271282361879296,1,0.7000000000000001
15,7.627998104768067,-20.928143139984297,-12.537130577110938,24.49620622456309,12.770900887960273,24.55683859024242,-1.5305102040816463,27.505803571428572,-0.10639710639859416,14.477507487549705,5.928248299319758,5.496428571428578,23.705276569290284,18.969154718532437,23.051574562881036,0.3014104573121659,11.328813351666849,20.152940954175126,-9.900636587113357,-0.36608556518569263,4.4213437625123255,9.358362447473814,1,0.75
16,7.446305230176709,-20.998982889921997,-12.568792268036404,24.429765730045887,12.736517964687728,24.56422179373027,-1.5020424809924242,27.481734453781506,-0.18008773040188317,14.54887763868227,5.985739831932781,5.45419831932774,23.747022646458156,19.00077702448925,23.06050257213492,0.30082554014834384,11.392843236075457,20.16296742227366,-9.949762599340914,-0.38649189343506035,3.9371562002078764,8.457178877238842,1,0.8
17,7.252913623398044,-21.073272599821685,-12.604926151504966,24.362423588813286,12.696050389611361,24.570442363092024,-1.4812646712018247,27.45854404761905,-0.2631449687151604,14.608733313777694,6.034700181405887,5.404676190476187,23.78396365398646,19.028759530191888,23.071614803836336,0.3000975239842034,11.445897098382236,20.164672079571112,-10.00347561024765,-0.4083338594179824,3.4592743363892424,7.567731651174381,1,0.8500000000000001
18,7.048153245157194,-21.15079310888598,-12.645502552074436,24.29411516058279,12.649668229650526,24.575532794123763,-1.4680647939175886,27.43619159663865,-0.35543131565371155,14.657346043782498,6.075241328531424,5.348026890756297,23.81621227822056,19.05318759460895,23.08474744130158,0.29923714124477274,11.488242371937481,20.158270784566646,-10.061745461550727,-0.4317429484676725,2.987698171056416,6.690020769280406,1,0.9
19,6.832354056179468,-21.23132525631754,-12.690491794302691,24.224775805071886,12.597541551724753,24.57952558262159,-1.462330868347359,27.41463634453781,-0.45680926553277695,14.6949873596432,6.107475254101653,5.284415126050418,23.843881205505937,19.074146576709122,23.099736667847175,0.29825512435505064,11.520146490091513,20.143979395759434,-10.12454199496727,-0.4568506459173929,2.522427704209405,5.824046231556938,1,0.9500000000000001
20,6.6058460171899505,-21.31464988131897,-12.739864202747638,24.15434088199808,12.539840422753382,24.582453224381553,-1.4639509136988313,27.393837535013997,-0.5671413126676423,14.721928792306311,6.131513938908906,5.214005602240902,23.86708312218795,19.09172183546106,23.116418666789542,0.29716220574009417,11.54187688619465,20.122013771648614,-10.191835052214406,-0.48378843710036706,2.0634629358482393,4.969808038003979,1,1.0
21,6.3689590889139005,-21.4005478230929,-12.793590101967116,24.082745751078892,12.47673490965592,24.58434821519975,-1.4728129491796866,27.37375441176472,-0.6862899513735632,14.738441872718392,6.147469363745497,5.1369630252100835,23.885930714612094,19.105998729833363,23.134629621445075,0.29596911782490226,11.553700993597207,20.092589770733344,-10.26359447500929,-0.512687807349891,1.6108038659729038,4.12730618862151,1,1.05
22,6.1220232320764705,-21.488799920841938,-12.85163981651899,24.00992577203181,12.408395079351699,24.585243050872254,-1.488804993997598,27.35434621848741,-0.8141176759658477,14.744798131825902,6.155453509403788,5.053452100840328,23.900536669123646,19.11706261879469,23.1542057151303,0.2946865930345078,11.555886245649493,20.055923251512795,-10.339790105069063,-0.5436802419991832,1.164450494583369,3.296540683409538,1,1.1
23,5.865368407402842,-21.579187013768756,-12.913983670961123,23.935816304574328,12.334990998760247,24.585170227195174,-1.5118150673602837,27.335572198879564,-0.9504869807596913,14.741269100575403,6.155578356676019,4.963637535013999,23.911013672068194,19.12499886131371,23.174983131161603,0.29332536379393387,11.548700075701827,20.012230072486094,-10.42039178411083,-0.5768972263815157,0.7244028216796867,2.477511522368081,1,1.1500000000000001
24,5.599324575618297,-21.671489941075926,-12.98059198985138,23.86035270842396,12.256692734800875,24.584162239964584,-1.5417311884753868,27.317391596638654,-1.095260360070432,14.728126309913396,6.147955886354565,4.8676840336134335,23.917474409791083,19.129892816359042,23.196798052855463,0.29189616252822304,11.532409917104555,19.96172609215244,-10.505369353851759,-0.6124702458301218,0.29066084726181995,1.6702187054971345,1,1.2000000000000002
25,5.3242216974478875,-21.76548954196612,-13.051435097747635,23.783470343298198,12.173670354393122,24.58225158497652,-1.5784413765506256,27.299763655462186,-1.2483003082132953,14.705641290786408,6.132698079231703,4.765756302521005,23.920031568637672,19.131829842899347,23.219486663528265,0.2904097216623646,11.507283203207912,19.904627169010965,-10.594692656008961,-0.6505307856782585,-0.136775428670239,0.8746622327966739,1,1.25
26,5.04038973361695,-21.86096665564195,-13.126483319207761,23.705104568914535,12.086093924456339,24.579470758027128,-1.6218336507936582,27.282647619047605,-1.4094693195035446,14.67408557414095,6.109916916099785,4.658019047619046,23.918797834953423,19.13089529990326,23.242885146496526,0.2888767736214106,11.473587367362295,19.841149161560793,-10.688331532299586,-0.6912103312592026,-0.5579060061164601,0.09084210426671888,1,1.3
27,4.748158644850596,-21.957702121306028,-13.2057069787896,23.625190744990505,11.994133511909983,24.575852254912444,-1.6717960304121802,27.266002731092453,-1.5786298882564727,14.633730690923553,6.079724377751116,4.544636974789914,23.913885895083794,19.12717454633942,23.26682968507663,0.2873080508303698,11.431589842917967,19.77150792830112,-10.78625582444078,-0.7346403679061391,-0.9727308850768207,-0.6812416800927403,1,1.35
28,4.447858391874018,-22.05547677816098,-13.28907640105106,23.54366423124359,11.897959183673468,24.57142857142856,-1.72821653461385,27.249788235294115,-1.755644508787335,14.584848172080738,6.042232444977999,4.425774789915971,23.905408435374184,19.12075294117647,23.291156462585025,0.2857142857142847,11.381558063225302,19.695919327731104,-10.888435374149669,-0.7809523809523782,-1.3812500655514113,-1.4415891202816697,1,1.4000000000000001
29,4.139818935412411,-22.15407146540946,-13.376561910549963,23.460460387391297,11.797741006666225,24.566232203371584,-1.7909831826063858,27.233963375350143,-1.9403756754113646,14.527709548558995,5.997553098572765,4.301597198879552,23.89347814216997,19.11171584338306,23.315701662338185,0.2841062106981687,11.323759461634548,19.61459921834987,-10.994840023143386,-0.8302778557311581,-1.7834635475401337,-2.1902002163001324,1,1.4500000000000002
30,3.8243702361910277,-22.253267022254093,-13.468133831844197,23.375514573151108,11.693649047807682,24.560295646537547,-1.8599839935974234,27.21848739495797,-2.1326858824438544,14.462586351304871,5.945798319327757,4.172268907563021,23.87820770181667,19.100148611927835,23.34030146765253,0.2824945582070208,11.258461471496076,19.527763458656597,-11.10543961313903,-0.882748277575736,-2.1793713310430407,-2.92707496814808,1,1.5
31,3.5018422549350032,-22.352844287897465,-13.563762489491657,23.28876214824055,11.585853374017244,24.553651396722586,-1.9351069867947255,27.20331953781513,-2.3324376242001055,14.389750111264894,5.887080088035196,4.037954621848743,23.85970980065956,19.086136605779444,23.364792061844483,0.28089006066592703,11.185931526160136,19.435627907150455,-11.22020398585381,-0.9384951318193356,-2.568973416060148,-3.652213375825517,1,1.55
32,3.1725649523695614,-22.45258410154224,-13.663418208050144,23.200138472377116,11.474524052214376,24.546331949722738,-2.016240181405906,27.188419047619035,-2.5394933949953282,14.309472359385556,5.821510385487516,3.8988190476190407,23.83809712504418,19.069765183906526,23.38900962823052,0.27930345049984767,11.106437058977088,19.33840842233056,-11.339102983004825,-0.9976499037952189,-2.9522698025913945,-4.365615439332473,1,1.6
33,2.836868289219872,-22.55226730239106,-13.76707131207756,23.109578905278315,11.359831149318488,24.538369801334103,-2.1032715966386597,27.173745168067228,-2.7537156891448076,14.22202462661337,5.749201192477003,3.7550268907562914,23.81348236131591,19.051119705277703,23.412790350127075,0.27774546013383,11.020245503297266,19.236320862696086,-11.462106446309217,-1.0603440788366578,-3.3292604906368335,-5.067281158668909,1,1.6500000000000001
34,2.495082226211108,-22.6516747296465,-13.874692126131794,23.017018806661625,11.241944732248957,24.529797447352763,-2.1960892517006902,27.159257142857154,-2.9749670009638303,14.127678443894908,5.670264489795926,3.6067428571428564,23.785978195820118,19.03028552886165,23.43597041085053,0.2762268219929214,10.927624292470941,19.129581086746217,-11.589184217484132,-1.1267091422768756,-3.6999454801964338,-5.757210533834844,1,1.7000000000000002
35,2.1475367240685,-22.75058722251124,-13.986250974770654,22.92239353624458,11.121034867925296,24.520647383574797,-2.2945811657996638,27.14491421568627,-3.203109824767643,14.02670534217662,5.584812258236656,3.4541316526610606,23.755697314902285,19.00734801362702,23.458385993717478,0.27475826850209667,10.828840859848466,19.01840495298007,-11.720306138246645,-1.1968765794491447,-4.0643247712702495,-6.435403564830278,1,1.75
36,1.794561743517219,-22.848785620187826,-14.10171818255208,22.82563845374466,10.997271623266858,24.510952105796278,-2.3986353581432684,27.130675630252107,-3.4380066548715025,13.919376852405094,5.492956478591459,3.297357983193265,23.722752404907837,18.982392518542397,23.479873282044196,0.27335053208641763,10.724162638780118,18.90300831989681,-11.855442050313986,-1.2709778756867072,-4.422398363858189,-7.101860251655221,1,1.8
37,1.436487245282512,-22.946050761878993,-14.221064074033878,22.72668891887937,10.870825065193099,24.50074410981331,-2.5081398479391765,27.1165006302521,-3.6795199855907086,13.805964505526811,5.394809131652673,3.1365865546218523,23.687256152182123,18.95550440257648,23.500268459147165,0.2720143451709123,10.613857062616244,18.783607045995595,-11.994561795403207,-1.3491445163227969,-4.774166257960323,-7.756580594309655,1,1.85
38,1.0736431900895198,-23.042163486787313,-14.344258973773938,22.625480291366202,10.741865260623488,24.49005589142195,-2.622982654395092,27.10234845938376,-3.927512311240502,13.686739832488302,5.290482198212635,2.9719820728291264,23.649321243070602,18.92676902469792,23.519407708342925,0.2707604401805989,10.498191564707149,18.660416989775584,-12.137635215231521,-1.4315079866907043,-5.119628453576624,-8.399564592793574,1,1.9000000000000001
39,0.7063595386634289,-23.136904634115407,-14.471273206330125,22.52194793092268,10.610562276477353,24.478919946418277,-2.74305179671868,27.08817836134454,-4.181846126136145,13.561974364236049,5.180087659063645,2.8037092436974693,23.609060363918736,18.896271743875314,23.537127212947823,0.2695995495404716,10.377433578403146,18.53365400973594,-12.284632151516007,-1.5181997721236538,-5.458784950707118,-9.030812247107006,1,1.9500000000000002
40,0.3349662517294405,-23.23005504306588,-14.602077096260329,22.4160271972663,10.477086179674181,24.467368770598405,-2.868235294117652,27.073949579831933,-4.4423839245929475,13.43193963171661,5.063737494998006,2.6319327731092326,23.566586201071893,18.86409791907734,23.55326315627833,0.2685424056755827,10.251850537054551,18.40353396437582,-12.435522445973803,-1.609351357954892,-5.791635749351782,-9.650323557249935,1,2.0
41,-0.040206709987206324,-23.321395552841427,-14.736640968122346,22.30765345011456,10.34160703713341,24.455434859758373,-2.9984211657996505,27.059621358543414,-4.708988200926074,13.296907165876512,4.9415436868080675,2.456817366946761,23.522011440875488,18.830332909272624,23.567651721650872,0.26759974101095513,10.121709874011703,18.27027271219436,-12.590275940322076,-1.705094229517677,-6.1181808495106,-10.258098523222356,1,2.0500000000000003
42,-0.41882938576140066,-23.410707002644617,-14.87493514647411,22.196762049184958,10.204294915774424,24.443150709694308,-3.1334974309723638,27.045152941176465,-4.981521449450907,13.157148497662261,4.813618215286134,2.2785277310924297,23.475448769674934,18.795062073429822,23.580129092381856,0.26678228797163145,9.987279022624861,18.13408611169071,-12.748862476277978,-1.805559872145261,-6.4384202511835955,-10.854137145024273,1,2.1
43,-0.8005718148678733,-23.497770231678132,-15.01692995587347,22.08328835419501,10.065319882516683,24.430548816202247,-3.273352108843541,27.030503571428575,-5.259846164482657,13.012935158020374,4.680073061224487,2.0972285714285634,23.427010873815675,18.75837077051757,23.59053145178781,0.2661007789825865,9.848825416244384,17.99519002136409,-12.911251895558573,-1.9108797711708967,-6.752353954370784,-11.43843942265569,1,2.15
44,-1.185104036581453,-23.582366079144517,-15.162595720878297,21.967167724862207,9.924852004279572,24.417661675078318,-3.417873218620794,27.015632492997195,-5.543824840336604,12.864538677897352,4.541020205415506,1.9130845938375234,23.376810439643148,18.72034435950452,23.598694983185155,0.265565946468887,9.706616488220591,17.853800299713562,-13.077414039881056,-2.021185411927841,-7.059981959072149,-12.011005356116614,1,2.2
45,-1.5720960901770065,-23.664275384246466,-15.311902766046435,21.848335520904026,9.783061347982578,24.404521782118536,-3.566948779511804,27.000498949579832,-5.833319971328001,12.71223058823974,4.396571628651466,1.7262605042016832,23.32496015350271,18.681068199359316,23.604455869890266,0.2651885228555318,9.560919671903761,17.710132805238345,-13.247318750962563,-2.136608279749323,-7.361304265287661,-12.571834945407048,1,2.25
46,-1.9612180149292415,-23.743278986186567,-15.464821415935765,21.726727102038005,9.640117980545043,24.39116163311904,-3.7204668107242966,26.98506218487394,-6.1281940517721205,12.556282419994057,4.246839311724678,1.5369210084033598,23.271572701739863,18.640627649050597,23.607650295219656,0.2649792405675731,9.41200240064422,17.564403396437577,-13.420935870520184,-2.257279859968624,-7.656320873017379,-13.120928190526946,1,2.3000000000000003
47,-2.3521398501130175,-23.81915772416748,-15.62132199510417,21.602277827981656,9.496191968886471,24.37761372387592,-3.878315331465908,26.96928144257703,-6.428309575984209,12.396965704106814,4.0919352354275205,1.3452308123249221,23.216760770699935,18.599108067546997,23.608114442489757,0.264948832029981,9.26013210779233,17.416827931810417,-13.598235240271093,-2.383331637918966,-7.945031782261268,-13.658285091476365,1,2.35
48,-2.744531635003148,-23.891692437391825,-15.78137482810946,21.474923058452436,9.35145337992629,24.363910550185196,-4.0403823609443865,26.95311596638656,-6.733529038279577,12.234551971524526,3.9319713805522163,1.1513546218487307,23.16063704672841,18.55659481381717,23.605684495016973,0.26510802966784125,9.105576226698346,17.267622269856027,-13.779186701932412,-2.514895098933623,-8.227436993019289,-14.183905648255264,1,2.4000000000000004
49,-3.138063408874439,-23.960663965062206,-15.944950239509554,21.344598153167883,9.206072280583847,24.350084607843,-4.206555918367336,26.93652499999999,-7.043714932973462,12.069312753193735,3.7670597278911675,0.9554571428571498,23.103314216170666,18.513173246829766,23.600196636117765,0.26546756590615783,8.948602190712624,17.11700226907355,-13.963760097221314,-2.652101728345823,-8.503536505291532,-14.697789860863688,1,2.45
50,-3.532405211001682,-24.025853146381273,-16.112018553862338,21.211238471845466,9.060218737778623,24.33616839264539,-4.376724022942508,26.919467787114847,-7.358729754381135,11.90151958006092,3.5973122582366557,0.7577030812324863,23.044904965372176,18.468928725553425,23.5914870491086,0.2660381731699539,8.789477433185457,16.965183787962122,-14.151925267854871,-2.7950830114888365,-8.773330319077925,-15.199937729301599,1,2.5
51,-3.927227080659675,-24.08704082055164,-16.282550095725604,21.074779374202716,8.914062818430066,24.322194400388458,-4.550774693877534,26.90190357142857,-7.6784359968178615,11.731443983072634,3.42284095238097,0.558257142857139,22.9855219806783,18.423946608956783,23.579391917305863,0.26683058388421865,8.628469387467195,16.81238268502095,-14.343652055550276,-2.9439704336959216,-9.036818434378507,-15.690349253568986,1,2.5500000000000003
52,-4.322199057123255,-24.144007826775947,-16.45651518965727,20.935156219957136,8.767774589457549,24.308195126868288,-4.728595950380136,26.883791596638652,-8.002696154598894,11.559357493175392,3.243757791116452,0.3572840336134433,22.92527794843445,18.378312256008492,23.563747424026037,0.2678555304740479,8.465845486908087,16.65881481874917,-14.538910302024611,-3.0988954803002966,-9.294000851193257,-16.169024433665903,1,2.6
53,-4.716991179667213,-24.19653500425679,-16.633884160215207,20.7923043688262,8.62152411778052,24.294203067880957,-4.910075811657977,26.865091106442563,-8.331372722039536,11.385531641315719,3.060174755235429,0.15494845938376414,22.864285554986118,18.33211102567719,23.54438975258559,0.26912374536439704,8.301873164858492,16.50469604764592,-14.737669848995074,-3.2599896366352388,-9.544877569522164,-16.635963269592313,1,2.6500000000000004
54,-5.111273487566333,-24.244403192196817,-16.81462733195725,20.64615918052744,8.47548147031842,24.28025071922254,-5.095102296918762,26.845761344537816,-8.664328193455042,11.210237958440105,2.87220382553022,-0.04858487394958701,22.802657486678655,18.285428276931537,23.521155086300872,0.2706459609803326,8.136819854668737,16.35024223021038,-14.939900538178755,-3.4273843880340005,-9.789448589365279,-17.0911657613482,1,2.7
55,-5.504716020095479,-24.287393229798685,-16.99871502944129,20.496656014778345,8.329816713990642,24.266370576689113,-5.283563425370126,26.825761554621835,-9.001425063160651,11.033747975495078,2.6799569827931364,-0.2531512605042067,22.740506429857497,18.23834936874016,23.493879608488427,0.2724329097468538,7.970952989689117,16.19566922494166,-15.14557221129281,-3.601211219829805,-10.02771391072254,-17.534631908933594,1,2.75
56,-5.896988816529394,-24.325285956264988,-17.18611757722518,20.34373023129641,8.184699915716646,24.252595136076767,-5.475347216219794,26.805050980392156,-9.342525825471643,10.856333223427189,2.4835462078164756,-0.458585994397769,22.67794507086809,18.19095966007169,23.462399502464642,0.2744953240889981,7.804540003269963,16.04119289033897,-15.354654710054357,-3.7816016173559293,-10.259673533593993,-17.96636171234848,1,2.8000000000000003
57,-6.287761916142932,-24.35786221079833,-17.3768052998668,20.187317189799153,8.040301142415814,24.23895689318161,-5.670341688675471,26.783588865546214,-9.687492974703295,10.678265233182927,2.28308348139255,-0.6647243697478993,22.615086096055812,18.143344509894817,23.42655095154597,0.27684393643180333,7.6378483287615255,15.887029084901457,-15.567117876180566,-3.968687065945611,-10.4853274579796,-18.386355171592875,1,2.85
58,-6.676705358210865,-24.384902832601373,-17.570748521924003,20.027352250004054,7.896790461007609,24.22548834379968,-5.868434861944761,26.761334453781522,-10.036189005170868,10.499815535708805,2.0786807843137227,-0.8714016806722669,22.5520421917661,18.09558927717814,23.38617013904888,0.2794894792002538,7.471145399514218,15.733393667128244,-15.782931551388533,-4.162599050932112,-10.70467568387938,-18.794612286666776,1,2.9000000000000004
59,-7.063489182008034,-24.406188660876737,-17.767917567954665,19.86377077162864,7.754337938411459,24.21222198372709,-6.06951475523542,26.73824698879551,-10.388476411189625,10.32125566195139,1.8704500973722833,-1.0784532212885214,22.48892604434438,18.047779320890317,23.341093248289724,0.28244268481942103,7.304698648878293,15.580502495518532,-16.002065577395417,-4.3634690576486905,-10.917718211293355,-19.191133057570156,1,2.95
60,-7.4477834268092264,-24.421500534827075,-17.968282762516637,19.69650811439038,7.613113641546778,24.19919030875988,-6.2734693877550995,26.71428571428573,-10.744217687074833,10.142857142857148,1.6585034013605435,-1.2857142857142787,22.42585034013603,18.0,23.291156462585025,0.2857142857142847,7.138775510204085,15.428571428571423,-16.224489795918362,-4.571428571428574,-11.12445504022152,-19.575917484303048,1,3.0
61,-7.829401200409876,-24.430731873729567,-18.171813475754604,19.5254861668705,7.47324158085667,24.186417014382698,-6.480186778711472,26.68940987394957,-11.10327902196715,9.964827235226881,1.442952677070831,-1.4930201680672324,22.362908148686696,17.952321813913198,23.236253479124475,0.2893114292768351,6.973595542909638,15.27777543931511,-16.450176005464503,-4.786531424161885,-11.32488617066382,-19.948965566865425,1,3.0500000000000003
62,-8.208727884688095,-24.434226417160048,-18.37847526016055,19.35057293310494,7.334661540879034,24.173890594834244,-6.6895549473122395,26.663578711484604,-11.4655413843089,9.787116099278542,1.223909905295502,-1.7002061624649931,22.300114072342282,17.90475582378549,23.176508050590463,0.29322692276683426,6.809186810683669,15.128125958893714,-16.679103831701074,-5.008520833966102,-11.51901160262032,-20.310277305257312,1,3.1
63,-8.586291930042538,-24.43244048476889,-18.58823271381319,19.171622945993324,7.197267249675466,24.16159074404175,-6.901461912765093,26.636751470588234,-11.83088943736778,9.609609621084322,1.0014870668267553,-1.9071075630252015,22.237463096648945,17.857298231209796,23.112101443538783,0.2974499884109872,6.645529503282721,14.979593532980344,-16.911254857085336,-5.237062365515551,-11.706831336090993,-20.659852699478684,1,3.1500000000000004
64,-8.962621786871948,-24.42583039620645,-18.801050434791335,18.988490738435353,7.0609524353074695,24.149497155932448,-7.11579569427769,26.608887394957993,-12.199207844411507,9.432193686716401,0.7757961424570086,-2.1135596638655456,22.174950207152847,17.809945237779075,23.04321492452511,0.30196984843598446,6.482603810463276,14.83214870724813,-17.14661066407453,-5.47182158348458,-11.888345371075832,-20.997691749529576,1,3.2
65,-9.338245905575004,-24.41485247112315,-19.016893021173733,18.80103084333063,6.925610825836686,24.1375895244336,-7.332444311057738,26.579945728291314,-12.570381268707727,9.254754182246995,0.5469491129785355,-2.319397759103656,22.112570389400133,17.76269304508626,22.97002976010524,0.30677572506851164,6.320389921981807,14.685762027370203,-17.385152835125908,-5.712464052547528,-12.063553707574844,-21.323794455409946,1,3.25
66,-9.713692736550438,-24.399963029169356,-19.235725071039152,18.609097793578798,6.791136149324689,24.125847543472446,-7.551295782312908,26.549885714285722,-12.944294373524212,9.077176993748287,0.31505795918368573,-2.524457142857143,22.050318628936893,17.71553785472428,22.892727216834814,0.31185684053530766,6.158868027594792,14.540404039019672,-17.626862952696737,-5.95865533737874,-12.23245634558803,-21.638160817119832,1,3.3000000000000003
67,-10.0894907301969,-24.3816183899955,-19.45751118246637,18.412546122079526,6.6574221338330295,24.114250906976206,-7.772238127250891,26.518666596638667,-13.32083182212865,8.899348007292481,0.08023466186475603,-2.7285731092436967,21.988189911309355,17.668475868286084,22.81148856126962,0.31720241706304364,5.998018317058769,14.39604528786966,-17.871722599244226,-6.210061002652579,-12.395053285115381,-21.940790834659197,1,3.35
68,-10.46616833691314,-24.360274873251935,-19.68221595353414,18.211230361732444,6.524362507423287,24.102779308872094,-7.995159365079348,26.48624761904762,-13.699878277788688,8.72115310895176,-0.15740879818594194,-2.9315809523809513,21.92617922206355,17.621503287364604,22.726495059965302,0.3228016768784198,5.837820980130222,14.252656319593292,-18.119713357225642,-6.466346613043311,-12.551344526156914,-22.231684508028078,1,3.4000000000000004
69,-10.84425400709786,-24.336388798589056,-19.90980398232123,18.005005045437198,6.39185099815702,24.09141244308741,-8.219947515005988,26.452588025210083,-14.081318403772114,8.542478184798357,-0.39776044017605117,-3.133315966386547,21.86428154674566,17.57461631355279,22.637927979477624,0.3286438422081605,5.678256206565597,14.110207679863713,-18.370816809098244,-6.727177733225334,-12.701330068712647,-22.51084183722644,1,3.45
70,-11.224276191149762,-24.310416485657257,-20.1402398669064,17.793724706093432,6.259781334095869,24.08013000354932,-8.446490596238501,26.41764705882353,-14.465036863346585,8.363209120904443,-0.6407082833133426,-3.3336134453781527,21.802491870901857,17.527811148443575,22.5459685863623,0.3347181352789417,5.519304186121403,13.968669914354011,-18.62501453731929,-6.992219927872972,-12.845009912782514,-22.77826282225431,1,3.5
71,-11.60676333946758,-24.28281425410693,-20.37348820536846,17.57724387660079,6.1280472433013164,24.06891168418513,-8.674676627984521,26.381383963585435,-14.850918319779819,8.183231803342231,-0.8861403468053842,-3.532308683473404,21.740805180078233,17.481083993629895,22.450798147175046,0.34101377831747326,5.3609451085541675,13.8280135687373,-18.88228812434599,-7.26113876166056,-12.98238405836658,-23.03394746311166,1,3.5500000000000003
72,-11.992243902449948,-24.25403842358846,-20.60951359578612,17.355417089858953,5.996542453834982,24.057737178922036,-8.904393629451764,26.34375798319327,-15.23884743633949,8.002432118183906,-1.1339446498599166,-3.7292369747899166,21.679216459820964,17.4344310507047,22.35259792847162,0.3475199935504506,5.2031591636203105,13.688209188686754,-19.142619152635632,-7.533599799262451,-13.113452505464823,-23.277895759798525,1,3.6
73,-12.381246330495614,-24.22454531375224,-20.84828063623816,17.128098878767513,5.86516069375846,24.046586181687303,-9.135529619847933,26.304728361344544,-15.62870887629334,7.82069595150168,-1.384009211684666,-3.9242336134453937,21.61772069567614,17.38784852126093,22.25154919680768,0.3542260032046076,5.045926541076373,13.549227319875458,-19.40598920464545,-7.809268605352941,-13.238215254077236,-23.510107712314895,1,3.6500000000000004
74,-12.774299074003295,-24.194791244248663,-21.089753924803375,16.895143776226142,5.733795691133315,24.035438386408146,-9.367972618380673,26.26425434173669,-16.02038730290906,7.637909189367742,-1.6362220514872527,-4.117133893557432,21.55631287318993,17.34133260689152,22.147833218738967,0.361121029506601,4.889227430678836,13.41103850797654,-19.67237986283268,-8.08781074460643,-13.356672304203808,-23.730583320660752,1,3.7
75,-13.171930583371697,-24.16523253472809,-21.333898059560514,16.656406315134472,5.602341174021093,24.024273487011804,-9.601610644257686,26.222295168067234,-16.41376737945434,7.453957717854291,-1.8904711884753873,-4.30777310924372,21.494987977908423,17.294879509189403,22.04163126082122,0.36819429468316484,4.733042022184172,13.273613298663143,-19.941772709654625,-8.3688917816972,-13.468823655844577,-23.93932258483612,1,3.75
76,-13.574669308999505,-24.136325504840965,-21.580677638588362,16.411741028392168,5.470690870483425,24.013071177425537,-9.836331716686658,26.1788100840336,-16.808733769196916,7.268727423033532,-2.146644641856736,-4.495986554621848,21.43374099537784,17.248485429747515,21.933124589610124,0.3754350209609703,4.57735050534887,13.136922237608363,-20.214149327568478,-8.652177281299625,-13.574669308999505,-24.136325504840965,1,3.8000000000000003
77,-13.982799087822874,-24.10844575022078,-21.830081136306756,16.16113902689472,5.338758836713718,24.001815035805368,-10.07202385487528,26.13375833333332,-17.20517113540446,7.082104190977651,-2.404630430839009,-4.681609523809526,21.372566911144265,17.202146570158803,21.822494471661425,0.38283243056674654,4.4221330699294565,13.000935870485325,-20.489491299031506,-8.937332808088053,-13.982799087822874,-24.10844575022078,1,3.85
78,-14.395625302927808,-24.08164597043382,-22.082192532499977,15.905137733521043,5.206540441433326,23.990504177222707,-10.308575078031204,26.087099159663854,-17.602964141344696,6.893973907758856,-2.664316574629849,-4.8644773109243635,21.311460710753828,17.15585913201623,21.709922173530796,0.390375745727184,4.267369905682381,12.865624742967164,-20.767780206500948,-9.224023926736763,-14.395625302927808,-24.08164597043382,1,3.9000000000000004
79,-14.8122087239377,-24.055898141029402,-22.337119683293377,15.644411149145874,5.074051381495389,23.97914160097766,-10.545873405362137,26.038791806722692,-18.001997450285305,6.704222459449364,-2.9255910924369903,-5.04442521008404,21.25041737975272,17.1096193169127,21.595588961774034,0.39805418866897324,4.1130412023641405,12.730959400726995,-21.048997632434073,-9.51191620192015,-14.8122087239377,-24.055898141029402,1,3.95
80,-15.231610120475986,-24.031174237556925,-22.59497044481229,15.37963327464401,4.9413073537530865,23.967730306370413,-10.78380685607576,25.988795518207287,-18.40215572549402,6.512735732121327,-3.188342003468053,-5.221288515406162,21.18943190368698,17.063423326441182,21.47967610294682,0.4058569816188339,3.9591271497312372,12.596910389437937,-21.33312515928812,-9.800675198312524,-15.231610120475986,-24.031174237556925,1,4.0
81,-15.65289026216611,-24.007446235565787,-22.855852673182078,15.111478110890177,4.8083240550595985,23.95627329270115,-11.022263449379746,25.93706953781512,-18.80332363023852,6.3193996118469835,-3.4524573269307712,-5.394902521008408,21.12849926810283,17.01726736219459,21.362364863604867,0.4137733468034321,3.8056079375401453,12.463448254773128,-21.620144369520347,-10.089966480588249,-15.65289026216611,-24.007446235565787,1,4.05
82,-16.07510991863151,-23.98468611060537,-23.11987422452816,14.840619658759154,4.67511718226811,23.944773559270022,-11.261131204481785,25.8835731092437,-19.205385827786515,6.124099984698501,-3.7178250820328085,-5.565102521008402,21.067614458546387,16.971147625765873,21.243836510303908,0.42179250644952615,3.6524637555473602,12.330543542405671,-21.910036845587978,-10.37945561342164,-16.07510991863151,-23.98468611060537,1,4.1000000000000005
83,-16.497329859495572,-23.962865838225024,-23.387142954975808,14.567731919125691,4.541702432231785,23.933234105377206,-11.50029814058956,25.828265476190477,-19.608226981405714,5.926722736748115,-3.9843332879818476,-5.731723809523811,21.006772460563802,16.92506031874798,21.124272309599647,0.4299036827837728,3.499674793509385,12.198166798008707,-22.202784169948306,-10.668808161487037,-16.497329859495572,-23.962865838225024,1,4.15
84,-16.918610854381743,-23.94195739397416,-23.65776672065041,14.29348889286456,4.408095501803842,23.921657930322876,-11.73965227691076,25.77110588235295,-20.01173175436383,5.727153754067989,-4.251869963985607,-5.894601680672274,20.945968259701147,16.879001642733826,21.00385352804779,0.438096098032901,3.3472212411827162,12.066288567255341,-22.49836792505853,-10.957689689458789,-16.918610854381743,-23.94195739397416,1,4.2
85,-17.338013672913466,-23.921932753402128,-23.93185337767736,14.018564580850539,4.274312087837421,23.910048033407172,-11.97908163265307,25.71205357142858,-20.41578480992856,5.52527892273034,-4.520323129251705,-6.053571428571426,20.885196841504637,16.832967799316396,20.88276143220409,0.4463589744235773,3.19508328832379,11.934879395818708,-22.79676969337593,-11.245765762011228,-17.338013672913466,-23.921932753402128,1,4.25
86,-17.754599084714147,-23.90276389205831,-24.209510782181958,13.743632983958351,4.140367887185716,23.8984074139303,-12.218474227024139,25.651067787114844,-20.820270811367603,5.320984128807361,-4.789580802987862,-6.20846834733894,20.82445319152039,16.786954990088585,20.76117728862426,0.4546815341825115,3.0432411246891613,11.803909829371918,-23.097971057357757,-11.532701943818704,-17.754599084714147,-23.90276389205831,1,4.3
87,-18.167427859407244,-23.884422785492127,-24.49084679028961,13.469368103062786,4.006278596701899,23.886739071192412,-12.457718079231697,25.588107773109243,-21.225074421948644,5.114155258371259,-5.059531004401764,-6.3591277310924434,20.76373229529454,16.740959416643353,20.639282363863998,0.4630529995364376,2.8916749400352737,11.673350413588118,-23.401953599461244,-11.818163799555535,-18.167427859407244,-23.884422785492127,1,4.3500000000000005
88,-18.575560766616146,-23.866881409252926,-24.775969258125635,13.196443939038579,3.872059913239187,23.875046004493676,-12.696701208483406,25.523132773109243,-21.63008030493943,4.904678197494213,-5.330061752701087,-6.50538487394957,20.703029138373182,16.694977280573635,20.517257924479033,0.4714625927120266,2.74036492411863,11.543171694140405,-23.708698902143663,-12.10181689389607,-18.575560766616146,-23.866881409252926,1,4.4
89,-18.97805857596431,-23.85011173889007,-25.064986041815377,12.925534492760523,3.73772753365072,23.863331213134263,-12.93531163398692,25.456102030812314,-22.035173123607635,4.692438832248455,-5.601061067093502,-6.64707507002802,20.642338706302493,16.64900478347236,20.395285237025128,0.4798995359359887,2.589291266695742,11.41334421670192,-24.01818854786224,-12.383326791514666,-18.97805857596431,-23.85011173889007,1,4.45
90,-19.37398205707513,-23.83408574995299,-25.358004997484258,12.657313765103362,3.6032971547896633,23.851597696414334,-13.173437374949991,25.386974789915964,-22.440237541220963,4.4773230487061255,-5.872416966786721,-6.784033613445398,20.5816559846286,16.603038126932486,20.273545568057934,0.488353051435019,2.4384341575230675,11.283838526945761,-24.330404119074235,-12.662359057085629,-19.37398205707513,-23.83408574995299,1,4.5
91,-19.762391979572083,-23.818775417991006,-25.655133981257595,12.39245575694185,3.468784473509279,23.839848453634065,-13.410966450580226,25.315710294117647,-22.845158221047125,4.259216732939479,-6.144017470988402,-6.9160957983193185,20.520975958897672,16.55707351254696,20.152220184133185,0.49681236143582735,2.2877737863571026,11.154625170545083,-24.645327198236895,-12.938579255283306,-19.762391979572083,-23.818775417991006,1,4.55
92,-20.142349113078556,-23.804152718553574,-25.956480849260736,12.131634469150754,3.334205186662692,23.82808648409362,-13.647786880085368,25.242267787114855,-23.249819826353836,4.038005771020684,-6.415750598906239,-7.043096918767507,20.4602936146558,16.51110714190868,20.031490351806625,0.505266688165114,2.1372903429543433,11.02567469317298,-24.962939367807472,-13.211652950782044,-20.142349113078556,-23.804152718553574,1,4.6000000000000005
93,-20.512914227217998,-23.790189627190003,-26.262153457619046,11.875523902604854,3.199574991103045,23.816314787093177,-13.883786682673062,25.16660651260504,-23.654107020408787,3.8135760490219393,-6.687504369747877,-7.164872268907563,20.39960393744915,16.465135216610623,19.911537337633998,0.5137052538495743,1.9869640170713,10.896957640502583,-25.28322221024321,-13.481245708256205,-20.512914227217998,-23.790189627190003,1,4.65
94,-20.873148091613828,-23.776858119449688,-26.57225966245789,11.624798058178875,3.0649095836836064,23.80453636193288,-14.118853877551018,25.0886857142857,-24.057904466479673,3.5858134530154735,-6.959166802721096,-7.281257142857147,20.338901912823808,16.41915393824572,19.792542408170945,0.522117280715889,1.8367749984644008,10.768444558207028,-25.606157308001368,-13.747023092380061,-20.873148091613828,-23.776858119449688,1,4.7
95,-21.222111475889474,-23.76413017088204,-26.886907319902615,11.380130936747603,2.9302246612574887,23.792754207912935,-14.352876483926899,25.008464635854345,-24.46109682783421,3.354603869073462,-7.230625917033474,-7.392086834733887,20.278182526325992,16.373159508406914,19.674686829973254,0.5304919909907971,1.6867034768902096,10.640105991959416,-25.9317262435392,-14.008650667828018,-21.222111475889474,-23.76413017088204,1,4.75
96,-21.55886514966836,-23.751977757036425,-27.206204286078574,11.142196539185793,2.7955359206778994,23.780971324333475,-14.585742521008402,24.9259025210084,-24.86356876774011,3.1198331832680903,-7.5017697318927565,-7.497196638655455,20.217440763501813,16.32714812868712,19.558151869596614,0.5388186069009987,1.5367296421051546,10.51191248743289,-26.259910599313933,-14.265793999274372,-21.55886514966836,-23.751977757036425,1,4.800000000000001
97,-21.882469882573925,-23.74037285346223,-27.530258417111146,10.911668866368222,2.660859058798004,23.769190710494673,-14.817340008003193,24.840958613445377,-25.26520494946506,2.8813872816715933,-7.772486266506605,-7.596421848739499,20.156671609897344,16.281116000679322,19.443118793596717,0.547086350673189,1.386833683865754,10.38383459030057,-26.59069195778282,-14.518118651393468,-21.882469882573925,-23.74037285346223,1,4.8500000000000005
98,-22.191986444229574,-23.729287435708784,-27.859177569125684,10.689221919169613,2.5262097724710184,23.75741536569674,-15.047556964118984,24.753592156862737,-25.665890036276767,2.6391520503561208,-8.04266354008272,-7.689597759103656,20.095870051058796,16.235059325976444,19.32976886852935,0.555284444534025,1.2369957919285262,10.255842846235563,-26.924051901403136,-14.765290188859655,-22.191986444229574,-23.729287435708784,1,4.9
99,-22.486475604258768,-23.71869347932552,-28.19306959824752,10.475529698464765,2.391603758550069,23.74564828923977,-15.276281408563417,24.663762394957995,-26.065508691442947,2.393013375393912,-8.312189571828725,-7.776559663865551,20.035031072532295,16.188974306171396,19.218283360950217,0.5634021107102501,1.0871961560498846,10.127907800911002,-27.259972012632094,-15.006974176347285,-22.486475604258768,-23.71869347932552,1,4.95
100,-22.764998132284923,-23.708562959861816,-28.532042360602034,10.271266205128411,2.2570567138883804,23.733892480424004,-15.503401360544217,24.57142857142856,-26.463945578231296,2.1428571428571423,-8.580952380952372,-7.857142857142856,19.97414965986397,16.14285714285714,19.108843537414977,0.5714285714285743,0.9374149659864073,9.999999999999998,-27.598433873926982,-15.24283617853069,-22.764998132284923,-23.708562959861816,1,5.0
101,-23.026904122202357,-23.69887087577095,-28.87614817582292,10.076913899370565,2.122581153544578,23.722150330583318,-15.728833038696976,24.47657086056645,-26.86112504348814,1.8887010336391086,-8.848863512367917,-7.931246436352315,19.9132219938013,16.096704942981695,19.001583582548896,0.5793556178114523,0.7876298965610871,9.872118002995022,-27.939389767600723,-15.472601703651033,-23.65630184003637,-22.479621680914615,1,5.050000000000001
102,-23.272700964989085,-23.68960431712187,-29.225217217577352,9.892189078742113,1.9881768653989667,23.71042179918665,-15.95260545936894,24.379253159041394,-27.25713016837434,1.6310899079174828,-9.115928613815907,-7.999024712107065,19.85224903589728,16.050518434913464,18.89644935325523,0.587185316564551,0.637808562863331,9.744372424665867,-28.282674775389168,-15.69623603421702,-24.52906431166818,-21.276245302272415,1,5.1000000000000005
103,-23.50318537589395,-23.68075339688745,-29.579024123040867,9.716616500129197,1.8538404555373775,23.698706237736655,-16.174775838335332,24.279560294117644,-27.652083717629377,1.3707004206910103,-9.382176858743506,-8.060695798319312,19.791232942906284,16.0042992523759,18.793339624506714,0.5949223032892532,0.4879160650490421,9.61690189360169,-28.628094678883855,-15.913764396304188,-25.383285547180336,-20.09843382393519,1,5.15
104,-23.71915407016587,-23.672308228040542,-29.937343529388944,9.549720920417933,1.7195685300456143,23.68700299773599,-16.39540139137137,24.17757709305945,-28.046108455992712,1.1082092269584405,-9.647637420597874,-8.116477808901333,19.730175871582645,15.958049029092454,18.69215317127603,0.6025712135870145,0.33791750327419945,9.489845038391593,-28.975455259676277,-16.125212015988044,-26.218965546572868,-18.94618724590299,1,5.2
105,-23.921403763053725,-23.664258923554023,-30.299950073797106,9.39102709649449,1.5853576950094879,23.675311430687337,-16.61453933425222,24.073388383131032,-28.43932714820384,0.8442929817185475,-9.912339472826162,-8.16658885776532,19.66907997868071,15.911769398786602,18.592788768536025,0.6101366830592224,0.187777977694699,9.363340487624695,-29.324562299358018,-16.330604119344187,-27.036104309845726,-17.819505568175774,1,5.25
106,-24.110731169806396,-23.656595596400734,-30.66661839344089,9.240059785244966,1.4512045565147629,23.66363088809337,-16.83224688275311,23.967078991596637,-28.83186255900227,0.5796283399700619,-10.176312188875542,-8.211247058823515,19.607947420954833,15.865461995181818,18.49514519125936,0.6176233473073225,0.037462588466542004,9.237526869890168,-29.675221579520578,-16.52996593244808,-27.834701836998974,-16.718388790753536,1,5.300000000000001
107,-24.2879330056728,-23.649308359553597,-31.037123125495793,9.096343743555503,1.3171057206472732,23.65196072145672,-17.048581252649218,23.858733745720517,-29.22383745312743,0.31489195671176223,-10.43958474219318,-8.250670525988179,19.546780355159363,15.819128452001566,18.399121214418805,0.6250358419327268,-0.11306356425436803,9.112542813777141,-30.027238881755498,-16.723322681375247,-28.614758128032552,-15.642836913636296,1,5.3500000000000005
108,-24.453805985901784,-23.64238732598539,-31.41123890713733,8.959403728312246,1.183057793492806,23.640300282280084,-17.263599659715734,23.748437472766895,-29.615374595318848,0.05076048694239347,-10.702186306226213,-8.285077373171475,19.48558093804865,15.772770402969318,18.304615612987106,0.632378802536818,-0.26383538031215026,8.988526947874705,-30.38041998765433,-16.910699592201308,-29.376273182946488,-14.592849936824072,1,5.4
109,-24.60914682574227,-23.63582260866906,-31.78874037554103,8.828764496401304,1.049057381137127,23.62864892206612,-17.477359319727885,23.636275,-30.006596750315957,-0.21208941433929937,-10.964146054421754,-8.314685714285716,19.424351326377035,15.726389481808528,18.211527161936996,0.639656864721066,-0.4148877595507581,8.865617900772051,-30.734570678808584,-17.092121891001735,-30.11924700174078,-13.56842786031682,1,5.45
110,-24.754752240443114,-23.629604320577442,-32.169402167882396,8.70395080470883,0.9151010896660772,23.6170059923175,-17.689917448460875,23.522331154684103,-30.39762668285827,-0.47298109213456174,-11.225493160227074,-8.339713663243042,19.363093676898878,15.67998732224267,18.119754636241236,0.6468746640868585,-0.5662556018143408,8.743954301058281,-31.089496736809796,-17.26761480385208,-30.843679584415458,-12.569570684114565,1,5.5
111,-24.891418945253218,-23.623722574683384,-32.55299892133695,8.584487410120945,0.7811855251654516,23.605370844536882,-17.90133126168987,23.406690764083407,-30.78858715768526,-0.7312378914446535,-11.486256797089212,-8.360379333955784,19.301810146368524,15.633565557995208,18.029196810872563,0.6540368362356364,-0.7179738069469046,8.62367477732252,-31.445003943249503,-17.437203556827885,-31.549570930970454,-11.596278408217296,1,5.550000000000001
112,-25.019943655421493,-23.618167483959752,-32.93930527308022,8.469899069523791,0.6473072937210306,23.593742830226923,-18.11165797519008,23.28943865546219,-31.17960093953641,-0.9861831572707911,-11.74646613845539,-8.376900840336129,19.240502891540363,15.587125822789607,17.939752460803742,0.6611480167687921,-0.8700772747925459,8.504917958153923,-31.800898079719246,-17.60091337600467,-32.23692104140583,-10.648551032625038,1,5.6000000000000005
113,-25.141123086196796,-23.612929161379427,-33.3280958602877,8.359710539803494,0.5134630014186323,23.582121300890304,-18.320954804736715,23.170659656084638,-31.570790793151183,-1.237140234614215,-12.006150357772764,-8.389496296296278,19.17917406916866,15.540669750349348,17.851320361007446,0.6682128412877617,-1.0226009051952785,8.387822472141606,-32.15698492781056,-17.758769487457943,-32.90572991572155,-9.726388557337762,1,5.65
114,-25.255753952828037,-23.607997719915236,-33.71914532013494,8.253446577846198,0.37964925434402985,23.570505608029716,-18.529278966104954,23.050438593215063,-31.9622794832691,-1.4834324684761855,-12.265338628488433,-8.39838381574852,19.117825836007825,15.494198974397886,17.763799286456496,0.6752359453939618,-1.1755795979992292,8.272526947874715,-32.513070269114976,-17.910797117263293,-33.55599755391764,-8.829790982355485,1,5.7
115,-25.364632970564088,-23.60336327254011,-34.11222828979741,8.150631940538004,0.24586265858306364,23.558895103147762,-18.736687675070026,22.928860294117655,-32.3541897746296,-1.7243832038579472,-12.524060124049605,-8.40378151260502,19.0564603488122,15.447715128658695,17.67708801212359,0.6822219646888189,-1.3290482530483965,8.159170013942381,-32.86895988522402,-18.057021491496204,-34.18772395599408,-7.958758307678201,1,5.75
116,-25.468556854653844,-23.59901593222685,-34.50711940645066,8.050791384765088,0.11209982022146137,23.54728913774717,-18.943238147407108,22.806009586056643,-32.74664443197218,-1.959315785760751,-12.782344017903458,-8.405907500778099,18.995079764336104,15.401219846855229,17.591085312981463,0.6891755347737303,-1.4830417701868843,8.047890298933728,-33.22445955772924,-18.197467836232295,-34.80090912195086,-7.113290533305917,1,5.800000000000001
117,-25.568322320346176,-23.594945811948335,-34.90359330727019,7.953449667413558,-0.02164265465489109,23.535687063330563,-19.148987598891406,22.681971296296297,-33.13976622003632,-2.1875535591858375,-13.040219483497097,-8.404979894179892,18.93368623933395,15.35471476271097,17.505689964002908,0.6961012912501462,-1.6375950492587141,7.938826431437884,-33.579375068222156,-18.332161377546992,-35.39555305178801,-6.2933876592386,1,5.8500000000000005
118,-25.664726082890017,-23.591143024677464,-35.30142462943153,7.858131545369539,-0.155368159960251,23.52408823140063,-19.353993245298128,22.556830252100852,-33.53367790356149,-2.408419869134442,-13.297715694277729,-8.401216806722672,18.87228193056001,15.308201509949372,17.42080074016059,0.7030038697194644,-1.79274299010802,7.832117040044012,-33.933512198294295,-18.46112734151588,-35.971655745505515,-5.499049685476321,1,5.9
119,-25.7585648575342,-23.58759768338706,-35.70038801011019,7.7643617755191805,-0.28908008960883036,23.512491993460024,-19.558312302402452,22.43067128073451,-33.928502247287184,-2.6212380606078294,-13.554861823692432,-8.394836352318698,18.81086899476871,15.26168172229389,17.33631641642738,0.7098879057830868,-1.9485204925787551,7.727900753341221,-34.28667672953721,-18.584390954214538,-36.52921720310338,-4.730276612019005,1,5.95
120,-25.850635359527654,-23.58429990104999,-36.10025808648168,7.67166511474861,-0.42278183751478865,23.50089770101143,-19.76200198597958,22.303579209461564,-34.32436201595288,-2.8253314786072163,-13.81168704518846,-8.386056644880163,18.749449588714327,15.215157033468017,17.25213576777587,0.716758035042464,-2.104962456515092,7.6263161999186595,-34.63867444354245,-18.701977441718405,-37.0682374245816,-3.987068438866685,1,6.0
121,-25.941734304119258,-23.581239790639174,-36.50080949572152,7.579566319943956,-0.5564767975923153,23.489304705557497,-19.965119511804726,22.17563886554622,-34.721379974298074,-3.020023468133882,-14.068220532212894,-8.375095798319315,18.688025869151247,15.168629077195215,17.1681575691789,0.7236188930990078,-2.2621037817610063,7.5275020083654285,-34.98931112190151,-18.813912030103094,-37.58871640994017,-3.269425166019361,1,6.050000000000001
122,-26.03265840655787,-23.57840746512738,-36.90181687500524,7.487590147991364,-0.6901683637556899,23.47771235860091,-20.167722095653076,22.046935076252737,-35.11967888706221,-3.2046373741890615,-14.324491458212929,-8.362171926548383,18.62659999283384,15.122099487198932,17.084280595609194,0.7304751155541254,-2.419979368160609,7.431596807270704,-35.33839254620594,-18.920219945444092,-38.0906541591791,-2.5773467934770324,1,6.1000000000000005
123,-26.12420438209243,-23.575793037487543,-37.30305486150833,7.395261355776933,-0.8238599299190271,23.466120011644325,-20.369866953299834,21.917552668845303,-35.51938151898478,-3.3784965417739916,-14.580528996635694,-8.347503143479592,18.565174116516417,15.075569897202676,17.000403622039464,0.7373313380092478,-2.578624115557938,7.338739225223583,-35.685724498047264,-19.020926413816987,-38.57405067229839,-1.9108333212396904,1,6.15
124,-26.217168945971775,-23.57338662069253,-37.70429809240632,7.30210470018684,-0.9575548899965914,23.454527016190386,-20.571611300520207,21.787576470588235,-35.92061063480528,-3.540924315889912,-14.836362320928378,-8.331307563025192,18.503750396953365,15.029041940929867,16.91642542344251,0.7441921960657868,-2.7380729237970733,7.249067890813209,-36.03111275901704,-19.116056661297264,-39.038905949298034,-1.2698847493073397,1,6.2
125,-26.31234881344481,-23.57117832771517,-38.10532120487471,7.207644938107176,-1.0912566379025346,23.44293272374178,-20.773012353089385,21.65709130874572,-36.323488999263176,-3.691244041538097,-15.092020604538117,-8.313803299097401,18.442330990898967,14.982517252104005,16.832244774791025,0.7510623253251688,-2.898360692722022,7.1627214326287465,-36.37436311070679,-19.20563591396049,-39.485219990178024,-0.6545010776800085,1,6.25
126,-26.410540699760446,-23.569158271528345,-38.50589883608906,7.111406826424119,-1.224968567551114,23.431336485801182,-20.974127326782572,21.52618201058201,-36.72813937709797,-3.8287790637197547,-15.34753302091206,-8.295208465608457,18.380918055107667,14.93599746444854,16.747760451057772,0.7579463613888009,-3.0595223221769325,7.079838479259281,-36.71528133470803,-19.289689397882157,-39.912992794938376,-0.06468230635765906,1,6.300000000000001
127,-26.512541320167543,-23.567316565104917,-38.90580562322484,7.0129151220237675,-1.3586940728564738,23.419737653871252,-21.175013437374957,21.39493340336135,-37.13468453304912,-3.952852727436168,-15.602928743497417,-8.275741176470586,18.319513746333726,14.889484211686934,16.662871227215483,0.7648489398581045,-3.221592712005796,7.0005576592939756,-37.05367321261233,-19.36824233913784,-40.322224363579096,0.4995715646597091,1,6.3500000000000005
128,-26.619147389915017,-23.565643321417724,-39.3048162034576,6.911694581792258,-1.4924365477328188,23.40813557945465,-21.375727900641746,21.263430314347964,-37.5432472318561,-4.0627883776885385,-15.858236945741254,-8.25561954559602,18.25812022133156,14.842979127542666,16.57747587823691,0.7717746963345254,-3.3846067620527176,6.925017601321945,-37.3893445260112,-19.44131996380305,-40.71291469610016,1.0382605353720862,1,6.4
129,-26.731155624251723,-23.564128653439674,-39.70270521396283,6.807269962615735,-1.6261993860944286,23.396529614054046,-21.576327932358126,21.13175757080611,-37.95395023825843,-4.157909359478146,-16.113486801090822,-8.23506168689698,18.19673963685546,14.796483845739198,16.491473179094804,0.7787282664194464,-3.548599372161725,6.85335693393235,-37.722101056496186,-19.508947497953336,-41.08506379250158,1.5513846057794578,1,6.45
130,-26.849362738426574,-23.5627626741436,-40.09924729191606,6.69916602138034,-1.7599859818554098,23.384919109172106,-21.776870748299316,20.999999999999986,-38.36691631699553,-4.237539017806231,-16.368707482993194,-8.214285714285715,18.135374149659867,14.749999999999998,16.404761904761912,0.7857142857142889,-3.71360544217687,6.785714285714282,-38.05174858565879,-19.571150167664243,-41.43867165278336,2.038943775881824,1,6.5
131,-26.974228615669553,-23.561494553468567,-40.49423104980212,6.58710477052158,-1.893798823886215,23.373303589244134,-21.97741356424051,20.8682424291939,-38.782136505163294,-4.301272370804743,-16.623928164895602,-8.193509741674436,18.074025341364518,14.703528788388947,16.317267823551546,0.7927361536601242,-3.8796409508047205,6.722153222395064,-38.37809289509059,-19.627953199011266,-41.773738276945494,2.5009380456792134,1,6.550000000000001
132,-27.104865811135134,-23.560109689218336,-40.88750100134312,6.47159724467253,-2.027636780882122,23.361683270435865,-22.178013595956905,20.736569685652057,-39.19907492928285,-4.349791129128459,-16.879178020245146,-8.172951882975402,18.012692493051368,14.657069666331545,16.22902467713947,0.7997923250564525,-4.046646192201503,6.662437058254448,-38.700939766383094,-19.67938181806998,-42.09026366498799,2.937367415171597,1,6.6000000000000005
133,-27.24005004795884,-23.55835253616289,-41.2789156355705,6.353351734015745,-2.16149781649458,23.350058541845737,-22.37872805922369,20.605066596638643,-39.61706398823178,-4.384048676562923,-17.134486222489006,-8.152830252100836,17.951374310667838,14.610621653593718,16.14009320054207,0.8068800185423998,-4.214542539385953,6.60625404471045,-39.02009498112783,-19.725461250915906,-42.388247816910834,3.348231884359014,1,6.65
134,-27.378557049276285,-23.555967549072136,-41.668333441515685,6.233076528733701,-2.2953798943750856,23.33842979257215,-22.579614169816075,20.47381798941798,-40.03543608088761,-4.404998396893567,-17.38988194507434,-8.133362962962948,17.89006950016124,14.564183769941385,16.05053412877568,0.8139964527571789,-4.383251365376861,6.553292433180962,-39.33536432091636,-19.766216723624577,-42.66769073271403,3.7335314532414063,1,6.7
135,-27.519162538222993,-23.552699182716047,-42.055612908210094,6.111479919008904,-2.4292809781751403,23.326797411713493,-22.78072914350926,20.34290869125428,-40.45352360612786,-4.413593673905935,-17.645394361448297,-8.114768129474001,17.82877676747898,14.517755035140471,15.960408196856626,0.821138846339901,-4.552694043192915,6.503240475083943,-39.646553567340185,-19.801673462271523,-42.92859241239759,4.093266121818827,1,6.75
136,-27.66064223793455,-23.54829189186461,-42.44061252468517,5.989270195023831,-2.5631990315461657,23.315161788368144,-22.98213019607844,20.212423529411762,-40.87065896283009,-4.41078789138551,-17.90105264505803,-8.097263865546216,17.767494818568487,14.471334468956876,15.869776139801303,0.828304417929692,-4.722791945852845,6.455786421837367,-39.95346850199086,-19.831856692932273,-43.17095285596151,4.427435890091236,1,6.800000000000001
137,-27.801771871546496,-23.542490131287753,-42.82319077997234,5.867155646961016,-2.697132018139709,23.30352331163455,-23.183874543298806,20.08244733115467,-41.286174549871845,-4.397534433117783,-18.156885969350714,-8.08106828509181,17.70622235937715,14.424921091156556,15.77869869262606,0.8354903861657648,-4.893466446375394,6.410618524859166,-40.25591490645993,-19.856791641682378,-43.39477206340578,4.736040758058666,1,6.8500000000000005
138,-27.94132716219443,-23.535038355755436,-43.20320616310305,5.745844565002941,-2.8310779016071983,23.291882370611084,-23.386019400945564,19.953064923747267,-41.69940276613063,-4.374786682888284,-18.41292350777348,-8.066399502023025,17.644958095852335,14.3785139215054,15.687236590347204,0.8426939696872014,-5.0646389177793125,6.36742503556728,-40.553698562338894,-19.87650353459737,-43.600050034730415,5.019080725721093,1,6.9
139,-28.078083833013896,-23.52568102003759,-43.580517163108695,5.6260452393320834,-2.9650346456001433,23.280239354396144,-23.588621984793928,19.82436113445379,-42.10967601048401,-4.3434980244824795,-18.66919443377352,-8.053475630252095,17.583700733941406,14.332111979769337,15.595450567981144,0.8499123871331862,-5.2362307330833,6.325894205379672,-40.84662525121931,-19.891017597752814,-43.78678676993539,5.276555793078526,1,6.95
140,-28.210817607140445,-23.514162578904198,-43.95498226902074,5.508465960130976,-3.099000213769987,23.268594652088133,-23.791739510619063,19.69642079053844,-42.51632668180952,-4.304621841685887,-18.925727920797954,-8.042514783691244,17.52244897959183,14.285714285714285,15.503401360544217,0.8571428571428541,-5.408163265306113,6.285714285714293,-41.1345007546927,-19.900359057224147,-43.95498226902074,5.508465960130976,1,7.0
141,-28.33830420770967,-23.500227487125205,-44.326459969870584,5.393815017582088,-3.232972569768269,23.256948652785468,-23.995429194196205,19.569328719265485,-42.91868717898468,-4.259111518283972,-19.182553142293955,-8.033735076252714,17.461201538750945,14.239319859106168,15.411149703052788,0.86438259835537,-5.580357887466503,6.246573527989075,-41.41713085435062,-19.904553139086996,-45.29103984872325,4.364004198323361,1,7.050000000000001
142,-28.459319357857115,-23.48362019947059,-44.69480875468968,5.282800701867948,-3.3669496772464114,23.245301745586534,-24.199748251300527,19.443169747899155,-43.31608990088705,-4.207920438062296,-19.439699271708687,-8.027354621848744,17.399957117366142,14.192927719710916,15.318756330523193,0.871628829409874,-5.752735972583185,6.208160183621975,-41.69432133178457,-19.90362506941687,-46.532149174030664,3.300874744461488,1,7.1000000000000005
143,-28.572638780718343,-23.46408517071028,-45.059887112509465,5.1761313031710365,-3.500929499855923,23.233654319589732,-24.404753897707245,19.31802870370371,-43.707867246394144,-4.1520019848062715,-19.697195482489306,-8.02359153439153,17.338714421384815,14.146536887294417,15.226281977971782,0.8788787689455018,-5.925218893674854,6.170162504030957,-41.96587796858611,-19.897600074289297,-47.67831024494297,2.3190775985453294,1,7.15
144,-28.677038199428917,-23.441366855614245,-45.42155353236134,5.0745151116738505,-3.6349100012482545,23.222006763893457,-24.61050334919153,19.193990413943357,-44.09335161438352,-4.092309542301464,-19.955070948082934,-8.022663927793321,17.277472156754357,14.10014638162263,15.13378738041492,0.8861296356014128,-6.097728023760302,6.132268740633948,-42.23160654634677,-19.88650337977982,-48.72952306146018,1.4186127605748713,1,7.2
145,-28.7712933371244,-23.415209708952418,-45.77966650327676,4.978660417558898,-3.768889145074954,23.21035946759612,-24.817053821528617,19.071139705882356,-44.47187540373271,-4.0297964943333575,-20.213354841936784,-8.02478991596638,17.216229029422152,14.05375522246144,15.041333272868975,0.8933786480167717,-6.2701847358582175,6.094167144848909,-42.49131284665806,-19.870360211963966,-49.685787623582286,0.5994802305501614,1,7.25
146,-28.854179916940375,-23.38535818549478,-46.13408451428713,4.889275511008666,-3.9028648949874114,23.19871281979611,-25.024462530493672,18.949561406784934,-44.84277101331925,-3.965416224687433,-20.472076337497956,-8.030187612822896,17.1549837453356,14.007362429576796,14.948980390350279,0.9006230248306947,-6.442510402987374,6.05554596809378,-42.744802651111556,-19.84919579691725,-50.54710393130929,-0.1383199915288634,1,7.300000000000001
147,-28.92447366201239,-23.3515567400113,-46.484666054423904,4.807068682205654,-4.036835214637144,23.18706720959184,-25.232786691861925,18.82934034391534,-45.20537084202068,-3.9001221171492224,-20.731264608213664,-8.039075132275153,17.09373501044213,13.960967022734598,14.856789467875217,0.9078599846823507,-6.614626398166486,6.01609346178651,-42.99188174129876,-19.82303536071526,-51.31347198464119,-0.7947879056621496,1,7.3500000000000005
148,-28.980950295475996,-23.31354982727187,-46.83126961271852,4.732748221332395,-4.170798067675641,23.175423026081702,-25.442083521408566,18.710561344537822,-45.55900728871453,-3.834867555504176,-20.990948827531017,-8.051670588235291,17.032481530689036,13.91456802170078,14.764821240460092,0.9150867462108999,-6.786454094414279,5.975497877345067,-43.23235589881122,-19.791904129433487,-51.984891783577986,-1.3699235118497362,1,7.4
149,-29.022385540466797,-23.271081902046486,-47.17375367820238,4.667022418571349,-4.304751417754381,23.163780658364107,-25.652410234908785,18.593309235916593,-45.90301275227835,-3.7706059235378024,-21.25115816889719,-8.068192094615611,16.971222012023794,13.868164446241254,14.673136443121267,0.9223005280554679,-6.957914864749515,5.933447466187373,-43.46603090524046,-19.75582732914746,-52.56136332811968,-1.8637268100915938,1,7.45
150,-29.047555120120307,-23.22389741910513,-47.51197673990693,4.610599564105027,-4.438693228524853,23.152140495537438,-25.86382404813778,18.477668845315907,-46.236719631589665,-3.7082906050356534,-21.51192180575935,-8.088857765328363,16.90995516039373,13.821755316121925,14.581795810875166,0.9294985488551998,-7.128930082190884,5.889630479731391,-43.692712542178015,-19.714830185932772,-53.04288661826627,-2.2761978003877275,1,7.5
151,-29.055234757572123,-23.171740833217694,-47.84579728686359,4.564187948115927,-4.572621463638507,23.140502926700105,-26.07638217687076,18.363725000000006,-46.55946032552602,-3.6488749837831707,-21.77326891156462,-8.11388571428571,16.84867968174629,13.77533965110875,14.490860078738043,0.9366780272492795,-7.299421119757173,5.843735169395079,-43.91220659121544,-19.66893792586488,-53.42946165401776,-2.6073364827381567,1,7.550000000000001
152,-29.044200175957794,-23.114356599154195,-48.17507380810381,4.528495860786553,-4.7065340867468155,23.12886834095051,-26.2901418368829,18.251562527233116,-46.870567232964945,-3.5933124435658805,-22.035228659760214,-8.143494055399952,16.787394282028824,13.728916470967619,14.400389981726343,0.9438361818768232,-7.469309350467049,5.795449786596354,-44.12431883394423,-19.618175775019385,-53.72108843537415,-2.8571428571428563,1,7.6000000000000005
153,-29.013227098412884,-23.051489171684548,-48.499664792659004,4.5042315922993845,-4.840429061501297,23.117237127387043,-26.50516024394943,18.141266254279483,-47.16937275278399,-3.5425563681692545,-22.29783022379322,-8.177900902583247,16.72609766718878,13.682484795464468,14.310446254856359,0.9509702313769808,-7.638516147339288,5.744462582753185,-44.32885505195595,-19.56256895947177,-53.72108843537415,-2.8571428571428563,1,7.65
154,-28.961091248072968,-22.982883005578742,-48.819428729560606,4.4921034328369505,-4.974304351553416,23.105609675108116,-26.721494613845536,18.032921008403363,-47.45520928386069,-3.4975601413788193,-22.561102777110847,-8.217324369747907,16.664788543173472,13.636043644365195,14.221089633144478,0.9580773943889023,-7.806962883392633,5.6904618092835335,-44.525621026842124,-19.502142705297594,-53.72108843537415,-2.8571428571428563,1,7.7
155,-28.886568348073602,-22.9082825556067,-49.13422410784004,4.492819672581725,-5.108157920554614,23.093986373212122,-26.93920216234642,17.92661161686898,-47.727409225072584,-3.4592771469800647,-22.825075493160234,-8.261982570806092,16.603465615930343,13.589592037435741,14.132380851607008,0.9651548895517473,-7.974570931645797,5.633135717605327,-44.714422540194285,-19.436922238572393,-53.72108843537415,-2.8571428571428563,1,7.75
156,-28.788434121550345,-22.827432276538392,-49.443909416528754,4.507088601716234,-5.241987732156442,23.082367610797473,-27.158340105227275,17.822422906940538,-47.9853049752972,-3.4286607687584842,-23.089777545388532,-8.31209361967008,16.54212759140679,13.543128994442021,14.044380645260398,0.9721999355046708,-8.1412616651175,5.572172559136519,-44.89506537360396,-19.366932785371723,-53.72108843537415,-2.8571428571428563,1,7.800000000000001
157,-28.665464291638763,-22.74007662314376,-49.748343144658165,4.535618510422944,-5.375791750010318,23.070753776962547,-27.37896565826331,17.720439705882338,-48.228228933412076,-3.4066643904995866,-23.355238107242897,-8.367875630252115,16.480773175550155,13.49665353514994,13.95714974912089,0.9792097508867937,-8.306956456826516,5.507260585295055,-45.067355308662705,-19.29219957177105,-53.72108843537415,-2.8571428571428563,1,7.8500000000000005
158,-28.516434581474428,-22.645960050192777,-50.0473837812597,4.579117688884382,-5.50956793776774,23.059145260805774,-27.601136037229708,17.62074684095861,-48.455513498294756,-3.3942413959888413,-23.62148635217051,-8.42954671646436,16.419401074307835,13.450164679325452,13.870748898204882,0.9861815543373047,-8.47157667979156,5.438088047498911,-45.23109812696203,-19.212747823845987,-53.72108843537415,-2.8571428571428563,1,7.9
159,-28.3401207141929,-22.54482701245538,-50.34088981536479,4.638294427283025,-5.6433142590802206,23.047542451425524,-27.824908457901667,17.52342913943355,-48.666491068822786,-3.3923451690117723,-23.88855145361848,-8.497324992219106,16.358009993627263,13.40366144673446,13.785238827528751,0.9931125644953295,-8.63504370703135,5.364343197165995,-45.38609961009348,-19.128602767672014,-53.72108843537415,-2.8571428571428563,1,7.95
160,-28.135298412929743,-22.436421964701537,-50.628719736004875,4.7138570158013735,-5.777028677599185,23.035945737920212,-28.05034013605442,17.42857142857143,-48.860494043873686,-3.4019290933538726,-24.15646258503401,-8.571428571428566,16.29659863945578,13.357142857142854,13.700680272108853,1.0000000000000036,-8.797278911564621,5.285714285714288,-45.532165539648595,-19.039789629324684,-53.72108843537415,-2.8571428571428563,1,8.0
161,-28.135298412929743,-22.436421964701537,-50.628719736004875,4.7138570158013735,-5.777028677599185,23.035945737920212,-28.05034013605442,17.42857142857143,-48.860494043873686,-3.4019290933538726,-24.15646258503401,-8.571428571428566,16.29659863945578,13.357142857142854,13.700680272108853,1.0000000000000036,-8.797278911564621,5.285714285714288,-45.532165539648595,-19.039789629324684,-53.72108843537415,-2.8571428571428563,1,8.05
162,-28.135298412929743,-22.436421964701537,-50.628719736004875,4.7138570158013735,-5.777028677599185,23.035945737920212,-28.05034013605442,17.42857142857143,-48.860494043873686,-3.4019290933538726,-24.15646258503401,-8.571428571428566,16.29659863945578,13.357142857142854,13.700680272108853,1.0000000000000036,-8.797278911564621,5.285714285714288,-45.532165539648595,-19.039789629324684,-53.72108843537415,-2.8571428571428563,1,8.1
163,-28.135298412929743,-22.436421964701537,-50.628719736004875,4.7138570158013735,-5.777028677599185,23.035945737920212,-28.05034013605442,17.42857142857143,-48.860494043873686,-3.4019290933538726,-24.15646258503401,-8.571428571428566,16.29659863945578,13.357142857142854,13.700680272108853,1.0000000000000036,-8.797278911564621,5.285714285714288,-45.532165539648595,-19.039789629324684,-53.72108843537415,-2.8571428571428563,1,8.15
164,-28.135298412929743,-22.436421964701537,-50.628719736004875,4.7138570158013735,-5.777028677599185,23.035945737920212,-28.05034013605442,17.42857142857143,-48.860494043873686,-3.4019290933538726,-24.15646258503401,-8.571428571428566,16.29659863945578,13.357142857142854,13.700680272108853,1.0000000000000036,-8.797278911564621,5.285714285714288,-45.532165539648595,-19.039789629324684,-53.72108843537415,-2.8571428571428563,1,8.200000000000001
165,-28.135298412929743,-22.436421964701537,-50.628719736004875,4.7138570158013735,-5.777028677599185,23.035945737920212,-28.05034013605442,17.42857142857143,-48.860494043873686,-3.4019290933538726,-24.15646258503401,-8.571428571428566,16.29659863945578,13.357142857142854,13.700680272108853,1.0000000000000036,-8.797278911564621,5.285714285714288,-45.532165539648595,-19.039789629324684,-53.72108843537415,-2.8571428571428563,1,8.25
166,-28.135298412929743,-22.436421964701537,-50.628719736004875,4.7138570158013735,-5.777028677599185,23.035945737920212,-28.05034013605442,17.42857142857143,-48.860494043873686,-3.4019290933538726,-24.15646258503401,-8.571428571428566,16.29659863945578,13.357142857142854,13.700680272108853,1.0000000000000036,-8.797278911564621,5.285714285714288,-45.532165539648595,-19.039789629324684,-53.72108843537415,-2.8571428571428563,1,8.3
