Frame,Away_851_x,Away_851_y,Away_852_x,Away_852_y,Away_853_x,Away_853_y,Away_854_x,Away_854_y,Away_855_x,Away_855_y,Away_856_x,Away_856_y,Away_857_x,Away_857_y,Away_5165_x,Away_5165_y,Away_16125_x,Away_16125_y,Away_20144_x,Away_20144_y,ball_x,ball_y,Period,Time [s]
0,50.72409784931583,-17.524093140168436,49.489094914348996,-21.140020209957374,39.57808039168388,-17.1669275515454,44.99633116401821,-8.348033941838398,44.55698786507812,-4.1577281096514325,46.80270667641002,-0.4834331760333552,44.25270953992669,0.6335297833704829,45.434626838104165,2.5891584878566434,24.156462585034006,-12.714285714285715,50.70626507686252,-2.414503141168971,52.22579326503804,-33.57040396564937,1,0.0
1,50.66473086543286,-17.37857694125797,49.479650263220464,-21.066473691435583,39.56852169427728,-17.162648022433757,44.98285581739827,-8.265773149087131,44.50368668488653,-4.115708082950107,46.813781525379916,-0.46397242206022243,44.234030900683656,0.6158463520725176,45.421738023969645,2.592396592462315,24.234283919844955,-12.683457577904068,50.64844994655289,-2.3391706260400205,52.21751697165879,-33.576037623833024,1,0.05
2,50.60526454626194,-17.240478367919355,49.46852309450343,-20.9923854118653,39.55903699438617,-17.158401622786087,44.96903374459958,-8.183681746218383,44.452468232107584,-4.0715568162813724,46.82479135547597,-0.4441263286004164,44.21501582754462,0.598086442766161,45.408912290201485,2.5957073071806533,24.3151913475251,-12.652259192710002,50.592447353566676,-2.2666164871125707,52.20937552943676,-33.5815794890738,1,0.1
3,50.545717689658424,-17.10966624776247,49.45573479737539,-20.91777233715785,39.54962425538161,-17.15418744078231,44.954874488544554,-8.10175507112533,44.403275183968574,-4.025332967626021,46.8357379562084,-0.42390550132784854,44.1956706996907,0.5802475804399294,45.39614790064288,2.5990886335681593,24.39913613911473,-12.620698034809333,50.53822952638159,-2.196801037199301,52.2013667411523,-33.5870310570152,1,0.15000000000000002
4,50.48610909347748,-16.986009408397233,49.441306761013834,-20.8426514332247,39.54028144063482,-17.150004564602334,44.94038759215552,-8.019988461701086,44.35605021769657,-3.977095194964773,46.84662311708755,-0.4033205459165123,44.17600189630319,0.5623272900823583,45.383443119136956,2.602538573181358,24.486069565654205,-12.588781580307948,50.48576869347548,-2.129684589112938,52.193488445386485,-33.59239379893123,1,0.2
5,50.42645755557447,-16.86937667743353,49.42526037459621,-20.767039665977176,39.53100651351689,-17.145852082426018,44.925582598354836,-7.938377255838798,44.31073601051873,-3.926902156278373,46.85744862762366,-0.38238206804031905,44.15601579656331,0.544323096681988,45.370796209526794,2.606055127576825,24.57594289818381,-12.556517305311656,50.4350370833261,-2.0652274556661494,52.18573851593786,-33.59766916212348,1,0.25
6,50.366781873804534,-16.759636882481253,49.40761702730001,-20.690954001326677,39.521797437398966,-17.14172908243327,44.910469050064776,-7.856916791431601,44.267275239662354,-3.8748125095476076,46.86821627732708,-0.3611006733732236,44.13571877965231,0.5262325252273107,45.35820543565556,2.6096362983110506,24.66870740774393,-12.523912685926293,50.386006924411156,-2.003389949671687,52.17811486124855,-33.6028585703116,1,0.30000000000000004
7,50.30710084602305,-16.656658851150336,49.388398108302766,-20.61441140518461,39.51265217565215,-17.137634652803975,44.89505649020779,-7.7756024063726485,44.225610582354484,-3.8208849127532223,46.87892785570808,-0.3394869675892002,44.11511722475138,0.508053100706881,45.345669061366415,2.6132800869405948,24.764314365374904,-12.490975198257718,50.3386504452085,-1.9441323839422278,52.17061542383992,-33.60796342401774,1,0.35000000000000003
8,50.24743327008523,-16.560311411050606,49.367625006781886,-20.537428843462315,39.50356869164763,-17.133567881717994,44.879354461706214,-7.694429438555061,44.18568471582236,-3.765178023875965,46.88958515227691,-0.3175515563621215,44.094217511041805,0.48978234810923965,45.33318535050238,2.616984495021988,24.86271504211701,-12.45771231841177,50.2929398741958,-1.8874150712904842,52.16323817975702,-33.61298510094434,1,0.4
9,50.1877979438464,-16.47046338979202,49.34531911191486,-20.460023282071177,39.494544948756506,-17.129527857355253,44.863372507482325,-7.613393225872009,44.14744031729316,-3.707750500896572,46.9001899565439,-0.29530504536600516,44.073026017704784,0.4714177924228977,45.32075256690668,2.620747524111732,24.963860709010547,-12.424131522494296,50.24884743985095,-1.8331983245291346,52.155981138022774,-33.617924956346016,1,0.45
10,50.128213665161724,-16.38698361498447,49.32150181287919,-20.38221168692263,39.48557891034991,-17.125513667895664,44.847120170458574,-7.53248910621663,44.11082006399397,-3.6486610017958485,46.91074405801933,-0.27275804027477707,44.05154912392156,0.4529569586363715,45.30836897442239,2.6245671757664004,25.067702637095927,-12.390240286611126,50.206345370651576,-1.7814424564709297,52.148842340100174,-33.622784323395386,1,0.5
11,50.06869923188657,-16.309740914237825,49.29619449885236,-20.30401102392803,39.476668539799,-17.121524401519046,44.83060699355723,-7.451712417482026,44.07576663315213,-3.5879681845544966,46.92124924621351,-0.24992114676235333,44.0297932088734,0.43439737173822546,45.29603283689264,2.628441451542495,25.174192097413457,-12.356046086868073,50.165405895075544,-1.7321077799285716,52.14181985936417,-33.62756451354274,1,0.55
12,50.009273441876154,-16.238604115162,49.269418559011804,-20.225438258998746,39.46781180047487,-17.117559146405327,44.81384251970068,-7.371058497561403,44.042222701994646,-3.5257307071532837,46.9317073106367,-0.22680497050272266,44.00776465174152,0.41573655671698556,45.283742418160585,2.6323683529965605,25.283280361003428,-12.321556399371039,50.126001241600626,-1.6851546077147335,52.13491180058138,-33.63226681687003,1,0.6000000000000001
13,49.94995509298573,-16.1734420453669,49.24119538253508,-20.146510358046168,39.459006655748716,-17.1136169907344,44.79683629181128,-7.290522684347822,44.01013094774882,-3.4620072275729554,46.94212004079918,-0.20342011716977226,43.98546983170711,0.39697203856115837,45.27149598206935,2.6363458816851613,25.394918698906196,-12.286778700225819,50.088103638704524,-1.6405432526421375,52.128116299398776,-33.636892502439046,1,0.65
14,49.89076298307064,-16.11412353246239,49.21154635859958,-20.067244286981698,39.45025106899162,-17.109697022686195,44.779597852811335,-7.210100315734499,43.979434047641746,-3.396856403794297,46.95248922621126,-0.17977719243751977,43.96291512795142,0.37810134225927927,45.259291792462,2.640372039164785,25.509058382162095,-12.25172046553827,50.05168531486506,-1.5982340275234908,52.121431521840464,-33.64144281863396,1,0.7000000000000001
15,49.83171590998603,-16.060517404058416,49.18049287638284,-19.9876570117167,39.44154300357472,-17.105798330440525,44.762136745623266,-7.129786729614547,43.95007467890062,-3.3303368937980657,46.96281665638327,-0.15588680197986207,43.940106919655804,0.35912199279986934,45.24712811318172,2.644444826991961,25.62565068181145,-12.216389171414237,50.01671849855997,-1.5581872451714662,52.11485566381266,-33.64591899349814,1,0.75
16,49.772832671587324,-16.012492487764828,49.14805632506232,-19.907765498162558,39.43288042286919,-17.101920002177323,44.74446251316935,-7.049577263881094,43.92199551875261,-3.262507355564978,46.97310412082548,-0.13175955147076365,43.9170515860013,0.34003151517148356,45.23500320807161,2.648562246723264,25.74464686889457,-12.180792293959547,49.983175418267045,-1.5203632183988147,52.108386950617025,-33.650322235065644,1,0.8
17,49.71413206572965,-15.969917611191569,49.11425809381547,-19.82758671223065,39.424261290246086,-17.098061126076445,44.726584698372,-6.969467256427316,43.8951392444249,-3.1934264470758063,46.98335340904812,-0.10740604658416003,43.893755506169256,0.3208274343626283,45.222915340974865,2.652722299915181,25.865998214451803,-12.14493730928005,49.95102830246405,-1.484722260018234,52.10202363647143,-33.65465373168722,1,0.8500000000000001
18,49.65563289026832,-15.932661601948476,49.07911957181987,-19.747137619832372,39.41568356907665,-17.094220790317824,44.70851284415352,-6.889452045146288,43.86944853314465,-3.1231528263112813,46.99356631056156,-0.08283689299398674,43.870225059340925,0.30150727536187305,45.210862775734476,2.6569229881242897,25.98965598952352,-12.108831693481578,49.92024937962875,-1.4512246828424213,52.095764004039054,-33.65891465235103,1,0.9
19,49.59735394305864,-15.90059328764551,49.04266214825285,-19.666435186879124,39.40714522273193,-17.090398083081325,44.69025649343627,-6.809526967931223,43.84486606213905,-3.0517451512521836,47.00374461487601,-0.05806269637422759,43.8464666246975,0.2820685631576808,45.198843776193684,2.661162312907074,26.115571465149948,-12.072482922669971,49.8908108782389,-1.4198307996840596,52.08960636396467,-33.66310614699812,1,0.9500000000000001
20,49.539314021955825,-15.873581495892552,49.004907212292004,-19.58549637928228,39.39864421458307,-17.086592092546883,44.67182518914264,-6.729687362675227,43.82133450863529,-2.979262079879285,47.01389011150185,-0.03309406239878428,43.82248658142019,0.2625088227386354,45.18685660619557,2.665438275820102,26.243695912371507,-12.035898472951096,49.86268502677229,-1.3905009233558854,52.08354905441895,-33.66722934683283,1,1.0
21,49.481531924815144,-15.851495054299457,48.965876153114806,-19.504338162953157,39.390178508001235,-17.082801906894314,44.65322847419492,-6.649928567271445,43.7987965498605,-2.9057622701732972,47.0240045899493,-0.007941596741616479,43.79829130869028,0.2428255790932434,45.174899529583264,2.6697488784198993,26.373980602228475,-11.99908582043076,49.83584405370665,-1.3631953666705767,52.077590440649765,-33.67128536462796,1,1.05
22,49.424026449491855,-15.834202790476148,48.92559035989867,-19.422977503803267,39.38174606635756,-17.079026614303544,44.63447589151545,-6.570245919613032,43.77719486304185,-2.831304380115002,47.03408983972867,0.017384094923316124,43.773887185689006,0.22301635721003066,45.16297081019996,2.674092122262987,26.506376805761224,-11.96205244121483,49.810260187519816,-1.3378744424408695,52.07172891454111,-33.67527529502526,1,1.1
23,49.36681639384132,-15.821573532032552,48.88407122182109,-19.341431367743855,39.37334485302315,-17.075265302954463,44.61557698402665,-6.490634757593106,43.75647212540654,-2.7559470676851494,47.04414765035024,0.0428724069220732,43.749280591597575,0.20307868207755206,45.15106871188863,2.678466008905915,26.640835794010044,-11.92480581140916,49.785905656689465,-1.3144984634794468,52.06596289417918,-33.67920021483063,1,1.1500000000000001
24,49.309920555718705,-15.81347610657853,48.841340128059606,-19.25971672068641,39.36497283136915,-17.07151706102697,44.59654129465083,-6.411090419104827,43.73657101418177,-2.679748990864487,47.05417981132437,0.06851273358071922,43.72447790559719,0.18301007868431413,45.13919149849252,2.6828685399052183,26.77730883801528,-11.887353407119527,49.76275268969345,-1.2930277425990258,52.0602908234252,-33.68306118330493,1,1.2000000000000002
25,49.253357732979275,-15.809779341723985,48.79741846779166,-19.17785052854226,39.35662796476671,-17.06778097670093,44.577378366310334,-6.331608242041337,43.71743420659469,-2.6027688076337707,47.06418811216127,0.094294469225309,43.69948550686916,0.1628080720188379,45.127337433854734,2.687297716817394,26.915747208817272,-11.849702704451841,49.74077351500949,-1.2734225926123133,52.0547111714957,-33.686859242449806,1,1.25
26,49.19714672347839,-15.810352065078837,48.75232763019468,-19.0958497572228,39.348308216586936,-17.064056138156246,44.55809774192757,-6.252183564295769,43.69900437987246,-2.525065175973743,47.074174342371236,0.12020700818189739,43.67430977459471,0.14247018706969272,45.11550478181843,2.6917515411990256,27.05610217745631,-11.811861179511896,49.71994036111539,-1.2556433263319877,52.0492224325492,-33.69059541728879,1,1.3
27,49.141306325071255,-15.815063104252946,48.70608900444624,-19.013731372639437,39.34001155020099,-17.060341633572836,44.53870896442479,-6.172811723761253,43.68122421124224,-2.4466967538651785,47.084140291464614,0.14623974477651502,43.64895708795501,0.1219939488253513,45.10369180622662,2.6962280146065996,27.19832501497275,-11.773836308405569,49.70022545648886,-1.2396502565707754,52.04382312528007,-33.69427071614409,1,1.35
28,49.085855335613125,-15.82378128685625,48.65872397972376,-18.931512340703527,39.331735928979995,-17.056636551130534,44.51922157672441,-6.093488058330941,43.664036377931225,-2.367722199288825,47.09408774895161,0.17238207333523603,43.62343382613133,0.1013768822743927,45.09189677092256,2.700725138596686,27.34236699240694,-11.735635567238672,49.681601029607684,-1.2254036961413837,52.03851179251836,-33.69788613090867,1,1.4000000000000001
29,49.03081255295927,-15.836375440498605,48.61025394520473,-18.84920962732645,39.32347931629506,-17.05293997900928,44.49964512174876,-6.014207905897997,43.647383557166606,-2.2882001702254424,47.104018504342626,0.19862338818412012,43.59774636830491,0.08061651240531376,45.0801179397493,2.70524091472578,27.4881793807992,-11.69726643211704,49.66403930894968,-1.2128639578565243,52.033287000836864,-33.70144263731383,1,1.4500000000000002
30,48.97619677496495,-15.852714392789958,48.56070029006664,-18.766840198419608,39.31523967551736,-17.04925100538896,44.479989142420216,-5.934966604355551,43.63120842617555,-2.2081893246557693,47.11393434714786,0.22495308364922695,43.57190109365698,0.059710364206674166,45.06835357655001,2.7097733445504475,27.63571345118981,-11.65873637914656,49.6475125229926,-1.2019913545288856,52.02814734016421,-33.70494119519269,1,1.5
31,48.92202679948548,-15.872666971340147,48.510084403486935,-18.684421019894337,39.30701497001803,-17.045568718449395,44.4602631816611,-5.855759491596703,43.61545366218524,-2.127748320560541,47.123837066877606,0.25136055405659674,43.54590438136879,0.038655962666994975,45.05660194516774,2.7143204296272136,27.784920474619174,-11.620052884433035,49.63199290021417,-1.1927461989711692,52.02309142340413,-33.7083827487392,1,1.55
32,48.86832142437608,-15.896102003759106,48.458427674643154,-18.601969057662117,39.29880316316816,-17.04189220637057,44.44047678239375,-5.776581905514615,43.60006194242276,-2.046935815920578,47.133728453042224,0.2778351937322941,43.51976261062156,0.01745083277476823,45.0448613094457,2.7188801715125894,27.93575172212757,-11.581223424082303,49.6174526690922,-1.1850888039960976,52.018117886061376,-33.71176822676286,1,1.6
33,48.81509944749203,-15.92288831765677,48.4057514927127,-18.519501277634248,39.29060221833891,-17.038220557332323,44.420639487540534,-5.697429184002495,43.584975944115385,-1.9658104687165632,47.14361029515192,0.3043663970023448,43.49348216059653,-0.003907500481427064,45.03312993322702,2.723450571763129,28.088158464755352,-11.54225547420025,49.60386405810442,-1.178979482416353,52.01322538587324,-33.7150985429395,1,1.6500000000000001
34,48.76237966668861,-15.952894740642945,48.352077246873115,-18.437034645722147,39.28241009890139,-17.03455285951455,44.400760840023814,-5.6182966649533945,43.570138344490275,-1.8844309369293017,47.15348438271706,0.3309435581928326,43.4670694104749,-0.02542151211308436,45.02140608035474,2.7280296319353643,28.242091973542852,-11.503156510892639,49.59119929572863,-1.1743785470446673,52.008412602447386,-33.71837459605783,1,1.7000000000000002
35,48.71018087982107,-15.98599010032758,48.29742632630185,-18.354586127837177,39.274224768226766,-17.03088820109714,44.38085038276598,-5.539179686260486,43.555491820774584,-1.8028558785395208,47.163352505247865,0.35755607162981734,43.44053073943798,-0.047093677131672965,45.00968801467206,2.7326153535858335,28.39750351953036,-11.463934010265389,49.5794306104426,-1.1712463106937474,52.00367823690562,-33.72159727026191,1,1.75
36,48.65852188474469,-16.022043224320594,48.24182012017643,-18.272172689890734,39.266044189686205,-17.02722567025999,44.360917658689246,-5.460073585816924,43.54097905019545,-1.7211439515279767,47.173216452254685,0.3841933316393102,43.413872526666886,-0.06892647054864767,44.997974000022126,2.7372057382710544,28.55434437375823,-11.424595448424279,49.56853023072409,-1.1695430861762715,51.999021011533046,-33.724767435290005,1,1.8
37,48.60742147931473,-16.060922940231833,48.18528001767423,-18.189811297794215,39.25786632665076,-17.023564355182998,44.340972210716046,-5.380973701515832,43.52654270998015,-1.6393538138754258,47.1830780132478,0.4108447325474287,43.387101151343025,-0.09092236737551161,44.98626230024797,2.7417987875475567,28.71256580726679,-11.385148301475182,49.558470385050846,-1.169229186304947,51.99443966943362,-33.72788594670905,1,1.85
38,48.556898461386446,-16.102498075671242,48.12782740797283,-18.107518917458993,39.249689142491604,-17.019903344046035,44.32102358176877,-5.3018753712503885,43.51212547735578,-1.5575441235626293,47.19293897773746,0.4374996686801893,43.36022299264744,-0.11308384262371958,44.97455117919278,2.7463925029718657,28.872119091096405,-11.345600045523948,49.54922330190068,-1.1702649238925003,51.98993297419069,-33.73095364614567,1,1.9000000000000001
39,48.50697162881512,-16.146637458248684,48.06948368024964,-18.025312514796425,39.24151060057988,-17.016241725029,44.30108131476972,-5.222773932913674,43.49767002954948,-1.4757735385703288,47.20280113523397,0.4641475343636466,43.333244429761514,-0.13541337130472156,44.96283890069972,2.75098488610057,29.03295549628733,-11.305958156676413,49.5407612097513,-1.1726106117516237,51.98549970953325,-33.73397136151327,1,1.9500000000000002
40,48.45765977945603,-16.193209915574062,48.01027022368225,-17.943209055717947,39.23332866428672,-17.01257858631177,44.28115495264127,-5.143664724398857,43.48311904378846,-1.3941007168792856,47.21266627524768,0.49077772392387004,43.30617184186638,-0.15791342843001105,44.95112372861185,2.755573938490143,29.195026293879973,-11.266230111038405,49.533056337080524,-1.176226562695025,51.981138679007955,-33.73693990723569,1,2.0
41,48.40898171116442,-16.242084275257312,47.950208427448025,-17.861225506134875,39.22514129698327,-17.00891301607426,44.26125403830573,-5.064543083599119,43.46841519729996,-1.3125843164702657,47.22253618728877,0.5173796316868854,43.27901160814335,-0.1805864890110621,44.939403926772286,2.760157661697129,29.3582827549146,-11.226423384715755,49.526080912366105,-1.1810730895354158,51.97684870565593,-33.73986008446656,1,2.0500000000000003
42,48.360956221795554,-16.293129364908268,47.88931968072444,-17.779378831958653,39.21694646204061,-17.005244102496338,44.24138811468547,-4.985404348407523,43.453501167311074,-1.2312829953240063,47.23241266086762,0.5439426519787909,43.2517701077736,-0.20343502805933922,44.927677759024164,2.7647340572780728,29.52267615043156,-11.186545453814334,49.519807164085776,-1.187110505085484,51.972628631695436,-33.74273268130597,1,2.1
43,48.31360210920474,-16.34621401213685,47.82762537268904,-17.697685999100646,39.20874212282992,-17.00157093375789,44.22156672470283,-4.906243856717275,43.438319631049026,-1.1502554114212442,47.24229748549449,0.5704561791256223,43.22445371993842,-0.22646152058629723,44.915943489210704,2.769301126789505,29.688157751471216,-11.146603794439962,49.51420732071741,-1.1942991221579464,51.968477318209096,-33.74555847301288,1,2.15
44,48.266938171247205,-16.401207044553,47.76514689251928,-17.61616397347224,39.200526242722304,-16.99789259803884,44.2017994112802,-4.827056946421508,43.42281326574092,-1.069560222742779,47.25219245067966,0.596909607453405,43.197068823819,-0.24966844160342475,44.904199381174884,2.773856871787961,29.854678829073862,-11.106605882698483,49.50925361073864,-1.2025992535655008,51.96439364483677,-33.74833822221452,1,2.2
45,48.22098320577819,-16.45797728976654,47.701905629392634,-17.534829720984767,39.19229678508894,-16.994208183519042,44.1820957173399,-4.747838955413325,43.406924748614,-0.9892560872693239,47.262099345933414,0.623292331288228,43.169621798596566,-0.27305826612218626,44.89244369875997,2.778399293829971,30.022190654279818,-11.066559194695737,49.50491826262732,-1.211971212120878,51.96037650947305,-33.75107267911203,1,2.25
46,48.17575601065307,-16.516393575387436,47.637922972486614,-17.453700207549687,39.184051713300896,-16.990516778378417,44.162465185804244,-4.668585221585911,43.39059675689537,-0.9094016629816687,47.272019960766116,0.6495937449561365,43.14211902345243,-0.29663346915406064,44.880674705808964,2.782926394472047,30.190644498129434,-11.026471206537577,49.5011735048612,-1.222375310636723,51.95642482796986,-33.753762581683105,1,2.3000000000000003
47,48.13127538372699,-16.57632472902555,47.57322031097865,-17.372792399078364,39.17578899072942,-16.98681747079684,44.14291735959567,-4.589291082832363,43.3737719678123,-0.8300556078605266,47.28195608468797,0.6758032427831898,43.114566877567725,-0.32039652571051247,44.86889066616509,2.787436175270757,30.35999163166304,-10.986349394329835,49.497991565918035,-1.2337718619258342,51.95253753384386,-33.756408655881,1,2.35
48,48.08756012285525,-16.63763957829081,47.50781903404623,-17.292123261482118,39.16750658074549,-16.983109348954184,44.123461781636465,-4.509951877045881,43.35639305859183,-0.7512765798867019,47.291909507209276,0.7019102190954237,43.08697174012375,-0.34434991080300137,44.85708984367145,2.7919266377826077,30.53018332592095,-10.946201234178353,49.495344674275614,-1.2461211788008466,51.9487135779887,-33.759011615830616,1,2.4000000000000004
49,48.04462902589316,-16.70020695079304,47.44174053086686,-17.211709760672424,39.15920244672038,-16.97939150103035,44.10410799484897,-4.4305629421195585,43.33840270646128,-0.6731232370408933,47.3018820178404,0.7279040682189267,43.059339990301716,-0.36849609944300626,44.84527050217115,2.796395783564145,30.7011708519435,-10.90603420218896,49.493205058411675,-1.2593835740744674,51.944951928391724,-33.761572164021075,1,2.45
50,48.00250089069596,-16.76389567414223,47.37500619061801,-17.131568862560602,39.15087455202513,-16.975663015205225,44.08486554215558,-4.351119615946555,43.31974358864777,-0.5956542373038858,47.31187540609156,0.7537741844797297,43.03167800728284,-0.3928375666420158,44.833430905507264,2.8008416141718837,30.87290548077104,-10.86585577446751,49.49154494680405,-1.2735193605594086,51.94125156985565,-33.764090991495415,1,2.5
51,47.9611945151189,-16.82857457594821,47.307637402477106,-17.051717533058092,39.142520860030935,-16.97192297965872,44.06574396647862,-4.271617236420009,43.30035838237837,-0.5189282386564503,47.321891461473015,0.7795099622038726,43.003992170248395,-0.4173767874114654,44.82156931752307,2.8052621311623884,31.045338483443842,-10.825673427119852,49.4903365679304,-1.2884888510684158,51.93761150372437,-33.76656877803701,1,2.5500000000000003
52,47.920728697017296,-16.894112483820887,47.239655555621745,-16.97217273807622,39.13413933410894,-16.96817048257071,44.04675281074044,-4.19205114143305,43.280189764880426,-0.4430038990792948,47.33193197349515,0.8051007957174492,42.976288858379625,-0.44211623676285344,44.80968400206154,2.8096553360921614,31.218421131002316,-10.785494636251821,49.48955215026859,-1.3042523584141141,51.93403074761361,-33.769006192353146,1,2.6
53,47.88112223424635,-16.960378225370214,47.17108203922931,-16.892951443526375,39.125727937630174,-16.964404612121086,44.02790161786338,-4.112416668878832,43.259180413381024,-0.3679398765532096,47.3419987316682,0.8305360793464851,42.94857445085767,-0.46705838970764435,44.7977732229659,2.814019230517751,31.39210469448672,-10.745326877969227,49.48916392229632,-1.3207701954093027,51.93050833514577,-33.77140389225532,1,2.6500000000000004
54,47.84239392466138,-17.027240628206012,47.101938242477324,-16.814070615319974,39.117284633965866,-16.960624456489725,44.00919993076982,-4.032709156650483,43.23727300510727,-0.29379482905893156,47.35209352550246,0.8558052074170306,42.920855326863915,-0.4922057212572977,44.78583524407919,2.818351815995689,31.56634044493742,-10.705177628377962,49.48914411249143,-1.3380026748666212,51.92704331568898,-33.77376252483694,1,2.7
55,47.80456256611762,-17.094568519938232,47.032245554543216,-16.735547219368378,39.10880738648713,-16.95682910385655,43.990657292382096,-3.952923942641182,43.21441021728648,-0.22062741457723634,47.36221814450822,0.8808975742551789,42.89313786557947,-0.5175607064232927,44.773868329244614,2.822651094082515,31.741079653394763,-10.665054363583847,49.489464949331605,-1.3559101095987858,51.923634754100696,-33.77608272664784,1,2.75
56,47.76764695647038,-17.16223072817676,46.96202536460446,-16.65739822158298,39.10029415856508,-16.953017642401406,43.97228324562251,-3.8730563647440537,43.19053472714572,-0.14849629108884643,47.37237437819578,0.9058025741869415,42.865428446185625,-0.5431258202170935,44.761870742305256,2.826915066334726,31.91627359089902,-10.624964559692694,49.49009866129469,-1.3744528124185333,51.920281730475345,-33.77836512386618,1,2.8000000000000003
57,47.731665893574885,-17.230096080531464,46.89129906183865,-16.579640587875147,39.09174291357088,-16.949189160304233,43.95408733341348,-3.793101760852206,43.16558921191225,-0.07746011657452784,47.38256401607543,0.9305096015383925,42.83773344786362,-0.5689035376501937,44.74984074710428,2.8311417343088956,32.09187352849055,-10.58491569281037,49.49101747685843,-1.3935910961385174,51.9169833398959,-33.78061033246733,1,2.85
58,47.6966381752864,-17.298033404612273,46.82008803542311,-16.50229128415626,39.08315161487563,-16.945342745744856,43.93607909867732,-3.713055468858805,43.13951634881317,-0.00757754901503688,47.39278884765744,0.9550080506355866,42.81005924979461,-0.594896333734024,44.73777660748474,2.83532909956155,32.267830737209714,-10.54491523904275,49.492193624500544,-1.4132852735714845,51.91373869218974,-33.78281895839023,1,2.9000000000000004
59,47.662582599460215,-17.365911528029066,46.74841367453546,-16.425367276337756,39.07451822585051,-16.94147748690324,43.91826808433647,-3.6329128266569866,43.11225881507568,0.06109275360885078,47.40305066245213,0.979287315804574,42.78241223115997,-0.6211066834800826,44.72567658728988,2.8394751636492037,32.444096488096775,-10.5049706744956,49.49359933269885,-1.4334956575301165,51.910546911688556,-33.784991597700724,1,2.95
60,47.6295179639516,-17.433599278391743,46.676297368353104,-16.34888553033095,39.065840709866606,-16.93759247195921,43.900663833313104,-3.5526691721399124,43.0837592879269,0.1284921333164223,47.413351249969786,1.003336791371419,42.75479877114078,-0.6475370618998437,44.71353895036268,2.843577928128399,32.62062205219209,-10.465089475274809,49.4952068299311,-1.4541825608271457,51.90740713699172,-33.7871288367527,1,3.0
61,47.5974630666158,-17.50096548331023,46.60376050605353,-16.272863012047264,39.05711703029508,-16.9336867890927,43.883275888529674,-3.4723198432007085,43.053960444594125,0.19456193212689243,47.423692399720686,1.027145871662162,42.72722524891838,-0.674189944004767,44.701361960546365,2.8476353945556645,32.797358700536044,-10.42527911748622,49.49698834467506,-1.4753062962752355,51.90431852073401,-33.78923125234614,1,3.0500000000000003
62,47.566436705308085,-17.567878970394407,46.53082447681422,-16.197316687398075,39.048345150507046,-16.92975952648359,43.866113792908564,-3.3918601777325073,43.02280496230444,0.2592434920595144,47.43407590121509,1.050703951002858,42.69969804367398,-0.7010678048063216,44.68914388168404,2.851645564487546,32.974257704168885,-10.385547077235662,49.498916105408505,-1.4968271766871268,51.90128022935696,-33.79129941188282,1,3.1
63,47.53645767788373,-17.634208567254127,46.4575106698127,-16.122263522294748,39.03952303387365,-16.92580977231175,43.849187089372066,-3.3112855136284454,42.99023551828504,0.32247815513354167,47.44450354396334,1.0740004237195904,42.67222353458878,-0.728173119315977,44.67688297761885,2.855606439480569,33.151270334130984,-10.34590083062896,49.50096234060922,-1.5187055148755075,51.89829144288381,-33.79333387351946,1,3.1500000000000004
64,47.507544782198025,-17.699823101499362,46.38384047422635,-16.047720482648682,39.03064864376606,-16.92183661475709,43.83250532084254,-3.2305911887817165,42.956194789763096,0.3842072633682227,47.454977117475764,1.0970246841383613,42.64480810084408,-0.7555083625452264,44.66457751219389,2.8595160210912596,33.328347861462646,-10.306347853771982,49.503099278754945,-1.5409016236530897,51.89535135469818,-33.7953351863184,1,3.2
65,47.479716816106205,-17.764591400739956,46.309835279232686,-15.973704534371269,39.02171994355535,-16.917839141999497,43.816078030242366,-3.1497725410853907,42.92062545396578,0.44437215878277697,47.46549841126253,1.1197661265852734,42.61745812162108,-0.7830760095054958,44.652225749252274,2.863372310876148,33.50544155720425,-10.266895622770559,49.505299148323466,-1.56337581583259,51.89245917132645,-33.797303890395725,1,3.25
66,47.45299257746353,-17.828382292585832,46.23551647400924,-15.900232643373883,39.01273489661267,-16.913816442218852,43.79991476049386,-3.068824908432657,42.883470188120256,0.5029141833964917,47.47606921483397,1.1422141453863484,42.590179976101005,-0.8108785352082981,44.639825952637146,2.8671733103917982,33.68250269239607,-10.22755161373054,49.50753417779252,-1.586088404226687,51.88961411222363,-33.79924051706699,1,3.3000000000000003
67,47.42739086412529,-17.891064604646882,46.16090544773343,-15.827321775567908,39.00369146630918,-16.909767603595053,43.78402505451936,-2.9877436287166277,42.84467166945372,0.559774679228567,47.48669131770047,1.1643581348676741,42.562980043465075,-0.8389184146650831,44.62737638619168,2.8709170211947073,33.85948253807843,-10.188323302757755,49.509776595639906,-1.6089997016481117,51.886815409562594,-33.801145588990806,1,3.35
68,47.40293047394675,-17.952507164532992,46.08602358958278,-15.754988896864738,38.99458761601596,-16.905691714308006,43.76841845524128,-2.906524039830474,42.804172575193334,0.6148949882983046,47.497366509372185,1.186187489355267,42.53586470289454,-0.8671981228873298,44.61487531375894,2.8746014448414052,34.036332365291734,-10.14921816595802,49.511998630343406,-1.6320700209095371,51.884062308027026,-33.8030196203096,1,3.4000000000000004
69,47.37963020478319,-18.012578799854047,46.010892288734745,-15.683250973175715,38.985421309104254,-16.901587862537564,43.75310450558192,-2.825161479667303,42.761915582566274,0.6682164526249097,47.5080965793595,1.207691603175216,42.50884033357064,-0.8957201348864737,44.60232099918205,2.878224582888452,34.213003445076204,-10.110243679437229,49.514172510380746,-1.6552596748237003,51.881354064607365,-33.80486311678867,1,3.45
70,47.35750885448978,-18.071148338220002,45.935532934366805,-15.612124970412257,38.976190508945066,-16.897455136463634,43.738092748463636,-2.743651286120285,42.71784336879973,0.7196804142276207,47.51888331717267,1.228859870653547,42.48191331467463,-0.9244869256740613,44.589711706304165,2.881784436892373,34.38944704847226,-10.07140731930119,49.5162704642297,-1.6785289762032836,51.8786899484006,-33.80667657595245,1,3.5
71,47.33658522092193,-18.128084607240723,45.85996691565645,-15.541627854485778,38.966893178909594,-16.89329262426609,43.72339272680875,-2.661988797082557,42.67189861112085,0.7692282151257155,47.52972851232203,1.2496816861163529,42.45509002538775,-0.9535009702614946,44.5770456989684,2.8852790084096847,34.565614446520215,-10.032716561655768,49.51826472036806,-1.7018382378610282,51.87606924041249,-33.808460487218944,1,3.5500000000000003
72,47.31687810193487,-18.183256434526076,45.78421562178112,-15.47177659130759,38.95752728236901,-16.889099414124864,43.70901398353969,-2.5801693504472456,42.62402398675676,0.8168011973384182,47.54063395431778,1.2701464438896455,42.42837684489116,-0.982764743660286,44.56432124101789,2.8887062989969268,34.74145691026036,-9.994178882606763,49.520127507273585,-1.7251477726095878,51.873491233364156,-33.810215332031675,1,3.6
73,47.29840629538378,-18.236532647685998,45.70830044191833,-15.40258814678911,38.94809078269435,-16.884874594219827,43.69496606157873,-2.4981882841074925,42.57416217293476,0.8623407028849629,47.55160143267026,1.2902435382994792,42.40178015236616,-1.0122807208818712,44.55153659629581,2.8920643102106536,34.916925710733054,-9.955801758260046,49.52183105342404,-1.7484178932616896,51.87095523150079,-33.81194158398974,1,3.6500000000000004
74,47.28118859912402,-18.28778207433036,45.63224276524558,-15.334079486841736,38.93858164325683,-16.88061725273085,43.68125850384829,-2.416040935956453,42.52225584688192,0.9057880737846611,47.562632736889775,1.3099623636719624,42.37530632699394,-1.0420513769377386,44.53869002864516,2.8953510436073673,35.0919721189786,-9.917592664721461,49.52334758729719,-1.7716089126300452,51.86846055040387,-33.81363970897556,1,3.7
75,47.265243811010826,-18.336873542069057,45.556063980940294,-15.266267577376826,38.92899782742753,-16.876326477837832,43.66790085327064,-2.333722643887269,42.46824768582547,0.9470846520566838,47.5737296564866,1.3292923143331015,42.34896174795583,-1.072079186839348,44.52577980190913,2.898564500743622,35.266547406037375,-9.879559078096822,49.524649337370825,-1.7946811435273762,51.866006516806706,-33.81531016528059,1,3.75
76,47.25059072889942,-18.383675878512054,45.47978547818003,-15.199169384305796,38.919337298577624,-16.87200135772068,43.65490265276816,-2.2512287457930777,42.412080366992534,0.9861717797202795,47.584893980971025,1.348222784608956,42.32275279443293,-1.1023666255982072,44.512804179930896,2.901702683175934,35.44060284294962,-9.841708474492002,49.52570853212271,-1.817594898766351,51.863592468412456,-33.8169534037291,1,3.8000000000000003
77,47.23724815064512,-18.428057911269143,45.40342864614217,-15.132801873539968,38.90959802007824,-16.86764098055924,43.64227344526322,-2.168554579567,42.353696567610335,1.022990798794774,47.59612749985332,1.3667431688256002,42.296685845606575,-1.1329161682257232,44.49976142655356,2.904763592460853,35.614089700755784,-9.804048330012817,49.52649740003056,-1.8403104911596966,51.86121775371565,-33.818569867799745,1,3.85
78,47.225234874103215,-18.469888467950305,45.327014874004284,-15.067182010990818,38.899777955300515,-16.86324443453346,43.63002277367815,-2.0856954831022216,42.29303896490602,1.0574830512993194,47.60743200264387,1.3848428613090695,42.270767280657935,-1.1637302897334372,44.486649805620196,2.907745230154885,35.7869592504961,-9.766586120765119,49.52698816957218,-1.862788233520115,51.85888173182617,-33.820159993745236,1,3.9000000000000004
79,47.21457619174882,-18.50915342281445,45.25060245828163,-15.002238733511426,38.889884308645854,-16.858814945129406,43.61811688073664,-2.0026679482052647,42.23014071547639,1.089679527612783,47.61880115910202,1.4025593787291217,42.245016814318824,-1.1947952781828777,44.47347545863813,2.910654665581898,35.95916276321094,-9.72932932285476,49.527153069225356,-1.8849884386603086,51.856583772296325,-33.82172421071023,1,3.95
80,47.20532337453697,-18.546306836716784,45.17439732484118,-14.93754886172212,38.87996124863689,-16.85437228705805,43.60634880836756,-1.9195730823364723,42.16539689339683,1.1199698115520664,47.63019615998435,1.4201227271302006,42.21950750352298,-1.226032673836079,44.460276037771465,2.9135352391348683,36.13065150994062,-9.692285412387543,49.52696432746786,-1.90687141939297,51.85432325495074,-33.82326294084699,1,4.0
81,47.197534188042376,-18.5819198171615,45.09864230688762,-14.87260118718495,38.87006218482654,-16.849940372336576,43.59446829830115,-1.8365331468695911,42.09929305211236,1.1488331352937466,47.64157007629647,1.437811034900501,42.19432574075473,-1.2573478300051395,44.44709707284835,2.916439358974169,36.30137676172547,-9.655461865469373,49.526394172777394,-1.9283974885308208,51.852099569718995,-33.82477659942933,1,4.05
82,47.191266397840025,-18.61656347165289,45.023580237625694,-14.806884501461964,38.86024052676769,-16.84554311298212,43.5822250922676,-1.753670403178355,42.03231474506791,1.1767487310143345,47.652875979043955,1.4559024304281698,42.1695579184984,-1.288646100002196,44.433984093697,2.919419433260051,36.471289789605834,-9.618866158206012,49.52541483363178,-1.9495269588865733,51.84991211647098,-33.82626559496483,1,4.1000000000000005
83,47.18657776950467,-18.650808907695147,44.9494539502602,-14.739887596115256,38.85054968401332,-16.84120442101188,43.56936893199709,-1.671107112636463,41.96494752570857,1.2041958308903307,47.66406693923257,1.474675042101373,42.14529042923831,-1.3198328371393715,44.42098263014571,2.922527870152871,36.640341864622,-9.582505766703381,49.52399853850879,-1.97022014327292,51.84776030485483,-33.827730329304885,1,4.15
84,47.183526068611165,-18.685227232792535,44.87650627799578,-14.67109926270688,38.84104306611629,-16.836948208443054,43.5556495592199,-1.5889655366177307,41.89767694747926,1.2316536670982936,47.6750960278679,1.494406998308228,42.12160966545872,-1.3508133947287877,44.40813821202265,2.925817077812915,36.80848425781435,-9.546388167067263,49.52211751588619,-1.9904373545025633,51.84564355413772,-33.82917119775331,1,4.2
85,47.1821690607344,-18.720389554449273,44.80498005403733,-14.600008292798881,38.83177408262955,-16.832798387292765,43.5408167156662,-1.5073679364958619,41.83098856382506,1.2596014718147,47.685916315955666,1.5153764274369788,42.09860201964396,-1.3814931260825287,44.395496369156,2.92933946440054,36.975668240223214,-9.510520835403504,49.519743994241686,-2.0101389053882244,51.84356129304908,-33.83058858917299,1,4.25
86,47.18256451144919,-18.7568669801696,44.73511811158947,-14.526103477953335,38.82279614310599,-16.828778869578233,43.52462014306622,-1.4264365736446047,41.765367928190905,1.2885184772161031,47.69648087450142,1.5378614578756937,42.07635388427836,-1.4117773845127557,44.38310263137409,2.9331474380760407,37.14184508288886,-9.474911247817964,49.516850202053185,-2.029285108742587,51.84151295962645,-33.83198288609075,1,4.3
87,47.18477018633037,-18.79523061745774,44.667163283857,-14.448873609732301,38.814162657098535,-16.82491356731659,43.50680958315018,-1.346293709437716,41.701300594021845,1.3188839154789944,47.70674277451089,1.562140218012593,42.054951651846245,-1.4415715233315713,44.37100252850505,2.9372934069997023,37.30696605685167,-9.4395668804165,49.513408367798306,-2.0478362773783534,51.83949800106376,-33.833354464800756,1,4.3500000000000005
88,47.18884385095284,-18.836051573817954,44.60135840404465,-14.36780747969788,38.805927034160085,-16.821226392525038,43.48713477764831,-1.2670616052489103,41.639272114762846,1.3511770187799426,47.716655086989675,1.5884908362358081,42.03448171483188,-1.4707808958511084,44.35924159037713,2.9418297793319024,37.47098243315193,-9.404495209304908,49.509390719954894,-2.065752724108274,51.83751587356223,-33.83470369546576,1,4.4
89,47.194843270891454,-18.87990095675447,44.53794630535716,-14.28239387941209,38.79814268384358,-16.81774125722075,43.46534546829076,-1.1888625224519687,41.57976804385891,1.3858770192954328,47.72617088294349,1.6171914409335102,42.01503046571959,-1.4993108553834837,44.347865346818516,2.9468089632329053,37.633845482830026,-9.369703710589071,49.504769487000694,-2.082994761745022,51.83556604218348,-33.83603094221745,1,4.45
90,47.20282621172096,-18.9273498737715,44.477169820999315,-14.192121600437009,38.7908630157019,-16.814482073420884,43.441191396807774,-1.1118187224205807,41.52327393475507,1.423463149201991,47.73524323337797,1.64852016049387,41.99668429699373,-1.5270667552407866,44.33691932765751,2.952283366863059,37.795506476926235,-9.335199860374805,49.49951689741349,-2.0995227031012567,51.83364798070535,-33.83733656325431,1,4.5
91,47.212850439016314,-18.97896943237331,44.41927178417584,-14.096479434334698,38.78414143928801,-16.811472753142603,43.41442230492958,-1.0360524665285376,41.4702753408963,1.4644146406761458,47.743825209298734,1.6827551233050295,41.979529601138495,-1.553953948735173,44.32644906272227,2.95830539838265,37.955916686480926,-9.300991134767946,49.493605179671015,-2.1152968609897767,51.83176117147962,-33.838620910938516,1,4.55
92,47.22497371835229,-19.035330740064136,44.364495028091454,-13.994956172667216,38.77803136415479,-16.80873720840311,43.38478793438635,-0.9616860161495632,41.42125781572764,1.5092107258943985,47.751869881711436,1.7201744577551497,41.963652770638326,-1.5798777891787408,44.31650008184102,2.9649274659520053,38.1150273825344,-9.267085009874352,49.487006562251075,-2.1302775482232117,51.8299051052926,-33.839884331890985,1,4.6000000000000005
93,47.23922198276237,-19.09684871254224,44.313022536250585,-13.887171909601545,38.77257280562225,-16.806293354480975,43.35211469968011,-0.8888253888369966,41.37659771589748,1.5582013715738026,47.759413187541476,1.7608102967930463,41.94911737792166,-1.6047626840296245,44.3071215698415,2.972148713868341,38.27274056319239,-9.233498331352406,49.47974037201379,-2.1444651904156595,51.450424652990435,-31.866357536650824,1,4.65
94,47.25549383511412,-19.163313498282125,44.26479789335626,-13.773271949724279,38.76775220207869,-16.804135119700355,43.31653570639999,-0.8175116268625681,41.33623461086813,1.611219482593314,47.76682252739292,1.8037107916101673,41.93589571519366,-1.6286092573299404,44.298377331549496,2.97975523097634,38.428761134822395,-9.200285423070723,49.47201432934841,-2.1580206643866267,51.09088451927297,-29.996532401914678,1,4.7
95,47.27365604573372,-19.234359053952364,44.21970483441125,-13.653532900226924,38.763542597679496,-16.802250435646794,43.27826073290677,-0.7477695286775756,41.299998873305356,1.6679686983723787,47.77454816778965,1.8476780979586147,41.923937254603786,-1.651437187267802,44.2903348267904,2.9874798422575957,38.582744730857186,-9.167509978450447,49.46408325302664,-2.171144959756967,50.75023691286969,-28.22495978231638,1,4.75
96,47.29357538494744,-19.3096193362215,44.17762709441818,-13.528231368301025,38.75991703658009,-16.800627233905953,43.23749955756139,-0.6796238927333459,41.26772087587481,1.7281526583304718,47.78304037525551,1.8915143715904474,41.913191468301385,-1.6732661520313616,44.28306151538948,2.9950553726937064,38.734346984729655,-9.135235690912724,49.4562019618202,-2.184039066147564,50.42748910013323,-26.546476865274318,1,4.800000000000001
97,47.31511862308138,-19.38872830175803,44.13844840837981,-13.397643961138028,38.75684856293589,-16.799253446063272,43.19446195872463,-0.6130995174811915,41.239230991242266,1.7914750018870784,47.792749416314244,1.9340217682578018,41.90360782843587,-1.6941158298086938,44.276624857172074,3.002214647266236,38.88322352987258,-9.103526253878673,49.448625274500735,-2.196903973179285,50.1217005119614,-24.956192125244442,1,4.8500000000000005
98,47.33815253046175,-19.471319907230573,44.102052511298815,-13.262047285929476,38.75431022090223,-16.798117003704416,43.14935771475748,-0.5482212013724341,41.214359592073414,1.8576393684616541,47.8041255574898,1.9740024437127461,41.89513580715659,-1.7140058987879656,44.27109231196348,3.008690490956799,39.02902999971887,-9.07244536076953,49.441608009839875,-2.2099406704730127,49.83198000273993,-23.449471068572187,1,4.9
99,47.362543877414744,-19.557028109307623,44.068323138177924,-13.121717949866866,38.75227505463455,-16.797205838414918,43.1023966040207,-0.48501374285840565,41.19293705103403,1.9263493974736452,47.81761906530593,2.0102585537073727,41.88772487661299,-1.7329560371572708,44.26653133958907,3.0142157287469633,39.17142202770137,-9.042056705006376,49.43540498660931,-2.2233501476495725,49.55748325331783,-22.02192272740099,1,4.95
100,47.38815943426655,-19.64548686465776,44.037144024019796,-12.976932560141732,38.75071610828821,-16.796507881780375,43.05378840487523,-0.4235019403903846,41.1747937407898,1.9973087283425555,47.83368020628647,2.041592253993799,41.88132450895441,-1.750985923104733,44.2630093998741,3.018523185618314,39.31005524725289,-9.012423980010407,49.430271023580715,-2.237333394329856,49.2974103104468,-20.669386863276586,1,5.0
101,47.41486597134337,-19.736330129949547,44.008398903827164,-12.82796772394557,38.749606426018616,-16.796011065386327,43.00374289568191,-0.36371059241972176,41.1597600340065,2.070221000487831,47.85275924695528,2.0668057003241174,41.875884176330274,-1.7681152348184992,44.260593952643994,3.021345686552454,39.444585291806305,-8.983610879202738,49.42646093952574,-2.2520914001347414,49.05100325551462,-19.387921843155482,1,5.050000000000001
102,47.44253025897135,-19.829191861851463,43.981971512602776,-12.67510004846988,38.74891905198121,-16.79570332081836,42.95246985480162,-0.3056644973977296,41.1476663033498,2.1447898533289327,47.87530645383619,2.084701048450391,41.871353350889926,-1.7843636504866687,44.25935245772399,3.0224160565309677,39.57466779479444,-8.955681096004545,49.42422955321609,-2.2678251546850725,48.81754399577726,-18.173793152485253,1,5.1000000000000005
103,47.47101906747671,-19.923706017032135,43.95774558534927,-12.518606140906165,38.74862703033131,-16.79557257966203,42.9001790605952,-0.24938845377569152,41.13834292148545,2.2207189262853357,47.90177209345301,2.094080454124771,41.86768150478281,-1.799750848297369,44.259352374939425,3.021467120535419,39.699958389650135,-8.928698323836997,49.42383168342338,-2.284735647601742,48.59635217165478,-17.02346251188034,1,5.15
104,47.50019916718567,-20.01950655216009,43.9356048570694,-12.358762608445947,38.74870340522436,-16.795606773502918,42.84708029142358,-0.19490726000498257,41.131620261079185,2.2977118587764953,47.93260643232953,2.0937460730992825,41.864818110158275,-1.8142965064387289,44.260661164115625,3.0182317035474213,39.820112709806224,-8.902726256121214,49.42552214891933,-2.3030238685056137,48.38678317399031,-15.933577565677483,1,5.2
105,47.529937328424325,-20.116227423903823,43.91543306276583,-12.195846058280715,38.749121220815745,-16.79579383392657,42.79338332564757,-0.1422457145368668,41.12732869479673,2.3754722902218774,47.96825973698971,2.0825000611260753,41.862712639165714,-1.8280203030988613,44.263346285077944,3.0124426305485392,39.934786388695606,-8.877828586278328,49.42955576847556,-2.32289080701754,48.188226265495594,-14.900962112319688,1,5.25
106,47.56010032151894,-20.213502588931973,43.89711393744128,-12.030133097602025,38.74985352126085,-16.796121692518614,42.73929794162807,-0.09142861582270001,41.12529859530376,2.453703860040962,48.009182273957286,2.0591445739572043,41.86131456395451,-1.8409419164658898,44.26747519765166,3.0038327265203857,40.04363505975109,-8.854069007729542,49.436187360863805,-2.3445374527583946,48.000102800907015,-13.922606848098207,1,5.300000000000001
107,47.59055491679564,-20.310966003912995,43.880531216098525,-11.861900333601348,38.750873350715075,-16.796578280864555,42.68503391772589,-0.042480762313755915,41.125360335266066,2.5321102076531905,48.055824309756105,2.022481767344786,41.86057335667409,-1.853081024727942,44.273115361662136,2.9921348164445103,40.14631435640552,-8.831511213896013,49.445671744855666,-2.368164795349061,47.82186454066664,-12.995660597277116,1,5.3500000000000005
108,47.62116788458068,-20.408251625515522,43.86556863374017,-11.691424373470182,38.752153753333815,-16.797151530549996,42.63080103230198,0.004573047538600008,41.127344287349366,2.6103949724780615,48.10863611090996,1.9713137970409225,41.8604384894738,-1.8644573060731364,44.280334236934685,2.977081725302552,40.24247991209178,-8.810218898198832,49.458263739222794,-2.3939738244103967,47.65299205321273,-12.117422003043202,1,5.4
109,47.65180599520021,-20.504993410408026,43.85210992536898,-11.518981824400077,38.753667773272475,-16.797829373160496,42.576809063717214,0.04970801528307959,41.131080824219374,2.6882617939350406,48.167993064742994,1.9048925198094833,41.86085943450304,-1.8750904386896108,44.28916844271554,2.9584939305325175,40.331926398807816,-8.79022931501809,49.4741462596322,-2.4221042910490085,47.49299320122437,-11.28533165506586,1,5.45
110,47.682336018980386,-20.600825315259105,43.8400388259876,-11.344849293582476,38.75538845468646,-16.79859974028163,42.52326779033237,0.09289934246837533,41.13640031854184,2.7654143114435503,48.233971041780094,1.824268596461339,41.861785663911235,-1.8850001007654544,44.29953123593467,2.936542519398286,40.415004642812434,-8.771473962569369,49.49321460933192,-2.4524509923144895,47.34140170740816,-10.496964630725543,1,5.5
111,47.712624726247505,-20.695381296737306,43.829239070598796,-11.169303388208974,38.7572888417311,-16.79945056349897,42.47038699050838,0.13412223064313622,41.14313314298245,2.8415561644230896,48.30657103334639,1.7309423888192041,41.8631666498477,-1.8942059704888148,44.31130503294299,2.9114862316201537,40.492204508929625,-8.753857900027064,49.5152921884653,-2.484847486742169,47.19777579564785,-9.75002342827317,1,5.550000000000001
112,47.74253888732761,-20.788295311511146,43.81959439420524,-10.992620715471004,38.75934197856189,-16.80036977439807,42.4183764426061,0.1733518813560838,41.15110967020695,2.916390992293148,48.385794030767,1.6264142587057702,41.86495186446189,-1.90272772604781,44.32437225009143,2.883583806918495,40.564015861983336,-8.737286186565694,49.54020239717563,-2.519127332867402,47.06169690355652,-9.042331271326505,1,5.6000000000000005
113,47.771945272547,-20.879201316249187,43.81098853180965,-10.815077882560109,38.76152090933411,-16.80134530456452,42.3674459249864,0.2105634961558718,41.1601602728811,2.9896224344731426,48.471641025367234,1.5121845679436985,41.86709077990314,-1.9105850456305729,44.33861530373082,2.853093985013588,40.63092856679747,-8.721663881359719,49.567768635606285,-2.5551240892254854,46.93276846267948,-8.371825765190986,1,5.65
114,47.800710652231764,-20.96773326762002,43.80330521841474,-10.636951496667809,38.763798678203266,-16.802365085583897,42.31780521601017,0.24573227659119282,41.17011532367052,3.060954130382549,48.56411300847209,1.3897536783556894,41.8695328683209,-1.9177976074251832,44.35391661021216,2.820275505625768,40.69343248819603,-8.706896043583605,49.59781430390058,-2.5926713143517985,46.81061474279298,-7.736552886517656,1,5.7
115,47.82870179670817,-21.053525122292125,43.79642818902322,-10.458518164985565,38.7661483293247,-16.803417049041737,42.269664094038234,0.2788334242107393,41.18080519524108,3.1300897194408557,48.66321097140681,1.2606219517644144,41.872227601864495,-1.9243850896197983,44.37015858588622,2.7853871084753674,40.75201749100298,-8.692887732411762,49.630162802201895,-2.6316025667816225,46.69487975693103,-7.134661288782803,1,5.75
116,47.85578547630237,-21.13621083693409,43.79024117863776,-10.280054494704942,38.768542906853774,-16.804489126523656,42.22323233743149,0.30984214056318454,41.1920602602584,3.1967328410675244,48.7689359054965,1.1262897499925595,41.87512445268335,-1.9303671704025651,44.38722364710404,2.7486875332827174,40.80717344004223,-8.679544007018707,49.664637530653515,-2.6717514050503275,46.585226223948894,-6.564396906994102,1,5.800000000000001
117,47.881828461340575,-21.215424368214457,43.784627922261095,-10.101837093017425,38.77095545494591,-16.805569249615168,42.1787197245508,0.33873362719720146,41.20371089138827,3.2605871346820106,48.8812888020663,0.9882574348628009,41.87817289292685,-1.9357635279615588,44.40499421021642,2.7104355197681134,40.859390200137746,-8.666769926578874,49.70106188939879,-2.7129513876932485,46.48133458560018,-6.0240978458994725,1,5.8500000000000005
118,47.906697522148924,-21.290799672801764,43.77947215489593,-9.92414256711452,38.77335901775656,-16.806645349901853,42.13633603375706,0.3654830856615021,41.215587461296366,3.3213562397037655,49.00027065244146,0.8480253681978053,41.88132239474437,-1.9405938404849166,44.42335269157432,2.670889807651898,40.9091576361135,-8.654470550266748,49.73925927858104,-2.755036073245711,46.3829020752629,-5.512189536802432,1,5.9
119,47.930259429053656,-21.36197070736457,43.77465761154495,-9.747247524187728,38.775726639441025,-16.80770535896932,42.096291043411085,0.39006571750474023,41.22752034264844,3.378743795552302,49.12588244794704,0.7070939118203214,41.884522430285315,-1.9448777861607525,44.442181507528595,2.630309136654392,40.956965612793425,-8.64255093725675,49.77905309834363,-2.7978390202430314,46.28964183560072,-5.027180148868864,1,5.95
120,47.952380952380956,-21.428571428571423,43.77006802721089,-9.57142857142857,38.77803136415479,-16.80873720840311,42.058794531873765,0.4124567242756277,41.239339908110225,3.432453441647033,49.25812517990825,0.5669634275529674,41.88772247169907,-1.9486350431772086,44.461363074430174,2.5889522464959165,41.00330399500149,-8.630916146723393,49.820266748829866,-2.841193787220574,46.20128208258776,-4.567656241553068,1,6.0
121,47.97292886245698,-21.490235793090868,43.76558713689643,-9.39696231602854,38.780246236053166,-16.809728829788813,42.024056277505984,0.43263130752281825,41.250876530347455,3.4821888174074527,49.39699983965022,0.4291342772184487,41.89087199113501,-1.9518852897224084,44.48077980862993,2.5470778768967937,41.04866264756166,-8.619471237841097,49.86272363018313,-2.8849339327136554,47.55464617100387,-3.385653715771757,1,6.050000000000001
122,47.99176992960791,-21.54659775759148,43.76109867560428,-9.224125365179194,38.782344299291616,-16.810668154711966,41.992286058668626,0.45056466879501417,41.26196058202581,3.5276535622530223,49.542507418498104,0.29510682263944626,41.89392046074254,-1.954648203984446,44.500314126478834,2.5049447675773395,41.09353143529786,-8.60812126978435,49.906247142546704,-2.9288930152576005,48.71817447727549,-2.3694501615303696,1,6.1000000000000005
123,48.008770924159954,-21.59729127874174,43.75648637833716,-9.053194326071964,38.78429859802548,-16.811543114758177,41.9636936537225,0.46623200964090783,41.27242243581108,3.568551315603221,49.69464890777703,0.16638142563865588,41.89681735267104,-1.9569434641514687,44.51984844432768,2.4628116582578854,41.13840022303408,-8.596771301727594,49.95066068606395,-2.97290459338774,49.71849518260742,-1.4957890304171133,1,6.15
124,48.023798616439315,-21.64195031321026,43.75163398009776,-8.884445805898403,38.7860821764102,-16.81234164151298,41.9384888410285,0.47960853160914835,41.28209246436896,3.604585716877505,49.85342529881222,0.044458448038743936,41.8995121390699,-1.958790748411585,44.53926517852746,2.420937288658767,41.18375887559423,-8.585326392845317,49.99578766087821,-3.0168022256394433,50.57850134500342,-0.7446759597804865,1,6.2
125,48.03671977677213,-21.68020881766556,43.746425215888785,-8.718156411850046,38.787668078601136,-16.81305166656197,41.91688139894755,0.49066943624843307,41.29080104036515,3.6354604054953206,50.01883758292874,-0.06916174833760352,41.90195429208849,-1.9602097349529233,44.55844674542904,2.3795803985002824,41.23009725780229,-8.573691602311936,50.04145146713278,-3.0604194705480117,51.317874823345726,-0.09892118737544962,1,6.25
126,48.04740117548464,-21.711700748776195,43.74074382071295,-8.554602751118336,38.78902934875369,-16.81366112149068,41.89908110584045,0.4993899251074737,41.29837853646543,3.6608790208761666,50.190886751451885,-0.1729788016677199,41.904093283876236,-1.9612201019636162,44.577275561383324,2.338999727502771,41.27790523448224,-8.561771989301958,50.08747550497103,-3.103589886648805,51.95353671087563,0.4562538486953022,1,6.300000000000001
127,48.05570958290298,-21.73606006321071,43.73447352957296,-8.394061430894824,38.79013903102328,-16.814157937884744,41.88529774006811,0.5057451997349096,41.30465532533551,3.680545202439489,50.36957379570664,-0.2654923501288806,41.90587858658249,-1.9618415276317678,44.595634042741196,2.2994540153865604,41.327672670458,-8.549472612989824,50.13368317453637,-3.14614703247712,52.50003458656899,0.9335547279876522,1,6.3500000000000005
128,48.0615117693534,-21.75292071763765,43.727498077471516,-8.236809058371005,38.790970169565256,-16.81453004732965,41.87574107999137,0.5097104616794528,41.309461779641076,3.6941625896047636,50.55489970701828,-0.3452020318984239,41.90725967235666,-1.962093690145496,44.61340460585361,2.2612020018719665,41.37988943055352,-8.536698532550012,50.17989787597197,-3.187924466568297,52.96987544693254,1.3439048240323157,1,6.4
129,48.06467450516202,-21.761916668725576,43.71970119941133,-8.083122240738412,38.79149580853507,-16.814765381411064,41.8706209039711,0.5112609124897713,41.312628272047895,3.7014348217914455,50.74686547671191,-0.41060748515369766,41.90818601334816,-1.9619962676929485,44.63046966707139,2.2245024266793063,41.43504537959276,-8.523354807156934,50.225943009421286,-3.2287557474577238,53.37381193760429,1.696695293585899,1,6.45
130,48.06506456065506,-21.762681873143013,43.71096663039509,-7.933277585188533,38.79168899208807,-16.814851871714485,41.87014699036821,0.5103717537145723,41.313985175221696,3.702065538419005,50.94547209611269,-0.4602083480719725,41.90860708170632,-1.9615689384622383,44.6467116427455,2.1896140295289204,41.493630382399694,-8.509346495985094,50.27164197502758,-3.268474433680645,53.72108843537416,2.000000000000007,1,6.5
131,48.062548706158765,-21.754850287558554,43.70117810542553,-7.787551698912875,38.79152276437964,-16.814777449825502,41.87452911754352,0.5070181869025001,41.3133628618282,3.6957583789069037,51.15072055654578,-0.4925042588305817,41.90847234958056,-1.9608313806414943,44.6620129492268,2.1567955501410814,41.55613430379825,-8.494578658208972,50.31681817293427,-3.306914083772468,53.72108843537416,2.000000000000007,1,6.550000000000001
132,48.0569937119992,-21.73805586864072,43.69021935950534,-7.646221189102921,38.790970169565256,-16.814530047329683,41.883977063857905,0.5011754136022759,41.310591704533095,3.682216982674611,51.3626118493363,-0.505994855606854,41.90773128912028,-1.95980327241882,44.676256002866204,2.1263057282361886,41.6230470086124,-8.478956353003001,50.36129500328465,-3.343908256268499,53.72108843537416,2.000000000000007,1,6.6000000000000005
133,48.04826634850261,-21.71193257305804,43.67797412763723,-7.5095626629502465,38.79000425180023,-16.81409759581259,41.89870060767224,0.49281863536256343,41.30550207600217,3.661144989141602,51.5811469658095,-0.49917977657812257,41.906333372474826,-1.9585042919823235,44.68932322001461,2.0984033035345155,41.69485836166609,-8.462384639541636,50.40489586622202,-3.3792905097040737,53.72108843537416,2.000000000000007,1,6.65
134,48.03623338599521,-21.67611435747909,43.66432614482385,-7.377852727646304,38.788598055240016,-16.81346802685981,41.91890952734742,0.48192305373204536,41.29792434890112,3.632246037727337,51.80632689729044,-0.4705586599216485,41.90422807179364,-1.956954117520172,44.701097017022946,2.0733470157564025,41.77205822778328,-8.44476857699934,50.44744416188976,-3.412894402614527,53.72108843537416,2.000000000000007,1,6.7
135,48.020761594803176,-21.630235178572406,43.64915914606799,-7.251367990382629,38.78672462403994,-16.812629272056906,41.94481360124431,0.46846387025940944,41.28768889589567,3.5952237678512824,52.03815263510434,-0.4186311438147749,41.90136485922608,-1.9551724272204598,44.71145981024208,2.051395604622156,41.85513647178793,-8.426013224550607,50.48876329043118,-3.444553493535185,53.72108843537416,2.000000000000007,1,6.75
136,48.00171774525263,-21.573928993006522,43.63235686637235,-7.130385058350701,38.78435700235546,-16.81156926298944,41.976622607723755,0.4524162864933385,41.27462608965157,3.5497818189329085,52.276625170576295,-0.34189686643483497,41.897693206921545,-1.95317889927131,44.720294016022955,2.032807809852127,41.94458295850397,-8.406023641369849,50.52867665198965,-3.474101341001379,53.72108843537416,2.000000000000007,1,6.800000000000001
137,47.97896860766984,-21.506829757450006,43.613803040739555,-7.01518053874208,38.78146823434195,-16.81027593124297,42.014546325146604,0.4337555039825105,41.25856630283451,3.4956238303916654,52.52174549503149,-0.2388554659591381,41.89316258702943,-1.9509932118608548,44.72748205071641,2.017842371166618,42.040887552755386,-8.384704886631573,50.567007646708475,-3.501371503548457,53.72108843537416,2.000000000000007,1,6.8500000000000005
138,47.952380952380956,-21.428571428571423,43.59338140417235,-6.9060310387482176,38.77803136415479,-16.80873720840311,42.058794531873765,0.4124567242756277,41.239339908110225,3.432453441647033,52.77351459979505,-0.10800658056497411,41.88772247169907,-1.9486350431772086,44.73290633067339,2.00675802828594,42.14454011936612,-8.361962019510218,50.603579674731016,-3.526197539711756,53.72108843537416,2.000000000000007,1,6.9
