Frame,Home_13_x,Home_13_y,Home_747_x,Home_747_y,Home_21030_x,Home_21030_y,Home_21031_x,Home_21031_y,Home_21032_x,Home_21032_y,Home_21033_x,Home_21033_y,Home_21034_x,Home_21034_y,Home_24770_x,Home_24770_y,Home_24771_x,Home_24771_y,ball_x,ball_y,Period,Time [s]
0,46.221768707483015,-14.142857142857142,52.22579326503804,-33.57040396564937,28.77142857142857,-6.0000000000000036,25.887074829931976,-21.57142857142857,41.77382149555632,-22.316219704271564,41.318367346938786,0.7142857142857141,44.34693877551021,2.8571428571428563,15.9360544217687,-3.4285714285714213,15.647619047619045,5.1428571428571495,52.22579326503804,-33.57040396564937,1,0.0
1,46.19558897879932,-14.089797613331525,52.35904169105953,-33.603902690964446,28.72766908902851,-6.00758566499152,25.866138070140703,-21.533126293796855,41.74292558947898,-22.397082869818497,41.23294157577077,0.6996188222489402,44.27018806019788,2.8023929920187576,15.999776667781722,-3.425918468365203,15.732828309245926,5.1293343740456985,52.21751697165879,-33.576037623833024,1,0.05
2,46.16953284488358,-14.035613644671127,52.48093348950499,-33.63489869650017,28.68689836633214,-6.014653231307992,25.845501108132552,-21.494641263715152,41.715543427879616,-22.477246058453986,41.148547108455304,0.6856737959315257,44.195242848645826,2.7492008554083385,16.064972495614,-3.4231577261263615,15.81979574953895,5.116175606735967,52.20937552943676,-33.5815794890738,1,0.1
3,46.14360812003014,-13.980326592261166,52.59175303102527,-33.66345452515153,28.649084840539935,-6.021208170330925,25.825158394530618,-21.45596950894675,41.69161373398943,-22.55671618953441,41.065162924617695,0.6724424218504979,44.12208075189453,2.697540503557464,16.131623709740133,-3.420290506872313,15.908499009998314,5.103375803329618,52.2013667411523,-33.5870310570152,1,0.15000000000000002
4,46.11782261853347,-13.92395781148681,52.69178468627106,-33.68963271981341,28.614196948852452,-6.027255953441856,25.805104379957925,-21.417107057254906,41.671075231039566,-22.63550018241624,40.98276800388334,0.6599164865228505,44.050679380984434,2.647385992711997,16.19971211463487,-3.4173181156205454,15.998915732124154,5.090929926228267,52.193488445386485,-33.59239379893123,1,0.2
5,46.092184154688,-13.866528657733266,52.781312825893124,-33.71349582338077,28.582203128470155,-6.032802052022267,25.785333515037493,-21.378049936402828,41.65386664226125,-22.713604956455807,40.90134132587763,0.6480877764656063,43.98101634695606,2.598711379117786,16.269219514772868,-3.4142418573885274,16.091023557416605,5.078832937833555,52.18573851593786,-33.59766916212348,1,0.25
6,46.06670054278815,-13.80806048638577,52.86062182054228,-33.73510637874856,28.553071816593583,-6.037851937453718,25.765840250392387,-21.33879417415385,41.639926690885645,-22.79103743100956,40.82086187022582,0.6369480781958071,43.91306926084986,2.5514907190206744,16.340127714628785,-3.4110630371937,16.18480012737585,5.067079800547126,52.17811486124855,-33.6028585703116,1,0.30000000000000004
7,46.04137959712832,-13.748574652829472,52.92999604086925,-33.754526928811714,28.526771450423187,-6.042411081117681,25.74661903664562,-21.299335798271166,41.62919410014393,-22.8678045254339,40.741308616553354,0.6264891782304468,43.84681573370637,2.505698068666502,16.41241851867732,-3.4077829600535074,16.28022308350205,5.055665476770635,52.17061542383992,-33.60796342401774,1,0.35000000000000003
8,46.016229132003,-13.688092512449591,52.989719857524804,-33.77182001646513,28.503270467159528,-6.046484954395684,25.727664324420218,-21.259670836518083,41.62160759326729,-22.943913159085252,40.66266054448564,0.6167028630865334,43.78223337656593,2.461307484301141,16.48607373139319,-3.4044029309854227,16.3772700672953,5.044584928905693,52.16323817975702,-33.61298510094434,1,0.4
9,45.99125696170653,-13.626635420631311,53.040077641159705,-33.78704818460381,28.482537304003113,-6.05007902866927,25.70897056433924,-21.219795316657837,41.617105893486894,-23.019370251320012,40.58489663364795,0.6075809192811283,43.71929980046912,2.4182930221704506,16.56107515725096,-3.4009242550068914,16.475918720255798,5.033833119353945,52.155981138022774,-33.617924956346016,1,0.45
10,45.966470900533444,-13.564224732759833,53.081353762424726,-33.800273976122625,28.464540398154465,-6.053198775319895,25.690532207025708,-21.179705266453688,41.61562772403394,-23.094182721494537,40.50799586366567,0.5991151333311913,43.657992616456404,2.376628738520279,16.637404600725393,-3.397348237135407,16.576146683883685,5.023405010517045,52.148842340100174,-33.622784323395386,1,0.5
11,45.94187876277805,-13.500881804220379,53.113832591970606,-33.81155993391657,28.449248186814025,-6.055849665729169,25.672343703102676,-21.139396713668887,41.61711180813958,-23.16835748896533,40.4319372141642,0.5912972917537983,43.59828943556825,2.3362886895964503,16.715043866291154,-3.3936761823883894,16.6779315996791,5.013295564796605,52.14181985936417,-33.62756451354274,1,0.55
12,45.917488362734865,-13.43662799039812,53.13779850044815,-33.820968600880555,28.436629107182338,-6.058037171278532,25.654399503193154,-21.098865686066752,41.62149686903502,-23.241901473088724,40.356699664768904,0.5841191810659089,43.54016786884509,2.2972469316448385,16.793974758422923,-3.3899093957833126,16.78125110914222,5.003499744594284,52.13491180058138,-33.63226681687003,1,0.6000000000000001
13,45.89330751469831,-13.371484646678278,53.15353585850808,-33.82856251990948,28.42665159645994,-6.059766763349493,25.63669405792023,-21.058108211410413,41.62872162995145,-23.314821593221144,40.282262195105105,0.5775725877845943,43.48360552732747,2.2594775209113016,16.87417908159538,-3.3860491823376115,16.886082853773217,4.994012512311713,52.128116299398776,-33.636892502439046,1,0.65
14,45.86934403296277,-13.305473128446039,53.16132903680117,-33.834404233898354,28.41928409184729,-6.061043913323635,25.619221817906904,-21.017120317463267,41.63872481412002,-23.38712476871903,40.20860378479821,0.5716492984268433,43.42858002205582,2.222954513641687,16.955638640283148,-3.382096847068751,16.99240447507215,4.984828830350555,52.121431521840464,-33.64144281863396,1,0.7000000000000001
15,45.84560573182268,-13.238614791086599,53.16146240597819,-33.83855628574209,28.414495030544938,-6.061874092582413,25.60197723377619,-20.9758980319885,41.65144514477194,-23.45881791893874,40.13570341347352,0.5663410995096737,43.37506896407063,2.187651966081841,17.03833523896097,-3.3780536949942284,17.100193614539258,4.975943661112407,52.11485566381266,-33.64591899349814,1,0.75
16,45.822100425572486,-13.170930989985147,53.1542203366899,-33.84108121833559,28.41225284975338,-6.0622627725073635,25.584954756151173,-20.934437382749387,41.666821345138345,-23.529907963236717,40.063540060756495,0.5616397775501131,43.32304996441239,2.1535439344776344,17.12225068210347,-3.37392103113145,17.20942791367467,4.967351966998943,52.108386950617025,-33.650322235065644,1,0.8
17,45.79883592850663,-13.102443080526921,53.13988719958705,-33.84204157457384,28.412525986673103,-6.062215424480019,25.568148835654846,-20.89273439750917,41.68479213845048,-23.600401820969328,39.99209270627241,0.5575371190651888,43.272500634121535,2.120604475074907,17.207366774185388,-3.3697001604979038,17.320085013978535,4.959048710411779,52.10202363647143,-33.65465373168722,1,0.8500000000000001
18,45.775820054919485,-13.033172418097024,53.11874736532039,-33.841499897351724,28.41528287850463,-6.061737519881861,25.551553922910287,-20.850785104031154,41.70529624793949,-23.67030641149303,39.92134032964665,0.55402491057188,43.22339858423862,2.088807644119484,17.293665319681352,-3.365392388111035,17.432142556950986,4.951028853752555,52.095764004039054,-33.65891465235103,1,0.9
19,45.753060619105554,-12.963140358080807,53.091085204540796,-33.83951872956427,28.42049196244844,-6.060834530094427,25.5351644685405,-20.808585530078545,41.72827239683654,-23.73962865416421,39.851261910504626,0.5510949385872386,43.17572142580403,2.0581274978572757,17.381128123066063,-3.360999018988288,17.545578184092207,4.943287359422912,52.08960636396467,-33.66310614699812,1,0.9500000000000001
20,45.730565435359175,-12.892368255863325,53.05718508789887,-33.83616061410632,28.4281216757051,-6.05951192649923,25.51897492316855,-20.76613170341463,41.753659308372846,-23.80837546833925,39.78183642847168,0.548738989628258,43.12944676985826,2.028538092534088,17.46973698881418,-3.3565213581471323,17.660369536902323,4.935819189824507,52.08354905441895,-33.66722934683283,1,1.0
21,45.70834231797488,-12.820877466829835,53.01733138604547,-33.83148809387283,28.438140455475086,-6.057775180477775,25.502979737417412,-20.72341965180266,41.78139570577959,-23.876553773374603,39.71304286317316,0.546948850212014,43.08455222744179,2.0000134843958035,17.559473721400387,-3.3519607106050264,17.776494256881534,4.928619307358954,52.077590440649765,-33.67128536462796,1,1.05
22,45.68639908124703,-12.748689346365556,52.97180846963134,-33.82556371175879,28.450516738958896,-6.0556297634116065,25.487173361910216,-20.680445403005915,41.81142031228788,-23.944170488626618,39.64486019423446,0.5457163068554522,43.04101540959518,1.9725277296882562,17.65032012529934,-3.3473183813794596,17.893929985529923,4.92168267442791,52.07172891454111,-33.67527529502526,1,1.1
23,45.66474353947003,-12.675825249855642,52.92090070930727,-33.818450010659056,28.465218963357074,-6.0530811466822065,25.47155024726993,-20.637204984787616,41.843671851129,-24.011232533451768,39.57726740128088,0.5450331460756095,42.998813927358775,1.9460548846572852,17.74225800498573,-3.342595675487818,18.01265436434769,4.9150042534330005,52.06596289417918,-33.67920021483063,1,1.1500000000000001
24,45.64338350693836,-12.602306532685322,52.86489247572394,-33.81020953346865,28.48221556587004,-6.050134801671106,25.456104844119608,-20.593694424911043,41.87808904553409,-24.077746827206433,39.51024346393785,0.544891154389533,42.95792539177315,1.9205690055487825,17.83526916493428,-3.337793897947614,18.132645034834972,4.908579006775878,52.0602908234252,-33.68306118330493,1,1.2000000000000002
25,45.62232679794641,-12.52815455023978,52.80406813953216,-33.80090482308246,28.501474983698426,-6.046796199759819,25.440831603082287,-20.549909751139452,41.91461061873429,-24.143720289247014,39.44376736183072,0.5452821183142111,42.918327413878735,1.8960441486085637,17.929335409619632,-3.332914353776278,18.253879638491927,4.902401896858161,52.0547111714957,-33.686859242449806,1,1.25
26,45.601581226788646,-12.453390657904224,52.73871207138276,-33.79059842239543,28.522965654042643,-6.04307081232987,25.42572497478102,-20.505846991236105,41.95317529396083,-24.209159838929917,39.377818074584816,0.5461978243666524,42.879997604716,1.8724543700824865,18.02443854351645,-3.3279583479912893,18.376335816818685,4.89646788608149,52.0492224325492,-33.69059541728879,1,1.3
27,45.58115460775946,-12.378036211063865,52.6691086419264,-33.779352874302496,28.54665601410325,-6.038964110762769,25.410779409838824,-20.461502172964245,41.99372179444491,-24.274072395611544,39.31237458182557,0.5476300590639229,42.84291357532544,1.8497737262164289,18.12056037109943,-3.3229271856100864,18.499991211315432,4.890771936847529,52.04382312528007,-33.69427071614409,1,1.35
28,45.56105475515331,-12.302112565103828,52.595542221813886,-33.767230721698624,28.57251450108073,-6.034481566440017,25.395989358878722,-20.41687132408719,42.03618884341763,-24.338464878648338,39.247415863178276,0.5495706089229825,42.80705293674752,1.8279762732562248,18.217682696843184,-3.3178221716501493,18.6248234634823,4.8853090115579,52.03851179251836,-33.69788613090867,1,1.4000000000000001
29,45.5412894832646,-12.2256410754094,52.518297181695985,-33.75429450747873,28.6005095521756,-6.029628650743141,25.381349272523792,-20.37195047236812,42.08051516411024,-24.40234420739661,39.18292089826835,0.552011260460902,42.772393300022735,1.8070360674477426,18.315787325222498,-3.312644611128898,18.750810214819445,4.880074072614246,52.033287000836864,-33.70144263731383,1,1.4500000000000002
30,45.521866606387775,-12.148643097365772,52.43765789222348,-33.74060677453777,28.63060960458838,-6.024410835053654,25.366853601397054,-20.326735645570324,42.1266394797539,-24.465717301212905,39.11886866672113,0.5549438001946557,42.73891227619157,1.7869271650368017,18.414856060711983,-3.3073958090638165,18.877929106827022,4.875062082418179,52.02814734016421,-33.70494119519269,1,1.5
31,45.50279393881723,-12.071139986358089,52.3539087240471,-33.72623006577058,28.662783095519522,-6.018833590753086,25.35249679612152,-20.281222871457103,42.17450051357976,-24.52859107945355,39.05523814816196,0.5583600146412812,42.706587476294466,1.767623622269285,18.514870707786336,-3.3020770704723534,19.006157781005147,4.8702680033713825,52.02309142340413,-33.7083827487392,1,1.55
32,45.484079294847405,-11.99315309777158,52.26733404781759,-33.71122692407225,28.696998462169628,-6.012902389222957,25.338273307320243,-20.235408177791633,42.22403698881906,-24.59097246147497,38.99200832221628,0.5622516903178103,42.67539651137186,1.7490994953910073,18.61581307092021,-3.296689700371988,19.13547387885405,4.865686797875469,52.018117886061376,-33.71176822676286,1,1.6
33,45.465730488772756,-11.91470378699143,52.17821823418576,-33.695659892337616,28.733224141739157,-6.0066227018447345,25.324177585616297,-20.18928759233723,42.27518762870294,-24.652868366633545,38.929158168509375,0.5666106137412128,42.6453169924643,1.7313288406478846,18.717664954588315,-3.2912350037801215,19.265855041873834,4.861313428332081,52.01322538587324,-33.7150985429395,1,1.6500000000000001
34,45.447755334887674,-11.835813409402855,52.08684565380235,-33.67959151346165,28.77142857142857,-6.0000000000000036,25.310204081632637,-20.142857142857142,42.3278911564626,-24.714285714285722,38.86666666666669,0.5714285714285743,42.61632653061228,1.714285714285718,18.820408163265306,-3.285714285714281,19.397278911564626,4.857142857142854,52.008412602447386,-33.71837459605783,1,1.7000000000000002
35,45.430161647486635,-11.756503320391024,51.99350067731811,-33.6630843303393,28.811580188438462,-5.9930397550702255,25.2963472459924,-20.09611285711463,42.38208629532918,-24.775231423787886,38.80451279631347,0.5766973498968543,42.58840273685617,1.6979441725503797,18.924024501425855,-3.2801288511918876,19.52972312942661,4.853170046709445,52.00367823690562,-33.72159727026191,1,1.75
36,45.412957240864024,-11.676794875341157,51.898467675383856,-33.646200885865454,28.853647429969243,-5.985747438436931,25.282601529318526,-20.04905076287295,42.43771176853393,-24.835712414496427,38.74267553707521,0.5824087356631046,42.561523222236545,1.6822782716876992,19.028495773544662,-3.2744800052304037,19.66316533695995,4.849389959433448,51.999021011533046,-33.724767435290005,1,1.8
37,45.396149929314255,-11.596709429638496,51.80203101865029,-33.62900372293512,28.89759873322152,-5.978128521481651,25.26896138223411,-20.001666887895343,42.49470629930797,-24.895735605767786,38.68113386857716,0.5885545152443286,42.535665597793844,1.667262067943569,19.133803784096415,-3.268769052847261,19.797583175664776,4.845797557716562,51.99443966943362,-33.72788594670905,1,1.85
38,45.37974752713184,-11.516268338668166,51.70447507776818,-33.61155538444319,28.943402535395755,-5.970188475585876,25.255421255362172,-19.953957259945113,42.553008610882536,-24.95530791695839,38.61986677044478,0.5951264751575488,42.51080747456854,1.652869617563794,19.23993033755572,-3.2629972990599625,19.932954287041234,4.842387803960373,51.98993297419069,-33.73095364614567,1,1.9000000000000001
39,45.36375784861109,-11.435492957815384,51.60608422338832,-33.593918413284605,28.99102727369243,-5.961932772131145,25.241975599325745,-19.905917906785486,42.612557426488756,-25.014436267424575,38.55885322230338,0.6021164019197639,42.48692646360114,1.6390749767942765,19.346857238397313,-3.257166048885947,20.06925631258952,4.839155660566543,51.98549970953325,-33.73397136151327,1,1.9500000000000002
40,45.3481887080465,-11.35440464246536,51.50714282616148,-33.5761553523543,29.040441385312093,-5.953366882498983,25.228618864747858,-19.85754485617973,42.6732914693578,-25.07312757652282,38.49807220377831,0.6095160820480254,42.46400017593206,1.6258522018808212,19.45456629109588,-3.25127660734266,20.20646689380974,4.836096089936718,51.981138679007955,-33.73693990723569,1,2.0
41,45.333047919732486,-11.273024748003312,51.40793525673844,-33.55832874454725,29.091613307455265,-5.944496278070847,25.21534550225161,-19.808834135891104,42.735149462720955,-25.131388763609483,38.43750269449503,0.6173173020593175,42.44200622260184,1.613175349069316,19.563039300126057,-3.245330279447556,20.344563672202042,4.833204054472521,51.97684870565593,-33.73986008446656,1,2.0500000000000003
42,45.31834329796347,-11.191374629814387,51.30874588576985,-33.540501132758315,29.144511477322382,-5.935326430228314,25.202149962459963,-19.759781773682818,42.798070129809275,-25.189226748040987,38.37712367407878,0.6255118484706963,42.420922214650886,1.6010184746055947,19.672258069962567,-3.2393283702181184,20.48352428926661,4.830474516575608,51.972628631695436,-33.74273268130597,1,2.1
43,45.304082657033874,-11.109475643283822,51.20985908390659,-33.52273505988249,29.19910433211403,-5.9258628103528785,25.189026695995942,-19.71038379731824,42.86199219385403,-25.246648449173726,38.31691412215498,0.6340915077991415,42.40072576311972,1.5893556347355255,19.782204405080037,-3.2332721846717822,20.623326386503585,4.827902438647596,51.968477318209096,-33.74555847301288,1,2.15
44,45.29027381123819,-11.0273491437968,51.11155922179939,-33.505093068814745,29.255360309030674,-5.916110889826044,25.17597015348263,-19.66063623456051,42.92685437808633,-25.303660786364123,38.25685301834902,0.6430480665616898,42.38139447904885,1.5781608857049523,19.89286010995317,-3.2271630278260166,20.76394760541312,4.825482783090158,51.96439364483677,-33.74833822221452,1,2.2
45,45.27692457487076,-10.945016486738536,51.01413067009899,-33.48763770244991,29.313247845272805,-5.906076140029359,25.1629747855431,-19.610535113172958,42.99259540573739,-25.36027067896862,38.19691934228621,0.6523733112753544,42.36290597347867,1.5674082837597285,20.004206989056662,-3.2210022046982565,20.905365587495375,4.823210512304878,51.96037650947305,-33.75107267911203,1,2.25
46,45.26404276222603,-10.862499027494202,50.917857799456144,-33.470431503683045,29.372735378041025,-5.89576403234429,25.150035042800322,-19.560076460918857,43.0591540000384,-25.416485046343563,38.137092073591965,0.6620590284571628,42.345237857449725,1.5570718851456933,20.116226846865157,-3.2147910203059946,21.047557974250445,4.821080588693451,51.95642482796986,-33.753762581683105,1,2.3000000000000003
47,45.25163618759847,-10.779818121449024,50.82302498052169,-33.45353701540899,29.433791344535724,-5.885180038152406,25.13714537587733,-19.509256305561397,43.12646888422054,-25.472310807845393,38.07735019189162,0.6720970046241135,42.32836774200247,1.5471257461087147,20.228901487853342,-3.2085307796666522,21.19050240717857,4.819087974657476,51.95253753384386,-33.756408655881,1,2.35
48,45.239712665282475,-10.696995123988172,50.72991658394633,-33.43701678052276,29.496384181957474,-5.874329628835201,25.124300235397214,-19.458070674863905,43.19447878151497,-25.527754882830518,38.017672676810534,0.6824790262932435,42.31227323817736,1.5375439228946322,20.34221271649588,-3.2022227877977176,21.33417652777983,4.817227632598611,51.9487135779887,-33.759011615830616,1,2.4000000000000004
49,45.22828000957243,-10.614051390496869,50.638816980380845,-33.42093334191922,29.56048232750677,-5.863218275774195,25.111494071982946,-19.406515596589593,43.263122415152885,-25.582824190655305,37.95803850797411,0.6931968799815468,42.29693195701487,1.5283004717493127,20.456142337267515,-3.195868349716635,21.47855797755443,4.815494524918483,51.944951928391724,-33.761572164021075,1,2.45
50,45.217346034762855,-10.531008276360302,50.55001054047594,-33.40534924249336,29.62605421838412,-5.851851450350854,25.098721336257636,-19.354587098501725,43.33233850836549,-25.63752565067624,37.89842666500767,0.7042423522060699,42.28232150955551,1.5193694489186158,20.570672154642832,-3.189468770440849,21.62362439800249,4.813883614018739,51.94125156985565,-33.764090991495415,1,2.5
51,45.20691855514811,-10.44788713696368,50.46378163488249,-33.39032702514012,29.69306829179006,-5.840234623946782,25.085976478844245,-19.30228120836359,43.402065784383886,-25.69186618224963,37.838816127536596,0.7156072294838163,42.26841950683977,1.51072491064837,20.685783973096548,-3.1830253549878544,21.769353430624157,4.812389862301028,51.93761150372437,-33.76656877803701,1,2.5500000000000003
52,45.19700538502266,-10.364709327692173,50.380414634251146,-33.37592923275436,29.761492984925013,-5.828373267943433,25.073253950365867,-19.249593953938454,43.47224296643938,-25.745852704731973,37.77918587518624,0.7272832983317988,42.255203559908026,1.5023409131844487,20.801459597103353,-3.1765394083750556,21.915722716919625,4.811008232166973,51.93403074761361,-33.769006192353146,1,2.6
53,45.18761433868089,-10.281496203931013,50.30019390923274,-33.3622184082311,29.831296734989564,-5.816272853722342,25.0605482014455,-19.196521362989518,43.542808777763035,-25.799492137479625,37.719514887582,0.7392623452670452,42.24265127980087,1.4941915127726717,20.917680831137922,-3.1700122356199367,22.062709898389006,4.80973368601822,51.93050833514577,-33.77140389225532,1,2.6500000000000004
54,45.178753230417264,-10.198269121065373,50.22340383047802,-33.34925709446525,29.902447979184196,-5.803938852665005,25.047853682706197,-19.143059463280068,43.61370194158609,-25.852791399849014,37.6597821443492,0.7515361568065683,42.230740277558716,1.4862507656589161,21.034429479674912,-3.163445141739981,22.210292616532477,4.808561186256381,51.92704331568898,-33.77376252483694,1,2.7
55,45.17042987452619,-10.115049434480456,50.15032876863775,-33.337107834351755,29.97491515470943,-5.79137673615298,25.03516484477104,-19.089204282573405,43.68486118113971,-25.905757411196532,37.599966625113225,0.7640965194673908,42.219448164222044,1.4784927280890456,21.151687347189018,-3.15683943175259,22.358448512850146,4.807485695283141,51.923634754100696,-33.77608272664784,1,2.75
56,45.162652085302106,-10.031858499561482,50.08125309436266,-33.32583317078554,30.04866669876576,-5.778591975567718,25.02247613826299,-19.034951848632712,43.75622521965505,-25.958397090878595,37.540047309499435,0.7769352197665063,42.20875255083136,1.4708914563088993,21.26943623815488,-3.1501964106752762,22.50715522884221,4.80650217550012,51.920281730475345,-33.77836512386618,1,2.8000000000000003
57,45.15542767703946,-9.94871767169362,50.01646117830362,-33.315495646661546,30.123671048553703,-5.765590042290807,25.009782013805115,-18.980298189221312,43.82773278036335,-26.0107173582516,37.480003177133206,0.7900440442209713,42.1986310484271,1.46342100656434,21.38765795704726,-3.14351738352545,22.656390406008807,4.805605589308944,51.9169833398959,-33.78061033246733,1,2.85
58,45.148764464032624,-9.865648306262074,49.956237391111266,-33.30615780487469,30.199896641273774,-5.752376407703718,24.997076922020455,-18.925239332102436,43.89932258649578,-26.062725132671982,37.41981320763988,0.8034147793477748,42.18906126804976,1.4560554351011878,21.50633430834074,-3.1368036553206,22.80613168585009,4.804790899111248,51.91373869218974,-33.78281895839023,1,2.9000000000000004
59,45.14267026057608,-9.78267175865207,49.900866103436414,-33.29788218832,30.27731191412646,-5.738956543187992,24.984355313532035,-18.869771305039325,43.970933361283485,-26.114427333496096,37.35945638064485,0.8170392116639442,42.180020820739834,1.4487687981653397,21.625447096510015,-3.130056531078186,22.95635670986622,4.804053067308696,51.910546911688556,-33.784991597700724,1,2.95
60,45.13715288096426,-9.69980938424876,49.85063168592977,-33.29073133989226,30.355885304312263,-5.725335920125121,24.97161163896292,-18.81389013579531,44.04250382795764,-26.16583088008042,37.29891167577345,0.8309091276865117,42.171487317537746,1.4415351520026105,21.74497812602985,-3.1232773158156375,23.10704311955731,4.803387056302909,51.90740713699172,-33.7871288367527,1,3.0
61,45.13222013949155,-9.617082538437383,49.805818509242215,-33.28476780248654,30.435585249031735,-5.711520009896627,24.95884034893607,-18.757591852133586,44.11397270974948,-26.216942691781313,37.23815807265106,0.845016313932447,42.16343836948402,1.4343285528588536,21.86490920137484,-3.116467314550429,23.25816855642356,4.802787828495521,51.90431852073401,-33.78923125234614,1,3.0500000000000003
62,45.12787985045233,-9.534512576603118,49.76671094402443,-33.28005411899771,30.516380185485314,-5.697514283884022,24.946035894074647,-18.70087248181739,44.18527872989014,-26.267769687955198,37.17717455090305,0.8593525569188355,42.1558515876191,1.4271230569799611,21.985222127019625,-3.1096278323000144,23.409710661965086,4.802250346288179,51.90128022935696,-33.79129941188282,1,3.1
63,45.124139828141125,-9.452120854131175,49.73359336092719,-33.27665283232075,30.59823855087356,-5.683324213468854,24.933192725001604,-18.643728052610047,44.256360611610816,-26.318318787958482,37.11594009015477,0.873909643162642,42.14870458298349,1.4198927206117533,22.105898707438982,-3.102760174081858,23.561647077682082,4.801769572082541,51.89829144288381,-33.79333387351946,1,3.1500000000000004
64,45.121007886852325,-9.36992872640674,49.70675013060126,-33.274626485350566,30.681128782397,-5.668955270032609,24.920305292339982,-18.586154592274784,44.327157078142676,-26.368596911147563,37.05443367003159,0.8886793591809081,42.14197496661764,1.4126116000000979,22.226920747107506,-3.0958656449133852,23.713955445074674,4.801340468280213,51.89535135469818,-33.7953351863184,1,3.2
65,45.11849184088038,-9.28795754881501,49.68646562369741,-33.27403762098209,30.765019317256087,-5.654412924956778,24.90736804671281,-18.528148128574852,44.397606852716926,-26.418610976878863,36.992634270158874,0.9036534914906471,42.13564034956207,1.4052537513908145,22.348270050499913,-3.0889455498121183,23.86661340564299,4.800957997282856,51.89245917132645,-33.797303890395725,1,3.25
66,45.11659950451969,-9.206228676741178,49.673024210866416,-33.274948782110286,30.849878592651347,-5.639702649622947,24.89437543874316,-18.46970468927354,44.467648658564734,-26.468367904508757,36.930520870161985,0.9188238266088526,42.1296783428572,1.3977932310297907,22.46992842209092,-3.0820011937954392,24.019598600887235,4.800617121492104,51.88961411222363,-33.79924051706699,1,3.3000000000000003
67,45.11533869206469,-9.124763465570478,49.666710262759004,-33.27742251163008,30.935675045783313,-5.624829915412579,24.88132191905406,-18.41082030213405,44.53722121891725,-26.517874613393708,36.8680724496663,0.934182151052591,42.12406655754351,1.3902040951628702,22.59187766635514,-3.0750338818808793,24.172888672307515,4.8003128033095726,51.886815409562594,-33.801145588990806,1,3.35
68,45.1147172178098,-9.043583270688067,49.667808150025955,-33.281521352436414,31.022377113852468,-5.609800193707177,24.868201938268534,-18.3514909949197,44.60626325700573,-26.567138022890052,36.80526798829716,0.9497202513388555,42.11878260466153,1.3824604000359213,22.714099587767286,-3.068044919085836,24.326461261404,4.800040005136932,51.884062308027026,-33.8030196203096,1,3.4000000000000004
69,45.114742896049464,-8.962709447479154,49.67660224331803,-33.2873078474242,31.109953234059315,-5.594618955888306,24.855009947009606,-18.291712795393735,44.67471349606129,-26.616165052354248,36.74208646567996,0.9654299139846353,42.11380409525168,1.3745362018947345,22.83657599080196,-3.0610356104277865,24.48029400967686,4.799793689375802,51.881354064607365,-33.80486311678867,1,3.45
70,45.11542354107806,-8.882163351328945,49.69337691328601,-33.29484453948841,31.19837184360437,-5.579291673337452,24.841740395900338,-18.231481731319388,44.74251065931511,-26.664962621142696,36.67850686144005,0.981302925507006,42.10910864035448,1.3664055569852405,22.95928867993394,-3.0540072609242013,24.63436455862621,4.799568818427833,51.8786899484006,-33.80667657595245,1,3.5
71,45.116766967190095,-8.801966337622638,49.71841653058067,-33.30419397152395,31.287601379688173,-5.563823817436133,24.82838773556376,-18.170793830459942,44.80959346999842,-26.713537648611798,36.61450815520278,0.9973310724229373,42.10467385101038,1.358042521553245,23.08221945963784,-3.0469611755925095,24.78865054975222,4.799360354694654,51.87606924041249,-33.808460487218944,1,3.5500000000000003
72,45.11878098867994,-8.722139761745426,49.75200546585269,-33.31541868642579,31.37761027951117,-5.548220859565884,24.814946416622902,-18.10964512057866,44.87590065134236,-26.761897054117963,36.55006932659351,1.013506141249471,42.10047733825984,1.349421151844635,23.205350134388365,-3.0398986594502,24.943129624555077,4.799163260577917,51.873491233364156,-33.810215332031675,1,3.6
73,45.12147341984202,-8.642704979082515,49.794428089752934,-33.328581227088854,31.4683669802739,-5.5324882711081855,24.80141088970082,-18.048031629438775,44.94137092657813,-26.810047757017596,36.48516935523765,1.0298199185036105,42.09649671314337,1.3405155041052255,23.328662508660187,-3.032821017514703,25.097779424534835,4.798972498479227,51.87095523150079,-33.81194158398974,1,3.6500000000000004
74,45.12485207497081,-8.563683345019095,49.845968772932096,-33.343744136408056,31.559839919176895,-5.516631523444568,24.787775605420514,-17.985949384803572,45.00594301893689,-26.857996676667103,36.41978722076052,1.0462641907023882,42.09270958670141,1.331299634580865,23.45213838692799,-3.0257295548034873,25.252577591191752,4.798783030800276,51.86846055040387,-33.81363970897556,1,3.7
75,45.128924768360726,-8.485096214940352,49.90691188604094,-33.36096995727836,31.651997533420623,-5.500656087956568,24.774035014405076,-17.92339441443629,45.06955565164985,-26.905750732422902,36.3539019027875,1.0628307443628122,42.08909356997445,1.3217475995174464,23.575759573666424,-3.0186255763340077,25.407501766025938,4.798589819942658,51.866006516806706,-33.81531016528059,1,3.75
76,45.133699314306156,-8.406964944231548,49.97754179973029,-33.380321232594696,31.7448082602056,-5.484567436025683,24.76018356727746,-17.860362746100186,45.132147547948165,-26.95331684364139,36.28749238094393,1.07951136600191,42.08562627400301,1.3118334551607933,23.699507873350203,-3.011510387123742,25.562529590537533,4.798387828308036,51.863592468412456,-33.8169534037291,1,3.8000000000000003
77,45.139183527101544,-8.329310888277766,50.058142884650856,-33.401860505252,31.83824053673236,-5.468371039033432,24.746215714660774,-17.796850407558548,45.193657431063045,-27.000701929678947,36.220537634855226,1.0962978421366754,42.082285309827505,1.3015312577567648,23.82336509045396,-3.0043852921901215,25.717638706226715,4.798172018298041,51.86121775371565,-33.818569867799745,1,3.85
78,45.14538522104133,-8.252155402464311,50.14899951145343,-33.42565031814526,31.9322628002014,-5.452072368361311,24.73212590717803,-17.732853426574607,45.254024024225636,-27.047912909892027,36.153016644146724,1.1131819592841454,42.07904828848844,1.2908150635512188,23.947313029452424,-2.9972515965506097,25.87280675459359,4.797937352314283,51.85888173182617,-33.820159993745236,1,3.9000000000000004
79,45.15226702723924,-8.175473261788623,50.25009460521899,-33.451683916023256,32.0268434878132,-5.435676895390876,24.717908595452286,-17.66836783091167,45.313186050667106,-27.094956703637013,36.084908388443786,1.1301555039613473,42.07589282102629,1.2796589287899998,24.07133349482025,-2.990110605222656,26.028011377138387,4.797678792758457,51.856583772296325,-33.82172421071023,1,3.95
80,45.15961084408623,-8.099052919697426,50.36020530874951,-33.47967735105094,32.121951036768294,-5.419190091503617,24.703558230106534,-17.603389648332904,45.37108223361871,-27.14184023027031,36.01619184737174,1.14721026268528,42.07279651848149,1.2680369097189799,24.195408291032088,-2.9829636232237404,26.183230215361185,4.7973913020321675,51.85432325495074,-33.82326294084699,1,4.0
81,45.16715338679263,-8.022636249249683,50.47780731927709,-33.509277377247,32.21755388426718,-5.402617428081043,24.68906926176384,-17.53791490660165,45.427651296311545,-27.18857040914835,35.94684600055604,1.164338021972961,42.06973699189459,1.2559230625839843,24.319519222562615,-2.975811955571306,26.338440910762188,4.797069842537065,51.852099569718995,-33.82477659942933,1,4.05
82,45.17463137056864,-7.945965123504397,50.601376334033986,-33.540130748630276,32.313620467510376,-5.385964376504684,24.67443614104724,-17.471939633481124,45.48283196197684,-27.235154159627523,35.876849827622,1.181530568341418,42.066691852306015,1.2432914436308662,24.44364809388655,-2.9686569072828033,26.4936211048415,4.796709376674765,51.84991211647098,-33.82626559496483,1,4.1000000000000005
83,45.18178151062464,-7.868781415520555,50.72938805025234,-33.57188421921952,32.41011922369839,-5.36923640815606,24.659653318579764,-17.405459856734634,45.53656295384579,-27.281598401064237,35.80618230819498,1.1987796883076591,42.06363871075627,1.2301161091055082,24.567776709478586,-2.961499783375696,26.64874843909929,4.796304866846937,51.84776030485483,-33.827730329304885,1,4.15
84,45.18834052217081,-7.790826998357173,50.86031816516434,-33.60418454303354,32.507018590031706,-5.352438994416665,24.644715244984454,-17.33847160412538,45.58878299514957,-27.327910052814886,35.734822421900304,1.216077168388707,42.060555178285775,1.2163711152537156,24.691886873813345,-2.954341888867439,26.803800555035718,4.795851275455202,51.84564355413772,-33.82917119775331,1,4.2
85,45.194045120417485,-7.711843745073207,50.99264237600217,-33.63667847409107,32.60428700371088,-5.335577606668036,24.62961637088432,-17.270970903416632,45.639430809119276,-27.374096034235908,35.66274914836342,1.2334147951015941,42.057418865935055,1.2020305183213948,24.815960391365486,-2.947184528775516,26.958755094150984,4.795343564901193,51.84356129304908,-33.83058858917299,1,4.25
86,45.198632020574934,-7.631573528727654,51.124836379997994,-33.66901276641096,32.701892901936375,-5.318657716291684,24.61435114690248,-17.20295378237168,45.68844511898618,-27.420163264683676,35.58994146720964,1.2507843549633235,42.05420738474458,1.1870683745543662,24.93997906660975,-2.940029008117342,27.11358969794513,4.794776697586559,51.84151295962645,-33.83198288609075,1,4.3
87,45.20183793785343,-7.54975822237952,51.255375874383944,-33.700834174011945,32.799804721908714,-5.3016847946691215,24.598914023661862,-17.134416268753746,45.73576464798145,-27.46611866351462,35.516378358064344,1.2681776344909135,42.05089834575483,1.1714587401984924,25.06392470402077,-2.932876631910396,27.26828200791838,4.794145635912947,51.83949800106376,-33.833354464800756,1,4.3500000000000005
88,45.20339958746326,-7.466139699087798,51.38273655639228,-33.73178945091283,32.89799090082837,-5.284664313181871,24.583299451785614,-17.06535439032613,45.78132811933622,-27.51196915008515,35.44203880055288,1.2855864202013665,42.04746936000626,1.1551756714995884,25.187779108073272,-2.9257287051721512,27.422809665570902,4.793445342281982,51.83751587356223,-33.83470369546576,1,4.4
89,45.20305368461469,-7.3804598319114625,51.50539412325513,-33.76152535113239,32.99641987589594,-5.26760174321144,24.56750188189661,-16.995764174852074,45.825074256281766,-27.557721643751677,35.36690177430064,1.303002498611711,42.04389803853934,1.1381932247035609,25.311524083241878,-2.9185865329200196,27.577150312402825,4.7926707790953005,51.83556604218348,-33.83603094221745,1,4.45
90,45.20053694451804,-7.292460493909517,51.621824272204705,-33.789688628689404,33.09506008431184,-5.250502556139346,24.551515764618095,-16.925641650094814,45.86694178204918,-27.603383063870556,35.290946258932976,1.320417656238998,42.04016199239459,1.1204854560562445,25.435141434001316,-2.911451420171489,27.731281589914254,4.791816908754562,51.83364798070535,-33.83733656325431,1,4.5
91,45.19558608238356,-7.201883558140926,51.73050270047312,-33.81592603760267,33.19387996327665,-5.233372223347081,24.53533555057294,-16.854982843817627,45.90686941986966,-27.64896032979824,35.21415123407525,1.3378236796001974,42.036238832612455,1.102026421803492,25.55861296482619,-2.9043246719439995,27.885181139605425,4.790878693661363,51.83176117147962,-33.838620910938516,1,4.55
92,45.18793781342147,-7.108470897664742,51.8299051052926,-33.839884331890985,33.29284794999081,-5.216216216216211,24.518955690384267,-16.783783783783793,45.944795892974405,-27.69446036089117,35.13649567935282,1.3552123552123558,42.0321061702334,1.0827901781911384,25.681920480191238,-2.8972075932550587,28.038826602976417,4.789851096217396,51.8299051052926,-33.839884331890985,1,4.6000000000000005
93,45.177505646745146,-7.012079320423417,51.91883378839201,-33.86128725706437,33.39185177191546,-5.199053997085417,24.502389063022697,-16.71211111784685,45.98069757705025,-27.73988985878877,35.05804345253478,1.3725625445198235,42.02772982921416,1.0628143666234937,25.805045784571114,-2.8901014891220673,28.192195621527432,4.788729078824264,51.450424652990435,-31.866357536650824,1,4.65
94,45.16491026707985,-6.91302537389365,51.99739746948715,-33.88016652459824,33.49045631755421,-5.181960992122075,24.485722260849407,-16.640313974221737,46.01470145760655,-27.785254654262857,34.97919792396513,1.3898014086763386,42.023028485176305,1.0423909691385886,25.92797068244051,-2.8830076645625042,28.345265836758617,4.787507603883619,51.09088451927297,-29.996532401914678,1,4.7
95,45.150949153053894,-6.811740540435621,52.06603147279039,-33.89663083745917,33.588145765671264,-5.165026618450856,24.46906030457314,-16.568812101213723,46.04697217260838,-27.83056036036838,34.90044734213163,1.4068431837630009,42.01790902665774,1.0218755529328873,26.050676978274097,-2.8759274245938053,28.49801489017008,4.786181633797079,50.75023691286969,-28.22495978231638,1,4.75
96,45.13641978329556,-6.708656302409516,52.12517112251428,-33.910788898613845,33.68440429503075,-5.148340293196327,24.452508214902785,-16.498025247127952,46.07767436002079,-27.875812590160194,34.822279955521935,1.4236021058609145,42.01227834219625,1.0016236852028726,26.173146476546556,-2.868862074233463,28.65042042326202,4.784746130966322,50.42748910013323,-26.546476865274318,1,4.800000000000001
97,45.122119636433176,-6.604204142175498,52.17525174287121,-33.922749411028875,33.77871608439689,-5.131991433483083,24.43617101254697,-16.42837316026971,46.10697265780876,-27.921016956693187,34.745184012623824,1.43999241105115,42.00604332032973,0.981990933145008,26.29536098173255,-2.8618129184989076,28.802460077534572,4.783196057792959,50.1217005119614,-24.956192125244442,1,4.8500000000000005
98,45.10884619109504,-6.498815542093798,52.216708658073664,-33.93262107767093,33.87056531253388,-5.11606945643576,24.420153718214568,-16.36027558894427,46.135031703937415,-27.966179073022314,34.669647761925006,1.4559283354147778,41.99911084959598,0.9633328639557717,26.417302298306762,-2.854781262407637,28.954111494487886,4.781526376678616,49.83198000273993,-23.449471068572187,1,4.9
99,45.097396925909436,-6.392921984524595,52.24997719233409,-33.94051260150663,33.95943615820587,-5.10066377917894,24.404561352614344,-16.29415228145679,46.16201613637179,-28.011304552202414,34.596159451913174,1.4713241150329126,41.99138781853287,0.9460050448316131,26.538952230743885,-2.8477684109770434,29.105352315622138,4.779732050024957,49.55748325331783,-22.02192272740099,1,4.95
100,45.088569319504735,-6.2869549518280365,52.27549266986495,-33.94653268550262,34.0448128001771,-5.085863818837223,24.38949893645507,-16.230422986112544,46.18809059307688,-28.05639900728839,34.52520733107611,1.486093985986653,41.982781115678236,0.9303630429690535,26.660292583518558,-2.8407756692246244,29.256160182437437,4.77780804023363,49.2974103104468,-20.669386863276586,1,5.0
101,45.08316085050914,-6.181345926364378,52.29369041487871,-33.95079003262553,34.12617941721175,-5.071758992535225,24.37507149044554,-16.169507451216763,46.213419712017725,-28.10146805133515,34.457279647901515,1.5001521843570702,41.973197629569924,0.9167624255645132,26.781305161105504,-2.8338043421678485,29.40651273643396,4.775749309706235,49.05100325551462,-19.387921843155482,1,5.050000000000001
102,45.08196899755105,-6.076526390493743,52.30500575158784,-33.95339334584198,34.20302018807398,-5.058438717397552,24.361384035294506,-16.11182542507469,46.238168131159426,-28.146517297397605,34.39286465087713,1.5134129462252635,41.96254424874574,0.9055587598145042,26.901971767979354,-2.8268557348241465,29.55638761911187,4.7735508208444335,48.81754399577726,-18.173793152485253,1,5.1000000000000005
103,45.08579123925872,-5.972927826576364,52.30987400420472,-33.95445132811865,34.274819291528026,-5.045992410548795,24.34854159171077,-16.05779665599152,46.26250048846695,-28.191552358530604,34.33245058849061,1.5257905076722988,41.95072786174361,0.8971076129154514,27.02227420861483,-2.8199311522109873,29.705762471971273,4.7712075360498725,48.59635217165478,-17.02346251188034,1,5.15
104,45.09542505426044,-5.87098171697239,52.30873049694191,-33.95407268242219,34.34106090633804,-5.034509489113574,24.336649180403114,-16.007840892272515,46.28658142190539,-28.2365788477891,34.276525709229766,1.5371991047792948,41.937655357101335,0.8917645520638766,27.142194287486582,-2.8130318993458205,29.854614936512387,4.768714417724175,48.38678317399031,-15.933577565677483,1,5.2
105,45.11166792118459,-5.771119544042055,52.30201055401184,-33.952366111719186,34.40122921126826,-5.024079370216463,24.32581182208031,-15.96237788222293,46.31057556943979,-28.281602378227905,34.22557826158228,1.5475529736273463,41.92323362335673,0.8898851444562481,27.261713809069278,-2.80615928124611,30.002922654235327,4.766066428268993,48.188226265495594,-14.900962112319688,1,5.25
106,45.135317318659396,-5.673772790145517,52.29014949962692,-33.94944031897633,34.4548083850828,-5.0147914709821,24.31613453745115,-15.921827374147963,46.33464756903516,-28.326628562902005,34.180096494035894,1.5567663502975093,41.90736954904768,0.8918249572890008,27.380814577837626,-2.79931460292932,30.150663266640233,4.763258530085942,48.000102800907015,-13.922606848098207,1,5.300000000000001
107,45.167170725313184,-5.5793729376429795,52.27358265799965,-33.945404007160235,34.501282606545914,-5.006735208535086,24.3077223472244,-15.886609116352865,46.358962058656594,-28.371663014866286,34.14056865507832,1.5647534708708788,41.889970022711964,0.8979395577586272,27.499478398266273,-2.7924991694128867,30.29781441522727,4.76028568557669,47.82186454066664,-12.995660597277116,1,5.3500000000000005
108,45.20802561977422,-5.4883514688946144,52.25274535334249,-33.94036587923751,34.54013605442178,-5.0000000000000036,24.30068027210883,-15.857142857142852,46.38368367626906,-28.416711347175593,34.107482993197266,1.5714285714285683,41.8709419328875,0.9085845130615957,27.617687074829934,-2.785714285714282,30.444353741496602,4.757142857142854,47.65299205321273,-12.117422003043202,1,5.4
109,45.25839626276556,-5.400995762606507,52.22807397787181,-33.93443379891801,34.5710357419046,-4.994643568325492,24.29507826822111,-15.833704913595055,46.40894281343926,-28.461778005311444,34.08116387706633,1.5767368223230844,41.85037046070844,0.9240487122120936,27.735377029744917,-2.7789653842356987,30.590225015624394,4.753830764842499,47.49299320122437,-11.28533165506586,1,5.45
110,45.317664043388916,-5.317016782868329,52.20000919581991,-33.927712272884165,34.59438001990887,-4.9905968597563515,24.29084603330903,-15.815997877873976,46.43473287614013,-28.50686276446151,34.061280156102185,1.5807471309925987,41.82905395769433,0.9443543314950577,27.85230315619422,-2.7722744069182124,30.735236522490816,4.750373159359279,47.34140170740816,-10.496964630725543,1,5.5
111,45.38492713284062,-5.235981390115611,52.16899273942292,-33.92030496856158,34.61075007377909,-4.987759126361419,24.287878200528354,-15.803580910916047,46.46101302394624,-28.55196423224011,34.0473367999074,1.583559339146733,41.8079690679609,0.9694568690131191,27.968174965102538,-2.765667423087681,30.87916267565213,4.746799549033252,47.19777579564785,-9.75002342827317,1,5.550000000000001
112,45.4592837023171,-5.1574564447839135,52.13546634091706,-33.91231555337587,34.620727088859745,-4.98602962020944,24.28606940303481,-15.796013173657672,46.487742416432184,-28.597081016261516,34.03883877808454,1.5852732884951335,41.788092435624044,0.9993118228689672,28.082701967394566,-2.759170502069889,31.021777888664534,4.74313944220451,47.06169690355652,-9.042331271326505,1,5.6000000000000005
113,45.539831923014795,-5.081008807308796,52.099871732538475,-33.90384769475265,34.62489225049539,-4.985307593369313,24.285314273984106,-15.79285382703523,46.51488021317247,-28.642211724140022,34.03529106023617,1.5859888207473685,41.7704007047996,1.0338746911651995,28.19559367399489,-2.7528097131906692,31.162856575084263,4.739422347213142,46.93276846267948,-8.371825765190986,1,5.65
114,45.62566996612997,-5.006205338125803,52.062650646523394,-33.8950050601175,34.62382674403044,-4.985492297909832,24.28550744653193,-15.793662031985152,46.54238557374165,-28.687354963489963,34.03619861596483,1.58580577761306,41.755870519603434,1.073100972004505,28.306559595828265,-2.7466111257758543,31.302173148467517,4.7356777723991925,46.81061474279298,-7.736552886517656,1,5.7
115,45.71589600285913,-4.932612897670442,52.02424481510799,-33.8858913168961,34.61811175480949,-4.98648298589978,24.286543553834093,-15.79799694944384,46.5702176577144,-28.732509341925542,34.04106641487307,1.5848240008018593,41.7454785241513,1.1169461634895397,28.41530924381932,-2.7406008091512915,31.439502022370537,4.73193522610276,46.69487975693103,-7.134661288782803,1,5.75
116,45.80960820439862,-4.859798346378341,51.98509597052843,-33.87661013251399,34.60832846817701,-4.988178909408007,24.288317229046196,-15.805417740347686,46.59833562466515,-28.777673467061145,34.04939942656343,1.5831433320233392,41.74020136255911,1.1653657637229005,28.521552128892715,-2.7348048326427516,31.57461761034955,4.728224216663876,46.585226223948894,-6.564396906994102,1,5.800000000000001
117,45.90590474194481,-4.787328544685,51.94564584502094,-33.867265174396806,34.59505806947745,-4.9904793205033116,24.29072310532402,-15.815483565633116,46.62669863416854,-28.822845946510967,34.06070262063847,1.5808636129871414,41.74101567894262,1.218315270807257,28.62499776197319,-2.729249265576125,31.707294325960717,4.72457425242269,46.48133458560018,-6.0240978458994725,1,5.8500000000000005
118,46.003883786694146,-4.7147703530259655,51.90633617082168,-33.85796010997018,34.57888174405542,-4.993283471254537,24.293655815823254,-15.827753586236524,46.65526584579911,-28.86802538788934,34.07448096670076,1.5780846854028778,41.748898117417774,1.27575018284529,28.725355653985332,-2.7239601772771915,31.83730658276034,4.721014841719202,46.3829020752629,-5.512189536802432,1,5.9
119,46.10264350984301,-4.641690631836815,51.86760868016685,-33.848798606659685,34.560380677255345,-4.9964906137304865,24.297009993699632,-15.84178696309428,46.68399641913144,-28.91321039881055,34.09023943435283,1.5749063909801606,41.76482532210031,1.3376259979396103,28.822335315853845,-2.718963637071775,31.964428794304553,4.717575492893519,46.28964183560072,-5.027180148868864,1,5.95
120,46.20128208258776,-4.567656241553068,51.8299051052926,-33.839884331890985,34.54013605442178,-5.0000000000000036,24.30068027210883,-15.857142857142852,46.712849513740075,-28.958399586888948,34.107482993197266,1.5714285714285683,41.78977393710609,1.403898214192879,28.915646258503397,-2.7142857142857215,32.088435374149654,4.714285714285719,46.20128208258776,-4.567656241553068,1,6.0
121,46.298897676124795,-4.492234042610291,51.79366717843516,-33.83132095308959,34.518729060899176,-5.003710882131845,24.304561284206635,-15.873380429318601,46.7417842891996,-29.003591559738727,34.12571661283659,1.5677510684577856,41.82472060655094,1.4745223297077608,29.004997992858662,-2.709952478244836,32.20910073585182,4.711175014235852,47.55464617100387,-3.385653715771757,1,6.050000000000001
122,46.394588461650585,-4.414990895444064,51.75933663183069,-33.82321213768125,34.49674088203207,-5.0075225121949165,24.30854766314871,-15.890058840557964,46.770759905084525,-29.048784924974242,34.14444526287336,1.5639737237773563,41.870641974550715,1.5494538425868578,29.09010002984432,-2.705989998274942,32.32619929296729,4.708272901084016,48.71817447727549,-2.3694501615303696,1,6.1000000000000005
123,46.48745261036139,-4.335493660489875,51.7273551977154,-33.81566155309143,34.47475270316499,-5.011334142257948,24.312534042090796,-15.906737251797303,46.79973552096946,-29.093978290209705,34.16317391291014,1.5601963790969469,41.928514685221266,1.6286482509328837,29.17066188038501,-2.7024243437019146,32.43950545905228,4.705608883170265,49.71849518260742,-1.4957890304171133,1,6.15
124,46.576588293453725,-4.253309198183312,51.698164608325456,-33.808772866745834,34.453345709642385,-5.015045024389805,24.31641505418858,-15.922974823973059,46.828670296428974,-29.13917026305949,34.18140753254946,1.55651887612614,41.99931538267839,1.712061052848431,29.246393055405434,-2.6992815838514863,32.54879364766294,4.7032124688346855,50.57850134500342,-0.7446759597804865,1,6.2
125,46.66109368212385,-4.168004368959944,51.67220659589702,-33.8026497460701,34.4331010868088,-5.018554410659317,24.320085332597767,-15.938330718021641,46.85752339103761,-29.184359451137883,34.198651091393884,1.5530410565745525,42.084020711037915,1.79964774643617,29.31700306583026,-2.6965877880495572,32.65383827235563,4.701113166417362,51.317874823345726,-0.09892118737544962,1,6.25
126,46.740066947568295,-4.079146033255264,51.64992289266638,-33.797395858489736,34.41460002000872,-5.021761553135273,24.323439510474195,-15.952364094879407,46.88625396436994,-29.229544462059096,34.21440955904596,1.5498627621518304,42.18360731441574,1.8913638297987412,29.382201422584124,-2.6943690256219317,32.754413746686474,4.699340484258345,51.95353671087563,0.4562538486953022,1,6.300000000000001
127,46.81260626098336,-3.9863010515048796,51.631755230869615,-33.79311487143043,34.39842369458668,-5.024565703886503,24.326372220973425,-15.964634115482813,46.914821176000515,-29.274723903437504,34.22818790510826,1.547083834567557,42.29905183692764,1.9871648010387954,29.441697636591726,-2.6926513658944184,32.85029448421171,4.697923930697716,52.50003458656899,0.9335547279876522,1,6.3500000000000005
128,46.87780979356545,-3.889036284144293,51.618145342742935,-33.789910452317756,34.38515329588718,-5.026866114981817,24.32877809725122,-15.97469994076823,46.94318418550392,-29.319896382887336,34.23949109918331,1.544804115531364,42.43133092268943,2.0870061582590123,29.495201218777737,-2.691460878192859,32.94125489848752,4.696893014075567,52.96987544693254,1.3439048240323157,1,6.4
129,46.93477571651104,-3.7869185916090777,51.609534960522524,-33.78788626857735,34.37537000925465,-5.028562038490054,24.33055177246335,-15.982120731672088,46.971302152454655,-29.365060508022907,34.2478241108737,1.543123446752844,42.581421215817045,2.1908433995619894,29.54242168006684,-2.6908236318430587,33.0270694030702,4.69627724273194,53.37381193760429,1.696695293585899,1,6.45
130,46.982602201016384,-3.679514834334784,51.60636581644461,-33.7871459876348,34.369655020033704,-5.029552726480002,24.331587879765458,-15.986455649130766,46.99913423642741,-29.41021488645848,34.25269190978192,1.542141669941648,42.75029936042623,2.2986320230504056,29.583068531383667,-2.6907656961708786,33.107512411515934,4.696106125006935,53.72108843537416,2.000000000000007,1,6.5
131,47.02038741827799,-3.566391872756973,51.60907964274537,-33.787793276915764,34.36858951356877,-5.029737431020501,24.33178105231331,-15.987263854080695,47.0266395969966,-29.455358125808413,34.25359946551057,1.5419586268073444,42.938942000632814,2.410327526826883,29.616851283652917,-2.6913131405020985,33.182358337380926,4.696409169240604,53.72108843537416,2.000000000000007,1,6.550000000000001
132,47.04722953949217,-3.4471165673111788,51.61811817166096,-33.78993180384578,34.372754675204405,-5.029015404180374,24.331025923262608,-15.984104507458262,47.05377739373687,-29.50048883368696,34.25005174766218,1.542674159059594,43.14832578055267,2.5258854089941014,29.643479447799233,-2.6924920341625667,33.2513815942214,4.697215883773023,53.72108843537416,2.000000000000007,1,6.6000000000000005
133,47.0622267358554,-3.321255778432947,51.63392313542756,-33.7936652358505,34.38273169028505,-5.02728589802842,24.32921712576905,-15.976536770199882,47.08050678622281,-29.545605617708343,34.24155372583933,1.5443881084079656,43.37942734430164,2.6452611676546827,29.662662534747337,-2.6943284464781003,33.31435659559357,4.698555776944301,53.72108843537416,2.000000000000007,1,6.65
134,47.064477178564,-3.1883763665578417,51.65693626628142,-33.79909724035555,34.399101744155296,-5.024448164633452,24.3262492929884,-15.96411980324194,47.10678693402893,-29.590707085486944,34.227610369644566,1.5472003165621093,43.63322333599555,2.7684103009113006,29.674110055421817,-2.696848446774557,33.371057755053734,4.700458357094482,53.72108843537416,2.000000000000007,1,6.7
135,47.05307903881435,-3.048045192121419,51.687599296458636,-33.80633148478648,34.42244602215955,-5.020401456064321,24.322017058076337,-15.946412767520874,47.13257699672979,-29.63579184463702,34.20772664868042,1.551210625231619,43.91069039975018,2.8952883068665876,29.67753152074745,-2.700078104377707,33.42125948615802,4.7029531325636205,53.72108843537416,2.000000000000007,1,6.75
136,47.027130487802935,-2.899829115559199,51.726353958195446,-33.81547163656895,34.453345709642385,-5.015045024389805,24.31641505418858,-15.922974823973059,47.15783613389999,-29.68085850277282,34.18140753254946,1.55651887612614,44.212805179681474,3.0258506836231933,29.672636441648823,-2.7040434886134066,33.46473620246267,4.706069611691837,53.72108843537416,2.000000000000007,1,6.800000000000001
137,46.98572969672606,-2.7432949973067426,51.77364198372803,-33.82662136312858,34.49238199194829,-5.008278121678771,24.309337914480825,-15.893365133534926,47.18252350511406,-29.725905667508723,34.148157990854216,1.563224910955241,44.54054431990516,3.1600529292837787,29.65913432905064,-2.708770668807456,33.501262317523924,4.709837302819192,53.72108843537416,2.000000000000007,1,6.8500000000000005
138,46.92797483678013,-2.5780096977996227,51.8299051052926,-33.839884331890985,34.54013605442178,-5.0000000000000036,24.30068027210883,-15.857142857142852,47.206598269946575,-29.770931946458955,34.107482993197266,1.5714285714285683,44.89488446453716,3.297850541950955,29.63673469387753,-2.7142857142857215,33.530612244897945,4.714285714285719,53.72108843537416,2.000000000000007,1,6.9
