Frame,Home_12_x,Home_12_y,Home_1214_x,Home_1214_y,Home_1622_x,Home_1622_y,Home_11698_x,Home_11698_y,Home_22034_x,Home_22034_y,Home_22035_x,Home_22035_y,Home_22036_x,Home_22036_y,Home_22374_x,Home_22374_y,Home_24074_x,Home_24074_y,Home_24938_x,Home_24938_y,ball_x,ball_y,Period,Time [s]
0,14.100679756995033,26.39049763425186,21.318010911895897,14.896547211508347,20.406802721088432,-6.428571428571427,5.380652581354914,31.652455727779525,6.706122448979595,23.0,-5.119727891156451,15.714285714285712,-2.6680272108843575,5.285714285714288,11.5363917026844,33.422001845099516,-1.514285714285709,-6.857142857142862,10.41068064596931,-4.955166712493021,7.434636061281137,32.45899392044626,1,0.0
1,14.05109249086298,26.50198552086019,21.36064787594794,14.996478742514098,20.4646351942182,-6.403892957616062,5.590719270367423,31.657852335845583,6.730806144341456,23.057787982897803,-5.119727891156451,15.714285714285712,-2.6680272108843575,5.285714285714288,11.5454514252524,33.401565731162705,-1.514285714285709,-6.8571428571428426,10.382100894992929,-5.0126844299089806,7.559492705490503,32.42926049045924,1,0.05
2,13.997511507538038,26.613551415731077,21.391851552072104,15.089034973223656,20.518929300840767,-6.380498904989914,5.787612060738451,31.6589369233551,6.752465672575418,23.119952701358617,-5.119727891156444,15.714285714285712,-2.6680272108843575,5.285714285714288,11.550414930841146,33.3835744687371,-1.514285714285709,-6.8571428571428426,10.358609416100677,-5.060404404939935,7.668399292839339,32.39161014581511,1,0.1
3,13.940435870012736,26.725034072418335,21.412238678276747,15.17453778972138,20.56980700103445,-6.3583489906266015,5.971761688483394,31.655925776055184,6.771322314203004,23.18617390643878,-5.119727891156451,15.714285714285712,-2.6680272108843575,5.285714285714288,11.551581942644184,33.367849166248654,-1.514285714285709,-6.8571428571428426,10.339932429588192,-5.098782790456517,7.76230932371593,32.3464785520873,1,0.15000000000000002
4,13.88036464127964,26.836272244475786,21.42242599257015,15.253309078091702,20.61739025487772,-6.337402934459659,6.1435988896177545,31.64903517969293,6.787597349745828,23.25613134919466,-5.119727891156451,15.714285714285712,-2.6680272108843575,5.285714285714288,11.549252183855163,33.354210932123394,-1.514285714285709,-6.8571428571428426,10.325796155751046,-5.128275739329307,7.84217629850868,32.29430137484928,1,0.2
5,13.817796884331264,26.94710468545725,21.423030232960706,15.32567072441899,20.66180102244891,-6.317620456422734,6.303554400156912,31.638481420015513,6.801512059725411,23.32950478068264,-5.119727891156451,15.714285714285712,-2.6680272108843575,5.285714285714288,11.543725377667677,33.34248087478736,-1.514285714285709,-6.857142857142872,10.315926814884778,-5.149339404428949,7.908953717605865,32.23551427967455,1,0.25
6,13.7532316621602,27.05737014891657,21.414668137456694,15.391944614787612,20.703161263826406,-6.298961276449401,6.452058956116412,31.62448078276999,6.8132877246632795,23.405973951959073,-5.119727891156451,15.714285714285712,-2.6680272108843575,5.285714285714288,11.535301247275353,33.33248010266656,-1.514285714285709,-6.857142857142862,10.310050627284973,-5.162429938626044,7.9635950813958445,32.170552932136545,1,0.30000000000000004
7,13.687168037758948,27.166907388407537,21.397956444066455,15.452452635282008,20.741592939088576,-6.281385114473308,6.589543293511628,31.607249553703486,6.823145625081029,23.485218614080313,-5.119727891156495,15.714285714285712,-2.6680272108843646,5.285714285714288,11.524279515871745,33.32402972418694,-1.514285714285709,-6.857142857142862,10.307893813247205,-5.1680034947912254,8.007053890266938,32.09985299780872,1,0.35000000000000003
8,13.62010507412009,27.27555515748397,21.373511890798326,15.507516671986545,20.777218008313838,-6.264851690427975,6.7164381483580335,31.587004018563103,6.8313070415001995,23.566918518102774,-5.119727891156451,15.714285714285712,-2.6680272108843646,5.285714285714288,11.510959906650541,33.316950847774606,-1.5142857142856863,-6.857142857142862,10.309182593067074,-5.166516225795093,8.040283644607488,32.023850142264614,1,0.4
9,13.55254183423614,27.383152209699713,21.341951215660625,15.557458610985583,20.810158431580554,-6.249320724247031,6.833174256671069,31.563960463095967,6.837993254442356,23.650753415082782,-5.119727891156451,15.71428571428572,-2.6680272108843575,5.285714285714288,11.495642142805304,33.3110645818555,-1.5142857142856863,-6.8571428571428426,10.313643187040142,-5.158424284508268,8.06423784480581,31.942980031077617,1,0.45
10,13.484977381099633,27.489537298608596,21.30389115666167,15.60260033836358,20.84053616896707,-6.2347519358641,6.940182354466214,31.538335173049205,6.843425544429011,23.736403056076686,-5.119727891156465,15.714285714285712,-2.6680272108843646,5.285714285714288,11.47862594752959,33.30619203485564,-1.514285714285709,-6.857142857142862,10.321001815461972,-5.144183823801385,8.079869991250233,31.857678329821276,1,0.5
11,13.417910777703156,27.594549177764392,21.259948451809805,15.643263740204867,20.868473180551785,-6.221105045212751,7.0378931777588365,31.510344434169895,6.847825191981759,23.823547192140907,-5.119727891156465,15.714285714285712,-2.6680272108843646,5.285714285714288,11.460211044017058,33.30215431520109,-1.514285714285709,-6.857142857142862,10.33098469862814,-5.124250996545026,8.088133584329118,31.76838070406896,1,0.55
12,13.35184108703921,27.69802660072093,21.210739839113337,15.679770702593892,20.894091426413116,-6.208339772226581,7.126737462564467,31.480204532205164,6.851413477622149,23.91186557433177,-5.119727891156451,15.71428571428572,-2.6680272108843575,5.285714285714288,11.440697155461308,33.29877253131782,-1.514285714285709,-6.8571428571428426,10.343318056834239,-5.099081955609846,8.089982124430751,31.67552281939423,1,0.6000000000000001
13,13.287267372100388,27.799808321032085,21.156882056580635,15.712443111614995,20.91751286662941,-6.196415836839197,7.207145944898535,31.448131752902125,6.854411681871723,24.00103795370567,-5.119727891156451,15.71428571428572,-2.6680272108843575,5.285714285714288,11.420384005055947,33.29586779163187,-1.5142857142856863,-6.8571428571428426,10.357728110375822,-5.06913285386643,8.086369111943519,31.579540341370528,1,0.65
14,13.224688695879166,27.899733092251626,21.09899184221996,15.74160285335259,20.93885946127906,-6.1852929589842045,7.279549360776461,31.414342382007884,6.85704108525206,24.090744081318935,-5.119727891156495,15.714285714285712,-2.6680272108843646,5.285714285714288,11.399571315994566,33.29326120456921,-1.514285714285709,-6.8571428571428426,10.37394107954849,-5.034859844185423,8.078248047255698,31.4808689355713,1,0.7000000000000001
15,13.164604121368146,27.997639667933395,21.0376859340397,15.767571813891067,20.958253170440457,-6.174930858595172,7.344378446213741,31.379052705269565,6.859522968284689,24.180663708227982,-5.119727891156444,15.71428571428572,-2.6680272108843344,5.285714285714288,11.378558811470803,33.29077387855588,-1.5142857142856863,-6.8571428571428426,10.391683184647798,-4.996719079437397,8.06657243075567,31.379944267570025,1,0.75
16,13.107512711559846,28.093366801631188,20.973581070048137,15.790671879314813,20.975815954191933,-6.165289255605736,7.40206393722578,31.342479008434246,6.862078611491142,24.27047658548913,-5.119727891156451,15.714285714285712,-2.6680272108843575,5.285714285714288,11.357646214678208,33.2882269220179,-1.514285714285709,-6.857142857142862,10.41068064596931,-4.955166712493021,8.05229576283172,31.277202002940168,1,0.8
17,13.053913529446822,28.18675324689886,20.907293988253638,15.811224935708239,20.991669772611928,-6.156327869949458,7.453036569828039,31.304837577249078,6.864929295393021,24.359862464158777,-5.119727891156451,15.714285714285712,-2.6680272108843575,5.285714285714288,11.33713324881046,33.28544144338125,-1.5142857142856863,-6.8571428571428426,10.430659683808639,-4.910658896222871,8.706943973945641,30.967501616631544,1,0.8500000000000001
18,13.004305638021602,28.27763775729021,20.83944142666449,15.829552869155712,21.005936585778784,-6.148006421559946,7.497727080035993,31.26634469746116,6.868296300511862,24.448501095293285,-5.119727891156451,15.71428571428572,-2.6680272108843575,5.285714285714288,11.317319637061068,33.282238551071956,-1.514285714285709,-6.8571428571428426,10.451346518461332,-4.8636517834975885,9.315068961934672,30.67981039483219,1,0.9
19,12.95918810027674,28.36585908635904,20.77064012328907,15.845977565741627,21.0187383537709,-6.140284630370797,7.536566203865036,31.227216654817592,6.872400907369212,24.536072229948996,-5.119727891156451,15.71428571428572,-2.6680272108843575,5.285714285714288,11.298505102623757,33.27843935351606,-1.5142857142856863,-6.8571428571428426,10.472467370222962,-4.814601527187796,9.876670726798888,30.414128337542067,1,0.9500000000000001
20,12.919059979204775,28.451255987659238,20.701506816135634,15.8608209115504,21.030197036666642,-6.133122216315626,7.569984677330658,31.187669735065487,6.877464396486631,24.62225561918232,-5.119727891156451,15.714285714285712,-2.6680272108843575,5.285714285714288,11.280989368692044,33.273864959139544,-1.5142857142856863,-6.857142857142862,10.4937484593891,-4.763964280164088,10.391749268538275,30.170455444761174,1,1.0
21,12.884420337798254,28.533667214744554,20.632658243212582,15.874404792666372,21.0404345945444,-6.1264788993280215,7.598413236448274,31.147920223951992,6.883708048385636,24.70673101404958,-5.119727891156451,15.714285714285712,-2.6680272108843646,5.285714285714288,11.265072158459567,33.26833647636842,-1.514285714285709,-6.857142857142862,10.51491600625534,-4.7121961952971105,10.860304587152786,29.948791716489524,1,1.05
22,12.855768239049723,28.61293152116884,20.564711142528186,15.887051095173998,21.049572987482556,-6.120314399341557,7.6222826172334015,31.108184407224172,6.891353143587853,24.789178165607172,-5.119727891156451,15.714285714285712,-2.6680272108843575,5.285714285714288,11.251053195119914,33.261675013628704,-1.514285714285709,-6.8571428571428426,10.535696231117257,-4.659753425457439,11.28233668264247,29.749137152727116,1,1.1
23,12.833602745951737,28.68888766048594,20.498282252090803,15.899081705157622,21.057734175559506,-6.114588436289856,7.642023555701406,31.068678570629174,6.900620962614785,24.869276824911463,-5.119727891156451,15.71428571428572,-2.6680272108843575,5.285714285714288,11.239232201866727,33.253701679346385,-1.5142857142856863,-6.8571428571428426,10.555815354270432,-4.607092123515685,11.657845555007292,29.571491753473968,1,1.1500000000000001
24,12.818422921496808,28.761374386249592,20.433988309908756,15.910818508701654,21.06504011885358,-6.109260730106498,7.658066787867779,31.02961899991405,6.911732785988014,24.946706743018783,-5.119727891156451,15.714285714285712,-2.6680272108843575,5.285714285714288,11.229908901893559,33.24423758194753,-1.514285714285709,-6.8571428571428426,10.574999596010407,-4.554668442342521,11.986831204247284,29.415855518730023,1,1.2000000000000002
25,12.810727828677521,28.830230452013698,20.372446053990345,15.922583391890491,21.07161277744322,-6.104291000725119,7.670843049747969,30.99122198082598,6.924909894229071,25.021147670985542,-5.119727891156451,15.714285714285712,-2.6680272108843575,5.285714285714288,11.223383018394077,33.23310382985812,-1.5142857142856863,-6.8571428571428426,10.592975176632786,-4.502938534808542,12.269293630362418,29.28222844849536,1,1.25
26,12.81101653048638,28.895294611332062,20.31427222234398,15.934698240808501,21.07757411140679,-6.099638968079257,7.68078307735744,30.95370379911207,6.940373567859538,25.092279359868076,-5.119727891156444,15.71428571428572,-2.6680272108843575,5.285714285714288,11.219954274561829,33.22012153150417,-1.5142857142856863,-6.8571428571428426,10.609468316433126,-4.452358553784329,12.505232833352729,29.170610542769918,1,1.3
27,12.819788089915955,28.95640561775847,20.260083552977875,15.947484941540107,21.083046080822626,-6.095264352102557,7.688317606711589,30.917280740519374,6.958345087400925,25.15978156072277,-5.119727891156451,15.71428571428572,-2.6680272108843344,5.285714285714288,11.219922393590466,33.20511179531168,-1.5142857142856863,-6.8571428571428426,10.62420523570702,-4.403384652140564,12.694648813218166,29.081001801553736,1,1.35
28,12.837541569958763,29.013402224846768,20.21049678390041,15.961265380169671,21.088150645769154,-6.091126872728612,7.693877373825875,30.882169090795074,6.9790457333748135,25.223334024605986,-5.119727891156451,15.714285714285712,-2.6680272108843575,5.285714285714288,11.223587098673566,33.187895729706675,-1.514285714285709,-6.857142857142862,10.636912154750021,-4.356472982747807,12.837541569958763,29.013402224846768,1,1.4000000000000001
29,12.864662061876167,29.066164385782017,20.16604345483324,15.976323505528502,21.093009766324755,-6.08718624989098,7.697831857598803,30.848538667245123,7.002652754128397,25.282679249492418,-5.119727891156451,15.714285714285712,-2.6680272108843575,5.285714285714288,11.231188552626538,33.168329992081794,-1.514285714285709,-6.857142857142862,10.647394662543267,-4.311978128203737,12.864662061876167,29.066164385782017,1,1.4500000000000002
30,12.901078770004581,29.114736852274174,20.126914312351282,15.992791517435503,21.097745402567746,-6.083402203523291,7.700305508460734,30.816373413411046,7.029167269311432,25.337810721030184,-5.119727891156451,15.714285714285712,-2.6680272108843575,5.285714285714288,11.242728676751861,33.146413435696154,-1.514285714285709,-6.8571428571428426,10.655775822810028,-4.269848390014208,12.901078770004581,29.114736852274174,1,1.5
31,12.946606926949212,29.15920557566443,20.093214904742695,16.010763678456446,21.102479514576622,-6.079734453559141,7.701361519725129,30.785610804393258,7.058546366399344,25.388784671785686,-5.119727891156451,15.714285714285712,-2.6680272108843575,5.285714285714288,11.258149831973908,33.12218046277557,-1.514285714285709,-6.8571428571428426,10.662258067959119,-4.2299304994121485,12.946606926949212,29.15920557566443,1,1.55
32,13.001061765315288,29.199656507293998,20.065050780295735,16.030334251157157,21.107334062429672,-6.076142719932121,7.7010630847054244,30.756188315292118,7.090747132867551,25.43565733432534,-5.119727891156465,15.714285714285712,-2.6680272108843575,5.285714285714288,11.277394379216958,33.09566547554575,-1.514285714285709,-6.857142857142862,10.667043830399354,-4.192071187630425,13.001061765315288,29.199656507293998,1,1.6
33,13.064258517708009,29.23617559850404,20.042527487298614,16.051597498103384,21.112431006205313,-6.072586722575831,7.699473396715002,30.7280434212081,7.125726656191438,25.47848494121559,-5.119727891156451,15.714285714285712,-2.6680272108843575,5.285714285714288,11.300404679405268,33.06690287623252,-1.514285714285709,-6.857142857142862,10.670335542539565,-4.156117185901948,13.064258517708009,29.23617559850404,1,1.6500000000000001
34,13.136012416732624,29.268848800635833,20.02575057403955,16.074647681860963,21.117892305981893,-6.06902618142385,7.696655649067317,30.70111359724156,7.163442023846432,25.517323725022848,-5.119727891156451,15.714285714285712,-2.6680272108843575,5.285714285714288,11.327123093463232,33.03592706706161,-1.514285714285709,-6.8571428571428426,10.672335636788546,-4.12191522545964,13.136012416732624,29.268848800635833,1,1.7000000000000002
35,13.216138694994305,29.297762065030483,20.014825588806815,16.099579064995673,21.123839921837856,-6.065420816409802,7.692673035075834,30.67533631849291,7.203850323307911,25.552229918313557,-5.119727891156451,15.714285714285712,-2.6680272108843575,5.285714285714288,11.35749198231509,33.00277245025879,-1.514285714285709,-6.8571428571428426,10.673246545555163,-4.089312037536412,13.216138694994305,29.297762065030483,1,1.75
36,13.304452585098302,29.323001343029258,20.00985807988853,16.126485910073313,21.130395813851507,-6.061730347467289,7.687588748053922,30.650649060062538,7.2469086420513,25.58325975365412,-5.119727891156451,15.714285714285712,-2.6680272108843575,5.285714285714288,11.39145370688518,32.967473428049836,-1.514285714285709,-6.857142857142862,10.673270701248207,-4.0581543533651345,13.304452585098302,29.323001343029258,1,1.8
37,13.40076931964981,29.344652585973304,20.010953595572975,16.155462479659683,21.13768194210128,-6.057914494529886,7.68146598131501,30.62698929705088,7.292574067552032,25.61046946361097,-5.119727891156451,15.714285714285712,-2.6680272108843575,5.285714285714288,11.428950628097802,32.93006440266049,-1.5142857142857165,-6.857142857142862,10.672610536276494,-4.028288904178698,13.40076931964981,29.344652585973304,1,1.85
38,13.504904131254058,29.36280174520388,20.01821768414839,16.18660303632056,21.145820266665538,-6.053932977531195,7.674367928172572,30.60429450455832,7.3408036872854865,25.63391528075053,-5.119727891156451,15.714285714285712,-2.6680272108843575,5.285714285714288,11.469925106877252,32.89057977631656,-1.514285714285709,-6.857142857142862,10.671468483048834,-3.9995624212100616,13.504904131254058,29.36280174520388,1,1.9000000000000001
39,13.61667225251625,29.377534772062123,20.03175589390294,16.220001842621777,21.15493274762266,-6.049745516404808,7.666357781939969,30.582502157685266,7.391554588727089,25.653653437639246,-5.119727891156451,15.714285714285712,-2.6680272108843575,5.285714285714288,11.514319504147851,32.849053951243796,-1.514285714285709,-6.8571428571428426,10.670046973974056,-3.9718216356920757,13.61667225251625,29.377534772062123,1,1.9500000000000002
40,13.735888916041601,29.388937617889273,20.051673773124882,16.255753161129086,21.165141345051033,-6.045311831084316,7.657498735930678,30.561549731532093,7.444783859352262,25.669740166843525,-5.119727891156451,15.714285714285712,-2.6680272108843575,5.285714285714288,11.562076180833916,32.805521329667975,-1.514285714285709,-6.8571428571428426,10.668548441460956,-3.944913278857671,13.735888916041601,29.388937617889273,1,2.0
41,13.86236935443532,29.397096234026513,20.078076870102404,16.29395125440829,21.176568019029013,-6.040591641503357,7.647853983458126,30.541374701199242,7.500448586636342,25.682231700929773,-5.119727891156451,15.714285714285712,-2.6680272108843575,5.285714285714288,11.613137497859697,32.76001631381483,-1.5142857142857165,-6.857142857142862,10.667175317918403,-3.9186840819397597,13.86236935443532,29.397096234026513,1,2.0500000000000003
42,13.99592880030264,29.402096571815054,20.111070733123732,16.334690385025198,21.189334729635014,-6.035544667595506,7.637486717835704,30.521914541787098,7.558505858054851,25.691184272464454,-5.119727891156451,15.714285714285712,-2.6680272108843575,5.285714285714288,11.667445816149566,32.71257330591016,-1.5142857142857165,-6.857142857142862,10.666130035755186,-3.8929807761712096,13.99592880030264,29.402096571815054,1,2.1
43,14.136382486248795,29.404024582596062,20.15076091047712,16.37806481554561,21.203563436947423,-6.030130629294332,7.626460132376856,30.503106728396077,7.618912761083101,25.696654114013974,-5.119727891156451,15.714285714285712,-2.6680272108843575,5.285714285714288,11.724943496627821,32.6632267081797,-1.5142857142857165,-6.8571428571428426,10.665615027380134,-3.8676500927849307,14.136382486248795,29.404024582596062,1,2.15
44,14.283545644878918,29.402966217710777,20.197252950450764,16.424168808535303,21.21937610104459,-6.024309246533482,7.614837420395044,30.484888736126553,7.681626383196548,25.69869745814477,-5.119727891156451,15.714285714285712,-2.6680272108843575,5.285714285714288,11.78557290021873,32.61201092284926,-1.514285714285709,-6.8571428571428426,10.66583272520204,-3.8425387630138563,14.283545644878918,29.402966217710777,1,2.2
45,14.437233508798322,29.399007428500365,20.25065240133284,16.47309662656009,21.236894682004888,-6.018040239246502,7.6026817752036395,30.467198040078962,7.746603811870614,25.697370537423236,-5.119727891156451,15.714285714285712,-2.6680272108843344,5.285714285714288,11.8492763878466,32.55896035214457,-1.514285714285709,-6.8571428571428426,10.666985561629748,-3.8174935180908576,14.437233508798322,29.399007428500365,1,2.25
46,14.597261310612186,29.392234166306014,20.311064811411647,16.524942532185744,21.256241139906727,-6.011283327367034,7.590056390116092,30.449972115353695,7.813802134580658,25.69272958441583,-5.119727891156451,15.714285714285712,-2.6680272108843575,5.285714285714288,11.915996320435793,32.50410939829139,-1.514285714285709,-6.857142857142862,10.669275969072071,-3.7923610892488537,14.597261310612186,29.392234166306014,1,2.3000000000000003
47,14.763444282925684,29.382732382468987,20.378595728975366,16.5798007879781,21.27753743482847,-6.003998230828642,7.577024458445827,30.43314843705115,7.883178438802141,25.684830831688963,-5.119727891156451,15.714285714285712,-2.6680272108843344,5.285714285714288,11.98567505891057,32.44749246351556,-1.514285714285709,-6.8571428571428426,10.672906379937832,-3.76698820772075,14.763444282925684,29.382732382468987,1,2.35
48,14.935597658344088,29.370588028330438,20.453350702312207,16.63776565650291,21.300905526848524,-5.996144669564953,7.563649173506303,30.416664480271734,7.954689812010446,25.67373051180906,-5.119727891156451,15.714285714285712,-2.6680272108843344,5.285714285714288,12.058254964195257,32.38914395004277,-1.514285714285709,-6.857142857142862,10.678079226635823,-3.741221604739442,14.935597658344088,29.370588028330438,1,2.4000000000000004
49,15.113536669472603,29.355887055231577,20.535435279710402,16.69893140032597,21.32646737604523,-5.987682363509534,7.549993728610886,30.40045772011582,8.028293341680971,25.659484857342555,-5.119727891156444,15.714285714285712,-2.6680272108843344,5.285714285714288,12.13367839721414,32.32909826009882,-1.514285714285709,-6.8571428571428426,10.684996941574898,-3.714908011537805,15.113536669472603,29.355887055231577,1,2.45
50,15.297076548916408,29.33871541451357,20.62495500945817,16.76339228201311,21.354344942497004,-5.978571032596016,7.5361213170730466,30.38446563168388,8.103946115289144,25.642150100855865,-5.119727891156451,15.714285714285712,-2.6680272108843344,5.285714285714288,12.211887718891568,32.267389795909466,-1.514285714285709,-6.8571428571428426,10.693861957163858,-3.6878941593488017,15.297076548916408,29.33871541451357,1,2.5
51,15.486032529280747,29.31915905751766,20.722015439843723,16.8312425641301,21.384660186282204,-5.968770396757969,7.522095132206175,30.368625690076254,8.181605220310349,25.621782474915406,-5.119727891156465,15.714285714285712,-2.6680272108843575,5.285714285714288,12.292825290151768,32.204052959700455,-1.5142857142857165,-6.857142857142862,10.704876705811518,-3.6600267794053085,15.486032529280747,29.31915905751766,1,2.5500000000000003
52,15.680219843170823,29.297303935585006,20.826722119155264,16.902576509242746,21.417535067479204,-5.9582401759289905,7.507978367323734,30.352875370393345,8.26122774422003,25.598438212087625,-5.119727891156451,15.714285714285712,-2.6680272108843575,5.285714285714288,12.376433471919125,32.139122153697606,-1.5142857142857165,-6.857142857142862,10.718243619926714,-3.6311526029402166,15.680219843170823,29.297303935585006,1,2.6
53,15.879453723191881,29.273236000056855,20.939180595681044,16.977488379916835,21.453091546166412,-5.94694009004269,7.4938342157391515,30.337152147735598,8.342770774493587,25.57217354493893,-5.119727891156451,15.714285714285712,-2.6680272108843575,5.285714285714288,12.462654625117935,32.072631780126635,-1.5142857142857165,-6.857142857142862,10.734165131918253,-3.6011183611864195,15.879453723191881,29.273236000056855,1,2.6500000000000004
54,16.0835494019491,29.24704120227436,21.05949641770929,17.056072438718143,21.491451582422194,-5.934829859032662,7.479725870765816,30.32139349720339,8.426191398606413,25.543044706035765,-5.119727891156451,15.714285714285712,-2.6680272108843575,5.285714285714288,12.551431110672478,32.004616241213334,-1.5142857142857165,-6.857142857142862,10.752843674194931,-3.5697707853768477,16.0835494019491,29.24704120227436,1,2.7
55,16.292322112047735,29.21880549357872,21.187775133528177,17.138422948212526,21.53273713632494,-5.921869202832502,7.465716525717184,30.305536893897138,8.511446704033943,25.51110792794455,-5.119727891156451,15.714285714285712,-2.6680272108843344,5.285714285714288,12.64270528950707,31.935109939183473,-1.514285714285709,-6.857142857142862,10.774481679165635,-3.536956606744376,16.292322112047735,29.21880549357872,1,2.75
56,16.505587086092937,29.188614825311205,21.324122291425958,17.224634170965718,21.577070167953014,-5.908017841375792,7.451869373906711,30.2895198129172,8.598493778251548,25.47641944323167,-5.119727891156451,15.714285714285712,-2.6680272108843344,5.285714285714288,12.73641952254599,31.86414727626282,-1.5142857142857165,-6.857142857142862,10.799281579239103,-3.50252255652193,16.505587086092937,29.188614825311205,1,2.8000000000000003
57,16.72315955668998,29.156555148812924,21.46864343969083,17.31480036954354,21.6245726373848,-5.893235494596141,7.438247608647746,30.273279729364035,8.687289708734681,25.439035484463602,-5.119727891156451,15.714285714285712,-2.6680272108843575,5.285714285714288,12.832516170713593,31.79176265467714,-1.5142857142857165,-6.857142857142862,10.827445806824201,-3.4663153659423944,16.72315955668998,29.156555148812924,1,2.85
58,16.94485475644405,29.1227124154251,21.621444126611046,17.409015806511785,21.675366504698687,-5.877481882427183,7.424914423253767,30.256754118338037,8.777791582958741,25.399012284206762,-5.119727891156451,15.714285714285712,-2.6680272108843344,5.285714285714288,12.930937594934164,31.717990476652155,-1.514285714285709,-6.8571428571428426,10.859176794329745,-3.428181766238693,16.94485475644405,29.1227124154251,1,2.9000000000000004
59,17.170487691798918,29.087120320627914,21.782593703082632,17.507296458963534,21.729582816374116,-5.860694490663455,7.411922446043593,30.239890908185206,8.869956488399088,25.35640607502755,-5.119727891156451,15.714285714285712,-2.6680272108843575,5.285714285714288,13.031626156132003,31.642865144413694,-1.514285714285709,-6.8571428571428426,10.894692370995674,-3.388033841094845,17.170487691798918,29.087120320627914,1,2.95
60,17.39987246455246,29.04960353645742,21.952016730432824,17.60934516210096,21.78738896449483,-5.842721868543552,7.399282045357629,30.22267984023405,8.963741512531179,25.31127308949243,-5.119727891156451,15.714285714285712,-2.6680272108843575,5.285714285714288,13.134524215231426,31.566421060187494,-1.5142857142857165,-6.857142857142862,10.934271953386478,-3.34604508399931,17.39987246455246,29.04960353645742,1,3.0
61,17.632822950341108,29.009934479088628,22.129601572596826,17.714786465653614,21.848961427545703,-5.823390331166994,7.3869930245416775,30.205121109058723,9.059103742830413,25.26366956016779,-5.119727891156451,15.714285714285712,-2.6680272108843344,5.285714285714288,13.239574133156744,31.488692626199363,-1.514285714285709,-6.8571428571428426,10.978210354897747,-3.302454340891696,17.632822950341108,29.009934479088628,1,3.0500000000000003
62,17.869153024801278,28.967885564696477,22.315236593509674,17.8232449193509,21.91447668401154,-5.802526193633369,7.375055186941547,30.18721490923333,9.156000266772214,25.21365171962006,-5.119727891156451,15.714285714285712,-2.6680272108843344,5.285714285714288,13.346718270832246,31.409714244675,-1.5142857142857165,-6.857142857142862,11.026802388925137,-3.257500457711611,17.869153024801278,28.967885564696477,1,3.1
63,18.108676563569418,28.923229209456082,22.50881015710654,17.934345072922383,21.984111212377073,-5.7799557710422,7.363468335903015,30.16896143533202,9.254388171831987,25.161275800415698,-5.119727891156451,15.714285714285712,-2.6680272108843575,5.285714285714288,13.45589898918225,31.32952031784024,-1.514285714285709,-6.8571428571428426,11.080342868864237,-3.211422280398643,18.108676563569418,28.923229209456082,1,3.1500000000000004
64,18.35120744228196,28.87573782954243,22.71021062732251,18.047711476097476,22.058041491127234,-5.755505378493066,7.352232274771907,30.15036088192889,9.354224545485096,25.106598035121074,-5.119727891156451,15.714285714285712,-2.6680272108843344,5.285714285714288,13.567058649131077,31.248145247920775,-1.5142857142857165,-6.8571428571428426,11.139126608110672,-3.1644586548923703,18.35120744228196,28.87573782954243,1,3.2
65,18.596559536575306,28.82518384113049,22.91932636809267,18.162968678605704,22.136443998746778,-5.7290013310855015,7.341346806894008,30.131413443598113,9.455466475206986,25.04967465630267,-5.119727891156465,15.714285714285712,-2.6680272108843575,5.285714285714288,13.680139611603009,31.16562343714243,-1.5142857142857165,-6.857142857142872,11.20344842006004,-3.116848427132449,18.596559536575306,28.82518384113049,1,3.25
66,18.844546722085898,28.771339660395313,23.136045743352177,18.279741230176544,22.219495213720556,-5.70026994391908,7.33081173561515,30.112119314913773,9.558071048473085,24.990561896526895,-5.119727891156451,15.714285714285712,-2.6680272108843575,5.285714285714288,13.795084237522376,31.08198928773095,-1.514285714285709,-6.8571428571428426,11.273603118107985,-3.068830443058424,18.844546722085898,28.771339660395313,1,3.3000000000000003
67,19.09498287445016,28.713977703511873,23.360257117036124,18.3976536805395,22.307371614533388,-5.66913753209334,7.3206268642811265,30.092478690450037,9.661995352758762,24.929315988360155,-5.119727891156444,15.71428571428572,-2.6680272108843344,5.285714285714288,13.911834887813452,30.997277201912137,-1.514285714285709,-6.857142857142862,11.34988551565009,-3.0206435486098977,19.09498287445016,28.713977703511873,1,3.35
68,19.347681869304502,28.65287038665521,23.591848853079654,18.516330579424018,22.400249679670093,-5.635430410707834,7.310791996237746,30.072491764781013,9.767196475539436,24.865993164368867,-5.119727891156451,15.714285714285712,-2.6680272108843344,5.285714285714288,14.030333923400542,30.91152158191167,-1.514285714285709,-6.857142857142862,11.432590426081976,-2.9725265897265167,19.347681869304502,28.65287038665521,1,3.4000000000000004
69,19.60245758228539,28.587790126000314,23.830709315417835,18.63539647655961,22.49830588761548,-5.598974894862123,7.301306934830748,30.052158732480844,9.873631504290557,24.8006496571195,-5.119727891156451,15.714285714285712,-2.6680272108843344,5.285714285714288,14.150523705208,30.82475682995542,-1.514285714285709,-6.857142857142862,11.522012662799277,-2.924718412347816,19.60245758228539,28.587790126000314,1,3.45
70,19.859123889029227,28.518509337722204,24.07672686798579,18.754475921675766,22.60171671685437,-5.559597299655771,7.292171483406033,30.031479788123647,9.981257526487468,24.733341699178446,-5.119727891156465,15.714285714285712,-2.6680272108843575,5.285714285714288,14.272346594160107,30.737017348269088,-1.5142857142857165,-6.857142857142862,11.618447039197608,-2.877457862413437,19.859123889029227,28.518509337722204,1,3.5
71,20.117494665172472,28.444800437995923,24.329789874718642,18.873193464501956,22.71065864587159,-5.517123940188299,7.283385445309357,30.010455126283567,10.090031629605665,24.664125523112148,-5.119727891156451,15.714285714285712,-2.6680272108843344,5.285714285714288,14.395744951181149,30.648337539078483,-1.5142857142856863,-6.8571428571428426,11.722188368672558,-2.8309837858629483,20.117494665172472,28.444800437995923,1,3.5500000000000003
72,20.37738378635148,28.366435842996424,24.589786699551503,18.991173654767653,22.825308153152,-5.471381131559293,7.274948623886499,29.9890849415347,10.199910901120457,24.593057361487013,-5.119727891156451,15.714285714285712,-2.6680272108843575,5.285714285714288,14.520661137195457,30.558751804609322,-1.514285714285709,-6.857142857142862,11.83353146461975,-2.7855350286359575,20.37738378635148,28.366435842996424,1,3.6
73,20.638605128202748,28.283187968898783,24.856605706419494,19.108041042202366,22.94584171718035,-5.422195188868286,7.266860822483282,29.967369428451214,10.310852428507307,24.52019344686947,-5.119727891156465,15.714285714285712,-2.6680272108843575,5.285714285714288,14.64703751312733,30.468294547087392,-1.5142857142857165,-6.857142857142872,11.95277114043482,-2.741350436672083,20.638605128202748,28.283187968898783,1,3.6500000000000004
74,20.900972566362675,28.194829231877957,25.130135259257706,19.22342017653559,23.072435816441526,-5.369392427214843,7.259121844445559,29.945308781607206,10.422813299241627,24.445590011825956,-5.119727891156451,15.714285714285712,-2.6680272108843344,5.285714285714288,14.774816439901096,30.377000168738483,-1.514285714285709,-6.857142857142862,12.080202209513374,-2.698668855910902,20.900972566362675,28.194829231877957,1,3.7
75,21.164299976467696,28.10113204810897,25.41026372200126,19.336935607496788,23.205266929420297,-5.31279916169852,7.251731493119052,29.922903195576833,10.535750600798822,24.36930328892289,-5.119727891156451,15.714285714285712,-2.6680272108843575,5.285714285714288,14.903940278441032,30.28490307178836,-1.514285714285709,-6.857142857142862,12.21611948525101,-2.6577291322920082,21.164299976467696,28.10113204810897,1,3.75
76,21.428401234154236,28.00186883376686,25.696879458585283,19.448211884815432,23.344511534601523,-5.252241707418867,7.244689571849617,29.900152864934185,10.649621420654288,24.291389510726688,-5.119727891156451,15.714285714285712,-2.6680272108843575,5.285714285714288,15.034351389671455,30.192037658462763,-1.514285714285709,-6.857142857142862,12.360817781043355,-2.6187701117550284,21.428401234154236,28.00186883376686,1,3.8000000000000003
77,21.69309021505873,27.896812005026597,25.98987083294484,19.556873558221056,23.49034611047002,-5.187546379475429,7.237995883983022,29.877057984253447,10.764382846283432,24.211904909803792,-5.119727891156465,15.714285714285712,-2.6680272108843575,5.285714285714288,15.165992134516662,30.098438330987467,-1.5142857142857165,-6.857142857142862,12.514591910286015,-2.582030640239551,21.69309021505873,27.896812005026597,1,3.85
78,21.958180794817565,27.785733978063227,26.289126209015123,19.662545177443103,23.642947135510575,-5.1185394929677415,7.2316502328651096,29.853618748108712,10.879991965161697,24.130905718720616,-5.119727891156451,15.714285714285712,-2.6680272108843575,5.285714285714288,15.298804873900975,30.004139491588248,-1.514285714285709,-6.857142857142862,12.677736686374613,-2.5477495636851257,21.958180794817565,27.785733978063227,1,3.9000000000000004
79,22.22348684906722,27.668407169051747,26.594533950731165,19.76485129221106,23.802491088208026,-5.0450473629954224,7.225652421841647,29.82983535107411,10.99640586476443,24.048448170043592,-5.119727891156495,15.714285714285712,-2.6680272108843726,5.285714285714288,15.432731968748685,29.909175542490875,-1.5142857142857165,-6.857142857142872,12.850546922704758,-2.5161657280314325,22.22348684906722,27.668407169051747,1,3.95
80,22.48882225344414,27.544603994167165,26.90598242202814,19.863416452254437,23.969154447047238,-4.966896304657954,7.220002254258439,29.80570798772378,11.113581632567124,23.96458849633914,-5.119727891156451,15.714285714285712,-2.6680272108843575,5.285714285714288,15.567715779984134,29.81358088592111,-1.514285714285709,-6.857142857142862,13.033317432672105,-2.4875179792179867,22.48882225344414,27.544603994167165,1,4.0
81,22.754000883584695,27.41409686958451,27.22335998684112,19.9578652073027,24.14311369051299,-4.88391263305493,7.214699533461343,29.781236852631814,11.231476356045121,23.87938293017368,-5.119727891156451,15.714285714285712,-2.6680272108843575,5.285714285714288,15.703698668531565,29.717389924104694,-1.514285714285709,-6.857142857142862,13.226343029672183,-2.4620451631844444,22.754000883584695,27.41409686958451,1,4.05
82,23.018836615125288,27.27665821147876,27.546555009105244,20.047822107085327,24.32454529709009,-4.795922663285901,7.209744062796092,29.756422140372415,11.350047122673832,23.79288770411366,-5.119727891156451,15.714285714285712,-2.6680272108843575,5.285714285714288,15.840622995315345,29.620637059267434,-1.514285714285709,-6.857142857142862,13.429918527100675,-2.4399861258703894,23.018836615125288,27.27665821147876,1,4.1000000000000005
83,23.28316845979625,27.13213019394122,27.875442369412244,20.13296357331485,24.513536503257974,-4.702918777365837,7.2051320209108844,29.73126763187779,11.46925101992871,23.705159050725474,-5.119727891156465,15.714285714285712,-2.6680272108843726,5.285714285714274,15.978431121259723,29.523356693635094,-1.5142857142857165,-6.857142857142872,13.644130527285288,-2.421525880808515,23.775635526151326,27.049738083341637,1,4.15
84,23.546935973703174,26.98063402272805,28.209843014980418,20.213173515635876,24.709817577474432,-4.605557624971548,7.200845087663354,29.70579145351296,11.589045135285122,23.616253202575592,-5.119727891156495,15.714285714285712,-2.6680272108843646,5.285714285714288,16.11706540728909,29.42558322943341,-1.5142857142857165,-6.857142857142872,13.868232788282228,-2.406634111903854,24.521975222217478,26.82595406753809,1,4.2
85,23.81010384904541,26.82236066151172,28.549564409684706,20.288387715676038,24.913029546191837,-4.504661922695228,7.19686131821357,29.680015318000983,11.709386556218536,23.526226392230384,-5.119727891156465,15.714285714285712,-2.6680272108843646,5.285714285714288,16.25646821432769,29.327351068888163,-1.5142857142857165,-6.857142857142862,14.10127085707978,-2.395226670654569,25.257855703323713,26.605306164068125,1,4.25
86,24.0726367780224,26.657501073964706,28.89441401740008,20.358541955062993,25.12281343586256,-4.401054387129097,7.193158767721525,29.65396093806496,11.830232370204271,23.435134852256308,-5.119727891156495,15.714285714285712,-2.6680272108843726,5.285714285714274,16.396581903299815,29.22869461422515,-1.5142857142857165,-6.857142857142872,14.34229028066623,-2.3872194085588307,25.983276969470083,26.387794372931722,1,4.3
87,24.334499452833562,26.486246223759434,29.24419930200143,20.423572015424355,25.33881027293897,-4.295557734865333,7.18971549134723,29.62765002642801,11.951539664717806,23.34303481521977,-5.119727891156495,15.714285714285712,-2.6680272108843726,5.285714285714274,16.53734883512984,29.12964826767008,-1.5142857142857165,-6.857142857142872,14.590336606029892,-2.3825281771147298,26.69823902065656,26.173418694128923,1,4.3500000000000005
88,24.59565656567832,26.30878707456837,29.598727727363745,20.483413678387787,25.560661083873498,-4.188994682496211,7.186509544250717,29.60110429581321,12.07326552723452,23.249982513687215,-5.119727891156495,15.714285714285712,-2.6680272108843726,5.285714285714274,16.678711370742,29.03024643144877,-1.514285714285709,-6.857142857142872,14.844455380159111,-2.3810688278204517,27.40274185688316,25.962179127659702,1,4.4
89,24.85607280875606,26.12531459006398,29.95780675736188,20.538002725580913,25.788006895118464,-4.082187946613893,7.183518981591985,29.57434545894372,12.19536704522983,23.15603418022507,-5.119727891156495,15.714285714285712,-2.6680272108843726,5.285714285714274,16.820611871060642,28.93052350778697,-1.5142857142857165,-6.857142857142872,15.103692150042114,-2.382757212174126,28.096785478149865,25.754075673524074,1,4.45
90,25.115712874266226,25.936019733918688,30.321243855870858,20.587274938631378,26.020488733126243,-3.975960243810626,7.180721858531076,29.547395228542577,12.317801306179163,23.06124604739974,-5.119727891156495,15.714285714285712,-2.6680272108843726,5.285714285714274,16.962992697010073,28.83051389891044,-1.5142857142857165,-6.857142857142862,15.367092462667236,-2.3875091816739187,28.78036988445669,25.549108331721996,1,4.5
91,25.37454145440826,25.741093469804984,30.688846486765577,20.63116609916682,26.257747624349243,-3.8711342906785875,7.178096230228019,29.52027531733292,12.440525397557916,22.965674347777686,-5.119727891156495,15.714285714285712,-2.6680272108843726,5.285714285714274,17.105796209514573,28.730252007044953,-1.5142857142857165,-6.857142857142872,15.633701865022788,-2.3952405878179395,29.453495075803627,25.347277102253546,1,4.55
92,25.632523241381506,25.540726761395312,31.06042211392095,20.669611988814896,26.49942459523986,-3.768532803810032,7.1756201518428036,29.49300743803784,12.563496406841452,22.869375313925275,-5.119727891156495,15.714285714285712,-2.6680272108843726,5.285714285714274,17.248964769498464,28.62977223441628,-1.5142857142857165,-6.857142857142872,15.902565904097044,-2.405867282104408,30.11616105219068,25.148581985118643,1,4.6000000000000005
93,25.889622927385417,25.33511057236214,31.435778201211967,20.702548389203223,26.745160672250396,-3.6689784997971566,7.173271678535482,29.46561330338047,12.68667142150526,22.772405178408988,-5.119727891156495,15.714285714285712,-2.6680272108843726,5.285714285714274,17.392440737886062,28.529108983250183,-1.5142857142857165,-6.857142857142872,16.172730126878356,-2.4193051160313943,30.768367813617843,24.953022980317346,1,4.65
94,26.145805204619407,25.124435866377876,31.814722212513534,20.729911081959443,26.994596881833292,-3.5732940952321495,7.171028865466056,29.438114626083888,12.810007529024698,22.67482017379521,-5.119727891156495,15.714285714285712,-2.6680272108843877,5.285714285714274,17.536166475601668,28.428296655772442,-1.5142857142857165,-6.857142857142872,16.44324008035497,-2.4354699410970615,31.41011536008513,24.76060008784963,1,4.7
95,26.401034765282873,24.908893607115004,32.1970616117006,20.7516358487112,27.24737425044094,-3.482302306707265,7.168869767794534,29.410533118871186,12.933461816875175,22.57667653265038,-5.119727891156504,15.714285714285701,-2.6680272108843877,5.285714285714274,17.68008434356956,28.32736965420879,-1.5142857142857165,-6.857142857142886,16.713141311515205,-2.4542776087995715,32.0414036915925,24.571313307715506,1,4.75
96,26.655276301575263,24.688674758245998,32.58260386264808,20.767658471086133,27.503133804525678,-3.3968258508146962,7.16677244068098,29.38289049446548,13.056991372532124,22.478030487540956,-5.119727891156495,15.714285714285701,-2.6680272108843877,5.285714285714274,17.824136702714107,28.22636238078503,-1.5142857142857165,-6.857142857142876,16.98147936734737,-2.4756439706370617,32.662232808140025,24.385162639914938,1,4.800000000000001
97,26.908494505696005,24.463970283443285,32.97115642923095,20.777914730711895,27.76151657053987,-3.3176874441466495,7.164714939285356,29.355208465589907,13.180553283470978,22.378938271033313,-5.119727891156495,15.714285714285701,-2.6680272108843726,5.285714285714274,17.968265913959534,28.12530923772688,-1.5142857142857165,-6.857142857142872,17.247299794839783,-2.49948487810768,33.27260270972765,24.202148084447966,1,4.8500000000000005
98,27.160654069844423,24.234971146379316,33.36252677532412,20.782340409216104,28.02216357493592,-3.245709803295351,7.162675318767708,29.327508744967503,13.304104637167063,22.279456115693918,-5.119727891156495,15.714285714285701,-2.6680272108843877,5.285714285714274,18.11241433823025,28.024244627260174,-1.5142857142857165,-6.857142857142876,17.50964814098071,-2.525716182709585,33.87251339635539,24.022269641314583,1,4.9
99,27.41171968622003,24.00186831072658,33.75652236480253,20.78087128822643,28.284715844166232,-3.1817156448530124,7.1606316342880945,29.299813045321397,13.427602521095833,22.179640254089154,-5.119727891156504,15.714285714285701,-2.66802721088441,5.285714285714274,18.25652433645047,27.923202951610637,-1.5142857142857165,-6.857142857142876,17.767569952758485,-2.554253735940917,34.461964868023244,23.845527310514782,1,4.95
100,27.66165604702219,23.76485274015749,34.15295066154111,20.77344314937048,28.54881440468311,-3.126527685411846,7.15856194100646,29.272143079374715,13.551004022732723,22.07954691878547,-5.119727891156495,15.714285714285701,-2.6680272108843877,5.285714285714274,18.40053826954454,27.822218613004033,-1.5142857142857165,-6.857142857142876,18.020110777161378,-2.5850133892997826,35.04095712473119,23.67192109204856,1,5.0
101,27.910427844450354,23.52411539834453,34.55161912941484,20.759991774275907,28.814100282939016,-3.080968641564057,7.156444294082898,29.244520559850553,13.674266229553096,21.979232342349295,-5.119727891156504,15.714285714285701,-2.66802721088441,5.28571428571427,18.544398498436728,27.72132601366616,-1.5142857142857165,-6.857142857142876,18.266316161177677,-2.617910994284396,35.60949016647929,23.50145098591592,1,5.050000000000001
102,28.1579997707039,23.279847248960134,34.952335232298594,20.740452944570343,29.08021450538628,-3.045861229901863,7.154256748677387,29.216967199471995,13.797346229032398,21.878752757347055,-5.119727891156504,15.714285714285701,-2.66802721088441,5.28571428571427,18.68804738405141,27.620559555822762,-1.5142857142857165,-6.857142857142886,18.505231651795746,-2.6528624023928664,36.16756399326749,23.33411699211687,1,5.1000000000000005
103,28.40433651798227,23.03223925567678,35.35490643406733,20.714762441881447,29.346798098477265,-3.0220281670174995,7.151977359949952,29.189504710962172,13.920201108646012,21.77816439634516,-5.119727891156504,15.714285714285701,-2.66802721088441,5.28571428571426,18.831427287312856,27.519953641699612,-1.5142857142857165,-6.857142857142876,18.735902796003852,-2.689783465123312,36.71517860509578,23.1699191106514,1,5.15
104,28.649402778484856,22.781482382166892,35.75914019859602,20.68285604783685,29.61349208866439,-3.0102921695031544,7.149584183060647,29.162154807044143,14.042787955869398,21.677523491910037,-5.119727891156495,15.714285714285701,-2.6680272108843877,5.285714285714274,18.97448056914537,27.41954267352247,-1.514285714285709,-6.857142857142872,18.957375140790283,-2.7285900339739393,37.25233400196421,23.00885734151951,1,5.2
105,28.893163244411095,22.52776759210296,36.164841509949895,20.6447847080793,29.879980184055928,-3.0110771118160224,7.147055273169419,29.134939200441064,14.165063858177882,21.57688627660815,-5.119727891156504,15.714285714285701,-2.66802721088441,5.28571428571427,19.117149590473254,27.319361053517113,-1.5142857142857165,-6.857142857142886,19.168988239641738,-2.769234715210088,37.77903018387273,22.850931684721203,1,5.25
106,29.135582607960398,22.271285849157422,36.57180543295525,20.60106002431211,30.146116819383685,-3.023211499873224,7.144368685436348,29.107879603876018,14.286985903046949,21.476308983005868,-5.119727891156495,15.714285714285701,-2.6680272108843877,5.28571428571427,19.25937671222082,27.21944318390929,-1.5142857142857165,-6.857142857142872,19.371257672038347,-2.811817134166007,38.295267150821395,22.696142140256484,1,5.300000000000001
107,29.376625561332144,22.012228117002714,36.97982455262882,20.552308762253702,30.411799111035496,-3.045124997456853,7.14150247502145,29.080997730072095,14.408511177951967,21.375847843669646,-5.119727891156504,15.714285714285701,-2.66802721088441,5.28571428571427,19.401104295312386,27.1198234669248,-1.5142857142857165,-6.857142857142876,19.564993023958642,-2.856473670943171,38.80104490281016,22.544488708125346,1,5.3500000000000005
108,29.616256796725818,21.75078535931132,37.388691453987256,20.499157687622475,30.676924175399044,-3.075247268348985,7.1384346970847306,29.054315291752417,14.529596770368338,21.27555909116589,-5.119727891156504,15.714285714285701,-2.6680272108843877,5.285714285714274,19.542274700672248,27.020536304789367,-1.5142857142857165,-6.857142857142886,19.751003881381195,-2.9033407056430747,39.296363439839034,22.39597138832779,1,5.4
109,29.854441006340767,21.48714853975567,37.79819872204727,20.442233566136846,30.941389128862145,-3.1120079763317032,7.13514340678621,29.027854001640065,14.650199767771513,21.175498958061063,-5.119727891156495,15.714285714285701,-2.6680272108843877,5.285714285714274,19.68283028922469,26.92161609972879,-1.5142857142857165,-6.857142857142872,19.93009983028449,-2.9525546183671643,39.781222761908026,22.250590180863824,1,5.45
110,30.09114288237645,21.22150862200825,38.20813894182545,20.38216316351524,31.205091087812477,-3.1538367851871363,7.13160665928589,29.001635572458135,14.770277257636828,21.075723676921545,-5.119727891156534,15.714285714285692,-2.6680272108844174,5.28571428571426,19.822713421894058,26.823097253968825,-1.5142857142857165,-6.857142857142886,20.103090456647074,-3.0042517892169767,40.255622869017124,22.108345085733447,1,5.5
111,30.326327117032267,20.954056569741475,38.6183046983385,20.319573245476064,31.4679271686379,-3.1991633586973394,7.127802509743847,28.975681716929788,14.8897863274398,20.976289480313806,-5.119727891156504,15.714285714285701,-2.66802721088441,5.28571428571426,19.961866459604668,26.725014169735257,-1.5142857142857165,-6.857142857142872,20.270785346447482,-3.0585685982939057,40.71956376116638,21.969236102936645,1,5.550000000000001
112,30.559958402507633,20.68498334662784,39.028488576603124,20.25509057773773,31.7297944877261,-3.2464173606443927,7.123709013320064,28.950014147778088,15.008684064655753,20.877252600804216,-5.119727891156504,15.714285714285701,-2.66802721088441,5.28571428571426,20.100231763280775,26.627401249253833,-1.5142857142857165,-6.857142857142876,20.433994085664242,-3.115641425699484,41.173045438355686,21.833263232473413,1,5.6000000000000005
113,30.792001431001957,20.414479916339772,39.43848316163592,20.189341926018685,31.990590161464855,-3.2940284548104235,7.119304225174556,28.92465457772614,15.126927556760151,20.77866927095926,-5.119727891156504,15.714285714285701,-2.66802721088441,5.28571428571427,20.237751693846732,26.530292894750303,-1.5142857142857165,-6.857142857142872,20.59352626027586,-3.1756066515351726,41.61606790058512,21.70042647434378,1,5.65
114,31.02242089471466,20.142737242549742,39.848081038453614,20.122954056037326,32.250211306241944,-3.3404263049775214,7.1145662004673484,28.899624719497062,15.244473891228324,20.680595723345327,-5.119727891156495,15.714285714285701,-2.6680272108843877,5.285714285714274,20.374368612226796,26.433723508450466,-1.514285714285709,-6.857142857142872,20.750191456260918,-3.2386006559024314,42.04863114785471,21.570725828547726,1,5.7
115,31.251181485845176,19.86994628893018,40.257074792072856,20.056553733512047,32.50855503844509,-3.384040574927766,7.1094729943584705,28.8749462858139,15.361280155535745,20.583088190528855,-5.119727891156504,15.714285714285701,-2.66802721088441,5.28571428571427,20.510024879345316,26.33772749258008,-1.5142857142857165,-6.857142857142872,20.904799259597894,-3.3047598189027885,42.47073518016439,21.44416129508525,1,5.75
116,31.47824789659286,19.59629801915357,40.665257007510306,19.990767724161284,32.765518474462056,-3.4233009284432225,7.104002662007937,28.850640989399807,15.4773034371578,20.48620290507625,-5.119727891156534,15.714285714285692,-2.6680272108844174,5.28571428571427,20.644662856126594,26.242339249364903,-1.5142857142857165,-6.857142857142876,21.05815925626535,-3.374220520637666,42.882379997514185,21.320732873956363,1,5.800000000000001
117,31.70358481915719,19.321983396892353,41.072420269782604,19.926222793703463,33.020998730680596,-3.456637029306009,7.098133258575771,28.826730542977902,15.592500823569926,20.389996099553972,-5.119727891156504,15.714285714285701,-2.6680272108843877,5.285714285714274,20.77822490349493,26.147593181030704,-1.5142857142857165,-6.857142857142872,21.211081032241815,-3.447119141208559,43.28356559990408,21.20044056516106,1,5.8500000000000005
118,31.92715694573758,19.047193385818986,41.47835716390649,19.863545707856986,33.27489292348853,-3.4824785412981907,7.091842839221976,28.80323665927126,15.706829402247493,20.29452400652842,-5.119727891156534,15.714285714285692,-2.66802721088441,5.28571428571426,20.91065338237459,26.05352368980328,-1.5142857142857165,-6.857142857142876,21.364374173505787,-3.523592060716961,43.67429198733412,21.083284368699342,1,5.9
119,32.14892896853338,18.7721189496059,41.88286027489854,19.80336323234029,33.527098169273536,-3.4992551282018804,7.085109459106583,28.780181051003012,15.820246260665963,20.19984285856602,-5.119727891156504,15.714285714285701,-2.6680272108843877,5.285714285714274,21.04189065368996,25.960165177908344,-1.5142857142857165,-6.857142857142872,21.51884826603582,-3.6037756592643033,44.05455915980422,20.969264284571203,1,5.95
120,32.368865579744096,18.496951051925606,42.2857221877755,19.74630213287175,33.777511584423344,-3.5053964537991784,7.077911173389652,28.75758543089621,15.932708486300692,20.106008888233216,-5.119727891156495,15.714285714285701,-2.6680272108843726,5.285714285714274,21.1718790783653,25.867552047571703,-1.514285714285709,-6.857142857142862,21.675312895810475,-3.6878063169521105,44.42436711731449,20.858380312776653,1,6.0
121,32.58693147156906,18.221880656450505,42.686735487554024,19.69298917516982,34.026030285325824,-3.499332181872158,7.0702260372311345,28.735471511673985,16.044173166627104,20.013078328096398,-5.119727891156504,15.714285714285701,-2.6680272108843877,5.285714285714274,21.300561017324917,25.77571870101913,-1.514285714285709,-6.857142857142862,21.834577648808214,-3.7758204138818368,44.78371585986486,20.750632453315674,1,6.050000000000001
122,32.80309133620774,17.94709872685306,43.08569275925071,19.644051124952927,34.272551388368626,-3.4794919762029197,7.062032105791069,28.713861006059425,16.15459738912059,19.92110741072203,-5.119727891156504,15.714285714285701,-2.6680272108843877,5.285714285714274,21.427878831493118,25.684699540476352,-1.5142857142857165,-6.857142857142862,21.997452111007618,-3.8679543301549626,45.132605387455314,20.646020706188285,1,6.1000000000000005
123,33.017309865859545,17.67279622680575,43.48238658788234,19.60011474793943,34.51697200993961,-3.444305500573522,7.053307434229517,28.692775626775695,16.263938241256618,19.830152368676508,-5.119727891156504,15.714285714285701,-2.6680272108843877,5.285714285714274,21.553774881794222,25.594528968169158,-1.514285714285709,-6.857142857142862,22.164745868387215,-3.964344445872963,45.471035700085906,20.54454507139449,1,6.15
124,33.22955175272388,17.399164119981023,43.876609558465475,19.561806809847816,34.75918926642642,-3.392202418766104,7.044030077706471,28.672237086545834,16.372152810510563,19.740269434526276,-5.119727891156504,15.714285714285701,-2.6680272108843726,5.285714285714274,21.678191529152524,25.505241386323323,-1.514285714285709,-6.857142857142862,22.33726850692549,-4.0651271411373235,45.79900679775661,20.446205548934266,1,6.2
125,33.43982901983966,17.126346783600795,44.26808572165063,19.529524846193226,34.9990507581782,-3.3220825919423898,7.034188329654657,28.652256968113402,16.479198184357813,19.65151484083776,-5.119727891156504,15.714285714285701,-2.6680272108843726,5.285714285714274,21.80107113449236,25.416871197164614,-1.514285714285709,-6.857142857142862,22.515649035988794,-4.1703740308129165,46.11651868046745,20.35100213880764,1,6.25
126,33.64834301360367,16.85430224908491,44.6562649906231,19.50274947167805,35.2362060213891,-3.234726670782995,7.023811436597675,28.63280633430371,16.58503145027381,19.56394482017736,-5.119727891156495,15.714285714285701,-2.6680272108843726,5.285714285714288,21.922356058737975,25.329452802918773,-1.5142857142856863,-6.8571428571428426,22.699794158494356,-4.27989766881841,46.42357134821841,20.258934841014582,1,6.300000000000001
127,33.855342411252316,16.582941961402657,45.04052874420209,19.48073207080144,35.47025507621474,-3.1313855033480853,7.012938883331798,28.613846117962453,16.68960969573394,19.477615605111538,-5.119727891156504,15.714285714285701,-2.6680272108843726,5.285714285714274,22.041988662813743,25.2430206058116,-1.514285714285709,-6.8571428571428426,22.889430000747296,-4.3934458438358055,46.720164801009396,20.17000365555511,1,6.3500000000000005
128,34.06107589002193,16.312177365523358,45.42025836120674,19.462724028062482,35.70079794281058,-3.013309937697912,7.001610154653367,28.595337251935383,16.792890008213625,19.392583428206695,-5.119727891156495,15.714285714285701,-2.6680272108843726,5.285714285714274,22.159911307643902,25.157609008068818,-1.514285714285709,-6.8571428571428426,23.084282689052635,-4.510766344547189,47.006299038840595,20.084208582429216,1,6.4
129,34.265792127148835,16.041919906416314,45.7948352204562,19.447976727960356,35.92743464133217,-2.881750821892728,6.989864735358659,28.577240669068274,16.894829475188267,19.308904522029263,-5.119727891156495,15.714285714285701,-2.6680272108843726,5.285714285714288,22.276066354152825,25.07325241191624,-1.514285714285709,-6.857142857142862,23.284078349715443,-4.631606959634596,47.28197406171188,20.001549621636922,1,6.45
130,34.46973979986932,15.772081029050826,46.16364070076964,19.435741554994223,36.14976519193503,-2.7379590039927297,6.977742110243978,28.559517302206764,16.995385184133294,19.226635119145648,-5.119727891156495,15.714285714285701,-2.6680272108843726,5.285714285714274,22.390396163264754,24.98998521957962,-1.5142857142856863,-6.8571428571428426,23.48854310904079,-4.755715477780064,47.54718986962324,19.92202677317819,1,6.5
131,34.67316758541976,15.502572178396212,46.52605618096617,19.42526989366318,36.367389614774666,-2.5831853320581994,6.965281764105641,28.5421280841967,17.09451422252407,19.14583145212231,-5.119727891156495,15.714285714285701,-2.6680272108843726,5.285714285714274,22.502843095904062,24.907841833284703,-1.514285714285709,-6.8571428571428426,23.69740309333369,-4.88283968766564,47.801946462574776,19.84564003705306,1,6.550000000000001
132,34.87632416103649,15.233304799421774,46.88146303986496,19.41581312846638,36.57990793000662,-2.4186806541493353,6.952523181739903,28.52503394788374,17.19217367783608,19.06654975352566,-5.119727891156465,15.714285714285712,-2.6680272108843726,5.285714285714288,22.613349512995036,24.82685665525728,-1.5142857142856863,-6.8571428571428426,23.910384428899242,-5.012727377973363,48.04624384056637,19.772389413261507,1,6.6000000000000005
133,35.079458203955824,14.964190337096817,47.229242656285116,19.406622643902992,36.78692015778642,-2.2456958183263698,6.9395058479431135,28.50819582611363,17.288320637544608,18.98884625592211,-5.119727891156495,15.714285714285701,-2.6680272108843726,5.285714285714288,22.72185777546194,24.747064087723125,-1.514285714285709,-6.8571428571428426,24.12721324204247,-5.145126337385339,48.28008200359811,19.702274901803538,1,6.65
134,35.28281839141414,14.695140236390637,47.568776409045824,19.396949824472106,36.98802631826961,-2.0654816726495397,6.926269247511535,28.491574651732112,17.382912189125197,18.91277719187812,-5.119727891156495,15.714285714285701,-2.6680272108843726,5.285714285714288,22.828310244229122,24.66849853290796,-1.514285714285709,-6.8571428571428426,24.34761565906841,-5.279784354583556,48.503460951669965,19.63529650267915,1,6.7
135,35.486653400647725,14.426065942272556,47.899445676966245,19.386046054672896,37.182826431611666,-1.8792890651790872,6.912852865241494,28.475131357584917,17.47590542005318,18.838398793960053,-5.119727891156495,15.714285714285701,-2.6680272108843646,5.285714285714288,22.932649280220872,24.591194393037597,-1.514285714285709,-6.8571428571428426,24.571317806282202,-5.41644921825006,48.716380684781896,19.57145421588835,1,6.75
136,35.691211908892946,14.156878899711867,48.22063183886548,19.373162719004505,37.370920517968166,-1.6883688439752018,6.899296185929276,28.458826876517776,17.567257417804015,18.76576729473439,-5.119727891156495,15.714285714285701,-2.6680272108843646,5.285714285714288,23.03481724436154,24.515186070337784,-1.5142857142857165,-6.857142857142862,24.798045809988817,-5.55486871706693,48.91884120293398,19.510748041431125,1,6.800000000000001
137,35.8967425933861,13.887490553677894,48.53171627356271,19.357551201966057,37.5519085974946,-1.493971857098183,6.885638694371181,28.442622141376425,17.65692526985307,18.694938926767563,-5.119727891156495,15.714285714285701,-2.6680272108843726,5.285714285714288,23.134756497575353,24.440507967034293,-1.5142857142856863,-6.857142857142862,25.02752579649338,-5.694790639716206,49.11084250612617,19.453177979307483,1,6.8500000000000005
138,36.10349413136356,13.61781234913992,48.83208035987708,19.338462888056714,37.72539069034652,-1.2973489526082294,6.871919875363521,28.426478085006593,17.744866063675737,18.62596992262594,-5.119727891156504,15.714285714285701,-2.6680272108843726,5.285714285714288,23.23240940078666,24.36719448535291,-1.514285714285709,-6.857142857142862,25.259483892100853,-5.835962774879925,49.29238459435848,19.398744029517434,1,6.9
139,36.31171520006164,13.347755731067268,49.12110547662773,19.315149161775594,37.89096681667943,-1.0997509785655544,6.858179213702584,28.410355640254025,17.83103688674749,18.55891651487598,-5.119727891156495,15.714285714285701,-2.6680272108843646,5.285714285714288,23.3277183149198,24.295280027519354,-1.514285714285709,-6.857142857142872,25.49364622311642,-5.978132911240131,49.4634674676309,19.34744619206096,1,6.95
140,36.52165447671668,13.077232144429233,49.398173002633804,19.28686140762186,38.048236996648875,-0.9024287830304432,6.844456194184677,28.394215739964437,17.91539482654369,18.493834936084127,-5.119727891156495,15.714285714285701,-2.6680272108843726,5.285714285714288,23.420625600899037,24.224798995759443,-1.514285714285709,-6.857142857142862,25.72973891584501,-6.12104883747889,49.62409112594343,19.299284466938087,1,7.0
141,36.733560638565,12.80615303419514,49.662664316714476,19.252851010094627,38.196801250410374,-0.7066332140630603,6.83079030160608,28.378019316983565,17.997896970539784,18.430781418816782,-5.119727891156495,15.714285714285701,-2.6680272108843646,5.285714285714288,23.5110736196487,24.1557857922989,-1.514285714285709,-6.857142857142862,25.967488096591772,-6.264458342278217,49.774255569296116,19.254258854148773,1,7.050000000000001
142,36.947682362842976,12.534429845334266,49.91396079768884,19.212369353693067,38.33625959811943,-0.5136151197236967,6.817221020763127,28.361727304157135,18.07850040621114,18.369812195640364,-5.119727891156495,15.714285714285701,-2.6680272108843646,5.285714285714288,23.59900473209307,24.088274819363534,-1.514285714285709,-6.857142857142872,26.20661989166175,-6.408109214320238,49.91396079768884,19.212369353693067,1,7.1000000000000005
143,37.16419034655423,12.26211010636215,50.15161113126779,19.16488131257036,38.46635386272197,-0.3244477903272798,6.803780121514954,28.345308267664947,18.15716222103316,18.31098349912131,-5.119727891156495,15.714285714285701,-2.6680272108843575,5.285714285714288,23.684361299156457,24.022300479179062,-1.514285714285709,-6.857142857142862,26.446860427359937,-6.551749242286905,49.20971118923387,18.27203011963829,1,7.15
144,37.38294336577199,11.9897856799791,50.375833230729036,19.11070571949615,38.587393078325476,-0.13949428520764004,6.790468513972115,28.32876130702295,18.233839502481317,18.254351561826063,-5.119727891156495,15.714285714285701,-2.6680272108843726,5.285714285714288,23.76708568176315,23.957897173971315,-1.514285714285709,-6.857142857142872,26.687935829991442,-6.695126214860315,48.535069672425635,17.37122466719543,1,7.2
145,37.60372221633669,11.718184512431675,50.58701231624189,19.05037489689407,38.69982808182774,0.04105989404665337,6.777279393307997,28.312093155081097,18.30848933803096,18.199972616321006,-5.119727891156495,15.714285714285701,-2.6680272108843575,5.285714285714288,23.847120240837526,23.89509930596599,-1.5142857142856863,-6.857142857142862,26.929572225861303,-6.837987920722502,47.890036247264206,16.509952996364504,1,7.25
146,37.82630769408888,11.448034549966348,50.78553360797578,18.984421167187854,38.80410971012656,0.21702924584705044,6.764205954696049,28.295310544689407,18.381068815157512,18.14790289517259,-5.119727891156495,15.714285714285701,-2.6680272108843575,5.285714285714288,23.924407337303855,23.833941277388902,-1.514285714285709,-6.857142857142862,27.17149574127461,-6.980082148555515,47.274610913749484,15.68821510714546,1,7.300000000000001
147,38.05048059486905,11.18006373882971,50.97178232610014,18.913376852801118,38.900688800119816,0.38822826860496745,6.7512413933096225,28.27842020869787,18.451535021336397,18.098198630947227,-5.119727891156495,15.714285714285701,-2.6680272108843575,5.285714285714288,23.998889332086428,23.774457490465792,-1.514285714285709,-6.857142857142862,27.413432502536374,-7.121156687041418,46.68879367188156,14.906010999538358,1,7.3500000000000005
148,38.2760217145177,10.915000025268261,51.14614369078431,18.837774276157578,38.99001618870536,0.5544714607318787,6.7383789043221265,28.261428879956473,18.519845044042995,18.05091605621139,-5.119727891156495,15.714285714285701,-2.6680272108843575,5.285714285714288,24.070508586109554,23.71668234742246,-1.514285714285709,-6.857142857142862,27.65510863595164,-7.260959324862252,46.13258452166035,14.163340673543152,1,7.4
149,38.50271184887538,10.653571355528547,51.309002922197706,18.758145759680907,39.07254271278097,0.7155733206392244,6.72561168290699,28.244343291315207,18.585955970752764,18.006111403531445,-5.119727891156495,15.714285714285701,-2.6680272108843646,5.285714285714288,24.139207460297516,23.66065025048464,-1.5142857142856863,-6.857142857142862,27.89625026782551,-7.399237850700055,45.605983463085934,13.460204129159862,1,7.45
150,38.7303317937825,10.396505675857084,51.46074524050968,18.67502362579478,39.14871920924454,0.8713483467384163,6.712932924237621,28.22717017562405,18.64982488894107,17.96384090547384,-5.119727891156495,15.714285714285701,-2.6680272108843575,5.285714285714288,24.20492831557469,23.606395601878113,-1.514285714285709,-6.857142857142872,28.13658352446304,-7.5357400532368715,45.108990496158235,12.796601366388483,1,7.5
151,38.95866234507965,10.144530932500425,51.601755865889686,18.588940196922863,39.21899651499383,1.0216110374409042,6.7003358234874035,28.20991626573303,18.71140888608334,17.924160794604983,-5.119727891156495,15.714285714285701,-2.6680272108843575,5.285714285714288,24.26761351286533,23.553952803828636,-1.514285714285709,-6.857142857142872,28.375834532169254,-7.670213721154753,44.64160562087731,12.172532385229012,1,7.550000000000001
152,39.18748429860732,9.898375071705066,51.732420018507064,18.500427795488857,39.28382546692668,1.1661758911581817,6.687813575829754,28.192588294492086,18.770665049654973,17.887127303491354,-5.119727891156495,15.714285714285701,-2.6680272108843575,5.285714285714288,24.327205413093765,23.503356258562,-1.514285714285709,-6.857142857142862,28.61372941724923,-7.802406643135762,44.20382883724316,11.587997185681457,1,7.6000000000000005
153,39.41657845020599,9.658766039717557,51.85312291853118,18.41001874391641,39.34365690194098,1.3048574063016314,6.675359376438032,28.17519299475126,18.82755046713138,17.85279666469932,-5.119727891156495,15.714285714285701,-2.6680272108843575,5.285714285714288,24.383646377184284,23.45464036830394,-1.514285714285709,-6.857142857142862,28.849994306007993,-7.932066607861933,43.795660145255724,11.042995767745813,1,7.65
154,39.645725595716165,9.426431782784444,51.96424978613152,18.31824536462923,39.39894165693455,1.4374700812826982,6.6629664204857155,28.1577370993605,18.882022225987992,17.82122511079533,-5.119727891156495,15.714285714285701,-2.6680272108843575,5.285714285714288,24.43687876606121,23.407839535280246,-1.5142857142856863,-6.857142857142862,29.084355324750653,-8.058941404015298,43.41709954491506,10.537528131422073,1,7.7
155,39.874706530978386,9.202100247152265,52.066185841477356,18.225639980050982,39.45013056880514,1.5638284145128565,6.65062790314617,28.140227341169826,18.93403741370018,17.7924688743458,-5.119727891156495,15.714285714285701,-2.6680272108843575,5.285714285714288,24.48684494064886,23.36298816171667,-1.514285714285709,-6.857142857142872,29.316538599782223,-8.182778820277944,43.06814703622118,10.071594276710265,1,7.75
156,40.10330205183315,8.9864993790675,52.159316304738205,18.132734912605347,39.49767447445065,1.6837469044035276,6.638337019592764,28.1226704530292,18.983553117743398,17.766584187917147,-5.119727891156495,15.714285714285701,-2.6680272108843344,5.285714285714288,24.53348726187149,23.320120649838987,-1.514285714285709,-6.857142857142862,29.54627025740777,-8.30332664533188,42.74880261917403,9.645194203610352,1,7.800000000000001
157,40.3312929541209,8.780357124776717,52.24402639608338,18.040062484716003,39.542024210768915,1.7970400493661662,6.626086964998987,28.105073167788646,19.030526425593,17.743627284075842,-5.119727891156495,15.714285714285701,-2.6680272108843344,5.285714285714298,24.57674809065343,23.27927140187298,-1.5142857142856863,-6.857142857142862,29.773276423932334,-8.42033266785917,42.45906629377363,9.25832791212236,1,7.8500000000000005
158,40.55846003368222,8.584401430526441,52.32070133568223,17.94815501880662,39.5836306146578,1.9035223478121888,6.613870934538149,28.08744221829814,19.07491442472446,17.723654395388266,-5.119727891156495,15.714285714285701,-2.6680272108843344,5.285714285714298,24.616569787919047,23.240474820044387,-1.5142857142856863,-6.857142857142862,29.997283225661025,-8.533544676541897,42.19893806001999,8.910995402246277,1,7.9
159,40.784584086357576,8.399360242563212,52.38972634370425,17.857544837300896,39.622944523015015,2.0030082981530595,6.6016821233837035,28.069784337407665,19.116674202613105,17.706721754420844,-5.119727891156495,15.714285714285701,-2.6680272108843575,5.285714285714288,24.65289471459255,23.203765306578987,-1.514285714285709,-6.857142857142872,30.21801678889886,-8.64271046006204,41.96841791791311,8.603196673982085,1,7.95
160,41.0094459079875,8.225961507133547,52.4514866403188,17.768764262622497,39.66041677273848,2.095312398800214,6.589513726709071,28.052106257967214,19.155762846734447,17.692885593740026,-5.119727891156495,15.714285714285701,-2.6680272108843344,5.285714285714288,24.68566523159831,23.16917726370255,-1.514285714285709,-6.857142857142862,30.43520323995088,-8.747577807101699,41.767505867453,8.334931727329835,1,8.0
161,41.23282629441247,8.06493317048399,52.50636744569518,17.68234561719508,39.69649820072604,2.1802491481650885,6.577358939687615,28.03441471282679,19.192137444563798,17.682202145912218,-5.119727891156495,15.714285714285701,-2.6680272108843575,5.285714285714288,24.714823699860595,23.136745093640823,-1.514285714285709,-6.857142857142872,30.64856870512217,-8.847894506342904,41.59620190863962,8.106200562289498,1,8.05
162,41.454506041472996,7.917003178861059,52.55475398000292,17.59882122344236,39.73163964387546,2.257633044659137,6.565210957492765,28.016716434836376,19.225755083576637,17.674727643503854,-5.119727891156495,15.714285714285701,-2.6680272108843344,5.285714285714298,24.740312480303764,23.106503198619613,-1.514285714285709,-6.857142857142862,30.857839310717758,-8.943408346467677,41.454506041472996,7.917003178861059,1,8.1
163,41.674265945009594,7.782899478511294,52.59703146341129,17.518723403787995,39.76629193908463,2.3272785866937955,6.553062975297898,27.999018156845946,19.25657285124834,17.67051831908136,-5.119727891156495,15.714285714285701,-2.6680272108843575,5.285714285714288,24.76207393385208,23.078485980864652,-1.514285714285709,-6.857142857142876,31.06274118304275,-9.033867116158111,42.90021039503989,6.899744130740189,1,8.15
164,41.89188680086277,7.66335001568121,52.633585116089755,17.44258448065567,39.800905923251335,2.38900027268051,6.5409081882764575,27.981326611705523,19.284547835054305,17.669630405211155,-5.119727891156495,15.714285714285701,-2.6680272108843575,5.285714285714288,24.78005042142984,23.052727842601723,-1.514285714285709,-6.857142857142872,31.263000448402124,-9.119018604096235,44.258296302936095,5.944137146141785,1,8.200000000000001
165,42.107149404873,7.559082736617351,52.66480015820768,17.370936776469055,39.835932433273456,2.4426126010307145,6.52873979160181,27.963648532265044,19.309637122469972,17.67212013445967,-5.119727891156451,15.714285714285701,-2.6680272108843344,5.285714285714298,24.79418430396139,23.02926318605659,-1.5142857142856863,-6.857142857142862,31.458343233101015,-9.198610598964079,45.5287637651616,5.050182225065883,1,8.25
166,42.3198345528808,7.470825587566249,52.691061809934475,17.304312613651838,39.871822306048784,2.4879300701558407,6.516550980447342,27.9459906513746,19.331797800970723,17.678043739393328,-5.119727891156495,15.714285714285701,-2.6680272108843575,5.285714285714288,24.804417942371025,23.008126413455006,-1.514285714285709,-6.857142857142876,31.648495663444443,-9.272390889443727,46.71161278171638,4.21787936751245,1,8.3
167,42.52972304072672,7.39930651477445,52.71275529143948,17.24324431462771,39.90902637847518,2.5247671784673726,6.504334949986548,27.928359701884062,19.350986958031996,17.68745745257854,-5.119727891156495,15.714285714285701,-2.6680272108843575,5.285714285714288,24.810693697583048,22.98935192702275,-1.514285714285709,-6.857142857142876,31.83318386573746,-9.3401072642172,47.80684335260036,3.447228573481471,1,8.35
168,42.73659566425121,7.345253464488456,52.73026582289215,17.188264201820285,39.94799548745043,2.5529384243766873,6.492084895392734,27.910762416643507,19.36716168112917,17.70041750658177,-5.119727891156495,15.714285714285701,-2.6680272108843575,5.285714285714288,24.812953930521736,22.972974128985616,-1.514285714285709,-6.857142857142872,32.01213396628511,-9.40150751196655,48.8144554778137,2.738229842973,1,8.4
169,42.9402332192948,7.309394382954801,52.743978624461874,17.139904597653327,39.98918046987244,2.5722583062952884,6.479794011839335,27.893205528502893,19.380279057737688,17.716980133969404,-5.119727891156465,15.714285714285701,-2.6680272108843344,5.285714285714298,24.81114100211147,22.959027421569342,-1.5142857142856863,-6.857142857142862,32.18507209139249,-9.456339421373801,49.73444915735627,2.0908831759869826,1,8.450000000000001
170,43.14041650169804,7.292457216420046,52.754278916317986,17.098697824550474,40.03303216263895,2.5825413226345777,6.4674554944997755,27.87569577031223,19.390296175332907,17.737201567307892,-5.119727891156495,15.714285714285701,-2.6680272108843575,5.285714285714288,24.80519727327646,22.94754620699965,-1.514285714285709,-6.857142857142876,32.35172436736466,-9.504350781121097,50.566824391228145,1.5051885725234635,1,8.5
171,43.33692630730134,7.295169911130686,52.7615519186299,17.06517620493538,40.08000140264787,2.5836019718060195,6.455062538547459,27.858239874921466,19.39717012139029,17.761138039163647,-5.119727891156465,15.714285714285712,-2.6680272108843575,5.285714285714288,24.795065104941088,22.938564887502395,-1.514285714285709,-6.857142857142872,32.511816920506604,-9.545289379890328,51.311581179429275,0.9811460325824035,1,8.55
172,43.52954343194532,7.3182604133332685,52.76618285156698,17.039872061231765,40.13053902679699,2.575254752221059,6.442608339155759,27.84084457518063,19.400857983385237,17.788845782103095,-5.119727891156495,15.714285714285701,-2.6680272108843575,5.285714285714288,24.78068685802962,22.932117865303297,-1.514285714285709,-6.857142857142872,32.66507587712344,-9.578903006363689,51.96871952195969,0.5187555561638172,1,8.6
173,43.718048671470335,7.362456669274333,52.76855693529869,17.023317715863293,40.18509587198415,2.557314162291113,6.430086091498095,27.82351660393968,19.401316848793115,17.820381028692655,-5.119727891156465,15.714285714285701,-2.6680272108843575,5.285714285714288,24.762004893466376,22.92823954262812,-1.514285714285709,-6.857142857142872,32.81122736352022,-9.604939449223144,52.538239418819394,0.11801714326772383,1,8.65
174,43.90222282171699,7.428486625200388,52.769059389994354,17.016045491253628,40.24412277510719,2.529594700427631,6.417488990747891,27.80626269404866,19.398503805089355,17.855800011498772,-5.119727891156451,15.714285714285712,-2.6680272108843344,5.285714285714288,24.738961572175675,22.926964321702656,-1.514285714285709,-6.857142857142862,32.94999750600198,-9.623146497150762,53.02014087000836,-0.22106920610590064,1,8.700000000000001
175,44.0818466785258,7.517078227358004,52.768075435823405,17.018587709826484,40.308070573063894,2.4919108650420676,6.404810232078502,27.789089578357505,19.392375939749392,17.895158963087844,-5.119727891156495,15.714285714285701,-2.6680272108843575,5.285714285714288,24.711499255081765,22.928326604752638,-1.5142857142857165,-6.857142857142872,33.08111243087379,-9.63327193882862,53.4144238755266,-0.49850349195704186,1,8.75
176,44.25670103773723,7.6289594219936685,52.7659902929552,17.0314766940055,40.377390102752194,2.444077154545855,6.392043010663372,27.77200398971624,19.382890340248615,17.938514116026315,-5.119727891156465,15.714285714285712,-2.6680272108843575,5.285714285714288,24.679560303109064,22.93236079400385,-1.514285714285709,-6.857142857142862,33.20429826444068,-9.635063562938726,53.72108843537416,-0.7142857142857094,1,8.8
177,44.42656669519181,7.764858155353924,52.76318918155916,17.055244766214372,40.452532201069815,2.3859080673504467,6.379180521675906,27.755012660974867,19.37000409406243,17.985921702880606,-5.119727891156451,15.714285714285712,-2.6680272108843344,5.285714285714288,24.643087077181782,22.93910129168208,-1.514285714285709,-6.857142857142862,33.319281133007756,-9.628269158163109,53.72108843537416,-0.7142857142857094,1,8.85
178,44.59122444673007,7.925502373685308,52.76005732180463,17.09042424887677,40.53394770491463,2.3172181018672737,6.366215960289479,27.73812232498333,19.35367428866624,18.037437956217154,-5.119727891156465,15.714285714285712,-2.6680272108843575,5.285714285714288,24.602021938224254,22.948582500013046,-1.5142857142857165,-6.857142857142862,33.42578716288003,-9.612636513183908,53.72108843537416,-0.7142857142857094,1,8.9
179,44.75045508819241,8.111620023234359,52.7569799338611,17.13754746441638,40.62208745118453,2.2378217565077723,6.3531425216775155,27.72133971459164,19.33385801153551,18.093119108602377,-5.119727891156451,15.714285714285712,-2.6680272108843575,5.285714285714288,24.556307247160813,22.96083882122257,-1.514285714285709,-6.857142857142862,33.52354248036257,-9.58791341668307,53.72108843537416,-0.7142857142857094,1,8.950000000000001
180,44.90403941541944,8.323939050247597,52.754342237897845,17.19714673525688,40.717402276777236,2.1475335296834057,6.339953401013398,27.70467156264979,19.31051235014555,18.15302139260268,-5.119727891156465,15.714285714285712,-2.6680272108843575,5.285714285714288,24.505885364915727,22.97590465753637,-1.5142857142857165,-6.857142857142872,33.61227321176044,-9.553847657342692,53.72108843537416,-0.7142857142857094,1,9.0
181,45.051758224251614,8.563187400971556,52.752529454084275,17.269754383821947,40.82034301859064,2.046167919805582,6.326641793470559,27.68812460200779,19.283594391971853,18.217201040784506,-5.119727891156465,15.714285714285712,-2.6680272108843575,5.285714285714288,24.45069865241332,22.993814411180256,-1.5142857142857165,-6.857142857142862,33.69170548337867,-9.510187023844814,53.72108843537416,-0.7142857142857094,1,9.05
182,45.19339231052947,8.830093021652768,52.751926802589836,17.355902732535256,40.93136051352257,1.9335394252857794,6.313200894222387,27.6717055655156,19.253061224489784,18.28571428571429,-5.119727891156451,15.714285714285712,-2.6680272108843575,5.285714285714288,24.390689470577883,23.014602484379964,-1.514285714285709,-6.857142857142862,33.76156542152237,-9.456679304871486,53.72108843537416,-0.7142857142857094,1,9.1
183,45.19339231052947,8.830093021652768,52.751926802589836,17.355902732535256,40.93136051352257,1.9335394252857794,6.313200894222387,27.6717055655156,19.253061224489784,18.28571428571429,-5.119727891156451,15.714285714285712,-2.6680272108843575,5.285714285714288,24.390689470577883,23.014602484379964,-1.514285714285709,-6.857142857142862,33.76156542152237,-9.456679304871486,53.72108843537416,-0.7142857142857094,1,9.15
184,45.19339231052947,8.830093021652768,52.751926802589836,17.355902732535256,40.93136051352257,1.9335394252857794,6.313200894222387,27.6717055655156,19.253061224489784,18.28571428571429,-5.119727891156451,15.714285714285712,-2.6680272108843575,5.285714285714288,24.390689470577883,23.014602484379964,-1.514285714285709,-6.857142857142862,33.76156542152237,-9.456679304871486,53.72108843537416,-0.7142857142857094,1,9.200000000000001
185,45.19339231052947,8.830093021652768,52.751926802589836,17.355902732535256,40.93136051352257,1.9335394252857794,6.313200894222387,27.6717055655156,19.253061224489784,18.28571428571429,-5.119727891156451,15.714285714285712,-2.6680272108843575,5.285714285714288,24.390689470577883,23.014602484379964,-1.514285714285709,-6.857142857142862,33.76156542152237,-9.456679304871486,53.72108843537416,-0.7142857142857094,1,9.25
186,45.19339231052947,8.830093021652768,52.751926802589836,17.355902732535256,40.93136051352257,1.9335394252857794,6.313200894222387,27.6717055655156,19.253061224489784,18.28571428571429,-5.119727891156451,15.714285714285712,-2.6680272108843575,5.285714285714288,24.390689470577883,23.014602484379964,-1.514285714285709,-6.857142857142862,33.76156542152237,-9.456679304871486,53.72108843537416,-0.7142857142857094,1,9.3
187,45.19339231052947,8.830093021652768,52.751926802589836,17.355902732535256,40.93136051352257,1.9335394252857794,6.313200894222387,27.6717055655156,19.253061224489784,18.28571428571429,-5.119727891156451,15.714285714285712,-2.6680272108843575,5.285714285714288,24.390689470577883,23.014602484379964,-1.514285714285709,-6.857142857142862,33.76156542152237,-9.456679304871486,53.72108843537416,-0.7142857142857094,1,9.35
188,45.19339231052947,8.830093021652768,52.751926802589836,17.355902732535256,40.93136051352257,1.9335394252857794,6.313200894222387,27.6717055655156,19.253061224489784,18.28571428571429,-5.119727891156451,15.714285714285712,-2.6680272108843575,5.285714285714288,24.390689470577883,23.014602484379964,-1.514285714285709,-6.857142857142862,33.76156542152237,-9.456679304871486,53.72108843537416,-0.7142857142857094,1,9.4
189,45.19339231052947,8.830093021652768,52.751926802589836,17.355902732535256,40.93136051352257,1.9335394252857794,6.313200894222387,27.6717055655156,19.253061224489784,18.28571428571429,-5.119727891156451,15.714285714285712,-2.6680272108843575,5.285714285714288,24.390689470577883,23.014602484379964,-1.514285714285709,-6.857142857142862,33.76156542152237,-9.456679304871486,53.72108843537416,-0.7142857142857094,1,9.450000000000001
190,45.19339231052947,8.830093021652768,52.751926802589836,17.355902732535256,40.93136051352257,1.9335394252857794,6.313200894222387,27.6717055655156,19.253061224489784,18.28571428571429,-5.119727891156451,15.714285714285712,-2.6680272108843575,5.285714285714288,24.390689470577883,23.014602484379964,-1.514285714285709,-6.857142857142862,33.76156542152237,-9.456679304871486,53.72108843537416,-0.7142857142857094,1,9.5
191,45.19339231052947,8.830093021652768,52.751926802589836,17.355902732535256,40.93136051352257,1.9335394252857794,6.313200894222387,27.6717055655156,19.253061224489784,18.28571428571429,-5.119727891156451,15.714285714285712,-2.6680272108843575,5.285714285714288,24.390689470577883,23.014602484379964,-1.514285714285709,-6.857142857142862,33.76156542152237,-9.456679304871486,53.72108843537416,-0.7142857142857094,1,9.55
192,45.19339231052947,8.830093021652768,52.751926802589836,17.355902732535256,40.93136051352257,1.9335394252857794,6.313200894222387,27.6717055655156,19.253061224489784,18.28571428571429,-5.119727891156451,15.714285714285712,-2.6680272108843575,5.285714285714288,24.390689470577883,23.014602484379964,-1.514285714285709,-6.857142857142862,33.76156542152237,-9.456679304871486,53.72108843537416,-0.7142857142857094,1,9.600000000000001
193,45.19339231052947,8.830093021652768,52.751926802589836,17.355902732535256,40.93136051352257,1.9335394252857794,6.313200894222387,27.6717055655156,19.253061224489784,18.28571428571429,-5.119727891156451,15.714285714285712,-2.6680272108843575,5.285714285714288,24.390689470577883,23.014602484379964,-1.514285714285709,-6.857142857142862,33.76156542152237,-9.456679304871486,53.72108843537416,-0.7142857142857094,1,9.65
194,45.19339231052947,8.830093021652768,52.751926802589836,17.355902732535256,40.93136051352257,1.9335394252857794,6.313200894222387,27.6717055655156,19.253061224489784,18.28571428571429,-5.119727891156451,15.714285714285712,-2.6680272108843575,5.285714285714288,24.390689470577883,23.014602484379964,-1.514285714285709,-6.857142857142862,33.76156542152237,-9.456679304871486,53.72108843537416,-0.7142857142857094,1,9.700000000000001
