Frame,Away_3342_x,Away_3342_y,Away_3343_x,Away_3343_y,Away_3344_x,Away_3344_y,Away_3346_x,Away_3346_y,Away_3347_x,Away_3347_y,Away_9949_x,Away_9949_y,Away_11069_x,Away_11069_y,Away_14238_x,Away_14238_y,Away_24075_x,Away_24075_y,Away_24076_x,Away_24076_y,ball_x,ball_y,Period,Time [s]
0,7.434636061281137,32.45899392044626,27.74808290148706,22.100181852884134,19.912559470450113,13.037932683739772,20.54070934233434,0.7743540799402084,18.291609977324264,-23.71428571428571,10.29029227149492,24.18753435247521,10.946824983707039,-3.497184325285853,51.434932089503725,2.0727574411926772,3.6775510204081634,-11.857142857142856,0.6489795918367378,8.714285714285715,7.434636061281137,32.45899392044626,1,0.0
1,7.559492705490503,32.42926049045924,27.633709575382056,22.16869714685787,20.001237049654655,13.02093551758995,20.52433178642859,0.7763219477159947,18.362333916261676,-23.609570355640614,10.331091220725426,24.26089937341201,10.980320947289918,-3.4626081048716806,51.43496889535918,2.072870288368133,3.6949280035797685,-11.874355906510932,0.6489795918367378,8.714285714285719,7.559492705490503,32.42926049045924,1,0.05
2,7.668399292839339,32.39161014581511,27.509818639752584,22.2365345562767,20.070843485572535,13.009662330568256,20.510171075495947,0.7778736435307448,18.42907997619315,-23.50978678389578,10.358088493537897,24.326358729305785,11.007432905350118,-3.4290163655497583,51.434998249164906,2.072960287473504,3.7109454981287158,-11.89022229262074,0.6489795918367378,8.714285714285719,7.668399292839339,32.39161014581511,1,0.1
3,7.76230932371593,32.3464785520873,27.37710650505171,22.303743682449532,20.122526725957982,13.003814656183557,20.49822010149654,0.7790421222967978,18.4921392214362,-23.414574136595135,10.372278128974305,24.384216127540512,11.028627980242945,-3.3963370721182393,51.43502069619279,2.0730291103187892,3.7256558693961406,-11.904793886800741,0.6489795918367227,8.714285714285715,7.76230932371593,32.3464785520873,1,0.15000000000000002
4,7.84217629850868,32.29430137484928,27.236269581732362,22.370374126685263,20.157434718565305,13.003094027944828,20.488471756390695,0.7798603389265173,18.55180271630833,-23.323571551282527,10.374654166076596,24.43477527550011,11.04437329432377,-3.3644981893752335,51.43503678171479,2.073078428713993,3.7391114827232173,-11.91812256037945,0.6489795918367378,8.714285714285715,7.84217629850868,32.29430137484928,1,0.2
5,7.908953717605865,32.23551427967455,27.088004280247613,22.436475490292754,20.176715411148784,13.00720197936098,20.480918932138557,0.7803612483322327,18.60836152512706,-23.236418165501835,10.366210643886685,24.478339880568488,11.055135969947848,-3.3334276821188746,51.43504705100286,2.0731099144691103,3.7513647034510798,-11.930260184685373,0.6489795918367378,8.714285714285719,7.908953717605865,32.23551427967455,1,0.25
6,7.9635950813958445,32.170552932136545,26.933007011050442,22.50209737458093,20.181516751462645,13.015840043940942,20.47555452070037,0.7805778054262643,18.66210671220987,-23.15275311679693,10.347941601446562,24.515213650129642,11.061383129470524,-3.303053515147278,51.435052049328895,2.073125239394174,3.7624678969209566,-11.941258631047026,0.6489795918367378,8.714285714285719,7.9635950813958445,32.170552932136545,1,0.30000000000000004
7,8.007053890266938,32.09985299780872,26.771974184593883,22.567289380858703,20.1729866872612,13.028709755193645,20.472371414036367,0.7805429651209993,18.713329341874285,-23.07221554271173,10.32084107779815,24.54570029156748,11.063581895247138,-3.273303653258596,51.43505232196488,2.073126075299164,3.772473428473937,-11.951169770792925,0.6489795918367227,8.714285714285715,8.007053890266938,32.09985299780872,1,0.35000000000000003
8,8.040283644607488,32.023850142264614,26.6056022113309,22.632101110434935,20.15227316629872,13.045512646628017,20.471362504106736,0.7802896823287484,18.762320478437836,-22.994444580790102,10.285903111983412,24.570103512265923,11.062199389632966,-3.244106061250924,51.4350484141827,2.0731140939941284,3.781433663451226,-11.960045475251537,0.6489795918367378,8.714285714285719,8.040283644607488,32.023850142264614,1,0.4
9,8.06423784480581,31.942980031077617,26.43458750171454,22.696582164618533,20.120524136329472,13.065950251752989,20.472520682871753,0.7798509119618552,18.80937118621799,-22.919079368575908,10.244121743044289,24.588727019608964,11.057702734983359,-3.215388703922416,51.43504087125428,2.073090967289037,3.789400967193966,-11.967937615751412,0.6489795918367378,8.714285714285719,8.06423784480581,31.942980031077617,1,0.45
10,8.079869991250233,31.857678329821276,26.25962646619781,22.760782144718377,20.078887545107747,13.08972410407746,20.475838842291598,0.7792596089326449,18.854772529532262,-22.845759043613082,10.1964910100227,24.601874520980488,11.050559053653604,-3.1870795460711805,51.435030238451596,2.0730583669939087,3.7964277050433073,-11.974898063621032,0.6489795918367378,8.714285714285719,8.079869991250233,31.857678329821276,1,0.5
11,8.088133584329118,31.76838070406896,26.08141551523368,22.824750652043402,20.028511340387766,13.116535737110402,20.481309874326456,0.7785487281534808,18.89881557269817,-22.774122743445453,10.144004951960596,24.609849723764466,11.041235467999027,-3.1591065524953628,51.435017061046565,2.073017964918739,3.8025662423404025,-11.980978690188921,0.6489795918367227,8.714285714285715,8.088133584329118,31.76838070406896,1,0.55
12,8.089982124430751,31.67552281939423,25.900651059275212,22.888537287902466,19.970543469923875,13.146086684360718,20.48892667093661,0.777751224536702,18.94179138003321,-22.703809605616918,10.087657607899967,24.612956335344823,11.030199100374958,-3.1313976879930565,51.4350018843111,2.0729714328735547,3.8078689444264247,-11.986231366783567,0.6489795918367378,8.714285714285719,8.089982124430751,31.67552281939423,1,0.6000000000000001
13,8.086369111943519,31.579540341370528,25.718029508775388,22.952191653604476,19.906131881470294,13.178078479337335,20.498682124082244,0.7769000529946578,18.98399101585491,-22.634458767671383,10.028443016882711,24.611498063105515,11.017917073136733,-3.103880917362421,51.43498525351717,2.072920442668332,3.812388176642555,-11.99070796473349,0.6489795918367378,8.714285714285719,8.086369111943519,31.579540341370528,1,0.65
14,8.078248047255698,31.4808689355713,25.534247274187177,23.015763350458332,19.836424522781314,13.212212655549187,20.510569125723617,0.7760281684396583,19.025705544480772,-22.565709367152703,9.96735521795083,24.605778614430452,11.004856508639625,-3.076484205401599,51.43496771393666,2.0728666661131183,3.816176304329907,-11.994460355367218,0.6489795918367378,8.714285714285719,8.078248047255698,31.4808689355713,1,0.7000000000000001
15,8.06657243075567,31.379944267570025,25.350000765963706,23.07930197977292,19.762569341611247,13.248190746505188,20.52458056782092,0.7751685257840668,19.06722603022829,-22.49720054160475,9.905388250146228,24.596101696703606,10.991484529238999,-3.049135516908658,51.43494981084153,2.072811775017889,3.8192856928296828,-11.997540410013196,0.6489795918367378,8.714285714285719,8.06657243075567,31.379944267570025,1,0.75
16,8.05229576283172,31.277202002940168,25.165986394557812,23.142857142857153,19.685714285714283,13.285714285714285,20.54070934233434,0.7743540799402084,19.108843537414977,-22.42857142857143,9.843536152510833,24.58277101730888,10.9782682572901,-3.0217628166817927,51.434932089503725,2.0727574411926772,3.82176870748299,-12.000000000000007,0.6489795918367378,8.714285714285715,8.05229576283172,31.277202002940168,1,0.8
17,8.036371543872246,31.173077807255225,24.982900570422657,23.206478441019893,19.607007302844757,13.3244848066854,20.558948341224166,0.773617785820451,19.150849130358342,-22.359461165596628,9.782792964086653,24.566090283630242,10.965674815148319,-2.994294069519061,51.43491509519515,2.0727053364474535,3.8236777136310547,-12.001890996656082,0.6489795918367378,8.714285714285715,8.706943973945641,30.967501616631544,1,0.8500000000000001
18,8.019753274265481,31.068007346088635,24.801439704011166,23.27021547557007,19.52759634075694,13.364203842927449,20.579290456450572,0.7729925983371004,19.193533873375877,-22.289508890224223,9.724152723915582,24.546363203051627,10.954171325168932,-2.9666572402186455,51.43489937318777,2.0726571325922554,3.8250650766149974,-12.003265271309989,0.6489795918367679,8.714285714285719,9.315068961934672,30.67981039483219,1,0.9
19,8.003394454399828,30.962426285013876,24.62230020577637,23.334117847816554,19.448629347205067,13.404572927949385,20.601728579973788,0.7725114724025246,19.237188830785097,-22.218353739998076,9.668609471039602,24.52389348295698,10.944224909707277,-2.9387802935786507,51.43488546875349,2.0726145014370827,3.825983161775976,-12.004174695290192,0.6489795918367679,8.714285714285719,9.876670726798888,30.414128337542067,1,0.9500000000000001
20,7.988248584663605,30.856770289604416,24.446178486171274,23.398235159068246,19.37125426994347,13.445293595260088,20.626255603754025,0.7722073629290533,19.282105066903537,-22.14563485246209,9.617157244500607,24.498984830730222,10.936302691118678,-2.91059119439721,51.43487392716425,2.0725791147919397,3.82648433445515,-12.004671139925243,0.6489795918367378,8.714285714285719,10.391749268538275,30.170455444761174,1,1.0
21,7.975269165445142,30.751475025433727,24.2737709556489,23.46261701063405,19.296619056726357,13.486067378368535,20.652864419751502,0.7721132248290309,19.32857364604867,-22.070991365160175,9.57079008334061,24.471940953755276,10.930871791758406,-2.8820179074724486,51.43486529369199,2.0725526444668403,3.8266209599937,-12.004806476543607,0.6489795918367227,8.714285714285715,10.860304587152786,29.948791716489524,1,1.05
22,7.965409697132761,30.64697615807529,24.10577402466222,23.527313003822858,19.225871655308058,13.526595810783634,20.681547919926466,0.7722620130147914,19.376885632538013,-21.994062415636126,9.530502026601518,24.44306555941612,10.92839933398184,-2.85298839760248,51.434860113608636,2.0725367622717736,3.8264454037327464,-12.004632576473817,0.6489795918367378,8.714285714285719,11.28233668264247,29.749137152727116,1,1.1
23,7.959623680114799,30.543709353102553,23.942884103664333,23.59237273994356,19.160160013442812,13.56658042601432,20.71229899623912,0.7726866823986888,19.4273320906891,-21.91448714143389,9.4972871133253,24.41266235509669,10.929352440144275,-2.8234306295854443,51.43485893218611,2.0725331400167537,3.8260100310135097,-12.004201311044357,0.6489795918367679,8.714285714285719,11.657845555007292,29.571491753473968,1,1.1500000000000001
24,7.95886461477959,30.442110276088993,23.78579760310813,23.657845820305056,19.10063207888491,13.6057227575695,20.745110540649673,0.7734201878930574,19.480204084819412,-21.831904680097377,9.472139382553884,24.381035048180905,10.93419823260097,-2.793272568219484,51.43486229469635,2.0725434495118,3.8253672071770715,-12.003564551583764,0.6489795918367378,8.714285714285719,11.986831204247284,29.415855518730023,1,1.2000000000000002
25,7.964086001515473,30.342614592608097,23.63521093344668,23.723781846216266,19.048435799388628,13.643724338958133,20.779975445118367,0.774495484410227,19.535792679246434,-21.745954169170396,9.456052873329206,24.34848734605271,10.943403833707347,-2.7624421783027047,51.43487074641131,2.0725693625669064,3.824569297564666,-12.002774169420535,0.6489795918367378,8.714285714285715,12.269293630362418,29.28222844849536,1,1.25
26,7.976241340710762,30.245657968233303,23.491820505133,23.790230418986038,19.004719122708224,13.68028670368912,20.816886601605418,0.775945526862556,19.5943889382877,-21.65627474619688,9.450021624693242,24.315322956096054,10.957436365818666,-2.7308674246332303,51.43488483260291,2.072612550992087,3.8236686675174294,-12.00188203588312,0.6489795918367679,8.714285714285719,12.505232833352729,29.170610542769918,1,1.3
27,7.996284132753815,30.15167606853808,23.356322728620064,23.85724113992328,18.970629996597985,13.7151113852714,20.85583690207102,0.7778032701623695,19.65628392626072,-21.562505548720697,9.455039675687914,24.28184558569486,10.97676295129023,-2.6984762720092097,51.434905098543084,2.072674686597336,3.8227176823764597,-12.000940022300123,0.6489795918367679,8.714285714285719,12.694648813218166,29.081001801553736,1,1.35
28,8.025167878032924,30.061104559095906,23.229414014360913,23.9248636103369,18.947316368812174,13.74789991721388,20.896819238475423,0.7801016692220017,19.721768707482997,-21.464285714285708,9.472101065355178,24.248358942233068,11.001850712477385,-2.665196685228747,51.434932089503725,2.0727574411926772,3.82176870748299,-12.000000000000007,0.6489795918367378,8.714285714285715,12.837541569958763,29.013402224846768,1,1.4000000000000001
29,8.063672981743945,29.97428733942643,23.11164971680723,23.993095492293442,18.935667519561967,13.778457193050768,20.939847017034467,0.7828580143504135,19.791046442765374,-21.361367566324766,9.501963732695852,24.21511619085889,11.033035799596963,-2.630973108401907,51.43496610477858,2.0728617324160274,3.820865191747408,-11.999105007997763,0.6489795918367378,8.714285714285715,12.864662061876167,29.066164385782017,1,1.4500000000000002
30,8.111887468312785,29.891201244833912,23.003020966405526,24.06172669089008,18.93553805888611,13.807001546417158,20.98501570098663,0.7860269374428492,19.863968678892082,-21.253956171826403,9.544441216546284,24.182168327777333,11.070130474312036,-2.595815902886455,51.43500645974848,2.072985461217068,3.820014918357014,-11.998262756054475,0.6489795918367378,8.714285714285715,12.901078770004581,29.114736852274174,1,1.5
31,8.169726266972752,29.811731344568713,22.903377837601035,24.130495171981607,18.946523929280268,13.83385467097343,21.03244126782598,0.7895474057912085,19.940299059140678,-21.14236978366808,9.599110955701608,24.149515806957783,11.112816026147101,-2.5597519093521353,51.435052223815916,2.0731257743733753,3.819216754068474,-11.997472121617669,0.6489795918367679,8.714285714285715,12.946606926949212,29.15920557566443,1,1.55
32,8.237104306957264,29.73576270788133,22.81257040483893,24.19913890142284,18.968221073240063,13.859338260379936,21.082239695046617,0.793358386687367,20.019801226788715,-21.026926654727383,9.665550388957065,24.117159082369543,11.160773744626784,-2.522807968468595,51.435102466383505,2.0732798186625327,3.818469565638285,-11.996731982134966,0.6489795918367378,8.714285714285715,13.001061765315288,29.199656507293998,1,1.6
33,8.31393651749971,29.663180404022157,22.73044874256442,24.267395845068606,19.000225433261157,13.883774008297044,21.134526960142605,0.7973988474231519,20.10223882511379,-20.90794503788171,9.74333695510782,24.085098607981926,11.213684919275611,-2.485010920905598,51.43515625685379,2.073444740862155,3.8177722198230764,-11.996041215053872,0.6489795918367679,8.714285714285715,13.064258517708009,29.23617559850404,1,1.6500000000000001
34,8.400137827833458,29.593869502241617,22.65686292522274,24.335003968773723,19.04213295183922,13.907483608385128,21.189419040608108,0.801607755290482,20.18737549739339,-20.785743186008546,9.83204809294908,24.05333483776424,11.271230839618125,-2.446387607332796,51.435212664629375,2.073617687749797,3.817123583379436,-11.995398697821937,0.6489795918367378,8.714285714285715,13.136012416732624,29.268848800635833,1,1.7000000000000002
35,8.495623167191866,29.527715071790123,22.5916630272591,24.401701238392988,19.093539571469883,13.930788754304546,21.247031913937185,0.805924077581185,20.274974886905156,-20.66063935198544,9.931261241276024,24.021868225685836,11.333092795178944,-2.4069648684199,51.43527075911278,2.073795806103054,3.816522523063947,-11.994803307886768,0.6489795918367378,8.714285714285719,13.216138694994305,29.297762065030483,1,1.75
36,8.600307464808328,29.46460218191808,22.534699123118664,24.467225619781228,19.154041234648787,13.95401113971568,21.30748155762388,0.8102867815871698,20.36480063692661,-20.532951788689857,10.040553838883849,23.990699225715996,11.398952075482597,-2.3667695448366537,51.435329609706635,2.073976242699515,3.8159679056331672,-11.994253922695915,0.6489795918367378,8.714285714285715,13.304452585098302,29.323001343029258,1,1.8
37,8.714105649916196,29.40441590187597,22.485821287246665,24.531315078793252,19.223233883871586,13.97747245827886,21.370883949162355,0.8146348346002784,20.456616390735313,-20.402998748999266,10.15950332456772,23.959828291824063,11.468489970053637,-2.325828477252734,51.43538828581346,2.074156144316794,3.8154585978437026,-11.993749419696933,0.6489795918367378,8.714285714285715,13.40076931964981,29.344652585973304,1,1.85
38,8.836932651748896,29.347041300914142,22.444879594088313,24.593707581283873,19.30071346163392,14.00149440365446,21.437355066046663,0.8189072039124201,20.55018579160884,-20.271098485791157,10.287687137122866,23.929255877979354,11.541387768416659,-2.2841685063378456,51.4354458568358,2.0743326577324424,3.8149934664521337,-11.993288676337379,0.6489795918367378,8.714285714285715,13.504904131254058,29.36280174520388,1,1.9000000000000001
39,8.968703399539795,29.292363448283066,22.411724118088806,24.65414109310794,19.386075910431458,14.026398669502875,21.50701088577091,0.8230428568154173,20.645272482824744,-20.13756925194304,10.424682715344478,23.89898243815115,11.617326760096205,-2.2418164727616943,51.43550139217629,2.0745029297240776,3.8145713782150437,-11.992870570064774,0.6489795918367378,8.714285714285715,13.61667225251625,29.377534772062123,1,1.9500000000000002
40,9.109332822522202,29.240267413233155,22.386204933693364,24.712353580120208,19.478917172759857,14.052506949484446,21.579967385829207,0.82698076060116,20.741640107660587,-20.00272930033241,10.570067498027743,23.869008426308834,11.695988234616856,-2.1987992171939617,51.43555396123744,2.0746641070692804,3.814191199889036,-11.992493978326719,0.6489795918367679,8.714285714285719,13.735888916041601,29.388937617889273,1,2.0
41,9.25873584992959,29.19063826501481,22.368172115347186,24.76808300817555,19.578833191114715,14.08014093725952,21.6563405437156,0.8306598825615285,20.83905230939395,-19.866896883836713,10.723418923967788,23.839334296421683,11.777053481503128,-2.155143580304396,51.43560263342186,2.0748133365456165,3.813851798230655,-11.992157778570798,0.6489795918367378,8.714285714285715,13.86236935443532,29.397096234026513,1,2.0500000000000003
42,9.416827410995246,29.143361072878474,22.357475737495456,24.821067343128718,19.685419907991722,14.109622326488484,21.736246336924225,0.8340191899883694,20.93727273130235,-19.730390255333496,10.884314431959876,23.809960502459013,11.860203790279613,-2.110876402762689,51.43564647813213,2.0749477649306938,3.813552039996514,-11.99186084824453,0.6489795918367378,8.714285714285715,13.99592880030264,29.402096571815054,1,2.1
43,9.583522434952634,29.098320906074562,22.35396587458341,24.871044550834597,19.798273265886543,14.141272810831715,21.819800742949155,0.8369976501735875,21.0360650166634,-19.593527667700194,11.052331460799223,23.78088749839017,11.945120450470903,-2.0660245252385407,51.43568456477075,2.0750645390021174,3.8132907919432153,-11.991602064795476,0.6489795918367378,8.714285714285715,14.136382486248795,29.404024582596062,1,2.15
44,9.75873585103503,29.055402833853503,22.357492601056272,24.917752597147956,19.916989207294755,14.175414083949583,21.90711973928451,0.8395342304090241,21.135192808754624,-19.456627373814328,11.227047449280974,23.75211573818445,12.03148475160152,-2.0206147884016374,51.43571596274035,2.0751608055374327,3.813066920827305,-11.99138030567124,0.6489795918367378,8.714285714285715,14.283545644878918,29.402966217710777,1,2.2
45,9.942382588475926,29.01449192546568,22.3679059913592,24.96092944792362,20.041163674712067,14.212367839502406,21.99831930342433,0.841567897986555,21.234419750853608,-19.320007626553377,11.408039836200292,23.72364567581117,12.118977983196046,-1.9746740329216852,51.435739741443484,2.0752337113142687,3.8128792934053646,-11.991194448319336,0.6489795918367378,8.714285714285715,14.437233508798322,29.399007428500365,1,2.25
46,10.134377576508637,28.975473250161556,22.385056119937424,25.0003130690164,20.17039261063411,14.252455771150576,22.09351541286275,0.8430376201980604,21.333509486237887,-19.183986678794827,11.594886060352426,23.695477765239673,12.207281434779034,-1.9282290994684272,51.43575497028269,2.0752804031101943,3.8127267764340202,-11.991043370187334,0.6489795918367378,8.714285714285715,14.597261310612186,29.392234166306014,1,2.3000000000000003
47,10.33463574436653,28.93823187719156,22.408793061236153,25.03564142628114,20.304271957556555,14.295999572554464,22.192824045093854,0.8438823643354064,21.432225658185082,-19.04888278341617,11.787163560532523,23.66761246043926,12.296076395875058,-1.8813068287115209,51.43576071866057,2.0752980277027957,3.812608236669824,-11.990925948722797,0.6489795918367378,8.714285714285715,14.763444282925684,29.382732382468987,1,2.35
48,10.543072021282992,28.902652875806076,22.438966889700602,25.066652485572604,20.442397657975018,14.343320937374433,22.296361177611708,0.844041097690449,21.530331909972674,-18.915014193294912,11.98444977553579,23.640050215379258,12.385044156008679,-1.833934061320701,51.435756055979695,2.075283731869657,3.812522540869374,-11.990841061373278,0.6489795918367679,8.714285714285715,14.935597658344088,29.370588028330438,1,2.4000000000000004
49,10.75960133649141,28.86862131525557,22.475427679775954,25.093084212745662,20.584365654385167,14.394741559270836,22.404242787910466,0.8434527875550786,21.62759188487822,-18.7826991613085,12.186322144157428,23.612791484028943,12.473866004704439,-1.786137637965653,51.43574005164262,2.075234662388397,3.8124685557892435,-11.990787585586364,0.6489795918367378,8.714285714285715,15.113536669472603,29.355887055231577,1,2.45
50,10.98413861922518,28.836022264790426,22.518025505907453,25.114674573655083,20.72977188928265,14.450583131904036,22.516584853484176,0.8420564012211654,21.7237692261794,-18.65225594033444,12.392358105192613,23.585836720357715,12.562223231486922,-1.7379443993161072,51.4357117750519,2.075147966036586,3.8124451481860073,-11.990764398809597,0.6489795918367378,8.714285714285715,15.297076548916408,29.33871541451357,1,2.5
51,11.216598798717623,28.80474079366108,22.56661044254026,25.13116153415569,20.878212305163082,14.511167348934421,22.6335033518269,0.839790905980561,21.81862757715364,-18.524002783250257,12.602135097436545,23.55918637833483,12.649797125880688,-1.6893811860417494,51.43567029561014,2.075020789591794,3.8124511848162914,-11.990770378490522,0.6489795918367378,8.714285714285715,15.486032529280747,29.31915905751766,1,2.5500000000000003
52,11.456896804202175,28.774661971117933,22.621032564119645,25.14228306010233,21.029282844522186,14.576815904022341,22.755114260432784,0.8365952691251556,21.911930581078607,-18.398257942933412,12.815230559684426,23.532840911929625,12.736268977410298,-1.6404748388122803,51.435614682719894,2.0748502798316295,3.812485532436627,-11.990804402076721,0.6489795918367378,8.714285714285715,15.680219843170823,29.297303935585006,1,2.6
53,11.704947564912173,28.745670866411434,22.681141945090722,25.147777117349808,21.182579449855506,14.647850490828173,22.88153355679596,0.832408457946815,22.0034418812318,-18.275339672261392,13.03122193073144,23.506800775111415,12.821320075600305,-1.5912521982974102,51.435544005783676,2.0746335835336787,3.812547057803654,-11.990865347015742,0.6489795918367378,8.714285714285715,15.879453723191881,29.273236000056855,1,2.6500000000000004
54,11.960666010080999,28.717652548791992,22.7467886598988,25.147381671752896,21.33769806365879,14.724592803012268,23.012877218410424,0.8271694397373904,22.09292512089079,-18.15556622411167,13.249686649372755,23.481066421849523,12.904631709975288,-1.5417401051668154,51.43545733420412,2.07436784747553,3.8126346276739187,-11.99095209075516,0.6489795918367378,8.714285714285715,16.0835494019491,29.24704120227436,1,2.7
55,12.223967068942077,28.690492087510048,22.817822782989012,25.14083468916645,21.494234628427648,14.807364534234965,23.14926122277031,0.8208171817887914,22.180143943333157,-18.03925585136174,13.47020215440361,23.45563830611328,12.985885170059827,-1.4919654000902594,51.435353737383814,2.074050218434758,3.8127471088040163,-11.991063510742512,0.6489795918367378,8.714285714285715,16.292322112047735,29.21880549357872,1,2.75
56,12.494765670728722,28.664074551816004,22.894094388806593,25.12787413544528,21.651785086657718,14.896487378156683,23.290801547369725,0.8132906513928546,22.264861991836433,-17.926726806889125,13.692345884619135,23.43051688187199,13.064761745378439,-1.441954923737409,51.43523228472524,2.0736778431889586,3.8128833679505303,-11.991198484425377,0.6489795918367378,8.714285714285715,16.505587086092937,29.188614825311205,1,2.8000000000000003
57,12.772976744674338,28.63828501096027,22.975453551796747,25.10823797644419,21.809945380844646,14.992283028437749,23.437614169702748,0.8045288158414511,22.34684290967823,-17.81829734357128,13.915695278814596,23.40570260309495,13.140942725455709,-1.3917355167779553,51.43509204563105,2.07324786851574,3.813042271870049,-11.991355889251322,0.6489795918367378,8.714285714285715,16.72315955668998,29.156555148812924,1,2.85
58,13.058515220012307,28.61300853419329,23.06175034640468,25.081664178018006,21.9683114534841,15.095073178738547,23.589815067263473,0.7944706424264948,22.42585034013603,-17.714285714285708,14.13982777578513,23.381195923751534,13.214109399816195,-1.3413340198816421,51.434932089503725,2.0727574411926772,3.813222687319147,-11.991534602667896,0.6489795918367378,8.714285714285715,16.94485475644405,29.1227124154251,1,2.9000000000000004
59,13.351251439300002,28.588129877577384,23.152862610878095,25.047975763200817,22.126589572260276,15.204996598576418,23.747439899220936,0.7831477073956091,22.501776229487227,-17.61481800404326,14.364384443769945,23.356981585475882,13.284069414011435,-1.2907870673403172,51.4347523663601,2.072206407970498,3.8134235323437387,-11.99173355292807,0.6489795918367378,8.714285714285715,17.170487691798918,29.087120320627914,1,2.95
60,13.650877398390753,28.563532544422415,23.24877923867455,25.007335983743843,22.284927305611554,15.321460360896507,23.910203051443926,0.7709620228199114,22.57502573600818,-17.519251626388296,14.589260868784473,23.332981480561727,13.351135837700586,-1.240170467934637,51.43455634867355,2.0716054154926224,3.8136439301468865,-11.991951871506693,0.6489795918367378,8.714285714285715,17.39987246455246,29.04960353645742,1,3.0
61,13.957040506461972,28.539099724850207,23.349516887054115,24.95999314857756,22.44358254716489,15.443688614501072,24.077738591476198,0.7584082097262569,22.646132320974928,-17.426751826998505,14.814416266288108,23.309101788967638,13.415748096569946,-1.189569824067391,51.434348389531635,2.0709678103756044,3.8138830552211154,-11.992188740683977,0.6489795918367378,8.714285714285719,17.632822950341108,29.009934479088628,1,3.0500000000000003
62,14.269388172690956,28.51471460898255,23.455092213276878,24.90619556663248,22.602813190547206,15.57090550819224,24.249680586861476,0.7459808891415107,22.715629445663645,-17.33648385155157,15.03980985174025,23.285248690652168,13.478345616305658,-1.1390707381413925,51.43413284202207,2.070306939235991,3.8141400820587816,-11.992443342740163,0.6489795918367378,8.714285714285715,17.869153024801278,28.967885564696477,1,3.1
63,14.587567806255132,28.49026038694122,23.565521874602915,24.846191546839073,22.762877129385483,15.702335190772171,24.425663105143528,0.7341746820925718,22.78405057135042,-17.247612945725226,15.265400840600284,23.261328365573913,13.539367822593887,-1.0887588125594396,51.43391405923226,2.0696361486903276,3.8144141851523568,-11.992714859955477,0.6489795918367378,8.714285714285715,18.108676563569418,28.923229209456082,1,3.1500000000000004
64,14.911226816331778,28.465620248848026,23.680822528292275,24.78022939812788,22.924032257306628,15.837201811043064,24.605320213866,0.7234842096063292,22.851929159311332,-17.159304355197193,15.49114844832769,23.237246993691432,13.599254141120893,-1.038719649724327,51.433696394250006,2.0689687853551764,3.814704538994267,-11.993002474610181,0.6489795918367378,8.714285714285715,18.35120744228196,28.87573782954243,1,3.2
65,15.240012612098297,28.440677384824767,23.801010831605012,24.70855742942936,23.0865364679376,15.974729517807075,24.788285980572738,0.7144040927096288,22.91979867082256,-17.070723325645137,15.717011890381821,23.212910754963314,13.658443997572794,-0.9890388520389012,51.4334842001628,2.0683181958470955,3.8150103180768835,-11.993305368984524,0.6489795918367378,8.714285714285715,18.596559536575306,28.82518384113049,1,3.25
66,15.573572602732034,28.415314984993184,23.926103441801217,24.63142394967399,23.25064765490534,16.114142459866404,24.974194472807415,0.7074289524293595,22.988192567160144,-16.981035102746763,15.942950382222115,23.188225829348113,13.717376817635811,-0.9398020219059228,51.43328183005821,2.0676977267826477,3.815330696892739,-11.993622725358698,0.6489795918367378,8.714285714285715,18.844546722085898,28.771339660395313,1,3.3000000000000003
67,15.911554197410387,28.38941623947512,24.05611701614094,24.549077267792313,23.416623711836806,16.254664786023223,25.162679758113807,0.7030534097924304,23.057644309600285,-16.889404932179836,16.168923139307978,23.163098396804426,13.77649202699615,-0.8910947617282241,51.43309363702385,2.0671207247783725,3.8156648499341905,-11.993953726012954,0.6489795918367378,8.714285714285719,19.09498287445016,28.713977703511873,1,3.35
68,16.253604805310637,28.362864338392342,24.19106821188427,24.461765692714785,23.58472253235891,16.395520645079664,25.35337590403563,0.7017720858256721,23.128687359419004,-16.794998059622042,16.394889377098806,23.137434637290816,13.836229051339973,-0.8430026739085991,51.4329239741474,2.0666005364508084,3.8160119516936866,-11.994297553227554,0.6489795918367378,8.714285714285715,19.347681869304502,28.65287038665521,1,3.4000000000000004
69,16.599371835610192,28.33554247186667,24.330973686291244,24.369737533371914,23.755202010098614,16.53593418583794,25.545916978116608,0.7040796015559982,23.201855177892448,-16.696979730751043,16.62080831105404,23.111140730765847,13.897027316353483,-0.7956113608498805,51.43277719451639,2.0661505084165572,3.81637117666366,-11.994653389282728,0.6489795918367378,8.714285714285715,19.60245758228539,28.587790126000314,1,3.45
70,16.948502697486397,28.307333830019846,24.475850096621976,24.273241098694193,23.928320038682834,16.675129557100203,25.739937047900483,0.7104705780102885,23.277681226296757,-16.594515191244593,16.84663915663306,23.084122857188106,13.959326247722878,-0.7490064249548525,51.43265765121837,2.065783987292148,3.8167416993365433,-11.995020416458708,0.6489795918367227,8.714285714285715,19.859123889029227,28.518509337722204,1,3.5
71,17.30064480011664,28.278121602973698,24.6257141001365,24.172524697612115,24.104334511738568,16.812330907668624,25.935070180931028,0.7214396362154076,23.356698965908024,-16.486769686780352,17.072341129295317,23.056287196516152,14.023565271134336,-0.703273468626304,51.43256969734099,2.0655143196941297,3.8171226942047785,-11.995397817035716,0.6489795918367378,8.714285714285715,20.117494665172472,28.444800437995923,1,3.5500000000000003
72,17.655445552678177,28.24778898085004,24.780582354094854,24.067836639056168,24.28350332289274,16.9467623863454,26.13095044475194,0.7374813971982451,23.439441858002347,-16.372908463036083,17.297873444500155,23.0275399287086,14.090183812274047,-0.6584980942670727,51.43251768597185,2.065354852239074,3.8175133357607685,-11.995784773294021,0.6489795918367378,8.714285714285715,20.37738378635148,28.366435842996424,1,3.6
73,18.012552364348487,28.216219153770606,24.940471515757153,23.959425231956867,24.46608436577225,17.07764814193269,26.327211906906975,0.7590904819856706,23.526443363855826,-16.252096765689444,17.52319531770707,22.997787233723955,14.159621296828224,-0.6147659042799622,51.4325059701985,2.0653189315434872,3.8179127984969523,-11.996180467513845,0.6489795918367227,8.714285714285715,20.638605128202748,28.283187968898783,1,3.6500000000000004
74,18.37161264430486,28.183295311857226,25.1053982423835,23.84753878524467,24.65233553400409,17.20421232323266,26.523488634939888,0.7867615116045735,23.618236944744588,-16.123499840418177,17.74826596437543,22.96693529152087,14.232317150483016,-0.5721625010677664,51.43253890310862,2.065419904223984,3.818320256905803,-11.99658408197542,0.6489795918367378,8.714285714285719,20.900972566362675,28.194829231877957,1,3.7
75,18.732273801724638,28.14890064523169,25.27537919123388,23.732425607850093,24.84251472121519,17.325679079047486,26.719414696394377,0.8209891070818333,23.715356061944775,-15.986282932899991,17.973044599964638,22.93489028205784,14.308710798924652,-0.5307734870332694,51.432620837789685,2.0656711168971094,3.8187348854797136,-11.996994798959001,0.6489795918367378,8.714285714285715,21.164299976467696,28.10113204810897,1,3.75
76,19.094183245785253,28.11291834401578,25.450431019568384,23.61433400870363,25.03687982103249,17.44127255817935,26.91462415881418,0.86226788944431,23.81833417673245,-15.839611288812543,18.197490439934093,22.901558385293505,14.389241667839293,-0.49068446457933784,51.432756127329384,2.066085916179392,3.8191558587111114,-11.997411800744828,0.6489795918367378,8.714285714285715,21.428401234154236,28.00186883376686,1,3.8000000000000003
77,19.45698838566399,28.07523159833127,25.630570384647122,23.493512296735773,25.23568872708291,17.550216909430414,27.10875108974309,0.9110924797189028,23.927704750383732,-15.682650153833599,18.421562699743262,22.8668457811864,14.474349182913164,-0.45198103610873175,51.432949124815295,2.06667764868738,3.8195823510924214,-11.997834269613113,0.6489795918367378,8.714285714285715,21.69309021505873,27.896812005026597,1,3.85
78,19.820336630538243,28.035723598300024,25.815813943730102,23.370208780877018,25.43919933299345,17.651736281602854,27.301429556724795,0.9679574989324814,24.044001244174815,-15.514564773640819,18.645220594851494,22.83065864969511,14.564472769832431,-0.414748804024274,51.43320418333504,2.067459661037657,3.8200135371161075,-11.998261387844126,0.6489795918367378,8.714285714285715,21.958180794817565,27.785733978063227,1,3.9000000000000004
79,20.18387538958533,27.994277534043754,26.006178354077434,23.24467177005785,25.647669532390985,17.745054823498858,27.492293627303038,1.0333575681119254,24.167757119381683,-15.334520393911935,18.868423340718273,22.792903170778217,14.66005185428327,-0.37907337072875374,51.43352565597611,2.0684452998467746,3.8204485912745567,-11.998692337718072,0.6489795918367227,8.714285714285715,22.22348684906722,27.668407169051747,1,3.95
80,20.54725207198269,27.950776595684264,26.20168027294917,23.11714957320877,25.861357218902516,17.829396683920578,27.680977369021573,1.1077873082841385,24.29950583728052,-15.141682260324668,19.091130152802947,22.753485524394275,14.761525861951908,-0.34504033862497946,51.43391789582621,2.0696479117312827,3.8208866880602557,-11.999126301515195,0.6489795918367378,8.714285714285719,22.48882225344414,27.544603994167165,1,4.0
81,20.91011408690757,27.905103973343383,26.40233635760537,22.987890499260278,26.080520286154957,17.90398601167021,27.86711484942413,1.1917413404759565,24.43978085914742,-14.935215618556667,19.313300246564943,22.712311890501883,14.8693342185245,-0.31273531011577405,51.434385255972884,2.0710808433077292,3.8213270019656065,-11.99956246151577,0.6489795918367378,8.714285714285719,22.754000883584695,27.41409686958451,1,4.05
82,21.272108843537413,27.857142857142847,26.608163265306143,22.85714285714285,26.305416627775244,17.968046955549905,28.050340136054412,1.2857142857142885,24.5891156462585,-14.714285714285714,19.534892837463666,22.669288449059597,14.983916349687272,-0.2822438876039604,51.434932089503725,2.0727574411926772,3.82176870748299,-12.000000000000007,0.6489795918367378,8.714285714285715,23.018836615125288,27.27665821147876,1,4.1000000000000005
83,21.63292510453008,27.806813247753126,26.81918344590887,22.725143692305128,26.5362303995713,18.020981456446815,28.23040279813997,1.3898919368550728,24.74789223147213,-14.478434706997923,19.75587447409331,22.624335046818757,15.105618149498554,-0.2536351946942236,51.43555890392474,2.074679261405226,3.82221075512801,-12.000437877384238,0.6489795918367227,8.714285714285715,23.775635526151326,27.049738083341637,1,4.15
84,21.992417046465768,27.75418238803907,27.035442519660805,22.592084996268213,26.772850806074885,18.06290262358799,28.407514411643444,1.5032247740705535,24.915886933975692,-14.228712411413314,19.976241037587037,22.577426197701907,15.234411385505366,-0.22691243979887105,51.43625082441534,2.0768006975748285,3.8226511995086896,-12.000874166629238,0.6489795918367076,8.714285714285715,24.521975222217478,26.82595406753809,1,4.2
85,22.350480199405176,27.699354331414142,27.256991899406405,22.458147497071337,27.015093313998694,18.09410135828548,28.582002054211134,1.6243544493620627,25.0927246445388,-13.966545556060353,20.19599574221285,22.528550082424307,15.370174293626967,-0.20206235253218838,51.436989130573394,2.079064352733435,3.823087871256112,-12.001306718831865,0.6489795918367378,8.714285714285715,25.257855703323713,26.605306164068125,1,4.25
86,22.707010093408925,27.642433131291895,27.48388299799024,22.323511922753752,27.262773390055482,18.114868561851267,28.75419280348947,1.7519226147308697,25.27803025393115,-13.693360869467496,20.415141802238637,22.477694881701236,15.51278510978257,-0.1790716625083644,51.43775510199671,2.081412829913025,3.823518601001366,-12.001733385088976,0.6489795918367227,8.714285714285715,25.983276969470083,26.387794372931722,1,4.3
87,23.06190225853784,27.583522841085752,27.716167228256797,22.18835900135471,27.51570650095794,18.125495135597404,28.924413737124794,1.8845709221783165,25.471428652922334,-13.410585080163232,20.633682431932378,22.424848776247984,15.66212206989129,-0.1579270993416509,51.43853001828311,2.083788732145591,3.823941219375623,-12.002152016497439,0.6489795918367227,8.714285714285715,26.69823902065656,26.173418694128923,1,4.3500000000000005
88,23.415052224852595,27.52272751420925,27.95389600305068,22.052869460913406,27.773708113418806,18.12627198083591,29.092991932763546,2.020941023705701,25.672544732281988,-13.11964491667599,20.851620845561996,22.36999994677983,15.81806340987242,-0.1386153926462899,51.43929515903046,2.086134662463119,3.8243535570099803,-12.002560464154094,0.6489795918367378,8.714285714285715,27.40274185688316,25.962179127659702,1,4.4
89,23.766355522413846,27.46015120407584,28.19712073521641,21.917224029469125,28.03659369415079,18.117489998878778,29.26025446805204,2.1596745713143366,25.88100338277976,-12.821967107534268,21.068960257395496,22.31313657401205,15.980487365645095,-0.12112327203649442,51.44003180383655,2.088393223897568,3.824753444535535,-12.002956579155844,0.6489795918367076,8.714285714285715,28.096785478149865,25.754075673524074,1,4.45
90,24.11570768128238,27.39589796409902,28.445892837598517,21.781603435061104,28.304178709866644,18.099440091038073,29.426528420636703,2.2994132170055503,26.09642949518529,-12.518978381266479,21.285703881700783,22.254246838659924,16.14927217312858,-0.10543746712651142,51.44072123229924,2.0905070194809467,3.825138712583421,-12.00333821259949,0.6489795918367227,8.714285714285715,28.78036988445669,25.549108331721996,1,4.5
91,24.463004231518823,27.330071847692317,28.70026372304152,21.646188405728548,28.576278627279027,18.072413158625793,29.592140868163906,2.4387986127806354,26.31844796026823,-12.212105466401137,21.501854932745843,22.19331892143877,16.32429606824205,-0.09154470753057808,51.44134472401636,2.0924186522451906,3.825507191784766,-12.003703215581982,0.6489795918367076,8.714285714285715,29.453495075803627,25.347277102253546,1,4.55
92,24.808140703183955,27.262776908269178,28.960284804389996,21.51115966951072,28.852708913100713,18.03670010295397,29.75741888827998,2.5764724106409003,26.5466836687982,-11.902775091466685,21.71741662479857,22.130341003063833,16.50543728690471,-0.0794317228629268,51.44188355858571,2.0940707252223274,3.8258567127706797,-12.0040494392001,0.6489795918367076,8.714285714285715,30.11616105219068,25.148581985118643,1,4.6000000000000005
93,25.151012626338442,27.19411719924311,29.226007494488478,21.37669795444687,29.133285034044377,17.992591825334646,29.92268955863138,2.711076262587662,26.780761511544842,-11.59241398499162,21.932392172126974,22.065301264250387,16.692574065035757,-0.06908524273776578,51.442319015605165,2.0954058414443026,3.8261851061722765,-12.004374734550712,0.6489795918367076,8.714285714285715,30.768367813617843,24.953022980317346,1,4.65
94,25.491515531043014,27.12419677402761,29.49748320618145,21.24298398857622,29.417822456822794,17.940379227079827,30.088279956864426,2.841251820622254,27.020306379277798,-11.282448875504354,22.14678478899897,21.998187885713765,16.885584638554427,-0.06049199676935643,51.44263237467248,2.096366603943125,3.826490202620644,-12.004676952730707,0.6489795918367227,8.714285714285715,31.41011536008513,24.76060008784963,1,4.7
95,25.82954494735835,27.05311968603615,29.77476335231356,21.110198499938,29.706136648148647,17.880353209501525,30.254517160625525,2.9656407367459443,27.264943162766695,-10.974306491533376,22.360597689682525,21.928989048169196,17.084347243379902,-0.05363871457193596,51.44280491538555,2.0968956157507397,3.8267698327469475,-12.004953944836974,0.6489795918367076,8.714285714285701,32.0414036915925,24.571313307715506,1,4.75
96,26.164996405345185,26.980989988682246,30.05789934572922,20.97852221657149,29.998043074734664,17.81280467391179,30.421728247561035,3.082884662960094,27.514296752781167,-10.669413561607149,22.573834088445594,21.85769293233199,17.288740115431377,-0.04851212575973193,51.44281791734226,2.0969354798991646,3.8270218271822753,-12.00520356196629,0.6489795918367076,8.714285714285715,32.662232808140025,24.385162639914938,1,4.800000000000001
97,26.497765435064203,26.907911735379358,30.346942599273056,20.848135866515882,30.293357203293557,17.73802452162262,30.590240295317418,3.1916252512659686,27.767992040090917,-10.369196814254149,22.7864971995561,21.78428771891745,17.498641490628103,-0.04509895994695256,51.44265266014029,2.0964287994203503,3.8272440165577852,-12.005423655215607,0.6489795918367227,8.714285714285715,33.27260270972765,24.202148084447966,1,4.8500000000000005
98,26.827747566576132,26.833988979540976,30.641944525789587,20.719220177810463,30.591894500538068,17.656303653946047,30.7603803815409,3.2905041536649,28.025653915465476,-10.075082978002813,22.998590237281967,21.70876158864081,17.71392960488921,-0.0433859467478689,51.44229042337758,2.09531817734631,3.827434231504521,-12.005612075681718,0.6489795918367227,8.714285714285715,33.87251339635539,24.022269641314583,1,4.9
99,27.15483832994166,26.759325774580617,30.942956538123305,20.591955878494424,30.893470433180866,17.567932972194104,30.932475583878006,3.378163022158214,28.286907269674572,-9.788498781381646,23.210116415891253,21.631102722217392,17.934482694133955,-0.043359815776694004,51.44171248665196,2.09354621670897,3.82759030265367,-12.005766674461531,0.6489795918367076,8.714285714285701,34.461964868023244,23.845527310514782,1,4.95
100,27.47893325522152,26.68402617391176,31.25003004911881,20.466523696607055,31.19790046793476,17.473203377678825,31.10685297997504,3.453243508747197,28.551376993487775,-9.510870952919056,23.421078949651843,21.55129930036245,18.160178994281566,-0.0450072966476506,51.44090012956119,2.0910555205403667,3.827710060636314,-12.005885302651869,0.6489795918367227,8.714285714285715,35.04095712473119,23.67192109204856,1,5.0
101,27.799927872476395,26.608194230947888,31.563216471620642,20.343104360187557,31.505000071512406,17.372405771712184,31.283839647478402,3.514387265433174,28.81868797767479,-9.243626221143577,23.631481052831653,21.469339503791293,18.39089674125116,-0.04831511897501457,51.43983463170313,2.087788691872451,3.827791336083534,-12.00596581134964,0.6489795918367076,8.714285714285701,35.60949016647929,23.50145098591592,1,5.050000000000001
102,28.11771771176701,26.531933999102502,31.882567218473273,20.221878597275172,31.814584710626523,17.265831055606267,31.46376266403448,3.560235944217455,29.088465113005217,-8.98819131458361,23.84132593969865,21.38521151321918,18.626514170962018,-0.05327001237296514,51.43849727267568,2.0836883337372027,3.8278319596265327,-12.006006051651662,0.6489795918367227,8.714285714285715,36.16756399326749,23.33411699211687,1,5.1000000000000005
103,28.432198303154074,26.45534953178907,32.208133702521295,20.10302713590916,32.126469851989846,17.153770130673067,31.646949107289615,3.5894311971013315,29.36033329024868,-8.745992961767655,24.05061682452086,21.29890350936141,18.866909519333312,-0.059858706455787856,51.4368693320766,2.0786970491666197,3.8278297618963766,-12.006003874654796,0.6489795918367076,8.714285714285715,36.71517860509578,23.1699191106514,1,5.15
104,28.743265176698284,26.378544882421107,32.53996733660925,19.986730704128746,32.44047096231511,17.036513898224594,31.833726054890235,3.6006146760861615,29.63391740017486,-8.518457891224152,24.25935692156613,21.21040367293326,19.11196102228429,-0.06806793083767161,51.434932089503725,2.0727574411926772,3.8277825735242157,-12.005957131455943,0.6489795918367227,8.714285714285715,37.25233400196421,23.00885734151951,1,5.2
105,29.050813862460352,26.301624104412078,32.87811953358165,19.87317002997318,32.75640350831501,16.914353259572877,32.02439839520648,3.592903355385647,29.908892315213404,-8.306620807642211,24.467549445102485,21.119700184650018,19.361546915734095,-0.07788441513287779,51.43268339051556,2.0658629042729357,3.8276891899866405,-12.005864628895162,0.6489795918367076,8.714285714285715,37.77903018387273,22.850931684721203,1,5.25
106,29.35473989050094,26.2246912511755,33.22264170628305,19.762525841481697,33.074082956702306,16.787579116029985,32.21918225950384,3.567315498063403,30.18513283443424,-8.109948320353377,24.675197609397824,21.02678122522695,19.615545435601973,-0.08929488895563395,51.43018734451323,2.0582099985675057,3.827552266142513,-12.005728996785406,0.6489795918367227,8.714285714285715,38.295267150821395,22.696142140256484,1,5.300000000000001
107,29.65493879088085,26.147850376124858,33.57358526755799,19.65497886669354,33.39332477418965,16.656482368907888,32.41827158977151,3.5253446893954488,30.462563738567326,-7.927515014849839,24.88230462872012,20.931634975379367,19.8738348178071,-0.10228608192016281,51.427524626858585,2.05004607566206,3.8273754216961926,-12.005553820682913,0.6489795918367076,8.714285714285715,38.80104490281016,22.544488708125346,1,5.3500000000000005
108,29.951306093660733,26.07120553267362,33.931001630251004,19.550709833647943,33.713944427489814,16.52135391951863,32.62186032799873,3.4684845146577836,30.741109808342607,-7.758395476623772,25.08887371733733,20.834249615822515,20.13629329826871,-0.11684472364071126,51.42477591291333,2.0416184871422716,3.8271622763520043,-12.005342686143827,0.6489795918367076,8.714285714285715,39.296363439839034,22.39597138832779,1,5.4
109,30.2437373289013,25.994860774235313,34.29494220720661,19.449899470384135,34.0357573833155,16.382484669174232,32.83014241617472,3.398228559126452,31.020695824490076,-7.601664291167355,25.294908089517392,20.734613327271706,20.402799112905996,-0.1329575437314972,51.42202187803936,2.033174584593841,3.826916449814254,-12.005099178724386,0.6489795918367227,8.714285714285715,39.781222761908026,22.250590180863824,1,5.45
110,30.532128026663255,25.918920154223354,34.66545841126938,19.352728504941382,34.35857910837945,16.240165519186732,33.04331179628872,3.3160704080774566,31.301246567739597,-7.456396043972806,25.50041095952824,20.632714290442216,20.673230497638123,-0.15061127180679648,51.419343197598415,2.0249617196023983,3.8266415617873353,-12.004826883980755,0.6489795918367076,8.714285714285701,40.255622869017124,22.108345085733447,1,5.5
111,30.816373717007327,25.843487726051322,35.04260165528381,19.259377665358898,34.682225069394356,16.09468737086813,33.26156241033003,3.223503646786847,31.58268681882123,-7.321665320532239,25.70538554163788,20.528540686049315,20.947465688384348,-0.16979263748078355,51.41682054695234,2.0172272437536933,3.8263412319756287,-12.004529387469136,0.6489795918367076,8.714285714285715,40.71956376116638,21.969236102936645,1,5.550000000000001
112,31.09636992999418,25.76866754313266,35.426423352094524,19.17002767967595,35.00651073307295,15.946341125530463,33.48508820028781,3.122021860530633,31.864941358464876,-7.1965467063378865,25.909835050114214,20.42208069480832,21.225382921063883,-0.1904883703677197,51.4145346014629,2.0102185086333746,3.8260190800834315,-12.004210274745743,0.6489795918367227,8.714285714285715,41.173045438355686,21.833263232473413,1,5.6000000000000005
113,31.37201219568457,25.694563658880856,35.816974914545966,19.084859275931752,35.33125156612796,15.79541768448576,33.71408310815133,3.0131186345848233,32.14793496740051,-7.080114786881919,26.11376269922519,20.313322497434466,21.506860431595904,-0.21268520008184708,51.41256603649191,2.004182865827139,3.82567872581513,-12.003873131366738,0.6489795918367227,8.714285714285715,41.61606790058512,21.70042647434378,1,5.65
114,31.643196044139174,25.62128012670941,36.214307755482714,19.004053182165553,35.65626303527208,15.642207949046007,33.94874107590985,2.8982875542254525,32.43159242635808,-6.971444147656525,26.31717170323877,20.202254274643067,21.791776455899644,-0.23636985623738355,51.41099552740119,1.999367666920664,3.825323788875029,-12.00352154288835,0.6489795918367378,8.714285714285719,42.04863114785471,21.570725828547726,1,5.7
115,31.909817005418724,25.548921000031818,36.618473287749325,18.927790126416593,35.981360607218086,15.487002820523271,34.189256045552526,2.779022204728553,32.71583851606753,-6.869609374153878,26.52006527642294,20.08886420714939,22.080009229894237,-0.26152906844857116,51.4099037495525,1.9960202634996171,3.824957888967509,-12.003159094866746,0.6489795918367227,8.714285714285715,42.47073518016439,21.44416129508525,1,5.75
116,32.17177060958389,25.477590332261556,37.029522924190275,18.85625083672414,36.30635974867864,15.330093200229582,34.435821959068676,2.6568161713701106,33.00059801725885,-6.773685051866143,26.722446633045564,19.973140475668735,22.371436989498964,-0.28814956632965677,51.40937137830766,1.9943880071496956,3.8245846457968895,-12.002789372858112,0.6489795918367076,8.714285714285715,42.882379997514185,21.320732873956363,1,5.800000000000001
117,32.42895238669545,25.407392176812145,37.44750807765019,18.789616041127374,36.6310759263665,15.171769989476942,34.68863275844748,2.5331630394262032,33.285795710661965,-6.6827457662855245,26.924318987374694,19.855071260916382,22.665937970632996,-0.3162180794948728,51.40947908902851,1.9947182494565572,3.8242076790675643,-12.002415962418677,0.6489795918367378,8.714285714285715,43.28356559990408,21.20044056516106,1,5.8500000000000005
118,32.68125786681405,25.338430587097008,37.87248016097355,18.72806646766558,36.955324606994324,15.012324089577355,34.94788238567823,2.4095563941728013,33.57135637700685,-6.595866102904197,27.125685553678224,19.734644743607596,22.96339040921555,-0.34572133755839846,51.410307557076784,1.9972583420059475,3.8238306084838154,-12.002042449104627,0.6489795918367076,8.714285714285715,43.67429198733412,21.083284368699342,1,5.9
119,32.9285825800004,25.270809616529718,38.3044905870049,18.671782844377983,37.27892125727493,14.85204640184289,35.21376478275011,2.287489820885977,33.85720479702347,-6.512120647214336,27.326549546224125,19.611849104457676,23.26367254116584,-0.3766460701345241,51.41193745781428,2.0022556363834956,3.8234570537500763,-12.001672418472127,0.6489795918367227,8.714285714285715,44.05455915980422,20.969264284571203,1,5.95
120,33.17082205631521,25.20463331852369,38.743590768588824,18.620945899303816,37.601681343920944,14.691227827585541,35.4864738916524,2.168456904841701,34.14326575144173,-6.430583984708157,27.526914179280322,19.486672524181888,23.566662602403007,-0.4089790068374822,51.41444946660287,2.0099574841748984,3.8230906345706512,-12.001309456077381,0.6489795918367378,8.714285714285719,44.42436711731449,20.858380312776653,1,6.0
121,33.40787182581923,25.140005746492474,39.18983211856978,18.57573636048233,37.923420333645154,14.530159268117322,35.76620365437432,2.053951231316027,34.42946402099164,-6.350330700877784,27.726782667114765,19.359103183495538,23.87223882884635,-0.44270687728147123,51.417924258804305,2.0206112369658284,3.822734970649867,-12.000957147476626,0.6489795918367378,8.714285714285715,44.78371585986486,20.750632453315674,1,6.050000000000001
122,33.639627418573106,25.077030953849516,39.64326604979236,18.53633495595277,38.24395369316024,14.36913162475028,36.053148012905076,1.945466385584978,34.715724386403146,-6.270435381215452,27.92615822399543,19.229129263113887,24.180279456415,-0.4778164110807478,51.4224425097804,2.034464246341987,3.822393681692118,-12.00061907822601,0.6489795918367378,8.714285714285715,45.132605387455314,20.646020706188285,1,6.1000000000000005
123,33.86598436463759,25.015812994008314,40.10394397510111,18.50292241375436,38.56309688917896,14.208435798796433,36.34750090923394,1.844495952924555,35.001971628406174,-6.18997261121331,28.12504406419023,19.096738943752232,24.4906627210282,-0.5142943378495588,51.428084894892926,2.051763863889038,3.822070387401702,-12.000298833881741,0.6489795918367378,8.714285714285715,45.471035700085906,20.54454507139449,1,6.15
124,34.086838194073366,24.956455920382393,40.571917307340506,18.475679461926358,38.88066538841401,14.048362691567819,36.64945628535016,1.7525335186108058,35.2881305277307,-6.108016976363555,28.32344340196719,18.961920406125852,24.80326685860514,-0.5521273872021075,51.434932089503725,2.0727574411926772,3.82176870748299,-12.000000000000007,0.6489795918367378,8.714285714285715,45.79900679775661,20.446205548934266,1,6.2
125,34.30214209638055,24.89903001519221,41.04698034689821,18.454563298711296,39.196407704268104,13.889119212411996,36.959012190380214,1.670716688296051,35.57411817844533,-6.023822934232841,28.52136884321078,18.824690004268348,25.117914908584616,-0.5913205769971671,51.44302613054729,2.097550485141367,3.82149152692881,-11.999725434356698,0.6489795918367378,8.714285714285715,46.11651868046745,20.35100213880764,1,6.25
126,34.51207989881681,24.843470475886324,41.527898944333835,18.438637003165006,39.50980453690417,13.730576302818859,37.27538310199976,1.5987591491378819,35.85982092797316,-5.9373644306858715,28.718870560272205,18.685176785486668,25.434209124483537,-0.6319520780715765,51.45225450124876,2.125681123834858,3.8212387918858077,-11.999475083606557,0.6489795918367679,8.714285714285719,46.42357134821841,20.258934841014582,1,6.300000000000001
127,34.716893088079246,24.789678728720254,42.01318183775024,18.426740124546566,39.82026963317512,13.57252091231385,37.59758760502176,1.5360186086701477,36.14511743707588,-5.848795283661769,28.91600811711915,18.543537970406092,25.751696563338484,-0.6741183495066915,51.46246604640604,2.1565456406756573,3.821009713789124,-11.999248166623984,0.6489795918367378,8.714285714285719,46.720164801009396,20.17000365555511,1,6.3500000000000005
128,34.91682315086487,24.737556199949562,42.501337765250085,18.41771221211512,40.12721673993383,13.414739990422397,37.92464428425913,1.481852774426775,36.42988636651528,-5.75826931109971,29.112841077719366,18.399930779651854,26.069924282186008,-0.7179158503838817,51.47350961081708,2.189540319066256,3.8208035040738673,-11.999043902283377,0.6489795918367679,8.714285714285719,47.006299038840595,20.084208582429216,1,6.4
129,35.11211157387077,24.68700431582975,42.990875464936124,18.41039281512982,40.43005960403317,13.257020486669928,38.25557172452481,1.435619353941628,36.71400637705306,-5.665940330938854,29.3094290060406,18.25451243384922,26.38843933806266,-0.7634410397844934,51.48523403927971,2.224061442409176,3.820619374175125,-11.998861509459164,0.6489795918367679,8.714285714285719,47.28197406171188,20.001549621636922,1,6.45
130,35.30299984379408,24.637924502616425,43.480303674911134,18.403621482849726,40.72821197232608,13.099149350581918,38.58938851063175,1.3966760547486035,36.99735612945093,-5.57196216111835,29.50583146605055,18.107440153623486,26.706788788004904,-0.8107903767899108,51.49748817659178,2.259505294106932,3.8204565355280877,-11.998700207025772,0.6489795918367679,8.714285714285719,47.54718986962324,19.92202677317819,1,6.5
131,35.48972944733178,24.59021818656508,43.96813113327783,18.39623776453399,41.02108759166547,12.940913531683755,38.92511322739282,1.3643805843815853,37.279814284470696,-5.476488619577372,29.70210802171699,17.95887115959989,27.02451968904936,-0.8600603204814461,51.51012086755123,2.295268157562056,3.8203141995678127,-11.998559213857591,0.6489795918367378,8.714285714285715,47.801946462574776,19.84564003705306,1,6.550000000000001
132,35.67254187118097,24.543786793931265,44.452866578138945,18.387081209441725,41.30810020890423,12.782099979500906,39.261764459621055,1.3380906503744514,37.56125950287404,-5.379673524255069,29.898318237007658,17.80896267240367,27.341179098232544,-0.9113473299405128,51.52298095695594,2.3307463161770388,3.820191577729485,-11.998437748829048,0.6489795918367679,8.714285714285719,48.04624384056637,19.772389413261507,1,6.6000000000000005
133,35.851678602038746,24.49853175097055,44.933018747597295,18.374991366832045,41.58866357089527,12.622495643558814,39.59836079212931,1.3171639602611136,37.841570445422704,-5.2816706930905895,30.09452167589025,17.657871912660177,27.656314072590977,-0.9647478642484569,51.535917289603816,2.3653360533544348,3.820087881448183,-11.998335030814577,0.6489795918367378,8.714285714285719,48.28008200359811,19.702274901803538,1,6.65
134,36.02738112660217,24.454354483938413,45.40709637975555,18.358807785964085,41.86219142449146,12.461887473382918,39.93392080973056,1.3009582215754556,38.120625772878405,-5.182633944023113,30.290777902332533,17.50575610099458,27.969471669161205,-1.0203583824866336,51.54877871029269,2.398433652496694,3.8200023221590538,-11.998250278688538,0.6489795918367378,8.714285714285719,48.503460951669965,19.63529650267915,1,6.7
135,36.19989093156828,24.41115641909046,45.87360821271649,18.33737001609694,42.12809751654574,12.300062418498664,40.26746309723771,1.2888311418513458,38.39830414600291,-5.082717094991783,30.48714648030226,17.352772458032224,28.280198944979777,-1.0782753437364085,51.561414063820486,2.4294353970063782,3.8199341112972287,-11.9981827113254,0.6489795918367378,8.714285714285719,48.716380684781896,19.57145421588835,1,6.75
136,36.36944950363418,24.36883898268219,46.33106298458285,18.309517606489752,42.385795593911006,12.13680742843146,40.598006239463714,1.280140428622672,38.67448422555792,-4.982073963935772,30.68368697376712,17.199078204398297,28.588042957083246,-1.1385952070791125,51.57367219498508,2.4577375702859867,3.819882460297787,-11.998131547599547,0.6489795918367378,8.714285714285715,48.91884120293398,19.510748041431125,1,6.800000000000001
137,36.53629832949696,24.32730360096916,46.777969433457415,18.274090106401616,42.63469940344016,11.971909452706772,40.924568821221506,1.2742437894233225,38.94904467230516,-4.880858368794232,30.88045894669488,17.044830560718122,28.892550762508083,-1.201414431596145,51.58540194858433,2.4827364557380482,3.8198465805958914,-11.998096006385408,0.6489795918367679,8.714285714285719,49.11084250612617,19.453177979307483,1,6.8500000000000005
138,36.70067889585359,24.28645170020693,47.21283629744283,18.229927065091672,42.8742226919861,11.805155440850035,41.246169427324,1.2704989317871946,39.22186414700641,-4.779224127506329,31.07752196305327,16.890186747616916,29.193269418290896,-1.2668294763688568,51.59645216941618,2.5038283367650602,3.8198256836266644,-11.998075306557404,0.6489795918367378,8.714285714285715,49.29238459435848,19.398744029517434,1,6.9
139,36.862832689401245,24.246184706651007,47.634172314641944,18.175868031819036,43.103779206401725,11.636332342386666,41.56182664258417,1.268263563248186,39.492821310423395,-4.677325058011184,31.274935586810045,16.73530398572,29.489745981468204,-1.3349368004786126,51.60667170227844,2.5204094967695534,3.819818980825202,-11.998068666989917,0.6489795918367378,8.714285714285715,49.4634674676309,19.34744619206096,1,6.95
140,37.023001196836944,24.206404046556937,48.040486223157444,18.110752555842808,43.32278269353993,11.465227106842143,41.87055905181492,1.266895391340165,39.76179482331776,-4.57531497824802,31.47275938193288,16.580339495652623,29.781527509076533,-1.4058328630067731,51.61590939196907,2.531876219154024,3.8198256836266644,-11.998075306557404,0.6489795918367378,8.714285714285719,49.62409112594343,19.299284466938087,1,7.0
141,37.181425904857775,24.167011146180297,48.43028676109206,18.033420186422138,43.530646900253664,11.291626683741882,42.17138523982918,1.2657521235970106,40.02866334645139,-4.473347706155945,31.671052912389584,16.42545049804,30.068161058152445,-1.4796141230346793,51.62401408328588,2.537624787321022,3.8198450034661544,-11.998094444134255,0.6489795918367679,8.714285714285715,49.774255569296116,19.254258854148773,1,7.050000000000001
142,37.33834830016082,24.127907431776592,48.802082666548614,17.94271047281612,43.72678557339577,11.115318022611309,42.463323791439905,1.2641914675526247,40.29330554058586,-4.3715770596741175,31.86987574214785,16.270794213507447,30.349193685732445,-1.5563770396437109,51.630834621026835,2.5370514846729955,3.8198761517787663,-11.998125298594864,0.6489795918367378,8.714285714285715,49.91396079768884,19.212369353693067,1,7.1000000000000005
143,37.493980128543775,24.089009170123546,49.15470967271857,17.837790104657458,43.91076527101538,10.936185406357854,42.74556601490542,1.2617149563842802,40.555585748897045,-4.270138895889492,32.06925757797783,16.116504362176094,30.624298388217507,-1.6361763444378072,51.63624260107945,2.5297088969838777,3.819918339999683,-11.998167088813695,0.6489795918367679,8.714285714285719,49.20971118923387,18.27203011963829,1,7.15
144,37.648414172207055,24.050291990087555,49.488311493148714,17.719134333073118,44.0827637959463,10.754502451416805,43.01799411226561,1.2583994258427653,40.815311044216614,-4.1690972284797345,32.26910869785925,15.96262066215049,30.893651919466187,-1.7188998591112477,51.640200623690006,2.515774819512813,3.8199707795639704,-11.99821903366515,0.6489795918367378,8.714285714285715,48.535069672425635,17.37122466719543,1,7.2
145,37.80171347245165,24.011746361057206,49.803358836474516,17.58754554956366,44.243111762218575,10.570640107605435,43.28066300900582,1.2544655373222682,41.072274181790384,-4.068498110270401,32.46930952257416,15.809159331031099,31.15755697270147,-1.8043936778809484,51.642694040194456,2.4955833498904267,3.8200326819068042,-11.998280352023585,0.6489795918367378,8.714285714285719,47.890036247264206,16.509952996364504,1,7.25
146,37.95394107057864,23.973362752421078,50.10032241133154,17.443826145629618,44.39213978386227,10.384969324740984,43.53362763061131,1.2501339522169617,41.32626791686411,-3.9683875940869844,32.66974047290475,15.656136586418375,31.41631624114627,-1.8925038949637292,51.643708201928796,2.4694685857472174,3.8201032584632717,-11.99835026276348,0.6489795918367679,8.714285714285715,47.274610913749484,15.68821510714546,1,7.300000000000001
147,38.10516000788902,23.935131633567746,50.37967292635525,17.28877851277155,44.53017847490738,10.197861052640764,43.77694290256743,1.2456253319210235,41.577085004683575,-3.868811732754956,32.87028196963311,15.50356864591276,31.670232418023595,-1.9830766045765111,51.64322846022896,2.437764624713761,3.820181720668519,-11.998427984759251,0.6489795918367378,8.714285714285715,46.68879367188156,14.906010999538358,1,7.3500000000000005
148,38.25543332568386,23.89704347388576,50.64188109018125,17.12320504248999,44.657558449383934,10.009686241121987,44.01066375035946,1.2411603378286613,41.824518200494545,-3.7698165790998575,33.07081443354133,15.351471727114717,31.9196081965564,-2.0759579009361575,51.64124016643086,2.4008055644205855,3.820267279957641,-11.998512736885267,0.6489795918367679,8.714285714285715,46.13258452166035,14.163340673543152,1,7.4
149,38.404824065264194,23.85908874276373,50.88741761144501,16.947908126285512,44.77461032132205,9.820815840001963,44.234845099472686,1.2369596313340046,42.06836025954282,-3.67144818594714,33.27121828541158,15.199862047624675,32.16474626996769,-2.170993878259531,51.63772867187051,2.3589255024983156,3.8203591477657763,-11.99860373801596,0.6489795918367378,8.714285714285715,45.605983463085934,13.460204129159862,1,7.45
150,38.55339526793106,23.8212579095902,51.11675319878204,16.763690155658647,44.88166470475161,9.631620799097925,44.44954187539246,1.2332438738312748,42.308403937074125,-3.5737526061223037,33.47137394602586,15.04875582504309,32.40594933148034,-2.2680306307635196,51.63267932788386,2.312458536577416,3.820456535528065,-11.998700207025784,0.6489795918367378,8.714285714285715,45.108990496158235,12.796601366388483,1,7.5
151,38.701209974985474,23.783541443753776,51.33035856082794,16.57135352210995,44.97905221370277,9.442472068227161,44.65480900360404,1.2302337267146495,42.54444198833426,-3.4767758924508763,33.67116183616637,14.898169276970409,32.64352007431743,-2.366914252664986,51.62607748580685,2.261738764288497,3.820558654679593,-11.998801362789097,0.6489795918367679,8.714285714285715,44.64160562087731,12.172532385229012,1,7.550000000000001
152,38.8483312277285,23.74592981464301,51.5287044062181,16.371700617139947,45.0671034622055,9.25374059720691,44.850701409592766,1.2281498513782931,42.77626716856898,-3.3805640977583145,33.87046237661522,14.748118621007107,32.87776119170188,-2.4674908381808076,51.61790849697546,2.207100283262126,3.8206647166555303,-11.99890642418034,0.6489795918367378,8.714285714285715,44.20382883724316,11.587997185681457,1,7.6000000000000005
153,38.99482206746113,23.708413491646496,51.71226144358815,16.165533832249206,45.14614906428982,9.065797335854459,45.037274018843924,1.2272129092163828,43.003672233024105,-3.2851632748701305,34.06915598815452,14.598620074753576,33.10897537685665,-2.569606481527916,51.60815771272564,2.1488771911287854,3.8207739328909622,-11.999014610073928,0.6489795918367378,8.714285714285715,43.795660145255724,11.042995767745813,1,7.65
154,39.140745535484456,23.6709829441528,51.88150038157359,15.953655558938259,45.21651963398585,8.879013233987056,45.21458175684282,1.2276435616231067,43.22644993694536,-3.1906194766118534,34.26712309156635,14.449689855810304,33.33746532300469,-2.6731072769231066,51.59681048439329,2.0874035855190916,3.820885514821015,-11.999125139344264,0.6489795918367378,8.714285714285715,43.41709954491506,10.537528131422073,1,7.7
155,39.28616467309947,23.6336286415505,52.03689192880994,15.73686818870768,45.27854578532354,8.69375924142201,45.38267954907476,1.2296624699926673,43.44439303557853,-3.0969787558089004,34.46424410763286,14.301344181777738,33.563533723368984,-2.777839318583285,51.58385216331442,2.0230135640635964,3.8209986738808333,-11.99923723086579,0.6489795918367378,8.714285714285715,43.06814703622118,10.071594276710265,1,7.75
156,39.431142521607235,23.596341053228166,52.178906793932725,15.515974113057986,45.332558132332935,8.510406307976536,45.54162232102503,1.2334902957191938,43.65729428416938,-3.0042871652868244,34.66039945713614,14.153599270256326,33.78748327117254,-2.883648700725354,51.56926810082505,1.9560412243928462,3.8211126215055278,-11.999350103512883,0.6489795918367378,8.714285714285715,42.74880261917403,9.645194203610352,1,7.800000000000001
157,39.575742122308775,23.55911064857439,52.30801568557744,15.291775723489764,45.37888728904408,8.329325383467898,45.691464998178965,1.2393477001969126,43.864946437963695,-2.9125907578711145,34.855469560858296,14.006471338846502,34.009616659638255,-2.9903815175661475,51.55304364826098,1.8868206641373746,3.821226569130222,-11.99946297615998,0.6489795918367679,8.714285714285719,42.45906629377363,9.25832791212236,1,7.8500000000000005
158,39.72002651650517,23.52192789697773,52.42468931237964,15.065075411503521,45.417863869487014,8.150887417713404,45.83226250602191,1.2474553448199825,44.067142252207205,-2.8219355863872657,35.04933483958146,13.859976605148724,34.23023658198916,-3.0978838633225667,51.53516415695834,1.8156859809277575,3.8213397281900257,-11.999575067681503,0.6489795918367378,8.714285714285715,42.19893806001999,8.910995402246277,1,7.9
159,39.864058745497374,23.484783267826757,52.5293983829748,14.836675568599821,45.449818487691765,7.97546336053028,45.96406977003906,1.258033890982591,44.26367448214578,-2.7323677036607332,35.24187571408774,13.71413128676343,34.44964573144816,-3.206001832211486,51.51561497825292,1.742971272394513,3.8214513101201004,-11.999685596951851,0.6489795918367378,8.714285714285715,41.96841791791311,8.603196673982085,1,7.95
160,40.00790185058644,23.44766723051007,52.62261360599847,14.607378586279225,45.47508175768835,7.803424161735822,46.08694171571576,1.271304000078907,44.4543358830251,-2.6439331625170843,35.432972605159236,13.568951601291088,34.6681468012383,-3.314581518449776,51.4943814634808,1.6690106361682657,3.82156052635551,-11.999793782845451,0.6489795918367378,8.714285714285715,41.767505867453,8.334931727329835,1,8.0
161,40.15161887307351,23.410570254416218,52.70480569008624,14.377986856042263,45.493984293506806,7.635140771147258,46.200933268537376,1.2874863335031368,44.63891921009096,-2.556678015781755,35.6225059335781,13.424453766332128,34.886042484582475,-3.4234690162543115,51.47144896397786,1.5941381698795147,3.8216665883314396,-11.999898844236691,0.6489795918367378,8.714285714285715,41.59620190863962,8.106200562289498,1,8.05
162,40.295272854259515,23.373482808933797,52.77644534387357,14.149302769389488,45.50685670917714,7.470984138581898,46.30609935398917,1.3068015526494154,44.81721721858916,-2.470648316280274,35.81035612012637,13.280653999487017,35.103635474703694,-3.5325104198419646,51.44680283108017,1.5186879711588406,3.82176870748299,-12.000000000000007,0.6489795918367378,8.714285714285715,41.454506041472996,7.917003178861059,1,8.1
163,40.4389268354455,23.336395363451388,52.83800327599589,13.922128717821435,45.514029618729445,7.311325213856969,46.40249489755643,1.3294703189119839,44.989022663765404,-2.3858901168381217,35.99640358558625,13.137568518356183,35.32122846482491,-3.6415518234296274,51.42042841612359,1.4429941376367668,3.821866095245271,-12.000096469009794,0.6489795918367378,8.714285714285715,42.90021039503989,6.899744130740189,1,8.15
164,40.582643857932545,23.299298387357542,52.88995019508892,13.697267092838679,45.515833636193726,7.1565349467897725,46.49017482472447,1.3557132936849614,45.15412830086556,-2.302449470280797,36.180528750739796,12.995213540540078,35.53912414816909,-3.7504393212341576,51.39231107044406,1.367390766943879,3.821957963053407,-12.000187470140533,0.6489795918367378,8.714285714285715,44.258296302936095,5.944137146141785,1,8.200000000000001
165,40.72648696302164,23.262182350040845,52.93275680978803,13.475520285941743,45.512599375599976,7.006984287197541,46.569194060978596,1.3857511383625558,45.312326885135356,-2.220372429433785,36.36261203636912,12.853605283639148,35.7576252179592,-3.859019007472463,51.36243614537756,1.29221195671071,3.8220435223425437,-12.000272222266528,0.6489795918367378,8.714285714285715,45.5287637651616,5.050182225065883,1,8.25
166,40.870519192013845,23.225037720889883,52.966893828728786,13.25769068863119,45.5046574509783,6.863044184897527,46.639607531804124,1.419804514338959,45.46341117182052,-2.1397050471226184,36.542533863256345,12.712759965253866,35.97703436741823,-3.9671369763613766,51.3307889922601,1.217791804567831,3.822121984547776,-12.000349944262323,0.6489795918367227,8.714285714285701,46.71161278171638,4.21787936751245,1,8.3
167,41.01480358621021,23.187854969293216,52.99283196054674,13.044580692407564,45.492338476358704,6.725085589707068,46.70147016268637,1.45809408300834,45.60717391616693,-2.0604933761727198,36.7201746521836,12.572693802984661,36.197654289769105,-4.074639322117783,51.29735496242759,1.1444644081458089,3.822192561104236,-12.000419855002198,0.6489795918367378,8.714285714285701,47.80684335260036,3.447228573481471,1,8.35
168,41.15940318691175,23.15062456463944,53.011041913877364,12.836992688771414,45.47597306577115,6.593479451443351,46.75483687911059,1.5008405057648668,45.743407873420225,-1.9827834694096744,36.89541482393298,12.433423014431973,36.41978767823485,-4.18137213895859,51.26211940721602,1.0725638650751566,3.822254463447077,-12.00048117336066,0.6489795918367378,8.714285714285701,48.8144554778137,2.738229842973,1,8.4
169,41.30438103541954,23.1133369763171,53.0219943973562,12.635729069223279,45.455891833245744,6.468596719923654,46.799762606562126,1.5482644440027367,45.871905798826276,-1.906621379658915,37.06813479928659,12.294963817196255,36.643737226038404,-4.287181521100663,51.22506767796131,1.0024242729864505,3.82230690301138,-12.00053311821208,0.6489795918367378,8.714285714285715,49.73444915735627,2.0908831759869826,1,8.450000000000001
170,41.449800173034546,23.075982673714797,53.02616011961879,12.441592225263724,45.43242539281251,6.350808344965298,46.83630227052627,1.6005865591161277,45.99246044763086,-1.8320531597459597,37.23821499902654,12.157332428877986,36.869805626402695,-4.391913562760847,51.18618512599942,0.9343797295102476,3.822349091232267,-12.000574908430915,0.6489795918367227,8.714285714285715,50.566824391228145,1.5051885725234635,1,8.5
171,41.59572364105788,23.038552126221113,53.02400978930063,12.255384548393266,45.40590435850148,6.2404852763854874,46.864510796488354,1.6580275124992179,46.10486457507967,-1.7591248624962885,37.405535843935,12.020545067077581,37.09829557255073,-4.495414358156028,51.14545710266633,0.8687643322770998,3.8223802395449087,-12.000605762891515,0.6489795918367378,8.714285714285715,51.311581179429275,0.9811460325824035,1,8.55
172,41.742214480790516,23.001035803224582,53.01601411503729,12.077908430112494,45.37665934434263,6.137998464001526,46.88444310993363,1.7208079655461757,46.20891093641855,-1.6878825407354012,37.56997775479401,11.884617949395478,37.3295097577055,-4.597530001503117,51.10286895929796,0.8059121789175737,3.8223995593843987,-12.000624900468376,0.6489795918367378,8.714285714285715,51.96871952195969,0.5187555561638172,1,8.6
173,41.88933573353353,22.963424174113825,53.00264380546422,11.909966261921937,45.345020964366086,6.043718857630652,46.89615413634744,1.7891485796511888,46.30439228689324,-1.6183722472888302,37.731421152385714,11.749567293432163,37.56375087508993,-4.6981065870189385,51.05840604723027,0.7461573670622115,3.8224062621858383,-12.000631540035842,0.6489795918367378,8.714285714285715,52.538239418819394,0.11801714326772383,1,8.65
174,42.037150440587936,22.9257077082774,52.98436956921699,11.75236043532213,45.31131983260184,5.958017407090133,46.89969880121514,1.8632700162084495,46.391101381749465,-1.5506400349820222,37.889746457492215,11.615409316788064,37.80132161792704,-4.796990208920424,51.0120537177993,0.6898339943415462,3.8223995593843987,-12.000624900468376,0.6489795918367378,8.714285714285715,53.02014087000836,-0.22106920610590064,1,8.700000000000001
175,42.185721643254816,22.887876875103892,52.96166211493112,11.605893341813612,45.27588656307989,5.881265062197258,46.89513203002189,1.9433929366121168,46.46883097623311,-1.484731956640486,38.044834090895655,11.482160237063624,38.04252467943969,-4.894026961424408,50.96379732234091,0.637276158386173,3.822378662415149,-12.000604200640376,0.6489795918367227,8.714285714285715,53.4144238755266,-0.49850349195704186,1,8.75
176,42.33511238283514,22.849922143981853,52.934992151242106,11.471367372896971,45.239051769830304,5.81383277276928,46.88250874825316,2.029738002256388,46.53737382558989,-1.4206940650897208,38.19656447337811,11.349836271859308,38.28766275285097,-4.989062938747787,50.91362221219109,0.5888179568266154,3.8223427827132834,-12.000568659426223,0.6489795918367378,8.714285714285715,53.72108843537416,-0.7142857142857094,1,8.8
177,42.48538570062996,22.811833984299867,52.9048303867855,11.349584920072731,45.201146066883105,5.756091488623456,46.86188388139412,2.122525874535441,46.59652268506552,-1.358572413155231,38.344818025721715,11.218453638775543,38.53703853138381,-5.081944235107428,50.861513738685815,0.5447934872934588,3.8222911317138415,-12.00051749570037,0.6489795918367378,8.714285714285715,53.72108843537416,-0.7142857142857094,1,8.85
178,42.636604637940344,22.773602865446534,52.87164753019682,11.241348374841444,45.162500068268294,5.708412159577062,46.83331235493015,2.2219772148434633,46.64607030990589,-1.2984130536625111,38.489475168708566,11.088028555412802,38.79095470826113,-5.1725169447201855,50.807457253160976,0.5055368474172215,3.8222229208520093,-12.000449928337234,0.6489795918367378,8.714285714285715,53.72108843537416,-0.7142857142857094,1,8.9
179,42.78883223606736,22.735219256810396,52.83591429011155,11.147460128703651,45.12344438801598,5.671165735447343,46.796849094346506,2.3283126845746045,46.68580945535666,-1.2402620394370552,38.63041632312076,10.9585772393715,39.04971397670596,-5.260627161802976,50.75143810695264,0.4713821348284702,3.82213736156288,-12.000365176211211,0.6489795918367378,8.714285714285715,53.72108843537416,-0.7142857142857094,1,8.950000000000001
180,42.942131536311955,22.696673627780058,52.79810137516528,11.068722573159919,45.0843096401561,5.644723166051588,46.752549025128545,2.441752945123076,46.71553287666369,-1.1841654233043437,38.767521909740466,10.830115908252116,39.313619029941194,-5.3461209805726675,50.69344165139669,0.44266344715778105,3.8220336652815927,-12.000262458196737,0.6489795918367378,8.714285714285715,53.72108843537416,-0.7142857142857094,1,9.0
181,43.09656557997521,22.65795644774407,52.758679493993455,11.005938099710749,45.04542643871876,5.629455401207059,46.70046707276153,2.562518657883032,46.735033329072685,-1.130169258089866,38.900672349349755,10.702660779655082,39.58297256118989,-5.428844495246132,50.63345323782907,0.41971488203567703,3.8219110434432424,-12.000140993168188,0.6489795918367227,8.714285714285715,53.72108843537416,-0.7142857142857094,1,9.05
182,43.25219740835819,22.619058186091024,52.71811935523168,10.95990909985675,45.007125397734,5.625733390731016,46.640658162730794,2.6908304842486883,46.74410356782949,-1.0783195966191554,39.02974806273076,10.576228071180848,39.858077263674936,-5.508643800040218,50.571458217585786,0.40287053709272475,3.82176870748299,-12.000000000000007,0.6489795918367378,8.714285714285715,53.72108843537416,-0.7142857142857094,1,9.1
183,43.25219740835819,22.619058186091024,52.71811935523168,10.95990909985675,45.007125397734,5.625733390731016,46.640658162730794,2.6908304842486883,46.74410356782949,-1.0783195966191554,39.02974806273076,10.576228071180848,39.858077263674936,-5.508643800040218,50.571458217585786,0.40287053709272475,3.82176870748299,-12.000000000000007,0.6489795918367378,8.714285714285715,53.72108843537416,-0.7142857142857094,1,9.15
184,43.25219740835819,22.619058186091024,52.71811935523168,10.95990909985675,45.007125397734,5.625733390731016,46.640658162730794,2.6908304842486883,46.74410356782949,-1.0783195966191554,39.02974806273076,10.576228071180848,39.858077263674936,-5.508643800040218,50.571458217585786,0.40287053709272475,3.82176870748299,-12.000000000000007,0.6489795918367378,8.714285714285715,53.72108843537416,-0.7142857142857094,1,9.200000000000001
185,43.25219740835819,22.619058186091024,52.71811935523168,10.95990909985675,45.007125397734,5.625733390731016,46.640658162730794,2.6908304842486883,46.74410356782949,-1.0783195966191554,39.02974806273076,10.576228071180848,39.858077263674936,-5.508643800040218,50.571458217585786,0.40287053709272475,3.82176870748299,-12.000000000000007,0.6489795918367378,8.714285714285715,53.72108843537416,-0.7142857142857094,1,9.25
186,43.25219740835819,22.619058186091024,52.71811935523168,10.95990909985675,45.007125397734,5.625733390731016,46.640658162730794,2.6908304842486883,46.74410356782949,-1.0783195966191554,39.02974806273076,10.576228071180848,39.858077263674936,-5.508643800040218,50.571458217585786,0.40287053709272475,3.82176870748299,-12.000000000000007,0.6489795918367378,8.714285714285715,53.72108843537416,-0.7142857142857094,1,9.3
187,43.25219740835819,22.619058186091024,52.71811935523168,10.95990909985675,45.007125397734,5.625733390731016,46.640658162730794,2.6908304842486883,46.74410356782949,-1.0783195966191554,39.02974806273076,10.576228071180848,39.858077263674936,-5.508643800040218,50.571458217585786,0.40287053709272475,3.82176870748299,-12.000000000000007,0.6489795918367378,8.714285714285715,53.72108843537416,-0.7142857142857094,1,9.35
188,43.25219740835819,22.619058186091024,52.71811935523168,10.95990909985675,45.007125397734,5.625733390731016,46.640658162730794,2.6908304842486883,46.74410356782949,-1.0783195966191554,39.02974806273076,10.576228071180848,39.858077263674936,-5.508643800040218,50.571458217585786,0.40287053709272475,3.82176870748299,-12.000000000000007,0.6489795918367378,8.714285714285715,53.72108843537416,-0.7142857142857094,1,9.4
189,43.25219740835819,22.619058186091024,52.71811935523168,10.95990909985675,45.007125397734,5.625733390731016,46.640658162730794,2.6908304842486883,46.74410356782949,-1.0783195966191554,39.02974806273076,10.576228071180848,39.858077263674936,-5.508643800040218,50.571458217585786,0.40287053709272475,3.82176870748299,-12.000000000000007,0.6489795918367378,8.714285714285715,53.72108843537416,-0.7142857142857094,1,9.450000000000001
190,43.25219740835819,22.619058186091024,52.71811935523168,10.95990909985675,45.007125397734,5.625733390731016,46.640658162730794,2.6908304842486883,46.74410356782949,-1.0783195966191554,39.02974806273076,10.576228071180848,39.858077263674936,-5.508643800040218,50.571458217585786,0.40287053709272475,3.82176870748299,-12.000000000000007,0.6489795918367378,8.714285714285715,53.72108843537416,-0.7142857142857094,1,9.5
191,43.25219740835819,22.619058186091024,52.71811935523168,10.95990909985675,45.007125397734,5.625733390731016,46.640658162730794,2.6908304842486883,46.74410356782949,-1.0783195966191554,39.02974806273076,10.576228071180848,39.858077263674936,-5.508643800040218,50.571458217585786,0.40287053709272475,3.82176870748299,-12.000000000000007,0.6489795918367378,8.714285714285715,53.72108843537416,-0.7142857142857094,1,9.55
192,43.25219740835819,22.619058186091024,52.71811935523168,10.95990909985675,45.007125397734,5.625733390731016,46.640658162730794,2.6908304842486883,46.74410356782949,-1.0783195966191554,39.02974806273076,10.576228071180848,39.858077263674936,-5.508643800040218,50.571458217585786,0.40287053709272475,3.82176870748299,-12.000000000000007,0.6489795918367378,8.714285714285715,53.72108843537416,-0.7142857142857094,1,9.600000000000001
193,43.25219740835819,22.619058186091024,52.71811935523168,10.95990909985675,45.007125397734,5.625733390731016,46.640658162730794,2.6908304842486883,46.74410356782949,-1.0783195966191554,39.02974806273076,10.576228071180848,39.858077263674936,-5.508643800040218,50.571458217585786,0.40287053709272475,3.82176870748299,-12.000000000000007,0.6489795918367378,8.714285714285715,53.72108843537416,-0.7142857142857094,1,9.65
194,43.25219740835819,22.619058186091024,52.71811935523168,10.95990909985675,45.007125397734,5.625733390731016,46.640658162730794,2.6908304842486883,46.74410356782949,-1.0783195966191554,39.02974806273076,10.576228071180848,39.858077263674936,-5.508643800040218,50.571458217585786,0.40287053709272475,3.82176870748299,-12.000000000000007,0.6489795918367378,8.714285714285715,53.72108843537416,-0.7142857142857094,1,9.700000000000001
