Frame,Away_549_x,Away_549_y,Away_893_x,Away_893_y,Away_894_x,Away_894_y,Away_1066_x,Away_1066_y,Away_1067_x,Away_1067_y,Away_1068_x,Away_1068_y,Away_1069_x,Away_1069_y,Away_1070_x,Away_1070_y,Away_1492_x,Away_1492_y,Away_5518_x,Away_5518_y,ball_x,ball_y,Period,Time [s]
0,46.88237554532166,-3.008991773057554,-10.023129251700684,-9.285714285714288,-9.63407231653009,-30.19622671039147,6.417687074829926,-25.714285714285708,-1.2258503401360468,-23.0,5.9850340136054445,-5.714285714285719,3.6775510204081634,-29.142857142857146,0.6489795918367378,-26.71428571428572,-4.6204385916997435,-26.337641608354183,-8.76373240876584,-24.526818358126857,-3.8217687074829976,-26.42857142857143,1,0.0
1,46.86850609772695,-3.0049765045669257,-9.847743481820569,-9.290158521530751,-9.63407231653009,-30.19622671039147,6.4346443283168355,-25.507293048929068,-0.9357503698218625,-22.915246950027008,5.706880412260764,-5.741640743322278,3.6766114047063305,-29.055603362239953,0.5974809120507729,-26.63774088055156,-4.443525770896603,-26.35452107986286,-8.575107496981813,-24.401240035060695,-3.624879429255106,-25.600617150558833,1,0.05
2,46.85660189125485,-3.001530182366508,-9.664008854521015,-9.295072430092123,-9.63407231653009,-30.19622671039147,6.462034317712861,-25.302416689249114,-0.6537740031353128,-22.82523227662378,5.461073565492807,-5.765845582414062,3.68599198718054,-28.968947829131967,0.5609139576507134,-26.558726095961422,-4.266627816215517,-26.364640886562974,-8.38675242261958,-24.267056432850502,-3.4355009136843737,-24.804246959445855,1,0.1
3,46.84656627470259,-2.9986248254911807,-9.4723359693472,-9.30043291273877,-9.63407231653009,-30.19622671039147,6.4995482517332945,-25.099606060494988,-0.37956931011621164,-22.730100693592046,5.246735082991492,-5.786981973923677,3.7055628789170303,-28.88284135206684,0.5388984394391709,-26.477313885091235,-4.089876636138204,-26.368259596998882,-8.19849277168539,-24.124655642971494,-3.2536331607708684,-24.039460855232576,1,0.15000000000000002
4,46.838302596867386,-2.9962324529758813,-9.273135425844412,-9.306216870811163,-9.63407231653009,-30.19622671039147,6.546877339093356,-24.898810587915875,-0.1127843608044104,-22.629996914733525,5.062986574446564,-5.805131660213759,3.735194191002099,-28.79723473957819,0.5310540682188245,-26.393576772517022,-3.913404139146417,-26.36563577971498,-8.010154130185601,-23.97442575689888,-3.079276170514561,-23.30625883791896,1,0.2
5,46.83171420654658,-2.994325083855485,-9.066817823557859,-9.312401205649664,-9.63407231653009,-30.19622671039147,6.603712788508293,-24.699979696760852,0.14693277476029223,-22.525065653849946,4.908949649547905,-5.82037638364692,3.77475603452212,-28.712078800199684,0.5370005547922181,-26.307587282814797,-3.737342233721812,-26.357028003255618,-7.821562084126511,-23.81675486610782,-2.912429942915435,-22.604640907505008,1,0.25
6,46.82670445253734,-2.992874737164915,-8.853793762032698,-9.318962818594695,-9.63407231653009,-30.19622671039147,6.669745808693332,-24.503062812279097,0.39993402653812016,-22.415451624742985,4.783745917985389,-5.832797886585781,3.82411852056333,-28.627324342464963,0.5563576099620536,-26.21941794056053,-3.561822828346108,-26.342694836165172,-7.632542219514331,-23.65203106207351,-2.753094477973507,-21.93460706399069,1,0.30000000000000004
7,46.823176683636945,-2.991853431939084,-8.634473840814238,-9.325878610986713,-9.63407231653009,-30.19622671039147,6.744667608363734,-24.308009359719687,0.6465713244892444,-22.301299541214405,4.686496989448821,-5.842477911393,3.8831517602120145,-28.54292217490764,0.5887449445308897,-26.129141270330205,-3.3869778315010577,-26.322894846987992,-7.442920122355493,-23.480642436271157,-2.6012697756887686,-21.29615730737608,1,0.35000000000000003
8,46.82103424864265,-2.991233187212877,-8.409268659447607,-9.333125484166105,-9.63407231653009,-30.19622671039147,6.828169396234723,-24.114768764331828,0.8871965985738739,-22.182754117065898,4.616324473628023,-5.849498200431167,3.951725864554584,-28.45882310606138,0.6337822693014434,-26.036829796699863,-3.212939151668378,-26.297886604268413,-7.252521378656181,-23.302977080175946,-2.456955836061243,-20.689291637661107,1,0.4
9,46.82018049635167,-2.9909860220212368,-8.178588817478078,-9.34068033947328,-9.63407231653009,-30.19622671039147,6.91994238102158,-23.923290451364625,1.1221617787521723,-22.059960066099187,4.572349980212854,-5.853940496062932,4.029710944677268,-28.374977944459797,0.6910892950762659,-25.942556044245478,-3.039838697329718,-26.267928676550877,-7.06117157442275,-23.119423085263044,-2.3201526590908843,-20.11401005484578,1,0.45
10,46.820518775561276,-2.9910839553990662,-7.942844914450888,-9.34852007824867,-9.63407231653009,-30.19622671039147,7.019677771439519,-23.733523846067254,1.351818794984341,-21.93306210211601,4.553695118893171,-5.855886540650885,4.116977111666351,-28.29133749863659,0.7602857326579988,-25.84639253754304,-2.86780837696684,-26.233279632379663,-6.868696295661459,-22.930368543007663,-2.1908602447777525,-19.570312558930173,1,0.5
11,46.821952435068766,-2.9914990063812597,-7.702447549911156,-9.356621601832682,-9.63407231653009,-30.196226710391453,7.127066776203772,-23.545418373688772,1.576519577230596,-21.80220493891804,4.559481499358789,-5.855418076557671,4.213394476608167,-28.207852577125355,0.8409912928492913,-25.748411801168526,-2.6969800990613852,-26.194198040299142,-6.674921128378641,-22.736201544884995,-2.0690785931217963,-19.058199149914174,1,0.55
12,46.82438482367131,-2.9922031940027316,-7.457807323404215,-9.364961811565731,-9.634072316530045,-30.196226710391453,7.2418006040295815,-23.358923459478376,1.796616055451124,-21.66753329030703,4.588830731299575,-5.8526168461458985,4.318833150588995,-28.124473988459734,0.9328256864527323,-25.648686359697976,-2.527485772095168,-26.15094246885377,-6.479671658580562,-22.537310182370234,-1.954807704123052,-18.57766982779787,1,0.6000000000000001
13,46.8277192901662,-2.99316853729836,-7.209334834475215,-9.37351760878824,-9.63407231653009,-30.19622671039147,7.3635704636322,-23.173988528685186,2.012460159606058,-21.529191870084702,4.640864424405334,-5.847564591778238,4.4331632446951685,-28.041152541173414,1.035408624271024,-25.547288737707376,-2.3594573045498377,-26.103771486587835,-6.282773472273572,-22.33408254693859,-1.8480475777814902,-18.128724592581236,1,0.65
14,46.83185918335069,-2.994367055303122,-6.957440682669414,-9.382265894840609,-9.634072316530045,-30.19622671039147,7.492067563726874,-22.990563006558332,2.2244038196556977,-21.387325392052745,4.714704188365932,-5.840343055817261,4.556254870012978,-27.957839043799954,1.1483598171066869,-25.444291459772682,-2.1930266049071108,-26.052943662045678,-6.084052155463944,-22.126906730065215,-1.7487982140971179,-17.711363444264233,1,0.7000000000000001
15,46.83670785202203,-2.9957707670518685,-6.702535467532004,-9.391183571063273,-9.63407231653009,-30.19622671039147,7.626983113028856,-22.808596318346996,2.4327989655601385,-21.2420785700129,4.809471632871212,-5.83103398062561,4.687978137628724,-27.874484304873082,1.2712989757624311,-25.33976705046996,-2.028325581648734,-25.998717563771745,-5.8833332941579055,-21.9161708232253,-1.6570596130699506,-17.325586382846907,1,0.75
16,46.842168644977434,-2.9973516915795417,-6.445029788608209,-9.400247538796636,-9.63407231653009,-30.19622671039147,7.768008320253379,-22.62803788930025,2.637997527279612,-21.093596117766875,4.924288367610966,-5.819719108565935,4.828203158628702,-27.791039132926407,1.4038458110408452,-25.233788034375138,-1.8654861432563798,-25.941351760310333,-5.680442474361858,-21.70226291789407,-1.5728317746999656,-16.97139340832926,1,0.8
17,46.848144911014174,-2.9990818479210164,-6.185334245443258,-9.409434699381118,-9.63407231653009,-30.19622671039147,7.9148343941156485,-22.448837144667277,2.8403514347743197,-20.94202274911637,5.0582760022750985,-5.806480182000822,4.976800044099235,-27.707454336493555,1.545620033744548,-25.126426936064252,-1.7046401982117343,-25.88110482020584,-5.475205282082044,-21.485571105546693,-1.4961146989872005,-16.648784520711256,1,0.8500000000000001
18,46.854539998929496,-3.0009332551112347,-5.923859437582357,-9.418721954157128,-9.63407231653009,-30.19622671039147,8.067152543330952,-22.27094350969722,3.040212618004455,-20.78750317786317,5.210556146553431,-5.7913989432929,5.133638905126606,-27.62368072410818,1.696241354676249,-25.017756280113293,-1.545919654996574,-25.818235312002592,-5.267447303324769,-21.266483477658355,-1.4269083859316325,-16.35775971999295,1,0.9
19,46.86125725752066,-3.002877932185081,-5.6610159645707085,-9.428086204465068,-9.634072316530045,-30.19622671039147,8.224653976614526,-22.094306409639145,3.237933006930197,-20.630182117808886,5.3802504101357815,-5.774557134804794,5.29858985279715,-27.539669104303915,1.8553294846384472,-24.90784859109823,-1.3894564220925782,-25.753001804245,-5.056994124096329,-21.045388125704267,-1.365212835533232,-16.098319006174272,1,0.9500000000000001
20,46.868200035584906,-3.0048878981774645,-5.397214425953585,-9.437504351645403,-9.634072316530045,-30.19622671039147,8.387029902681585,-21.91887526974228,3.433864531511746,-20.470204282755308,5.5664804027120045,-5.756036498899153,5.47152299819712,-27.4553702856144,2.022504134433844,-24.7967763935951,-1.2353824079814713,-25.685662865477408,-4.8436713304030174,-20.82267314115961,-1.3110280477920437,-15.870462379255262,1,1.0
21,46.87527168191952,-3.006935172123337,-5.1328654212761435,-9.4469532970385,-9.63407231653009,-30.19622671039147,8.55397153024739,-21.744599515255686,3.628359121709282,-20.307714386504173,5.7683677339719495,-5.735918777938583,5.65230845241283,-27.370735076573325,2.197385014865036,-24.684612212179886,-1.0838295211449478,-25.616477064244183,-4.6273045082511715,-20.598726615499594,-1.26435402270803,-15.674189839235924,1,1.05
22,46.88237554532166,-3.008991773057554,-4.868379550083651,-9.456409941984802,-9.63407231653009,-30.19622671039147,8.725170068027222,-21.57142857142857,3.82176870748299,-20.142857142857142,5.9850340136054445,-5.714285714285719,5.84081632653061,-27.28571428571429,2.3795918367347024,-24.57142857142857,-0.9349296700647316,-25.54570296908968,-4.407719243647039,-20.373936640199375,-1.2251907602812064,-15.509501386116254,1,1.1
23,46.88941497458866,-3.0110297200150336,-4.604167411921297,-9.465851187824693,-9.63407231653009,-30.19622671039147,8.900316724736232,-21.399311863509997,4.014445218793103,-19.975777265615946,6.2156008513023195,-5.691219050303154,6.0369167316367776,-27.20025872157091,2.568744310845425,-24.457297995917163,-0.7888147632224869,-25.47359914855826,-4.184741122596918,-20.14869130673416,-1.0516312000451744,-15.457396882670128,1,1.1500000000000001
24,46.89629331851774,-3.0130210320306996,-4.340639606334271,-9.475253935898632,-9.63407231653009,-30.19622671039147,9.07910270908975,-21.228198816749174,4.206740585599776,-19.806619468582333,6.459189856752441,-5.666800528353544,6.240479778817589,-27.11431919267688,2.764462147999822,-24.34229301022165,-0.6456167091000282,-25.400424171194302,-3.958195731107141,-19.92337870657914,-0.8784423765009602,-15.405380138627477,1,1.2000000000000002
25,46.90291392590617,-3.0149377281394694,-4.078206732867866,-9.484595087547005,-9.63407231653009,-30.19622671039147,9.261219229802963,-21.058038856395186,4.3990067378631945,-19.635528465558004,6.714922639645621,-5.641111890799504,6.451375579159347,-27.027846507565847,2.966365059000567,-24.226486138918048,-0.5054674161790045,-25.326436605542167,-3.727908655184019,-19.698386931209534,-0.7058467316637059,-15.353503809630405,1,1.25
26,46.909180145551176,-3.016751827376232,-3.81727939106727,-9.493851544110253,-9.63407231653009,-30.19622671039147,9.446357495591123,-20.88878140769719,4.591595605543615,-19.462648970344674,6.981920809671728,-5.614234880003668,6.669474243748375,-26.94079147477139,3.174072754650216,-24.109949906582315,-0.3684987929411176,-25.251895020146225,-3.4937054808337735,-19.474104072100467,-0.5340667075485386,-15.30182055132098,1,1.3
27,46.91499532625001,-3.018435348775888,-3.558268180477674,-9.503000206928741,-9.63407231653009,-30.19622671039147,9.634208715169507,-20.720375895904333,4.784859118601146,-19.28812569674405,7.259305976520587,-5.586251238328637,6.894645883670985,-26.853104902827194,3.3872049457514652,-23.99275683779048,-0.23484274786809167,-25.17705798355081,-3.255411794062761,-19.25091822072719,-0.363324746170517,-15.250383019341259,1,1.35
28,46.920262816799905,-3.0199603113733637,-3.3015837006442936,-9.512017977342946,-9.63407231653009,-30.196226710391453,9.824464097253326,-20.55277174626574,4.979149206996041,-19.112103358557828,7.546199749882015,-5.55724270813705,7.126760610013484,-26.7647376002669,3.6053813431069184,-23.874979457118535,-0.10463118944165856,-25.102184064300307,-3.012853180877246,-19.029217468564877,-0.19384328954478347,-15.199243869333367,1,1.4000000000000001
29,46.92488596599815,-3.0212987342035733,-3.047636551112388,-9.52088175669323,-9.63407231653009,-30.19622671039147,10.01681485055784,-20.385918384030546,5.1748178006884515,-18.9347266695878,7.841723739445878,-5.527291031791536,7.365688533862123,-26.675640375624145,3.8282216575191867,-23.75669028914247,0.022003973856525222,-25.02753183093911,-2.765855227283571,-18.809389907088704,-0.02584477968644222,-15.148455756939413,1,1.4500000000000002
30,46.92876812264195,-3.022422636301396,-2.796837331427172,-9.529568446320056,-9.634072316530045,-30.196226710391453,10.21095218379823,-20.219765234447884,5.3722168296385995,-18.75614034363561,8.144999554902078,-5.496477951654691,7.611299766303247,-26.58576403743257,4.055345599790897,-23.63796185843826,0.14493083354472786,-24.953359852011523,-2.5142435192879713,-18.591823627773884,0.1404483413893874,-15.098071337801407,1,1.5
31,46.9318126355286,-3.0233040367017843,-2.5495966411338538,-9.538054947563795,-9.63407231653009,-30.19622671039147,10.406567305689821,-20.054261722766917,5.571698223806649,-18.576489094503035,8.455148805940308,-5.464885210089169,7.863464418423185,-26.495059394225805,4.286372880724699,-23.51886668958196,0.2640174811411573,-24.879926696061958,-2.257843642896818,-18.37690672209562,0.304813631667601,-15.04814326756152,1,1.55
32,46.93392285345534,-3.0239149544396033,-2.30632507977764,-9.546318161764912,-9.63407231653009,-30.196226710391485,10.603351424947805,-19.88935727423677,5.773613913152831,-18.395917635991772,8.77129310225051,-5.4325945494575905,8.122052601308175,-26.40347725453755,4.520923211123188,-23.39947730714952,0.3791320081641948,-24.807490931634767,-1.9964811841163923,-18.16502728152904,0.46702864913307934,-14.998724201861794,1,1.6
33,46.93500212521935,-3.0242274085497955,-2.0674332469037378,-9.554334990263778,-9.63407231653009,-30.19622671039147,10.800995750287434,-19.725001314106535,5.978315827637333,-18.214570681903524,9.09255405352253,-5.399687712122584,8.386934426044558,-26.310968426901347,4.7586163017890275,-23.279866235716913,0.49014250613213095,-24.73631112727427,-1.7299817289529225,-17.9565733975494,0.6268709517707933,-14.949866796344294,1,1.6500000000000001
34,46.93495379961799,-3.024213418067245,-1.8333317420573856,-9.56208233440082,-9.63407231653009,-30.19622671039147,10.999191490423993,-19.56114326762543,6.186155897220294,-18.03259294603999,9.418053269446158,-5.366246440446737,8.657980003718666,-26.217483719850915,4.999071863524824,-23.160105999860214,0.5969170665631889,-24.666645851524898,-1.4581708634127648,-17.751933161631875,0.7841180975655633,-14.901623706651131,1,1.7000000000000002
35,46.93368122544847,-3.023845002026875,-1.6044311647838128,-9.56953709551646,-9.63407231653009,-30.196226710391453,11.197629854072671,-19.397732560042527,6.3974860518619625,-17.850129142202928,9.746912359711267,-5.3323524767927175,8.935059445416742,-26.12297394191986,5.241909607133211,-23.04026912415537,0.699323780975712,-24.598753672930982,-1.180874173502208,-17.55149466525164,0.9385476445022699,-14.854047588424406,1,1.75
36,46.93108775150796,-3.023094179463609,-1.381142114628219,-9.576676174951125,-9.63407231653009,-30.19622671039147,11.396002049948699,-19.234718616606997,6.612658221522485,-17.667323984194045,10.07825293400769,-5.298087563523153,9.218042862225108,-26.02738990164186,5.4867492434167975,-22.920428133178373,0.7972307408879611,-24.53289316003691,-0.8979172452275473,-17.3556459998839,1.0899371505658388,-14.807191097306191,1,1.8
37,46.9270767265938,-3.0219329694123065,-1.1638751911357965,-9.583476474045211,-9.63407231653009,-30.19622671039147,11.593999286767374,-19.07205086256796,6.83202433616211,-17.484322185815053,10.411196602025267,-5.263533443000617,9.506800365230063,-25.930682407550524,5.733210483178221,-22.80065555150522,0.8905060378182269,-24.469322881386987,-0.6091256645950871,-17.164775257003857,1.2380641737411282,-14.76110688893856,1,1.85
38,46.9215514995032,-3.0203333909079153,-0.953040993851828,-9.589914894139143,-9.63407231653009,-30.19622671039147,11.791312773243892,-18.909678723174558,7.0559363257410075,-17.301268460867657,10.744864973453836,-5.228771857587759,9.801202065517948,-25.832802268179492,5.9809130372201285,-22.681023903711903,0.9790177632848152,-24.408301405525652,-0.31432501761110043,-16.979270528086655,1.3827062720130714,-14.715847618963593,1,1.9000000000000001
39,46.91441541903348,-3.018267462985349,-0.7490501223214836,-9.595968336573335,-9.63407231653009,-30.19622671039147,11.987633718093523,-18.747551623675964,7.284746120219341,-17.1183075231536,11.078379657983229,-5.1938845496472315,10.101118074175016,-25.733700292062437,6.229476616345108,-22.56160571437448,1.0626340088059867,-24.35008730099723,-0.013340890281928636,-16.79951990460753,1.523641003366504,-14.671465943023426,1,1.9500000000000002
40,46.90557183398179,-3.015707204679473,-0.5523131760900378,-9.601613702688198,-9.634072316530045,-30.19622671039147,12.182653330031512,-18.585618989321205,7.5188056495573505,-16.935584086474595,11.410862265303313,-5.158953261541625,10.406418502287593,-25.63332728773296,6.478520931355835,-22.442473508068854,1.1412228659000698,-24.294939136346077,0.29400113138617756,-16.62591147804167,1.6606459257863815,-14.628014516760095,1,2.0
41,46.89492409314544,-3.012624635025243,-0.3632407547026155,-9.606827893824168,-9.63407231653009,-30.19622671039147,12.376062817773038,-18.423830245359554,7.758466843715168,-16.753242864632334,11.741434405103911,-5.124059735633581,10.716973460941986,-25.531634063724752,6.727665693054873,-22.32369980937109,1.2146524260853102,-24.24311548011657,0.6078754613869071,-16.45883333986423,1.7934985972575321,-14.585545995815702,1,2.0500000000000003
42,46.88237554532166,-3.008991773057554,-0.18224345770452927,-9.611587811321629,-9.63407231653009,-30.19622671039147,12.567553390033428,-18.26213481704008,8.004081632653065,-16.571428571428577,12.069217687074836,-5.0892857142857215,11.03265306122449,-25.42857142857143,6.9765306122449005,-22.205357142857142,1.2827907808800059,-24.19487490085309,0.9284565137139261,-16.29867358155047,1.9219765757648892,-14.54411303583232,1,2.1
43,46.86787533546988,-3.004793896009626,-0.009629975705188799,-9.61587682220641,-9.63407231653009,-30.19622671039147,12.757040447885394,-18.10049999319694,8.255917183359156,-16.390265893383763,12.39351048736253,-5.054698804557768,11.353317562571322,-25.32409599403606,7.224796597171243,-22.087500119824238,1.3455558266540693,-24.150413165033687,1.255835368063055,-16.145714803805358,2.837761110812079,-14.506595413210457,1,2.15
44,46.85155579319829,-3.0000693139080687,0.15469863642878823,-9.619704156245914,-9.63407231653009,-30.19622671039147,12.945336161831719,-17.938964517004365,8.513901610933576,-16.20979940789355,12.714318247939515,-5.02031007229802,11.678787817818264,-25.218187584799534,7.472389345850235,-21.97011169845428,1.4030646791836991,-24.109674830871512,1.5897697669383224,-15.999817644253312,3.742047005957323,-14.469548863877101,1,2.2
45,46.833595044277224,-2.9948695949778217,0.3109432327665742,-9.623085508892924,-9.63407231653009,-30.19622671039147,13.133476894732734,-17.777584995221652,8.777878267504466,-16.030053665072284,13.031823177234944,-4.9861164480518605,12.008874828151065,-25.110831828772106,7.7192957537408775,-21.853156923650506,1.455484259096807,-24.072541654513266,1.9299341185458514,-15.860737249748547,4.6348342612006075,-14.432973387832291,1,2.25
46,46.814171214477064,-2.9892463074437385,0.45930466737734915,-9.626036575600244,-9.634072316530045,-30.196226710391453,13.322499009448673,-17.616418034607975,9.047690505199881,-15.851053215034314,13.346207483677931,-4.952114862364646,12.343389594755411,-25.0020143538641,7.965502716302225,-21.736600840316015,1.502981487021168,-24.0388953921059,2.2760028310918017,-15.728228767145294,5.516122876542008,-14.396868985075967,1,2.3000000000000003
47,46.79346242956815,-2.9832510195308184,0.5999837943302782,-9.628573051820668,-9.63407231653009,-30.19622671039147,13.51343886883986,-17.45552024192263,9.323181676147954,-15.67282260789405,13.657653375697592,-4.9183022457818195,12.682143118817024,-24.891720787985847,8.210997128993242,-21.62040849335397,1.545723283584663,-24.008617799796124,2.6276503127822206,-15.602047343297777,6.385912851981448,-14.361235655608198,1,2.35
48,46.77164681532085,-2.976935299463952,0.7331814676944806,-9.630710633006979,-9.63407231653009,-30.19622671039147,13.707332835766604,-17.294948223924862,9.60419513247677,-15.49538639376583,13.966343061723052,-4.884675528848701,13.024946401521646,-24.77993675904761,8.455765887273028,-21.504544927667567,1.5838765694151127,-23.981590633730775,2.984550971823298,-15.48194812506028,7.2442041875189505,-14.32607339942893,1,2.4000000000000004
49,46.74890249750554,-2.970350715468008,0.8590985415391971,-9.63246501461199,-9.634072316530045,-30.196226710391453,13.905217273089205,-17.134758587373906,9.890574226314484,-15.318769122764074,14.272458750183443,-4.851231642110751,13.371610444054962,-24.666647894959674,8.699795886600576,-21.388975188159908,1.6176082651403978,-23.957695650056635,3.346379216421097,-15.36768625928693,8.090996883154501,-14.291382216538217,1,2.45
50,46.72540760189255,-2.963548835767975,0.9779358699335398,-9.633851892088492,-9.63407231653009,-30.19622671039147,14.10812854366791,-16.975007939029066,10.182162309789167,-15.1429953450031,14.576182649507878,-4.817967516113302,13.721946247602691,-24.551839823632395,8.943074022434942,-21.27366431973419,1.6470852913883083,-23.93681460492055,3.7128094547818082,-15.25901689283204,8.926290938888123,-14.257162106936011,1,2.5
51,46.701340254252244,-2.956581228588764,1.0898943069466585,-9.63488696088927,-9.63407231653009,-30.19622671039147,14.317103010363043,-16.815752885649538,10.47880273502895,-14.968089610597337,14.87769696812547,-4.784880081401763,14.075764813350519,-24.43549817297603,9.185587190235118,-21.15857736729355,1.6724745687867257,-23.91882925446935,4.083516095111462,-15.155695172549807,9.750086354719773,-14.223413070622364,1,2.5500000000000003
52,46.67687858035498,-2.949499462155262,1.195174706647778,-9.63558591646712,-9.63407231653009,-30.196226710391453,14.53317703603493,-16.65705003399457,10.780338854161903,-14.794076469661105,15.177183914465324,-4.751966268521525,14.432877142484225,-24.317608570900873,9.42732228546016,-21.04367937574115,1.6939430179635007,-23.90362135484979,4.458173545616281,-15.05747624529447,10.562383130649527,-14.190135107597222,1,2.6
53,46.652200705971154,-2.9423551046924294,1.2939779231060111,-9.635964454274816,-9.63407231653009,-30.19622671039147,14.757386983543805,-16.498955990823454,11.08661401931615,-14.620980472308805,15.47482569695663,-4.7192230080179485,14.793094236189482,-24.19815664531727,9.668266203569093,-20.92893538998017,1.7116575595463852,-23.891072662208714,4.836456214502311,-14.964115257920245,11.363181266677358,-14.157328217860575,1,2.6500000000000004
54,46.62748475687104,-2.935199724425162,1.3865048103905528,-9.63603826976523,-9.63407231653009,-30.196226710391453,14.990769215750028,-16.34152736289539,11.397471582619804,-14.448826168654806,15.77080452402844,-4.686647230436471,15.156227095652028,-24.077128024135458,9.90840584002093,-20.81431045491369,1.7257851141633511,-23.88106493269291,5.218038509975697,-14.875367357281377,12.15248076280323,-14.124992401412479,1,2.7
55,46.602908858825096,-2.9280848895783715,1.4729562225705526,-9.635823058391056,-9.63407231653009,-30.19622671039147,15.234360095513843,-16.184820756969682,11.712754896200988,-14.27763810881349,16.065302604109903,-4.654235866322447,15.522086722057507,-23.95450833526579,10.147728090274715,-20.699769615444946,1.736492602442189,-23.873479922449235,5.602594840242578,-14.790987690232068,12.930281619027163,-14.093127658252916,1,2.75
56,46.578651137603615,-2.921062168376998,1.5535330137151608,-9.635334515605159,-9.634072316530045,-30.19622671039147,15.48919598569555,-16.028892779805552,12.032307312187786,-14.107440842899218,16.358502145630155,-4.621985846221281,15.890484116591729,-23.830283206618546,10.386219849789462,-20.585277916477068,1.7439469450106888,-23.868199387624447,5.98979961350906,-14.710731403626589,13.696583835349145,-14.061733988381878,1,2.8000000000000003
57,46.554889718976995,-2.9141831290459637,1.6284360378935796,-9.63458833686031,-9.63407231653009,-30.196226710391453,15.756313249155468,-15.873800038162258,12.355972182708285,-13.938258921026348,16.650585357018272,-4.589894100678338,16.26123028044035,-23.704438266104017,10.623868014024232,-20.470800402913213,1.7483150624967543,-23.8651050843654,6.379327237981274,-14.634353644319122,14.451387411769188,-14.030811391799354,1,2.85
58,46.53180272871555,-2.9074993398101685,1.6978661491749518,-9.633600217609297,-9.63407231653009,-30.196226710391453,16.03674824875388,-15.719599138799024,12.683592859890638,-13.770116893309291,16.941734446703393,-4.557957560239021,16.63413621478912,-23.576959141632496,10.860659478438023,-20.356302119656544,1.7497638755282512,-23.86407876881886,6.77085212186532,-14.561609559163951,15.194692348287317,-14.000359868505358,1,2.9000000000000004
59,46.50956829258965,-2.901062368894578,1.762024201628419,-9.632385853304944,-9.63407231653009,-30.19622671039147,16.331537347351073,-15.566346688475162,13.0150126958629,-13.603039309862385,17.232131623114668,-4.526173155448742,17.009012920823693,-23.447831461114326,11.09658113848987,-20.24174811161021,1.748460304732932,-23.865002197131673,7.1640486733673265,-14.492254295015252,15.926498644903488,-13.970379418499904,1,2.95
60,46.48836453636966,-2.8949237845240448,1.8211110493231848,-9.63096093939999,-9.634072316530045,-30.196226710391453,16.641716907807357,-15.414099293949867,13.350075042753229,-13.437050720800034,17.521959094681193,-4.494537816852823,17.38567139972985,-23.31704085245976,11.33161988963883,-20.12710342367735,1.7445712707387078,-23.867757125450616,7.558591300693441,-14.426042998727267,16.64680630161774,-13.940870041782935,1,3.0
61,46.468369585826025,-2.8891351549235242,1.8753275463284131,-9.629341171347285,-9.634072316530045,-30.196226710391453,16.968323292983023,-15.262913561982396,13.68862325268973,-13.272175676236573,17.8113990698321,-4.463048474996715,17.763922652693246,-23.18457294357911,11.56576262734388,-20.012333100761147,1.7382636941734217,-23.872225309922534,7.9541544120497685,-14.362730817154258,17.355615318430033,-13.911831738354554,1,3.0500000000000003
62,46.44976156672893,-2.883748048317928,1.924874546713232,-9.627542244599601,-9.63407231653007,-30.196226710391453,17.312392865738374,-15.11284609933203,14.030500677800465,-13.108438726286408,18.10063375699651,-4.431702060425792,18.143577680899696,-23.050413362382695,11.798996247064075,-19.89740218776476,1.7297044956648644,-23.87828850669422,8.350412415642428,-14.302072897150397,18.052925695340427,-13.88326450821467,1,3.1
63,46.432718604848866,-2.8788140329322287,1.9699529045468134,-9.625579854609741,-9.634072316530045,-30.19622671039147,17.67496198893366,-14.963953512758,14.375550670213558,-12.945864421063902,18.389845364603516,-4.400495503685432,18.524447485534754,-22.9145477367808,12.03130764425844,-19.782275729591337,1.7190605958409313,-23.885828471912507,8.747039719677534,-14.243824385569988,18.73873743234882,-13.855168351363302,1,3.1500000000000004
64,46.417418825956155,-2.8743846769912857,2.0107634738983453,-9.623469696830478,-9.63407231653009,-30.196226710391453,18.05706702542922,-14.81629240901954,14.723616582057144,-12.784477310683428,18.67921610108229,-4.369425735321013,18.90634306778427,-22.776961694683727,12.262683714386016,-19.66691877114401,1.7064989153294585,-23.894726961724174,9.143710732361203,-14.187740429267194,19.41305052945534,-13.827543267800468,1,3.2
65,46.404040355821174,-2.87051154872003,2.0475071088369994,-9.621227466714625,-9.634072316530045,-30.196226710391453,18.459744338085358,-14.669919394875949,15.074541765459294,-12.624301945259344,18.968928174861936,-4.338489685877945,19.289075428833925,-22.63764086400174,12.493111352905824,-19.55129635732599,1.6921863747582815,-23.904865732276022,9.54009986189957,-14.133576175096255,20.075864986659884,-13.80038925752615,1,3.25
66,46.39276132021421,-2.86724621634342,2.0803846634318965,-9.618868859715015,-9.63407231653009,-30.19622671039147,18.884030289762322,-14.524891077086453,15.428169572548123,-12.465362874906067,19.25916379437154,-4.307684285901605,19.672455569869385,-22.496570872645226,12.722577455276891,-19.4353735330404,1.676289894755213,-23.91612653971493,9.935881516498762,-14.081086769911455,20.727180803962497,-13.77370632054036,1,3.3000000000000003
67,46.383759844905725,-2.864640248086305,2.1095969917522535,-9.61640957128435,-9.63407231653009,-30.19622671039147,19.330441835445114,-14.381300541025364,15.784343355451774,-12.30768464973791,19.55010516804027,-4.2770064659373865,20.056294492076432,-22.353737348524398,12.951068916958253,-19.319115343190365,1.6589763959481418,-23.9283911401876,10.33073010436491,-14.03002736056692,21.36699798136317,-13.74749445684311,1,3.35
68,46.37721405566599,-2.862745212173664,2.135344947867175,-9.613865296875497,-9.63407231653009,-30.19622671039147,19.79741829861721,-14.23938678652747,16.142906466298307,-12.151291819869288,19.841934504297196,-4.246453156530675,20.440403196640766,-22.209125919549603,13.178572633408928,-19.202486832679096,1.640412798964858,-23.94154128984095,10.72432003370411,-13.980153093917004,21.99531651886194,-13.721753666434381,1,3.4000000000000004
69,46.37330207826537,-2.861612676830398,2.1578293858459094,-9.611251731941245,-9.63407231653009,-30.19622671039147,20.282879594886836,-14.099425292042676,16.50370225721585,-11.99620893541455,20.134834011571506,-4.216021288226854,20.824592684748033,-22.06272221363112,13.40507550008795,-19.085453046409715,1.6207660244332804,-23.955458744821737,11.116325712722496,-13.931219116815832,22.612136416458732,-13.696483949314155,1,3.45
70,46.3722020384743,-2.8612942102814234,2.177251159757539,-9.608584571934342,-9.63407231653009,-30.19622671039147,20.784745639862198,-13.96169153602077,16.866574080332498,-11.842460546488097,20.428985898292282,-4.185707791571313,21.208673957584015,-21.91451185867925,13.630564412454332,-18.967979029285402,1.6002029929811838,-23.970025261276742,11.506421549626177,-13.882980576117678,23.2174576741536,-13.671685305482487,1,3.5
71,46.37409206206307,-2.8618413807516863,2.1938111236712574,-9.60587951230762,-9.634072316530045,-30.19622671039147,21.300936349151463,-13.826460996911669,17.23136528777639,-11.690071203204248,20.72457237288863,-4.155509597109428,21.59245801633441,-21.764480482604313,13.855026265967155,-18.85002982620928,1.5788906252364572,-23.985122595352834,11.894281952621313,-13.835192618676768,23.811280291946538,-13.64735773493932,1,3.5500000000000003
72,46.37915027480208,-2.8633057564660866,2.2077101316562233,-9.603152248513899,-9.63407231653009,-30.19622671039147,21.829371638362808,-13.694009153165192,17.59791923167559,-11.539065455677461,21.021775643789695,-4.12542363538664,21.975755862184933,-21.612613713316605,14.078447956085386,-18.731570482084585,1.5569958418268754,-24.000632503196822,12.279581329913963,-13.787610391347338,24.39360426983751,-13.623501237684694,1,3.6
73,46.38755480246164,-2.8657389056495317,2.2191490377816088,-9.600418476005927,-9.63407231653009,-30.19622671039147,22.367971423104446,-13.56461148323124,17.96607926415823,-11.389467854022019,21.320777919424607,-4.095446836948256,22.358378496321293,-21.458897178726414,14.300816378268097,-18.61256604181437,1.5346855633803727,-24.016436740955484,12.661994089710316,-13.739989040983607,24.96442960782656,-13.600115813718594,1,3.6500000000000004
74,46.39948377081213,-2.869192396526953,2.228328696116593,-9.597693890236524,-9.63407231653009,-30.196226710391485,22.91465561898456,-13.438543465559661,18.335688737352402,-11.241302948352368,21.621761408222454,-4.065576132339736,22.74013691992921,-21.30331650674401,14.522118427974275,-18.492981550301863,1.5121267105247236,-24.032417064775643,13.041194640216423,-13.692083714439784,25.523756305913686,-13.577201463041014,1,3.7
75,46.41511530562396,-2.873717797323294,2.2354499607303433,-9.594994186658461,-9.63407231653009,-30.19622671039147,23.467344141611356,-13.316080578600289,18.706591003386222,-11.09459528878283,21.924908318612406,-4.035808452106426,23.12084213419441,-21.14585732527974,14.742341000662996,-18.372782052450187,1.489486203887787,-24.048455230804073,13.416857389638482,-13.643649558570129,26.07158436409886,-13.554758185651973,1,3.75
76,46.43462753266741,-2.8793666762634333,2.2407136856919916,-9.592335060724553,-9.63407231653009,-30.19622671039147,24.02395690659297,-13.197498300803,19.07862941438783,-10.949369425427792,22.23040085902355,-4.006140726793725,23.500305140302565,-20.986505262243888,14.961470991793256,-18.251932593162493,1.4669309640974204,-24.064432995187662,13.788656746182546,-13.59444172022887,26.607913782382088,-13.532785981551454,1,3.8000000000000003
77,46.458198577712835,-2.88619060157233,2.2443207250707125,-9.589732207887577,-9.63407231653009,-30.196226710391485,24.582413829537646,-13.08307211061766,19.451647322485265,-10.805649908401636,22.538421237884982,-3.976569886947029,23.87833693943944,-20.825245945546765,15.179495296824092,-18.130398217341973,1.4446279117814602,-24.080232114073144,14.156267118054782,-13.544215346270226,27.1327445607634,-13.511284850739436,1,3.85
78,46.4860065665307,-2.8942411414748817,2.246471932935662,-9.587201323600356,-9.63407231653009,-30.196226710391503,25.140634826053535,-12.973077486494144,19.825488079806696,-10.663461287818755,22.849151663625875,-3.9470928631117186,24.254748532790714,-20.662065003098654,15.39640081121452,-18.00814396989177,1.4227439675677265,-24.09573434360742,14.519362913461288,-13.492725583548422,27.646076699242762,-13.49025479321597,1,3.9000000000000004
79,46.51822962489121,-2.9035698641960086,2.2473681633560663,-9.584758103315663,-9.63407231653009,-30.196226710391503,25.696539811748863,-12.86778990688228,20.19999503848016,-10.522828113793476,23.16277434467532,-3.917706585833188,24.629350921542112,-20.496948062809846,15.612174430423588,-17.885134895715016,1.4014460520841228,-24.11082143993719,14.87761854060821,-13.43972757891769,28.147910197820185,-13.469695808981019,1,3.95
80,46.5550458785649,-2.914228337960646,2.247210270400984,-9.58241824248632,-9.63407231653009,-30.196226710391503,26.248048702231827,-12.767484850231973,20.575011550633825,-10.383774936440199,23.47947148946249,-3.8884079856568214,25.001955106879365,-20.329880752590668,15.826803049910346,-17.7613360397149,1.3809010859583941,-24.12537515920934,15.230708407701664,-13.384976479232266,28.638245056495677,-13.449607898034587,1,4.0
81,46.596633453322,-2.9262681309936873,2.2461991081396713,-9.58019743656506,-9.63407231653009,-30.19622671039147,26.793081413110574,-12.672437794993002,20.950380968395798,-10.24632630587326,23.79942530641643,-3.859193993127985,25.37237208998818,-20.160848700351387,16.040273565133788,-17.636712446794544,1.3612759898185045,-24.139277257570626,15.578306922947753,-13.32822743134634,29.11708127526924,-13.429991060376704,1,4.05
82,46.643170474932894,-2.9397408115201147,2.2445355306412402,-9.57811138100476,-9.63407231653009,-30.196226710391503,27.329557859993276,-12.582924219615327,21.32594664389417,-10.110506772207126,24.12281800396631,-3.8300615387921155,25.740412872054222,-19.989837534002355,16.25257287155294,-17.511229161857162,1.342737684292199,-24.15240949116793,15.920088494552566,-13.269235582114224,29.584418854140843,-13.410845296007322,1,4.1000000000000005
83,46.69483506916793,-2.9546979477647723,2.2424203919748926,-9.576175771258157,-9.63407231653009,-30.196226710391485,27.8553979584882,-12.499219602548745,21.701551929257015,-9.976340885556054,24.449831790541236,-3.8010075531945446,26.105888454263273,-19.816832881453806,16.46368786462684,-17.384851229805818,1.3254530900073587,-24.164653616148012,16.255727530722314,-13.207756078390085,30.04025779311053,-13.392170604926477,1,4.15
84,46.751805361797516,-2.97119110795261,2.2400545462097865,-9.574406302778065,-9.63407231653009,-30.196226710391485,28.36852162420345,-12.421599422243116,22.077040176612492,-9.843853196034479,24.780648874570318,-3.77202896688071,26.468609837801033,-19.641820370616085,16.673605439814544,-17.257543695543763,1.3095891275918263,-24.17589138865767,16.584898439663057,-13.143544067028149,30.484598092178256,-13.37396698713416,1,4.2
85,46.814259478591964,-2.9892718603085733,2.2376388474150266,-9.572818671017268,-9.63407231653009,-30.196226710391485,28.86684877274731,-12.35033915714837,22.452254738088676,-9.713068253756791,25.115451464482682,-3.7431227103959723,26.82838802385316,-19.464785629399458,16.88231249257501,-17.12927160397411,1.2953127176734078,-24.18600456484378,16.907275629580916,-13.076354694882685,30.91743975134405,-13.356234442630374,1,4.25
86,46.88237554532166,-3.008991773057554,2.235374149659868,-9.57142857142857,-9.63407231653009,-30.19622671039147,29.348299319727875,-12.285714285714292,22.827038965813678,-9.584010608837325,25.454421768707498,-3.7142857142857104,27.185034013605435,-19.28571428571429,17.089795918367365,-17.0,1.2827907808800059,-24.19487490085309,17.222533508682027,-13.005943108807857,31.338782770607907,-13.338972971415105,1,4.3
87,46.956237177746495,-3.03034524238902,2.233424219433724,-9.570246894708477,-9.63407231653009,-30.196226710391503,29.811355658385814,-12.227923076922393,23.201254022281862,-9.456670265342263,25.79765562858625,-3.6855251368533377,27.53843587135452,-19.104621190232614,17.29605709336569,-16.86971275416273,1.2721426940338243,-24.2024178320897,17.530477174698696,-12.932140855031099,31.748627149969828,-13.322182573488352,1,4.3500000000000005
88,47.03554995158444,-3.053097976350573,2.231804472907421,-9.569265312528307,-9.634072316530123,-30.196226710391503,30.25675009249112,-12.176854961880636,23.57483231145249,-9.33089904314494,26.144903417110356,-3.6568890474340336,27.888789913841,-18.921638084673656,17.501155316604972,-16.738469039555905,1.2632976587347984,-24.208683510986752,17.831434483467874,-12.855085077272328,32.146972889429826,-13.305863248850132,1,4.4
89,47.11992493254306,-3.076958510954401,2.2304932386720733,-9.568470691803027,-9.63407231653009,-30.196226710391503,30.685777403446366,-12.132322162228611,23.947724047651086,-9.206514216070522,26.495829140183595,-3.628435743121029,28.23636952091637,-18.736925933518467,17.705164367835188,-16.60634685491126,1.2561373327772158,-24.21375576923466,18.125863980352754,-12.774989318624543,32.533819988987865,-13.290014997500455,1,4.45
90,47.2089731863299,-3.1016353822126232,2.2294688453187774,-9.567849899447687,-9.63407231653009,-30.196226710391503,31.09973237265399,-12.094136899605934,24.319879445203185,-9.083333057944111,26.8500968037098,-3.6002235210075493,28.58144807243219,-18.550645701248047,17.90815802680637,-16.473424198960515,1.250543373955335,-24.217718438523814,18.41422421071639,-12.692067122180863,32.90916844864399,-13.274637819439283,1,4.5
91,47.30230577865251,-3.126837126137423,2.2287096214387,-9.567389802377319,-9.63407231653009,-30.19622671039147,31.499909781516504,-12.062111395652176,24.691248718434338,-8.96117284259089,27.207370413592706,-3.5723106781868106,28.924298948239997,-18.36295835234341,18.11021007326859,-16.339779070435405,1.2463974400635491,-24.220655350544643,18.696973719922006,-12.606532031034307,33.27301826839815,-13.259731714666648,1,4.55
92,47.39953377521839,-3.1522722787409343,2.228193895622849,-9.567077267506908,-9.63407231653009,-30.196226710391485,31.887604411436417,-12.036057872006928,25.06178208166999,-8.839850843835968,27.567313975736187,-3.54475551175204,29.265195528191356,-18.174024851285594,18.311394286971876,-16.20548946806769,1.2435811888960784,-24.22265033698756,18.974571053332696,-12.51859758827796,33.625369448250375,-13.245296683182524,1,4.6000000000000005
93,47.50026824173511,-3.1776493760353155,2.227899996462396,-9.566899161751495,-9.63407231653009,-30.196226710391503,32.26411104381615,-12.015788550309816,25.43142974923572,-8.719184335504526,27.929591496044033,-3.517616318796418,29.604411192137764,-17.984006162555662,18.511784447666233,-16.070633390589073,1.2419762782472707,-24.223787229542975,19.247474756311632,-12.428477337004885,33.96622198820069,-13.23133272498695,1,4.65
94,47.60412024391015,-3.2026769540327344,2.227806252548501,-9.566842352026068,-9.63407231653009,-30.196226710391485,32.63072446005825,-12.00111565220037,25.80014193545704,-8.598990591421671,28.293866980419995,-3.490951396413172,29.94221931993077,-17.793063250634532,18.71145433510175,-15.93528883673128,1.2414643659114297,-24.224149859901306,19.51614337422197,-12.336384820308119,34.29557588824905,-13.217839840079884,1,4.7
95,47.71070084745115,-3.2270635487453316,2.2278909924721626,-9.566893705245672,-9.63407231653009,-30.196226710391485,32.98873944156517,-11.991851399318259,26.167868854659456,-8.479086885412555,28.659804434767896,-3.4648190416955313,30.278893291421927,-17.601357080003307,18.910477729028457,-15.79953380522605,1.2419271096828206,-24.22382205975296,19.781035452426828,-12.242533581280734,34.61343114839547,-13.204818028461347,1,4.75
96,47.819621118065555,-3.2505176961852644,2.228132544824593,-9.567040088325273,-9.63407231653009,-30.196226710391485,33.339450769739386,-11.987808013303017,26.534560721168532,-8.359290491302326,29.027067864991594,-3.439277551736704,30.61470648646277,-17.40904861514298,19.108928409196388,-15.663446294805107,1.2432461673558062,-24.22288766078833,20.042609536289355,-12.14713716301577,34.91978776863995,-13.192267290131328,1,4.800000000000001
97,47.93049212146096,-3.2727479323647013,2.2285092381968736,-9.567268368179958,-9.63407231653009,-30.19622671039147,33.68415322598342,-11.98879771579425,26.900167749309727,-8.239418682916115,29.395321276994828,-3.4143852236298904,30.94993228490482,-17.21629882053456,19.306880155355543,-15.527104304200178,1.24530319672463,-24.221430494697827,20.301324171172723,-12.050409108606324,35.21464574898249,-13.180187625089836,1,4.8500000000000005
98,48.04292492334492,-3.2934627932957814,2.2289994011801033,-9.567565411724676,-9.63407231653009,-30.19622671039147,34.02414159169977,-11.994632728431569,27.264640153408653,-8.119288734079054,29.764228676681427,-3.390200354468312,31.28484406659963,-17.02326866065909,19.504406747256038,-15.39058583214303,1.247979855583662,-24.21953439317189,20.557637902440057,-11.952562961145409,35.4980050894231,-13.16857903333689,1,4.9
99,48.15653058942487,-3.3123708149906728,2.22958136236541,-9.567918085874481,-9.63407231653009,-30.196226710391503,34.36071064829086,-12.005125272854556,27.62792814779075,-7.9987179186163075,30.1334540699552,-3.3667812413451994,31.619715211398724,-16.830119099997603,19.701581964647836,-15.253968877365374,1.2511578017271536,-24.21728318790091,20.812009275454482,-11.853812263726144,35.76986578996178,-13.15744151487245,1,4.95
100,48.27092018540848,-3.3291805334615003,2.230233450343884,-9.568313257544355,-9.63407231653009,-30.19622671039147,34.695155177159236,-12.020087570702797,27.98998194678158,-7.877523510352985,30.50266146271991,-3.344186181353731,31.954819099153656,-16.63701110303105,19.898479587281038,-15.1173314385989,1.2547186929494067,-24.214760710575312,21.064896835579177,-11.754370559441517,36.03022785059851,-13.14677506969654,1,5.0
101,48.38570477700322,-3.343600484720447,2.2309339937066763,-9.568737793649369,-9.63407231653009,-30.196226710391485,35.02876995970731,-12.039331843615905,28.350751764706626,-7.755522783114301,30.871514860879422,-3.3224734715871542,32.29042910971592,-16.44410563424055,20.095173394905647,-14.980751514575385,1.2585441870447402,-24.212050792885464,21.316759128177246,-11.654451391384654,36.2790912713333,-13.136579697809191,1,5.050000000000001
102,48.50049542991661,-3.35533920477967,2.2316613210448693,-9.56917856110449,-9.63407231653009,-30.19622671039147,35.36284977733769,-12.062670313233442,28.710187815891462,-7.6325330107253,31.23967827033749,-3.30170140913866,32.62681862293713,-16.25156365810704,20.291737167271705,-14.844307104026539,1.2625159418075018,-24.20923726652183,21.568054698611896,-11.55426830264854,36.51645605216616,-13.126855399210317,1,5.1000000000000005
103,48.614903209856216,-3.364105229651315,2.2323937609495754,-9.569622426824713,-9.63407231653009,-30.19622671039147,35.69868941145275,-12.08991520119502,29.068240314661598,-7.508371467011197,31.60681569699795,-3.281928291101504,32.9642610186688,-16.05954613911159,20.48824468412928,-14.708076205684105,1.2665156150319121,-24.206403963174804,21.8192420922462,-11.454034836326294,36.74232219309708,-13.11760217389998,1,5.15
104,48.728539182529545,-3.3696070953475306,2.2331096420119017,-9.570056257725149,-9.63407231653009,-30.196226710391485,36.03758364345502,-12.120878729140246,29.42485947534252,-7.382855425797093,31.972591146764568,-3.2632124145688572,33.30302967676243,-15.868214041735195,20.68476972522833,-14.572136818279816,1.2704248645123042,-24.20363471453478,22.070779854443362,-11.353964535510967,36.95668969412605,-13.108820021878197,1,5.2
105,48.84101441364424,-3.371553337880474,2.2337872928230125,-9.57046692072072,-9.63407231653009,-30.19622671039147,36.38082725474699,-12.155373118708672,29.779995512259795,-7.255802160908121,32.33666862554117,-3.245612076633944,33.64339797706956,-15.67772833045888,20.88138607031901,-14.436566940545381,1.2741253480430488,-24.20101335229219,22.323126530566476,-11.254270943295587,37.15955855525309,-13.100508943144916,1,5.25
106,48.95193996890773,-3.3696524932623095,2.2344050419739308,-9.570841282726464,-9.63407231653009,-30.19622671039147,36.72971502673115,-12.19321059153993,30.133598639738928,-7.127028946169467,32.698712139231546,-3.229185574389986,33.98563929944178,-15.48824996976367,21.078167499151284,-14.30144457121254,1.2774987234183586,-24.198623708137447,22.576740665978754,-11.155167602773249,37.35092877647821,-13.092668937700168,1,5.300000000000001
107,49.06092691402759,-3.3636130975051763,2.2349412180558677,-9.571166210657411,-9.63407231653009,-30.19622671039147,37.08554174080995,-12.234203369273622,30.485619072105443,-6.996353055406267,33.058385693739524,-3.213991204930189,34.330027023730565,-15.29993992413061,21.275187791475197,-14.166847709013034,1.2804266484325741,-24.196549613760933,22.832080806043265,-11.056868057036992,37.53080035780138,-13.085300005543912,1,5.3500000000000005
108,49.16758631471134,-3.353143686621257,2.235374149659868,-9.57142857142857,-9.63407231653009,-30.19622671039147,37.44960217838593,-12.278163673549267,30.836007023684836,-6.863591762443608,33.415353294968874,-3.2000872653477748,34.676834529787506,-15.112959158040681,21.472520727040823,-14.032854352678566,1.2827907808800059,-24.19487490085309,23.089605496123212,-10.95958584917989,37.69917329922262,-13.078402146676236,1,5.4
109,49.27136019503752,-3.3381552959379595,2.235688282217253,-9.57161893881974,-9.63407231653009,-30.19622671039147,37.82249522017519,-12.32433878814682,31.184950008604872,-6.7288082968946625,33.76955062418183,-3.1873535665603345,35.02607925470996,-14.927333214198907,21.67022547695951,-13.89948337939374,1.2845061811068936,-24.193659739280697,23.34964385535356,-10.863474248918997,37.812133072223105,-12.804701224747078,1,5.45
110,49.37101441256863,-3.319368958043851,2.2358925285201527,-9.571742714069781,-9.63407231653009,-30.196226710391485,38.202036144148465,-12.369716245407274,31.533584740201945,-6.593049711524429,34.12200006407417,-3.174955974782849,35.37675486457861,-14.742545948206226,21.86830277778806,-13.766517180154338,1.2856215196673029,-24.1928696516163,23.612007297956644,-10.768445432467397,37.915390778830854,-12.554508357462153,1,5.5
111,49.465145783238086,-3.297708204842756,2.236001918200898,-9.57180900528236,-9.63407231653009,-30.196226710391485,38.58534432759013,-12.410718639811892,31.883285231614746,-6.457609014885877,34.47399567270016,-3.161881870054746,35.727599082720076,-14.55794579388762,22.066738757444604,-13.633679024409037,1.2862188696673043,-24.192446498608703,23.876377811926716,-10.674351302662172,38.008946419045984,-12.327823544821442,1,5.550000000000001
112,49.552351122979346,-3.2740965682385412,2.236031480891774,-9.571826920561136,-9.63407231653009,-30.19622671039147,38.96953914778462,-12.44376856584201,32.235425495981886,-6.323779215532064,34.826831508114,-3.147118632415398,36.077349632460844,-14.372881185067977,22.26551954384726,-13.500692181606512,1.2863803042128241,-24.19233214100684,24.142437385257942,-10.581043762340427,38.0927999928684,-12.124646786824949,1,5.6000000000000005
113,49.631227247725874,-3.2494575801350503,2.2359962462251115,-9.571805568009774,-9.63407231653009,-30.19622671039147,39.35173998201621,-12.465288617978938,32.591379546442035,-6.192853322015932,35.18180162836994,-3.1296536419041714,36.4247442371276,-14.186700555572251,22.464631264914175,-13.36727992119541,1.2861878964099556,-24.192468439559587,24.40986800594459,-10.488374714339232,38.16695150029818,-11.944978083472682,1,5.65
114,49.70037097341113,-3.2247147724360907,2.2359112438332343,-9.571754055731892,-9.63407231653009,-30.19622671039147,39.729066207569396,-12.471701390703913,32.95252139613378,-6.0661243428905225,35.54020009152217,-3.1084742785604993,36.768520620046765,-13.998752339225408,22.664060048563464,-13.233165512624387,1.2857237193646855,-24.19279725501578,24.6783516619808,-10.396196061495688,38.23140094133525,-11.788817434764638,1,5.7
115,49.75837911596859,-3.2007916770455127,2.235791503348427,-9.571681491831201,-9.63407231653009,-30.196226710391503,40.09863720172846,-12.459429478498286,33.320225058195795,-5.944885286708755,35.90332095562494,-3.082567922423725,37.10741650454495,-13.80838496985236,22.86379202271324,-13.098072225342115,1.2850698461830312,-24.19326044812437,24.947570341360766,-10.30435970664693,38.28614831597964,-11.656164840700816,1,5.75
116,49.80384849133168,-3.17861182586718,2.2356520544031033,-9.571596984411295,-9.63407231653009,-30.19622671039147,40.457572341777855,-12.42489547584331,33.69586454576675,-5.830429162023671,36.27245827873242,-3.050921953533243,37.44016961394877,-13.614946881278062,23.063813315281678,-12.96172332879722,1.2843083499710257,-24.193799879634188,25.217206032078764,-10.212717552629975,38.331193624231375,-11.547020301281215,1,5.800000000000001
117,49.83537591543383,-3.1590987508049144,2.2355079266294506,-9.57150964157586,-9.63407231653009,-30.19622671039147,40.802991005001914,-12.364521977220338,34.08081387198523,-5.724048977388283,36.648906118898914,-3.0125237519284447,37.7655176715847,-13.417786507327433,23.264110054186865,-12.823842092438388,1.2835213038346858,-24.194357410294128,25.486940722128967,-10.121121502281925,38.366536866090414,-11.461383816505837,1,5.8500000000000005
118,49.851558204208565,-3.1431759837625517,2.235374149659868,-9.57142857142857,-9.63407231653009,-30.19622671039147,41.13201256868503,-12.274731577110616,34.47644704998992,-5.627037741355555,37.03395853417859,-2.96636069764873,38.08219840077934,-13.216252281825412,23.464668367346952,-12.684151785714292,1.2827907808800059,-24.19487490085309,25.75645639950556,-10.02942345843989,38.3921780415568,-11.399255386374698,1,5.9
119,49.851399191156474,-3.131542923192726,2.2352629723136017,-9.57136119687327,-9.63407231653009,-30.196226710391503,41.442415672736225,-12.152897388218882,34.88364071715536,-5.5403759388227645,37.428500217736904,-2.9117872139401677,38.38919739006297,-13.009899434371796,23.665474002278764,-12.542444471581213,1.2821836688806227,-24.195304969101997,26.025493891428518,-9.937502725178199,38.666753928028044,-11.064683546951455,1,5.95
120,49.83553078004689,-3.1240024337432892,2.2351755201578882,-9.571308200014622,-9.63407231653009,-30.19622671039147,41.73461600756306,-12.00019459614323,35.301282007799806,-5.463793960064326,37.83177840318419,-2.849625896875739,38.68649168878073,-12.799110377665677,23.866511184894073,-12.398787387026069,1.2817061142806527,-24.195643261000022,26.29402938202073,-9.845348211519806,38.927445107766175,-10.731118953550185,1,6.0
121,49.804991892216314,-3.120133246610873,2.235110137946805,-9.571268577757525,-9.63407231653009,-30.19622671039147,42.00968852619771,-11.818748904705316,35.72776068047745,-5.396709671698847,38.24263095924201,-2.7810663857350733,38.97430621148157,-12.584474320180954,24.0677637607033,-12.253316562543413,1.2813490781916959,-24.19589617954837,26.562097894630863,-9.752976227724963,39.17520386611327,-10.399399765663192,1,6.050000000000001
122,49.760821449001284,-3.1195140929921275,2.2350651704345417,-9.571241327006863,-9.63407231653009,-30.19622671039147,42.268708181672324,-11.61068601772661,36.1614664937425,-5.338540940345019,38.659895754631904,-2.7072983197978484,39.25286587271436,-12.3665804703916,24.269215575216904,-12.106168028627852,1.2811035217254427,-24.196070127748307,26.829734452607585,-9.660403084053954,39.41098248841135,-10.07036414278277,1,6.1000000000000005
123,49.70405837173825,-3.121723704083665,2.235038962375252,-9.571225444667542,-9.63407231653009,-30.196226710391503,42.51274992701915,-11.378131639028743,36.600789206149095,-5.2887056326215145,39.08241065807542,-2.6295113383437485,39.52239558702796,-12.146018036771524,24.47085047394537,-11.957477815773887,1.2809604059935764,-24.19617150860103,27.09697407929953,-9.567645090766975,39.63573326000252,-9.744850244401263,1,6.15
124,49.63574158176377,-3.1263408110821214,2.235029858523072,-9.571219927644387,-9.63407231653009,-30.196226710391485,42.7428887152703,-11.123211472433233,37.04411857625149,-5.246621615146983,39.509013538294056,-2.548895080652432,39.78312026897129,-11.923376227794629,24.672652302399143,-11.807381954476124,1.2809106921077718,-24.19620672510775,27.36385179805539,-9.474718558124259,39.85040846622885,-9.423696230010929,1,6.2
125,49.5569100004143,-3.132944145184171,2.2350362036321854,-9.571223772842343,-9.63407231653009,-30.19622671039147,42.96019949945802,-10.848051221761667,37.48984436260381,-5.211706754540079,39.938542264009484,-2.466639186003514,40.03526483309324,-11.699244251934898,24.874604906088656,-11.656016475229114,1.280945341179712,-24.196182180269734,27.630402632223753,-9.381639796386027,40.055960392432425,-9.107740259104096,1,6.25
126,49.46860254902637,-3.141112437586418,2.2350563424566765,-9.571235977166243,-9.63407231653009,-30.19622671039147,43.165757232614475,-10.55477659083559,37.93635632376024,-5.183378917419444,40.36983470394316,-2.383933293676712,40.27905419394273,-11.47421131766622,25.07669213052438,-11.503517408527397,1.2810553143210344,-24.196104277088164,27.896661605153373,-9.288425115812524,40.25334132395528,-8.797820491173047,1,6.300000000000001
127,49.371858148936525,-3.1504244194855064,2.235088619750758,-9.571255537521024,-9.63407231653009,-30.19622671039147,43.360636867771824,-10.245513283476612,38.382044218275006,-5.1610559704038055,40.801728726816705,-2.3019670429516608,40.51471326606861,-11.248866633462528,25.27889782121676,-11.350020784865594,1.2812315726434298,-24.19597941856429,28.1626637401928,-9.195090826664007,40.44350354613949,-8.494775085710103,1,6.3500000000000005
128,49.267715721481196,-3.1604588220780783,2.2351313802685455,-9.57128145081152,-9.63407231653009,-30.196226710391453,43.54591335796229,-9.922387003506202,38.82529780470227,-5.144155780111761,41.23306220135161,-2.2219300731080525,40.742466964019805,-11.023799407797767,25.48120582367627,-11.195662634738204,1.2814650772585656,-24.195814007699312,28.428444060690758,-9.10165323920067,40.62739934432713,-8.199442202207544,1,6.4
129,49.15721418799693,-3.1707943765607736,2.2351829687641978,-9.571312713942639,-9.63407231653009,-30.19622671039147,43.722661656218044,-9.587523454745963,39.264506841596194,-5.132096213162002,41.66267299626944,-2.1450120234255077,40.96254020234518,-10.799598849145854,25.683599983413337,-11.040578988639814,1.281746789278125,-24.1956144474945,28.694037589995883,-9.008128663682768,40.80598100386035,-7.912660000157736,1,6.45
130,49.04139246982026,-3.18100981413022,2.235241729991876,-9.57134832381926,-9.63407231653009,-30.196226710391453,43.891956715571254,-9.243048341017507,39.698061087511014,-5.124295136173168,42.089398980291776,-2.072402533183734,41.175157895593635,-10.576854165980722,25.886064145938448,-10.884905877064993,1.2820676698137754,-24.195387140951023,28.959479351456842,-8.914533410370494,40.98020081008109,-7.635266639052912,1,6.5
131,48.92128948828762,-3.1906838659830434,2.2353060087057255,-9.571387277346288,-9.63407231653009,-30.19622671039147,44.054873489054124,-8.891087366142344,40.124350301000916,-5.120170415763944,42.512078022140145,-2.0052912416623654,41.380544958314076,-10.356154566776317,26.088582156762023,-10.728779330508292,1.2824186799771848,-24.195138491070168,29.224804368422276,-8.820883789524165,41.15101104833152,-7.368100278385397,1,6.550000000000001
132,48.79794416473557,-3.199395263315928,2.235374149659868,-9.57142857142857,-9.63407231653009,-30.19622671039147,44.21248692969879,-8.53376623394201,40.541764240620026,-5.119139918552988,42.929547990536086,-1.9448677881410663,41.57892630505539,-10.138089260006552,26.29113786139456,-10.57233537946428,1.2827907808800059,-24.19487490085309,29.490047664240844,-8.727196111403927,41.319364003953645,-7.111999077647524,1,6.6000000000000005
133,48.67239542050057,-3.2067227373254723,2.235444497608486,-9.571471202971011,-9.63407231653009,-30.196226710391485,44.365871990537485,-8.173210648238136,40.94869266492259,-5.120621511158936,43.340646754201174,-1.89232181189951,41.77052685036645,-9.923247454145361,26.49371510534648,-10.41571005442753,1.2831749336339442,-24.194602773301046,29.75524426226119,-8.633486686270054,42.603136259549885,-6.035673280268288,1,6.65
134,48.54568217691916,-3.212245019208297,2.2355153973057327,-9.571514168878503,-9.63407231653009,-30.19622671039147,44.51610362460244,-7.811546312852233,41.343525332462725,-5.124033060200485,43.74421218185699,-1.848842952217346,41.95557150879622,-9.712218357666647,26.69629773412824,-10.259039385892565,1.2835620993506676,-24.194328511415268,30.02042918583203,-8.539771824382756,43.819086584661804,-5.016209977844908,1,6.7
135,48.41884335532785,-3.2155408401610868,2.2355851935057447,-9.57155646605589,-9.63407231653009,-30.19622671039147,44.66425678492573,-7.450898931605884,41.72465200179472,-5.128792432296295,44.13908214222503,-1.815620848374252,42.134285194893494,-9.50559117904438,26.89886959325031,-10.102459404354008,1.2839432391418208,-24.194058518196975,30.28563745830195,-8.446067836002296,44.967214979289444,-4.053609170377423,1,6.75
136,48.292917877063125,-3.216188931380435,2.2356522309626374,-9.571597091408087,-9.63407231653009,-30.19622671039147,44.81140642453963,-7.093394208320614,42.090462431472645,-5.13431749406497,44.524094504026834,-1.7938451396498873,42.306892823207264,-9.303955126752463,27.10141452822315,-9.946106140306355,1.2843093141191173,-24.193799196647376,30.550904103019615,-8.352391031388883,46.04752144343272,-3.1478708578658385,1,6.800000000000001
137,48.16894466346151,-3.213768024063025,2.235714854430655,-9.571635041839999,-9.63407231653009,-30.19622671039147,44.95862749647626,-6.741157846818047,42.43934638005077,-5.140026112125231,44.89808713598405,-1.7847054653239158,42.47361930828635,-9.107899409264821,27.303916384557176,-9.79011562424423,1.2846512853941872,-24.19355694976771,30.816264143333704,-8.258757720802755,47.06000597709167,-2.29899504031013,1,6.8500000000000005
138,48.04796263585947,-3.2078568494054505,2.235771408663857,-9.571669314256468,-9.63407231653009,-30.196226710391453,45.10699495376783,-6.396315550919666,42.76969360608325,-5.145336153095733,45.2598979068181,-1.789391464676001,42.63468956467966,-8.918013235055414,27.506359007762878,-9.63462388666216,1.2849601140787508,-24.193338180559213,31.08175260259288,-8.165184214504151,48.00466858026628,-1.506981717710307,1,6.9
139,47.931010715593544,-3.1980341386043807,2.235820238416398,-9.571698905562403,-9.63407231653009,-30.19622671039147,45.25758374944652,-6.060993024447115,43.07989386812423,-5.149665483595118,45.60836468525059,-1.809092776985792,42.79032850693606,-8.734885812598163,27.70872624335073,-9.47976695805472,1.2852267612844153,-24.1931492920231,31.34740450414577,-8.0716868227533,48.88150925295655,-0.7718308900663646,1,6.95
140,47.81912782400027,-3.183878622856409,2.235859688442498,-9.571722812662664,-9.63407231653009,-30.19622671039147,45.41146883654454,-5.737315971221899,43.368336924727984,-5.152431970242056,45.94232534000313,-1.8449990415329725,42.94076104960455,-8.559106350366976,27.911001936831138,-9.325680868916441,1.285442188122902,-24.192996687160587,31.613254871341027,-7.978281855810436,49.69052799516247,-0.09354255737830301,1,7.0
141,47.71335288241606,-3.164969033358229,2.235888103496271,-9.571740032462166,-9.63407231653009,-30.19622671039147,45.56972516809406,-5.427410095065604,43.633412534448624,-5.15305347965521,46.26061773979724,-1.898299897597196,43.08621210723392,-8.391264056835787,28.113169933714588,-9.172501649741946,1.2855973557058553,-24.192886768972905,31.879338727527344,-7.884985623935768,50.431724806884105,0.5278832803538731,1,7.050000000000001
142,47.61472481217752,-3.1408841013064484,2.235903828331841,-9.571749561865765,-9.63407231653009,-30.19622671039147,45.7334276971272,-5.133401099799768,43.873510455840375,-5.150947878453227,46.56207975335443,-1.9701849844581316,43.226906594373126,-8.231948140478544,28.315214079511517,-9.02036533102574,1.2856832251449812,-24.19282594046127,32.14569109605335,-7.791814437389586,51.10509968812137,1.0924466231301588,1,7.1000000000000005
143,47.52428253462109,-3.111202557897698,2.2359052077033743,-9.571750397778372,-9.63407231653009,-30.19622671039147,45.903651376676244,-4.857414689245953,44.087020447457384,-5.145533033254779,46.84554924939629,-2.0618439413954137,43.36306942557097,-8.081747809769162,28.51711821973241,-8.869407943262406,1.2856907575519172,-24.192820604626906,32.41234700026771,-7.698784606432049,51.7106526388743,1.600147470950559,1,7.15
144,47.44306497108329,-3.0755031343286334,2.2358905863650387,-9.571741537104835,-9.63407231653009,-30.19622671039147,46.081471159773336,-4.601576567225722,44.2723322678539,-5.136226810678533,47.109864096644344,-2.17446640768874,43.494925515376444,-7.941252273181578,28.718866199887675,-8.719765516946522,1.2856109140383687,-24.192877164471053,32.67934146351905,-7.605912441323448,52.24838365914296,2.050985823815078,1,7.2
145,47.372111042900634,-3.0333645617958767,2.2358583090709723,-9.571721976750078,-9.63407231653009,-30.19622671039147,46.267961999450634,-4.368012437560704,44.427835675584035,-5.12244707734317,47.35386216382014,-2.3092420226177643,43.62269977833838,-7.811050739189695,28.9204418654878,-8.571574082572626,1.2854346557159584,-24.193002022994957,32.94670950915606,-7.513214252323961,52.71829274892725,2.4449616817236977,1,7.25
146,47.3124596714096,-2.9843655714960637,2.235806720575312,-9.571690713618958,-9.63407231653009,-30.19622671039147,46.46419884874036,-4.158848004072364,44.55192042920204,-5.1036116998672885,47.57638131964524,-2.467360425462146,43.74661712900571,-7.6917324162674845,29.12182906204325,-8.424969670635303,1.2851529436963989,-24.19320158319976,33.21448616052742,-7.420706349693875,53.12037990822722,2.782075044676446,1,7.300000000000001
147,47.26514977794675,-2.9280848946258455,2.2357341656322256,-9.57164674461635,-9.63407231653009,-30.19622671039147,46.671256660674686,-3.976208970582299,44.642976287262044,-5.079138544869608,47.77625943284125,-2.650011255501563,43.86690248192733,-7.583886512888854,29.323011635064454,-8.280088311629086,1.284756739091351,-24.193482248086767,33.48270644098174,-7.3284050436934045,53.45464513704285,3.062325912673309,1,7.3500000000000005
148,47.23122028384855,-2.8641012623818574,2.2356389889958583,-9.571589066647173,-9.63407231653009,-30.19622671039147,46.89021038828578,-3.822221040912089,44.699393008318275,-5.048445478968755,47.95233437212968,-2.8583841520156605,43.98378075165209,-7.488102237527723,29.523973430061886,-8.137066036048587,1.2842370030124823,-24.193850420657167,33.75140537386768,-7.23632664458275,53.72108843537416,3.285714285714291,1,7.4
149,47.2117101104515,-2.7919934059607265,2.235519535420347,-9.571516676616278,-9.63407231653009,-30.19622671039147,47.12213498460588,-3.6990099188832506,44.719560350924915,-5.010950368783427,48.10344400623202,-3.093668754284082,44.097476852728896,-7.4049687986580315,29.72469829254598,-7.9960388743883115,1.2835846965715056,-24.194312503912204,34.020617982533906,-7.144487462622202,53.72108843537416,3.285714285714291,1,7.45
150,47.20765817909212,-2.7113400565590937,2.235374149659868,-9.57142857142857,-9.63407231653009,-30.19622671039147,47.36810540266707,-3.6087013083173867,44.70186807363609,-4.9660710809322515,48.228426203869944,-3.3570547015865304,44.20821569970668,-7.335075404753733,29.925170068027203,-7.857142857142856,1.2827907808800059,-24.19487490085309,34.290379290329085,-7.052903808071957,53.72108843537416,3.285714285714291,1,7.5
151,47.20765817909212,-2.7113400565590937,2.235374149659868,-9.57142857142857,-9.63407231653009,-30.19622671039147,47.36810540266707,-3.6087013083173867,44.70186807363609,-4.9660710809322515,48.228426203869944,-3.3570547015865304,44.20821569970668,-7.335075404753733,29.925170068027203,-7.857142857142856,1.2827907808800059,-24.19487490085309,34.290379290329085,-7.052903808071957,53.72108843537416,3.285714285714291,1,7.550000000000001
152,47.20765817909212,-2.7113400565590937,2.235374149659868,-9.57142857142857,-9.63407231653009,-30.19622671039147,47.36810540266707,-3.6087013083173867,44.70186807363609,-4.9660710809322515,48.228426203869944,-3.3570547015865304,44.20821569970668,-7.335075404753733,29.925170068027203,-7.857142857142856,1.2827907808800059,-24.19487490085309,34.290379290329085,-7.052903808071957,53.72108843537416,3.285714285714291,1,7.6000000000000005
153,47.20765817909212,-2.7113400565590937,2.235374149659868,-9.57142857142857,-9.63407231653009,-30.19622671039147,47.36810540266707,-3.6087013083173867,44.70186807363609,-4.9660710809322515,48.228426203869944,-3.3570547015865304,44.20821569970668,-7.335075404753733,29.925170068027203,-7.857142857142856,1.2827907808800059,-24.19487490085309,34.290379290329085,-7.052903808071957,53.72108843537416,3.285714285714291,1,7.65
154,47.20765817909212,-2.7113400565590937,2.235374149659868,-9.57142857142857,-9.63407231653009,-30.19622671039147,47.36810540266707,-3.6087013083173867,44.70186807363609,-4.9660710809322515,48.228426203869944,-3.3570547015865304,44.20821569970668,-7.335075404753733,29.925170068027203,-7.857142857142856,1.2827907808800059,-24.19487490085309,34.290379290329085,-7.052903808071957,53.72108843537416,3.285714285714291,1,7.7
