Frame,Home_14_x,Home_14_y,Home_331_x,Home_331_y,Home_471_x,Home_471_y,Home_472_x,Home_472_y,Home_648_x,Home_648_y,Home_876_x,Home_876_y,Home_877_x,Home_877_y,Home_878_x,Home_878_y,ball_x,ball_y,Period,Time [s]
0,1.6585034013605435,-27.857142857142858,7.2829931972789055,-32.57142857142857,-3.8217687074829976,-26.42857142857143,-4.687074829931976,-16.571428571428577,-13.202748767760955,10.002159327271293,-4.110204081632652,-30.714285714285715,-14.493877551020411,-24.714285714285722,-20.551020408163257,-10.857142857142861,-3.8217687074829976,-26.42857142857143,1,0.0
1,1.7701468662380628,-27.57288860702505,7.30319340029788,-32.627481776656104,-3.568616041902977,-26.403616973244162,-4.56163689229778,-16.53071523855372,-12.896997410244005,10.027179362476144,-4.00332626584969,-30.637434428432584,-14.493877551020411,-24.714285714285722,-20.551020408163257,-10.857142857142861,-3.624879429255106,-25.600617150558833,1,0.05
2,1.8913409149578664,-27.29486635573,7.322564833326838,-32.669553210336616,-3.3207831960998164,-26.382584031412783,-4.431675967023001,-16.48893124095644,-12.599139471197596,10.05763568344831,-3.8940468145114875,-30.562318885187015,-14.493877551020411,-24.714285714285722,-20.551020408163257,-10.857142857142847,-3.4355009136843737,-24.804246959445855,1,0.1
3,2.021878669807808,-27.022913334713273,7.341422489603634,-32.698060357450444,-3.078008539592719,-26.365279741757867,-4.297414496122803,-16.446129234278835,-12.308786749713306,10.09326093187139,-3.7824649635935574,-30.48890280378217,-14.493877551020411,-24.714285714285722,-20.551020408163257,-10.857142857142861,-3.2536331607708684,-24.039460855232576,1,0.15000000000000002
4,2.161553253075673,-26.75686677543059,7.360081362366054,-32.71342070297805,-2.8400304419009164,-26.351511242959923,-4.1590749216122695,-16.40236187416297,-12.0255510448828,10.133787749428894,-3.6686799490713344,-30.4171499034512,-14.493877551020411,-24.714285714285722,-20.551020408163257,-10.857142857142861,-3.079276170514561,-23.30625883791896,1,0.2
5,2.310157787049323,-26.496563909337528,7.378856444851961,-32.71605173189973,-2.6065872725434964,-26.34108567369948,-4.016879685506549,-16.357681816250953,-11.749044155797638,10.178948777804486,-3.5527910069203767,-30.347023903427292,-14.493877551020411,-24.714285714285722,-20.551020408163247,-10.857142857142861,-2.912429942915435,-22.604640907505008,1,0.25
6,2.4674853940165495,-26.24184196788973,7.398062730299171,-32.706370929195934,-2.3774174010396463,-26.333810172657067,-3.8710512298207007,-16.31214171618489,-11.478877881549504,10.228476658681691,-3.434897373116113,-30.278488522943537,-14.493877551020411,-24.714285714285722,-20.551020408163247,-10.857142857142861,-2.753094477973507,-21.93460706399069,1,0.30000000000000004
7,2.633329196265132,-25.992538182542848,7.418015211945501,-32.68479577984702,-2.1522591969085534,-26.32949187851323,-3.72181199656989,-16.265794229606836,-11.214664021229918,10.282104033744064,-3.315098283634061,-30.211507481233113,-14.493877551020411,-24.714285714285722,-20.551020408163257,-10.857142857142847,-2.6012697756887686,-21.29615730737608,1,0.35000000000000003
8,2.807482316082968,-25.748489784752493,7.439028883028758,-32.65174376883333,-1.930851029669359,-26.32793792994847,-3.5693844277691524,-16.218692012158883,-10.956014373930586,10.339563544675242,-3.1934929744496205,-30.14604449752916,-14.493877551020411,-24.714285714285722,-20.551020408163247,-10.857142857142861,-2.456955836061243,-20.689291637661107,1,0.4
9,2.9897378757577986,-25.50953400597428,7.461418736786821,-32.60763238113529,-1.7129312688412792,-26.328955465643315,-3.4139909654336154,-16.17088771948312,-10.70254073874305,10.400587833158758,-3.0701806815384227,-30.082063291064827,-14.493877551020411,-24.714285714285722,-20.551020408163257,-10.857142857142847,-2.3201526590908843,-20.11401005484578,1,0.45
10,3.1798889975774767,-25.275508077663886,7.48549976645749,-32.55287910173328,-1.4982382839434263,-26.332351624278317,-3.25585405157845,-16.122434007221617,-10.453854914758935,10.464909540878194,-2.9452606408758513,-30.019527581073277,-14.493877551020411,-24.714285714285722,-20.551020408163257,-10.857142857142861,-2.1908602447777525,-19.570312558930173,1,0.5
11,3.3777288038298035,-25.04624923127694,7.5115869652785685,-32.487901415607666,-1.2865104444949935,-26.33793354453397,-3.0951961282187024,-16.073383531016468,-10.209568701069895,10.532261309517096,-2.818832088437418,-29.95840108678767,-14.493877551020383,-24.714285714285722,-20.551020408163257,-10.857142857142847,-2.0690785931217963,-19.058199149914174,1,0.55
12,3.5830504168026462,-24.821594698269035,7.539995326487909,-32.413116807738845,-1.077486120015146,-26.34550836509085,-2.9322396373694906,-16.023788946509786,-9.96929389676751,10.60237578075909,-2.6909942601985586,-29.898647527441106,-14.493877551020411,-24.714285714285722,-20.551020408163247,-10.857142857142847,-1.954807704123052,-18.57766982779787,1,0.6000000000000001
13,3.795646958783769,-24.601381710095843,7.571039843323322,-32.32894276310718,-0.870903680023085,-26.35488322462948,-2.767207021045934,-15.97370290934362,-9.732642300943414,10.674985596287712,-2.5618463921348527,-29.8402306222668,-14.493877551020411,-24.714285714285722,-20.551020408163257,-10.857142857142861,-1.8480475777814902,-18.128724592581236,1,0.65
14,4.015311552061002,-24.385447498212983,7.605035509022638,-32.23579676669307,-0.6665014940379369,-26.365865261830336,-2.600320721263129,-15.923178075160074,-9.499225712689192,10.749823397786553,-2.4314877202216985,-29.783114090497858,-14.493877551020383,-24.714285714285722,-20.551020408163247,-10.857142857142861,-1.7487982140971179,-17.711363444264233,1,0.7000000000000001
15,4.241837318922139,-24.17362929407608,7.642297316823704,-32.13409630347688,-0.4640179315788886,-26.37826161537398,-2.431803180036188,-15.872267099601228,-9.268655931096458,10.826621826939181,-2.3000174804346307,-29.727261651367463,-14.493877551020411,-24.714285714285722,-20.551020408163247,-10.857142857142847,-1.6570596130699506,-17.325586382846907,1,0.75
16,4.4750173816550385,-23.9657643291408,7.683140259964315,-32.02425885843904,-0.26319136216509664,-26.39187942394099,-2.2618768393802915,-15.821022638309175,-9.040544755256878,10.905113525429165,-2.167534908749138,-29.67263702410873,-14.493877551020411,-24.714285714285722,-20.551020408163257,-10.857142857142861,-1.5728317746999656,-16.97139340832926,1,0.8
17,4.714644862547511,-23.761689834862736,7.7278793316823,-31.906701916559868,-0.06376015531573259,-26.406525826211805,-2.090764141310422,-15.769497346926004,-8.81450398426202,10.985031134940105,-2.034139241140656,-29.619203927954807,-14.493877551020411,-24.714285714285722,-20.551020408163257,-10.857142857142861,-1.4961146989872005,-16.648784520711256,1,0.8500000000000001
18,4.960512883887342,-23.56124304269753,7.776829525215486,-31.781842962819763,0.13453731945000924,-26.422007960867003,-1.9186875278417368,-15.717743881093783,-8.590145417203447,11.066107297155556,-1.8999297135847346,-29.566926082138878,-14.493877551020411,-24.714285714285722,-20.551020408163257,-10.857142857142861,-1.4269083859316325,-16.35775971999295,1,0.9
19,5.212414567962369,-23.36426118410084,7.8303058338017335,-31.65009948219911,0.3319626926129874,-26.43813296658709,-1.7458694409893782,-15.665814896454618,-8.36708085317288,11.148074653759076,-1.7650055620567946,-29.515767205894083,-14.493877551020411,-24.714285714285722,-20.551020408163257,-10.857142857142861,-1.365212835533232,-16.098319006174272,1,0.9500000000000001
20,5.4701430370604225,-23.17058149052827,7.8886232506787985,-31.51188895967832,0.5287775946540678,-26.454707982052653,-1.5725323227684505,-15.613763048650567,-8.144922091261876,11.23066584643427,-1.6294660225323403,-29.465691018453544,-14.493877551020383,-24.714285714285722,-20.551020408163247,-10.857142857142861,-1.3110280477920437,-15.870462379255262,1,1.0
21,5.733491413469302,-22.980041193435447,7.952096769084597,-31.36762888023774,0.725243656053981,-26.471540145944132,-1.3988986151940201,-15.561640993323756,-7.9232809305620515,11.313613516864692,-1.4934103309869202,-29.41666123905047,-14.493877551020411,-24.714285714285722,-20.551020408163257,-10.857142857142861,-1.26435402270803,-15.674189839235924,1,1.05
22,6.002252819476812,-22.792477524278052,8.021041382256868,-31.217736728857787,0.9216225072936458,-26.48843659694212,-1.2251907602812064,-15.509501386116254,-7.70176917016506,11.39665030673392,-1.3569377233959408,-29.36864158691797,-14.493877551020411,-24.714285714285722,-20.551020408163257,-10.857142857142861,-1.2251907602812064,-15.509501386116254,1,1.1
23,6.2762203773708105,-22.607727714511668,8.095772083433491,-31.06262999051879,1.1181757788538451,-26.505204473727126,-1.0516312000451744,-15.457396882670128,-7.47999860916241,11.479508857725532,-1.2201474357348987,-29.32159578128916,-14.493877551020411,-24.714285714285722,-20.551020408163257,-10.857142857142847,-1.0516312000451744,-15.457396882670128,1,1.1500000000000001
24,6.55518720943906,-22.425628995591964,8.176603865852265,-30.902726150201165,1.3151651012154604,-26.521650914979684,-0.8784423765009602,-15.405380138627477,-7.257581046645832,11.56192181152312,-1.0831387039792748,-29.27548754139726,-14.493877551020411,-24.714285714285722,-20.551020408163247,-10.857142857142861,-0.8784423765009602,-15.405380138627477,1,1.2000000000000002
25,6.838946437969407,-22.246018598974544,8.263851722751024,-30.7384426928853,1.5128521048592969,-26.537583059380324,-0.7058467316637059,-15.353503809630405,-7.0341282817068524,11.643621809810211,-0.9460107641046188,-29.230280586475413,-14.493877551020411,-24.714285714285722,-20.551020408163257,-10.857142857142861,-0.7058467316637059,-15.353503809630405,1,1.25
26,7.12729118524969,-22.068733756115076,8.357830647367614,-30.570197103551543,1.7114984202661156,-26.552808045609538,-0.5340667075485386,-15.30182055132098,-6.809252113437154,11.724341494270414,-0.8088628520863437,-29.1859386357567,-14.493877551020411,-24.714285714285722,-20.551020408163257,-10.857142857142861,-0.5340667075485386,-15.30182055132098,1,1.3
27,7.420014573567688,-21.893611698469144,8.458855632939834,-30.39840686718033,1.911365677916865,-26.567133012347924,-0.363324746170517,-15.250383019341259,-6.582564340928306,11.803813506587307,-0.671794203899954,-29.142425408474324,-14.493877551020411,-24.714285714285722,-20.551020408163257,-10.857142857142861,-0.363324746170517,-15.250383019341259,1,1.35
28,7.716909725211237,-21.720489657492422,8.567241672705524,-30.223489468751993,2.112715508292337,-26.580365098275944,-0.19384328954478347,-15.199243869333367,-6.353676763271912,11.881770488444449,-0.5349040555209534,-29.099704623861424,-14.493877551020411,-24.714285714285722,-20.551020408163257,-10.857142857142847,-0.19384328954478347,-15.199243869333367,1,1.4000000000000001
29,8.017769762468145,-21.54920486464052,8.683303759902513,-30.045862393246935,2.31580954187332,-26.592311442074177,-0.02584477968644222,-15.148455756939413,-6.122201179559633,11.957945081525416,-0.39829164292480823,-29.057740001151156,-14.493877551020411,-24.714285714285722,-20.551020408163257,-10.857142857142861,-0.02584477968644222,-15.148455756939413,1,1.4500000000000002
30,8.322387807626253,-21.37959455136908,8.807356887768574,-29.86594312564553,2.520909409140712,-26.602779182423117,0.1404483413893874,-15.098071337801407,-5.887749388883046,12.03206992751379,-0.262056202087,-29.016495259576686,-14.493877551020383,-24.714285714285722,-20.551020408163247,-10.857142857142847,0.1404483413893874,-15.098071337801407,1,1.5
31,8.630556982973339,-21.21149594913375,8.939716049541602,-29.684149150928175,2.728276740575266,-26.61157545800334,0.304813631667601,-15.04814326756152,-5.649933190333774,12.10387766809314,-0.126296968983025,-28.975934118371125,-14.493877551020411,-24.714285714285722,-20.551020408163257,-10.857142857142847,0.304813631667601,-15.04814326756152,1,1.55
32,8.942070410797253,-21.04474628939014,9.0806962384594,-29.500897954075228,2.9381731666578323,-26.61850740749532,0.46702864913307934,-14.998724201861794,-5.408364383003444,12.17310094494703,0.008886820411605215,-28.936020296767666,-14.493877551020411,-24.714285714285722,-20.551020408163257,-10.857142857142861,0.46702864913307934,-14.998724201861794,1,1.6
33,9.256721213385784,-20.879182803593892,9.230612447759786,-29.31660702006711,3.150860317869352,-26.623382169579575,0.6268709517707933,-14.949866796344294,-5.162654765983653,12.239472399759064,0.14339593012148455,-28.89671751399942,-14.493877551020411,-24.714285714285722,-20.551020408163247,-10.857142857142861,0.6268709517707933,-14.949866796344294,1,1.6500000000000001
34,9.57430251302679,-20.714642723200647,9.389779670680605,-29.131693833884142,3.3665998246905033,-26.62600688293669,0.7841180975655633,-14.901623706651131,-4.912416138366012,12.302724674212797,0.27713112417107144,-28.857989489299555,-14.493877551020411,-24.714285714285722,-20.551020408163247,-10.857142857142861,0.7841180975655633,-14.901623706651131,1,1.7000000000000002
35,9.894607432008042,-20.550963279666007,9.558512900459634,-28.946575880506757,3.585653317602213,-26.62618868624716,0.9385476445022699,-14.854047588424406,-4.65726029924209,12.362590409991778,0.4099931665848543,-28.819799941901216,-14.493877551020411,-24.714285714285722,-20.551020408163247,-10.857142857142847,0.9385476445022699,-14.854047588424406,1,1.75
36,10.217429092617365,-20.387981704445657,9.737127130334773,-28.76167064491533,3.8082824270852633,-26.623734718191542,1.0899371505658388,-14.807191097306191,-4.396799047703625,12.418802248779636,0.5418828213874196,-28.78211259103755,-14.493877551020411,-24.714285714285722,-20.551020408163257,-10.857142857142861,1.0899371505658388,-14.807191097306191,1,1.8
37,10.542560617142588,-20.225535228995188,9.925937353543791,-28.57739561209024,4.034748783620536,-26.61845211745033,1.2380641737411282,-14.76110688893856,-4.1306441828421345,12.471092832259913,0.6727008526032332,-28.74489115594173,-14.493877551020411,-24.714285714285722,-20.551020408163247,-10.857142857142861,1.2380641737411282,-14.76110688893856,1,1.85
38,10.869795127871559,-20.063461084770246,10.125258563324532,-28.39416826701182,4.265314017688805,-26.610148022704088,1.3827062720130714,-14.715847618963593,-3.858407503749234,12.519194802116171,0.8023480242568437,-28.708099355846883,-14.493877551020411,-24.714285714285722,-20.551020408163247,-10.857142857142847,1.3827062720130714,-14.715847618963593,1,1.9000000000000001
39,11.19892574709203,-19.90159650322647,10.335405752914815,-28.212406094660537,4.50023975977091,-26.598629572633303,1.523641003366504,-14.671465943023426,-3.5797008095165777,12.562840800031996,0.9307251003726948,-28.671700909986168,-14.493877551020411,-24.714285714285722,-20.551020408163257,-10.857142857142861,1.523641003366504,-14.671465943023426,1,1.9500000000000002
40,11.529745597091857,-19.739778715819483,10.556693915552465,-28.032526580016718,4.739787640347751,-26.583703905918515,1.6606459257863815,-14.628014516760095,-3.294135899235714,12.601763467690988,1.0577328449754178,-28.63565953759275,-14.493877551020411,-24.71428571428569,-20.551020408163247,-10.857142857142847,1.6606459257863815,-14.628014516760095,1,2.0
41,11.862047800158862,-19.57784495400493,10.78943804447534,-27.854947208060764,4.984219289900059,-26.565178161240286,1.7934985972575321,-14.585545995815702,-3.0013245719983495,12.635695446776683,1.1832720220894033,-28.599938957899738,-14.493877551020411,-24.714285714285722,-20.551020408163257,-10.857142857142861,1.7934985972575321,-14.585545995815702,1,2.0500000000000003
42,12.19562547858084,-19.415632449238437,11.033953132921194,-27.68008546377304,5.233796338908754,-26.542859477279123,1.9219765757648892,-14.54411303583232,-2.7008786268960394,12.664369378972667,1.3072433957392606,-28.56450289014032,-14.493877551020411,-24.714285714285722,-20.551020408163257,-10.857142857142861,1.9219765757648892,-14.54411303583232,1,2.1
43,12.530349998340725,-19.25299796444639,11.290430994670269,-27.508258795286395,5.488692727697973,-26.51659499461287,2.0459246703545446,-14.503751272556077,-2.3925157195374807,12.687590810532265,1.4295728210467327,-28.529319826937698,-14.493877551020411,-24.71428571428569,-20.551020408163247,-10.857142857142861,2.837761110812079,-14.506595413210457,1,2.15
44,12.866405700201764,-19.08987638843824,11.558570725672048,-27.339384503343563,5.748731635965456,-26.48639186140874,2.1654566943172426,-14.46442826214914,-2.0763769315998464,12.705456905987688,1.5502865175224774,-28.494377354475468,-14.493877551020411,-24.714285714285722,-20.551020408163247,-10.857142857142847,3.742047005957323,-14.469548863877101,1,2.2
45,13.204055168622332,-18.92622214149419,11.837948242418392,-27.173279851839705,6.013648553252193,-26.452297227731275,2.2807537120050494,-14.426094540877683,-1.7527092012773062,12.7181377344409,1.669435795774566,-28.45966783232722,-14.493877551020411,-24.714285714285722,-20.551020408163247,-10.857142857142861,4.6348342612006075,-14.432973387832291,1,2.25
46,13.543560988060776,-18.761989643894438,12.128139461401174,-27.00976210466999,6.28317896909928,-26.41435824364494,2.391996787769898,-14.388700645007942,-1.4217594667641742,12.725803364993855,1.7870719664109107,-28.42518362006662,-14.493877551020383,-24.71428571428569,-20.551020408163247,-10.857142857142847,5.516122876542008,-14.396868985075967,1,2.3000000000000003
47,13.885185742975462,-18.597133315919216,12.428720299112197,-26.848648525729594,6.55705837304774,-26.372622059214358,2.499366985963796,-14.352197110806086,-1.0837746662545982,12.728623866748539,1.9032463400395525,-28.390917077267307,-14.493877551020411,-24.71428571428569,-20.551020408163247,-10.857142857142861,6.385912851981448,-14.361235655608198,1,2.35
48,14.22919201782478,-18.43160757784868,12.739266672043371,-26.689756378913692,6.835022254638658,-26.32713582450397,2.6030453709387356,-14.316534474538297,-0.739001737942869,12.726769308806896,2.018010227268397,-28.356860563502885,-14.493877551020411,-24.714285714285722,-20.551020408163257,-10.857142857142847,7.2442041875189505,-14.32607339942893,1,2.4000000000000004
49,14.575842397067053,-18.265366849963037,13.059354496686556,-26.532902928117508,7.11680610341308,-26.277946689578332,2.7032130070466938,-14.281663272470775,-0.38768762002316504,12.720409760270913,2.131414938705439,-28.323006438347026,-14.493877551020411,-24.71428571428569,-20.551020408163247,-10.857142857142838,8.090996883154501,-14.291382216538217,1,2.45
50,14.925399465160623,-18.098365552542518,13.388559689533572,-26.37790543723612,7.402145408912026,-26.225101804501982,2.8000509586397238,-14.247534040869738,-0.0300792506897848,12.709715290242515,2.2435117849586597,-28.289347061373356,-14.493877551020411,-24.714285714285722,-20.551020408163247,-10.857142857142847,8.926290938888123,-14.257162106936011,1,2.5
51,15.278125806563937,-17.930558105867306,13.726458167076315,-26.224581170164814,7.690775660676579,-26.168648319339425,2.8937402900697275,-14.21409731600135,0.33357643186314645,12.694855967823688,2.3543520766360233,-28.255874792155527,-14.493877551020411,-24.714285714285722,-20.551020408163257,-10.857142857142861,9.750086354719773,-14.223413070622364,1,2.5500000000000003
52,15.634284005735323,-17.761898930217598,14.072625845806632,-26.072747390798693,7.9824323482477695,-26.108633384155198,2.984462065688736,-14.18130363413183,0.7030324894413076,12.676001862116406,2.4639871243455493,-28.222581990267134,-14.493877551020411,-24.714285714285722,-20.551020408163247,-10.857142857142847,10.562383130649527,-14.190135107597222,1,2.6
53,15.994136647133095,-17.592342445873623,14.426638642216352,-25.922221363032936,8.276850961166701,-26.045104149013834,3.072397349848762,-14.149103531527338,1.0780419838505204,12.653323042222604,2.5724682386951727,-28.18946101528185,-14.493877551020411,-24.71428571428569,-20.551020408163247,-10.857142857142847,11.363181266677358,-14.157328217860575,1,2.6500000000000004
54,16.357946315215635,-17.421843073115575,14.78807247279738,-25.772820350762743,8.573766988974363,-25.978107763979843,3.157727206901785,-14.117447544454091,1.4583579768965091,12.626989577244252,2.679846730292889,-28.15650422677329,-14.493877551020383,-24.71428571428569,-20.551020408163247,-10.857142857142838,12.15248076280323,-14.124992401412479,1,2.7
55,16.72597559444133,-17.250355232223626,15.156503254041537,-25.62436161788329,8.872915921211831,-25.907691379117757,3.240632701199759,-14.086286209178294,1.8437335303851106,12.5971715362833,2.7861739097466485,-28.123703984315114,-14.493877551020383,-24.71428571428569,-20.551020408163247,-10.857142857142838,12.930281619027163,-14.093127658252916,1,2.75
56,17.098487069268486,-17.077833343478027,15.531506902440697,-25.47666242828974,9.17403324742018,-25.833902144492114,3.3212948970947136,-14.055570061966126,2.2339217061220342,12.564038988441766,2.891501087664409,-28.091052647480925,-14.493877551020411,-24.71428571428569,-20.551020408163247,-10.857142857142847,13.696583835349145,-14.061733988381878,1,2.8000000000000003
57,17.47574332415556,-16.904231827158945,15.912659334486712,-25.329540045877273,9.476854457140423,-25.75678721016743,3.3998948589386497,-14.025249639083775,2.6286755659130785,12.527762002821543,2.995879574654226,-28.058542575844402,-14.493877551020411,-24.71428571428569,-20.551020408163247,-10.857142857142847,14.451387411769188,-14.030811391799354,1,2.85
58,17.858006943560852,-16.729505103546586,16.299536466671434,-25.18281173454105,9.781115039913644,-25.676393726208214,3.476613651083514,-13.995275476797449,3.0277481715640135,12.488510648524631,3.099360681324005,-28.02616612897915,-14.493877551020383,-24.71428571428569,-20.551020408163247,-10.857142857142838,15.194692348287317,-14.000359868505358,1,2.9000000000000004
59,18.2455405119427,-16.55360759292116,16.69171421548672,-25.036294758176304,10.086550485280885,-25.592768842679046,3.551632337881299,-13.965598111373346,3.4308925848806004,12.44645499465298,3.2019957182817276,-27.993915666458822,-14.493877551020383,-24.714285714285722,-20.551020408163247,-10.857142857142847,15.926498644903488,-13.970379418499904,1,2.95
60,18.638606613759546,-16.376493715562887,17.088768497424468,-24.889806380678124,10.392896282783202,-25.505959709644408,3.625131983684087,-13.93616807907763,3.837861867668646,12.40176511030856,3.30383599613541,-27.961783547857046,-14.493877551020383,-24.71428571428569,-20.551020408163247,-10.857142857142838,16.64680630161774,-13.940870041782935,1,3.0
61,19.037467833469655,-16.198117891751902,17.490275228976458,-24.743163865941753,10.69988792196163,-25.416013477168814,3.697293652843774,-13.906935916176531,4.248409081733875,12.354611064593334,3.4049328254930114,-27.929762132747456,-14.493877551020383,-24.71428571428569,-20.551020408163247,-10.857142857142838,17.355615318430033,-13.911831738354554,1,3.0500000000000003
62,19.442386755531466,-16.018434541768496,17.895810326634624,-24.596184477862337,11.007260892357264,-25.322977295316804,3.7682984097123584,-13.87785215893622,4.6622872888820925,12.305162926609254,3.505337516962459,-27.897843780703695,-14.493877551020383,-24.71428571428569,-20.551020408163247,-10.857142857142838,18.052925695340427,-13.88326450821467,1,3.1
63,19.853625964403285,-15.83739808589284,18.30494970689078,-24.448685480335087,11.314750683511086,-25.226898314152933,3.8383273186418485,-13.84886734362291,5.079249550919025,12.253590765458283,3.605101381151778,-27.866020851299414,-14.493877551020411,-24.71428571428569,-20.551020408163247,-10.857142857142838,18.73873743234882,-13.855168351363302,1,3.1500000000000004
64,20.271448044543526,-15.654962944405108,18.717269286236814,-24.300484137255122,11.622092784964213,-25.127823683741685,3.9075614439842443,-13.819932006502768,5.4990489296504865,12.200064650242401,3.7042757286689354,-27.83428570410821,-14.493877551020383,-24.71428571428569,-20.551020408163247,-10.857142857142838,19.41305052945534,-13.827543267800468,1,3.2
65,20.6961155804105,-15.471083537585509,19.132344981164565,-24.151397712517653,11.929022686257666,-25.025800554147626,3.97618185009153,-13.790996683841998,5.921438486882222,12.144754650063554,3.8029118701219033,-27.80263069870375,-14.493877551020383,-24.71428571428569,-20.551020408163247,-10.857142857142838,20.075864986659884,-13.80038925752615,1,3.25
66,21.12789115646259,-15.285714285714278,19.54975270816586,-24.00124347001788,12.235275876932509,-24.92087607543529,4.044369601315684,-13.762011911906837,6.3461712844200235,12.08783083402371,3.901061116118647,-27.771048194659684,-14.493877551020411,-24.714285714285722,-20.551020408163257,-10.857142857142861,20.727180803962497,-13.77370632054036,1,3.3000000000000003
67,21.566856498940673,-15.098945914729933,19.969068383732605,-23.849838673650897,12.540587846529794,-24.81309739766914,4.112332877540421,-13.73293003983838,6.773000384069647,12.029463271224841,3.998774777267169,-27.73953055154959,-14.493877551020411,-24.71428571428569,-20.551020408163247,-10.857142857142838,21.36699798136317,-13.74749445684311,1,3.35
68,22.012369901215536,-14.91141437320442,20.389867924356647,-23.697000587311972,12.844694084590587,-24.70251167091373,4.18038832077616,-13.703710668277722,7.2016788476368765,11.969822030768887,4.096104164175421,-27.708070128947192,-14.493877551020411,-24.714285714285722,-20.551020408163247,-10.857142857142847,21.99531651886194,-13.721753666434381,1,3.4000000000000004
69,22.463608798440454,-14.723891915368007,20.81172724652985,-23.542546474896238,13.147330080655887,-24.58916604523362,4.248879688565053,-13.674315210740911,7.631959736927456,11.909077181757816,4.193100587451353,-27.676659286426073,-14.493877551020411,-24.714285714285722,-20.551020408163257,-10.857142857142861,22.612136416458732,-13.696483949314155,1,3.45
70,22.919750625768764,-14.537150795450943,21.23422226674402,-23.38629360029885,13.448231324266807,-24.473107670693288,4.318150738449211,-13.64470508074398,8.063596113747224,11.847398793293621,4.28981535770302,-27.64529038355984,-14.493877551020411,-24.714285714285722,-20.551020408163257,-10.857142857142861,23.2174576741536,-13.671685305482487,1,3.5
71,23.379972818353785,-14.351963267683525,21.656928901491096,-23.228059227415038,13.74713330496437,-24.35438369735727,4.388545227970834,-13.61484169180294,8.496341039901868,11.784956934478224,4.386299785538343,-27.613955779922165,-14.493877551020411,-24.714285714285722,-20.551020408163247,-10.857142857142838,23.811280291946538,-13.64735773493932,1,3.5500000000000003
72,23.843452811348758,-14.16910158629605,22.079423067262837,-23.067660620139907,14.043771512289645,-24.233041275290155,4.46040691467201,-13.584686457433882,8.929947577197172,11.721921674413588,4.482605181565287,-27.582647835086725,-14.493877551020411,-24.714285714285722,-20.551020408163257,-10.857142857142847,24.39360426983751,-13.623501237684694,1,3.6
73,24.30936803990707,-13.98933800551871,22.50128068055119,-22.904915042368714,14.337881435783663,-24.109127554556377,4.534079556094909,-13.554200791152798,9.364168787438956,11.658463082201722,4.578782856391833,-27.55135890862708,-14.493877551020411,-24.714285714285722,-20.551020408163257,-10.857142857142847,24.96442960782656,-13.600115813718594,1,3.6500000000000004
74,24.77689593918192,-13.813444779581857,22.922077657847957,-22.73963975799658,14.629198564987492,-23.982689685220517,4.609906909781618,-13.523346106475737,9.798757732432978,11.59475122694454,4.674884120625977,-27.520081360116915,-14.493877551020411,-24.714285714285722,-20.551020408163257,-10.857142857142861,25.523756305913686,-13.577201463041014,1,3.7
75,25.245213944326736,-13.642194162715729,23.341389915645074,-22.571652030918692,14.917458389442166,-23.853774817347077,4.688232733274351,-13.49208381691874,10.233467473984973,11.530956177744029,4.770960284875683,-27.488807549129827,-14.493877551020411,-24.714285714285722,-20.551020408163257,-10.857142857142861,26.07158436409886,-13.554758185651973,1,3.75
76,25.71349949049472,-13.476358409150595,23.75879337043431,-22.400769125030234,15.202396398688789,-23.722430101000615,4.769400784115212,-13.460375335997831,10.668051073900749,11.467248003702132,4.867062659748939,-27.457529835239537,-14.493877551020411,-24.714285714285722,-20.551020408163257,-10.857142857142847,26.607913782382088,-13.532785981551454,1,3.8000000000000003
77,26.180930012839184,-13.316709773116717,24.173863938707534,-22.22680830422638,15.483748082268336,-23.58870268624563,4.853754819846325,-13.428182077229057,11.102261593986032,11.403796773920845,4.96324255585372,-27.426240578019602,-14.493877551020411,-24.714285714285722,-20.551020408163257,-10.857142857142847,27.1327445607634,-13.511284850739436,1,3.85
78,26.646682946513444,-13.164020508844429,24.586177536956647,-22.049586832402287,15.761248929721907,-23.45263972314666,4.941638598009831,-13.395465454128457,11.535852096046634,11.340772557502074,5.059551283797959,-27.39493213704367,-14.493877551020425,-24.71428571428574,-20.551020408163257,-10.857142857142861,27.646076699242762,-13.49025479321597,1,3.9000000000000004
79,27.10993572667087,-13.019062870563952,24.995310081673473,-21.86892197345317,16.03463443059057,-23.31428836176821,5.033395876147891,-13.362186880212064,11.968575641888348,11.278345423547846,5.156040154189654,-27.36359687188539,-14.493877551020425,-24.71428571428574,-20.551020408163257,-10.857142857142861,28.147910197820185,-13.469695808981019,1,3.95
80,27.569865788464647,-12.882609112505532,25.40083748934989,-21.684630991274158,16.303640074415334,-23.173695752174833,5.12937041180264,-13.328307768995934,12.400185293316866,11.216685441160083,5.25276047763682,-27.33222714211841,-14.493877551020425,-24.71428571428574,-20.55102040816329,-10.857142857142877,28.638245056495677,-13.449607898034587,1,4.0
81,28.025650567048178,-12.755431488899482,25.802335676477732,-21.496531149760454,16.568001350737305,-23.030909044431024,5.229905962516237,-13.293789533996042,12.830434112138038,11.155962679440751,5.349763564747388,-27.300815307316324,-14.493877551020411,-24.714285714285722,-20.551020408163247,-10.857142857142847,29.11708127526924,-13.429991060376704,1,4.05
82,28.476467497574674,-12.638302253976105,26.199380559548892,-21.304439712807216,16.827453749097465,-22.885975388601356,5.335346285830756,-13.258593588728521,13.25907516015756,11.096347207491826,5.447100726129351,-27.269353727052813,-14.493877551020425,-24.71428571428574,-20.551020408163257,-10.857142857142861,29.584418854140843,-13.410845296007322,1,4.1000000000000005
83,28.921494015197496,-12.531993661965592,26.59154805505521,-21.10817394430967,17.081732759036928,-22.738941934750304,5.446035139288421,-13.22268134670931,13.685861499181293,11.038009094415285,5.544823272390676,-27.237834760901514,-14.493877551020411,-24.714285714285722,-20.551020408163257,-10.857142857142861,30.04025779311053,-13.392170604926477,1,4.15
84,29.35990755506994,-12.437277967098298,26.97841407948853,-20.90755110816293,17.330573870096725,-22.589855832942433,5.562316280431281,-13.186014221454514,14.110546191014922,10.981118409313053,5.642982514139359,-27.20625076843603,-14.493877551020411,-24.714285714285722,-20.551020408163257,-10.857142857142861,30.484598092178256,-13.37396698713416,1,4.2
85,29.790885552345294,-12.35492742360443,27.359554549340682,-20.70238846826221,17.573712571817865,-22.438764233242264,5.684533466801549,-13.148553626480174,14.53288229746425,10.925845221287094,5.741629761983317,-27.174594109230043,-14.493877551020425,-24.71428571428574,-20.55102040816329,-10.857142857142861,30.91743975134405,-13.356234442630374,1,4.25
86,30.21360544217687,-12.285714285714292,27.73454538110363,-20.492503288502665,17.8108843537415,-22.28571428571428,5.813030455941353,-13.110260975302257,14.952622880335097,10.872359599439402,5.84081632653061,-27.14285714285715,-14.493877551020411,-24.714285714285722,-20.551020408163257,-10.857142857142861,31.338782770607907,-13.338972971415105,1,4.3
87,30.62742684442061,-12.230169313547961,28.103109751617207,-20.277747601440986,18.041932758043366,-22.13076490111496,5.948025719574559,-13.071113049933906,15.369591336547815,10.820783172290154,5.940578903649178,-27.11103440510464,-14.493877551020425,-24.714285714285722,-20.551020408163257,-10.857142857142861,31.748627149969828,-13.322182573488352,1,4.3500000000000005
88,31.032438117743023,-12.187857290784791,28.465559879113577,-20.058112514279696,18.267133537438433,-21.97402203296815,6.089236586152191,-13.031148106376357,15.783892403481543,10.771043806032516,6.040895730247229,-27.079129136614302,-14.493877551020425,-24.71428571428574,-20.55102040816329,-10.857142857142861,32.146972889429826,-13.305863248850132,1,4.4
89,31.42890980551331,-12.158101506993903,28.822355242173007,-19.833623902882987,18.486870497276353,-21.815603395489646,6.236255098307003,-12.99041976912788,16.19570115363004,10.72302092627789,6.1417304284929735,-27.04714675424154,-14.493877551020425,-24.714285714285722,-20.551020408163257,-10.857142857142861,32.533819988987865,-13.290014997500455,1,4.45
90,31.817112451100556,-12.140225251744477,29.173955319375736,-19.60430764311485,18.701527442906816,-21.65562670289522,6.388673298671751,-12.948981662686755,16.605192659487024,10.676593958637675,6.24304662055453,-27.015092674841792,-14.493877551020425,-24.71428571428574,-20.551020408163257,-10.857142857142861,32.90916844864399,-13.274637819439283,1,4.5
91,32.197316597874,-12.133551814605653,29.520819589301997,-19.37018961083941,18.91148817967956,-21.494209669400686,6.546083229879166,-12.906887411551311,17.012541993546314,10.631642328723277,6.344807928600193,-26.98297231527049,-14.493877551020411,-24.714285714285722,-20.551020408163257,-10.857142857142861,33.27301826839815,-13.259731714666648,1,4.55
92,32.56979278920278,-12.137404485146588,29.863407530531976,-19.13129568192076,19.117136512944224,-21.331470009221842,6.708076934562036,-12.864190640219812,17.417924228301597,10.588045462146077,6.4469779747981235,-26.950791092383046,-14.493877551020411,-24.714285714285722,-20.551020408163257,-10.857142857142861,33.625369448250375,-13.245296683182524,1,4.6000000000000005
93,32.93481156845601,-12.151106552936435,30.202178621645977,-18.887651732222977,19.31885624805053,-21.16752543657442,6.874246455353075,-12.82094497319057,17.821514436246687,10.54568278451748,6.549520381316528,-26.918554423034905,-14.493877551020411,-24.71428571428574,-20.551020408163257,-10.857142857142861,33.96622198820069,-13.23133272498695,1,4.65
94,33.2926434790029,-12.173981307544333,30.53759234122421,-18.639283637610095,19.517031190348142,-21.0024936656742,7.0441838348850965,-12.777204034961832,18.223487689875284,10.504433721448905,6.652398770323625,-26.886267724081463,-14.493877551020411,-24.714285714285722,-20.551020408163257,-10.857142857142861,34.29557588824905,-13.217839840079884,1,4.7
95,33.64355906421261,-12.205352038539454,30.87010816784689,-18.38621727394624,19.712045145186792,-20.83649241073705,7.2174811157907754,-12.733021450031949,18.6240190616812,10.464177698551715,6.755576763987572,-26.853936412378182,-14.493877551020425,-24.714285714285722,-20.551020408163257,-10.857142857142861,34.61343114839547,-13.204818028461347,1,4.75
96,33.98782886745428,-12.24454203549093,31.200185580094235,-18.12847851709547,19.90428191791615,-20.66963938597867,7.3937303407029695,-12.688450842899131,19.023283624158164,10.424794141437333,6.8590179844766155,-26.82156590478045,-14.493877551020411,-24.714285714285722,-20.551020408163257,-10.857142857142861,34.91978776863995,-13.192267290131328,1,4.800000000000001
97,34.3257234320971,-12.290874587967927,31.528284056546568,-17.866093242921924,20.09412531388589,-20.502052305614836,7.572523552254378,-12.64354583806172,19.42145644979992,10.38616247571717,6.962686053958927,-26.78916161814368,-14.493877551020411,-24.71428571428574,-20.551020408163257,-10.857142857142861,35.21464574898249,-13.180187625089836,1,4.8500000000000005
98,34.65751330151019,-12.343672985539591,31.85486307578402,-17.599087327289627,20.2819591384457,-20.3338488838614,7.753452793077738,-12.598360060018004,19.81871261110025,10.348162127002594,7.0665445946027345,-26.75672896932332,-14.493877551020411,-24.714285714285722,-20.551020408163257,-10.857142857142861,35.4980050894231,-13.16857903333689,1,4.9
99,34.98346901906275,-12.402260517775062,32.18038211638688,-17.327486646062685,20.468167196945302,-20.16514683493409,7.936110105805813,-12.552947133266265,20.215227180552876,10.310672520905033,7.170557228576197,-26.72427337517483,-14.493877551020425,-24.71428571428574,-20.55102040816329,-10.857142857142861,35.76986578996178,-13.15744151487245,1,4.95
100,35.303861128123906,-12.465960474243502,32.5053006569354,-17.05131707510516,20.65313329473438,-19.996063873048715,8.120087533071406,-12.507360682304773,20.611175230651604,10.273573083035856,7.274687578047558,-26.69180025255356,-14.493877551020411,-24.714285714285722,-20.551020408163257,-10.857142857142861,36.03022785059851,-13.14677506969654,1,5.0
101,35.61896017206285,-12.534096144514097,32.830078176009735,-16.770604490281173,20.837241237162594,-19.826717712421058,8.304977117507224,-12.461654331631845,21.006731833890136,10.236743239006483,7.378899265184973,-26.659315018314988,-14.493877551020411,-24.714285714285722,-20.551020408163257,-10.857142857142861,36.2790912713333,-13.136579697809191,1,5.050000000000001
102,35.92903669424871,-12.605990818155925,33.15517415219019,-16.485374767454758,21.02087482957965,-19.657226067266897,8.490370901746068,-12.415881705745749,21.402072062762258,10.2000624144283,7.483155912156721,-26.626823089314502,-14.493877551020411,-24.714285714285722,-20.551020408163257,-10.857142857142861,36.51645605216616,-13.126855399210317,1,5.1000000000000005
103,36.23436123805068,-12.68096778473819,33.48104806405697,-16.195653782490027,21.204417877335253,-19.48770665180201,8.675860928420622,-12.370096429144809,21.797370989761724,10.163410034912717,7.587421141130903,-26.594329882407553,-14.493877551020411,-24.714285714285722,-20.551020408163257,-10.857142857142847,36.74232219309708,-13.11760217389998,1,5.15
104,36.535204346837915,-12.758350333830036,33.80815939019033,-15.901467411251087,21.38825418577907,-19.31827718024219,8.861039240163674,-12.324352126327287,22.192803687382288,10.126665526071141,7.691658574275809,-26.56184081444958,-14.493877551020425,-24.71428571428574,-20.551020408163257,-10.857142857142861,36.95668969412605,-13.108820021878197,1,5.2
105,36.83183656397957,-12.837461755000621,34.13696760917049,-15.602841529601957,21.5727675602608,-19.149055366803207,9.045497879608043,-12.27870242179146,22.588545228117702,10.08970831351495,7.795831833759611,-26.529361302295946,-14.493877551020411,-24.714285714285722,-20.551020408163257,-10.857142857142861,37.15955855525309,-13.100508943144916,1,5.25
106,37.124528432844784,-12.917625337819063,34.46793219957768,-15.299802013406756,21.75834180613016,-18.98015892570084,9.228828889386385,-12.233200940035621,22.984770684461743,10.052417822855574,7.899904541750474,-26.496896762802116,-14.493877551020411,-24.714285714285722,-20.551020408163257,-10.857142857142861,37.35092877647821,-13.092668937700168,1,5.300000000000001
107,37.41355049680274,-12.99816437185457,34.80151263999214,-14.992374738529604,21.945360728736816,-18.81170557115091,9.410624312131542,-12.187901305558109,23.381655128908143,10.014673479704364,8.003840320416618,-26.46445261282351,-14.493877551020411,-24.714285714285722,-20.551020408163257,-10.857142857142861,37.53080035780138,-13.085300005543912,1,5.3500000000000005
108,37.69917329922262,-13.078402146676236,35.13816840899412,-14.680585580834496,22.134208133430434,-18.643813017369148,9.590476190476178,-12.142857142857146,23.77937363395064,9.97635470967276,8.107602791926285,-26.432034269215563,-14.493877551020411,-24.714285714285722,-20.551020408163257,-10.857142857142861,37.69917329922262,-13.078402146676236,1,5.4
109,37.981699047199804,-13.157821204862234,35.47797620874639,-14.364531188432967,22.3251594949947,-18.476565753272038,9.768091714620944,-12.098106940705977,24.178051857184663,9.937374970966484,8.21116584623341,-26.399645619904987,-14.493877551020411,-24.714285714285722,-20.551020408163257,-10.857142857142847,37.812133072223105,-12.804701224747078,1,5.45
110,38.26155660273482,-13.236541101026605,35.81948163574212,-14.044591298425967,22.518056965948922,-18.30991536657871,9.9436386650375,-12.053628644977543,24.577617796612046,9.897783852168622,8.314544444435093,-26.367284437103688,-14.493877551020411,-24.714285714285722,-20.551020408163257,-10.857142857142861,37.915390778830854,-12.554508357462153,1,5.5
111,38.53920649155439,-13.314840642792413,36.16084751005701,-13.721216420161827,22.712634368246405,-18.14378021970885,10.117399969765465,-12.009385065819663,24.9779500353363,9.857664974456576,8.417763815414204,-26.334946964094907,-14.493877551020425,-24.71428571428574,-20.551020408163257,-10.857142857142861,38.008946419045984,-12.327823544821442,1,5.550000000000001
112,38.815109239385265,-13.392998637782682,36.50023665176675,-13.394857062988926,22.90862552384042,-17.978078675082322,10.289658556844326,-11.96533901338018,25.37892715646094,9.817101959007795,8.520849188053624,-26.302629444161884,-14.493877551020411,-24.714285714285722,-20.551020408163257,-10.857142857142861,38.0927999928684,-12.124646786824949,1,5.6000000000000005
113,39.08972537195419,-13.471293893620482,36.83581188094707,-13.065963736255569,23.105764254684285,-17.812729095118858,10.460697354313645,-11.921453297806961,25.780427743089433,9.77617842699968,8.62382579123621,-26.27032812058783,-14.493877551020411,-24.714285714285722,-20.551020408163257,-10.857142857142861,38.16695150029818,-11.944978083472682,1,5.65
114,39.36351541498797,-13.550005217928854,37.16573601767361,-12.734986949310146,23.303784382731283,-17.647649842238206,10.630799290212973,-11.877690729247838,26.182330378325275,9.734977999609656,8.726718853844847,-26.238039236655975,-14.493877551020411,-24.714285714285722,-20.551020408163257,-10.857142857142861,38.23140094133525,-11.788817434764638,1,5.7
115,39.63693989421327,-13.629411418330857,37.48817188202221,-12.402377211501024,23.50241972993469,-17.48275927886022,10.80024729258182,-11.83401411785069,26.584513645272004,9.693584298015137,8.829553604762355,-26.205759035649525,-14.493877551020425,-24.71428571428574,-20.55102040816329,-10.857142857142861,38.28614831597964,-11.656164840700816,1,5.75
116,39.9104593353569,-13.709791302449482,37.80128229406843,-12.068585032176479,23.7014041182478,-17.317975767404565,10.96932428945979,-11.790386273763309,26.986856127033068,9.652080943393551,8.932355272871659,-26.17348376085168,-14.493877551020411,-24.714285714285722,-20.551020408163257,-10.857142857142861,38.331193624231375,-11.547020301281215,1,5.800000000000001
117,40.18453426414556,-13.791423677907838,38.10323007388805,-11.73406092068492,23.900471369623936,-17.153217670291095,11.138313208886384,-11.746770007133597,27.389236406711987,9.610551556922307,9.035149087055602,-26.141209655545726,-14.493877551020411,-24.714285714285722,-20.551020408163257,-10.857142857142861,38.366536866090414,-11.461383816505837,1,5.8500000000000005
118,40.45962520630606,-13.874587352328948,38.3921780415568,-11.399255386374698,24.099355306016356,-16.988403349939528,11.30749697890112,-11.703128128109363,27.79153306741227,9.569079759778845,9.137960276197052,-26.10893296301485,-14.493877551020411,-24.714285714285722,-20.551020408163257,-10.857142857142861,38.3921780415568,-11.399255386374698,1,5.9
119,40.736064693275274,-13.959427550677717,38.666753928028044,-11.064683546951455,24.297838998179905,-16.82346627352021,11.477106179624386,-11.659430327780287,28.19364715703763,9.527733701380846,9.24080940127984,-26.076650621617645,-14.493877551020411,-24.71428571428574,-20.551020408163257,-10.857142857142861,38.666753928028044,-11.064683546951455,1,5.95
120,41.01367327933068,-14.045555167286373,38.927445107766175,-10.731118953550185,24.495902512075943,-16.658400327205516,11.647161999499648,-11.615673821003229,28.595569582692743,9.486519644107283,9.3436983516917,-26.044362350014026,-14.493877551020411,-24.714285714285722,-20.551020408163257,-10.857142857142861,38.927445107766175,-10.731118953550185,1,6.0
121,41.292143524459945,-14.132447513829097,39.17520386611327,-10.399399765663192,24.69357516246724,-16.493214501918388,11.817633279051178,-11.57186270357691,28.997313716282488,9.445428378577352,9.446624348921286,-26.012068561939415,-14.493877551020411,-24.714285714285722,-20.551020408163257,-10.857142857142861,39.17520386611327,-10.399399765663192,1,6.050000000000001
122,41.57116798865069,-14.219581901979943,39.41098248841135,-10.07036414278277,24.89088626411668,-16.32791778858178,11.988488858803265,-11.528001071300013,29.3988929297118,9.404450695410297,9.549584614457252,-25.979769671129077,-14.493877551020411,-24.714285714285722,-20.551020408163257,-10.857142857142861,39.41098248841135,-10.07036414278277,1,6.1000000000000005
123,41.85043923189059,-14.30643564341307,39.63573326000252,-9.744850244401263,25.087865131787105,-16.16251917811858,12.159697579280152,-11.484093019971256,29.800320594885566,9.36357738522531,9.652576369788289,-25.947466091318372,-14.493877551020425,-24.714285714285722,-20.551020408163257,-10.857142857142861,39.63573326000252,-9.744850244401263,1,6.15
124,42.12964981416731,-14.392486049802592,39.85040846622885,-9.423696230010929,25.28454108024139,-15.997027661451751,12.331228281006194,-11.440142645389303,30.201610083708683,9.322799238641677,9.755596836403036,-25.915158236242597,-14.493877551020425,-24.714285714285722,-20.55102040816329,-10.857142857142861,39.85040846622885,-9.423696230010929,1,6.2
125,42.40849229546843,-14.477210432822616,40.055960392432425,-9.107740259104096,25.480943424242376,-15.831452229504219,12.503049804505636,-11.396154043352858,30.602774768086046,9.28210704627859,9.858643235790215,-25.8828465196371,-14.493877551020411,-24.714285714285722,-20.551020408163257,-10.857142857142861,40.055960392432425,-9.107740259104096,1,6.25
126,42.68665923578165,-14.560086104147258,40.25334132395528,-8.797820491173047,25.67710147855292,-15.665801873198898,12.675130990302716,-11.352131309660614,31.003828019922597,9.241491598755267,9.961712789438458,-25.8505313552372,-14.493877551020411,-24.714285714285722,-20.551020408163257,-10.857142857142847,40.25334132395528,-8.797820491173047,1,6.300000000000001
127,42.963843195094555,-14.640590375450637,40.44350354613949,-8.494775085710103,25.87304455793587,-15.500085583458763,12.847440678921771,-11.308078540111294,31.40478321112316,9.200943686690941,10.064802718836463,-25.818213156778242,-14.493877551020425,-24.714285714285722,-20.551020408163257,-10.857142857142861,40.44350354613949,-8.494775085710103,1,6.3500000000000005
128,43.23973673339491,-14.718200558406885,40.62739934432713,-8.199442202207544,26.068801977154095,-15.334312351206698,13.019947710887017,-11.263999830503543,31.805653713592708,9.16045410070486,10.167910245472878,-25.78589233799554,-14.493877551020411,-24.714285714285722,-20.551020408163257,-10.857142857142861,40.62739934432713,-8.199442202207544,1,6.4
129,43.51403241067027,-14.79239396469008,40.80598100386035,-7.912660000157736,26.264403050970394,-15.16849116736567,13.192620926722848,-11.2198992766361,32.20645289923614,9.120013631416239,10.271032590836361,-25.753569312624414,-14.493877551020411,-24.714285714285722,-20.551020408163257,-10.857142857142861,40.80598100386035,-7.912660000157736,1,6.45
130,43.78642278690827,-14.862647905974406,40.98020081008109,-7.635266639052912,26.459877094147696,-15.0026310228586,13.365429166953408,-11.175780974307623,32.6071941399583,9.079613069444287,10.374166976415637,-25.721244494400192,-14.493877551020411,-24.714285714285722,-20.551020408163257,-10.857142857142847,40.98020081008109,-7.635266639052912,1,6.5
131,44.05660042209662,-14.928439693933912,41.15101104833152,-7.368100278385397,26.655253421448798,-14.83674090860844,13.538341272103057,-11.131649019316859,33.00789080766413,9.039243205408248,10.477310623699339,-25.688918297058237,-14.493877551020425,-24.714285714285722,-20.551020408163257,-10.857142857142861,41.15101104833152,-7.368100278385397,1,6.550000000000001
132,44.3242578762229,-14.989246640242756,41.319364003953645,-7.111999077647524,26.850561347636585,-14.67082981553809,13.71132608269603,-11.087507507462474,33.408556274258515,8.998894829927343,10.580460754176109,-25.656591134333844,-14.493877551020411,-24.714285714285722,-20.551020408163257,-10.857142857142861,41.319364003953645,-7.111999077647524,1,6.6000000000000005
133,44.58908770927481,-15.044546056575047,41.48621196228954,-6.867801196331566,27.04583018747389,-14.504906734570506,13.884352439256642,-11.043360534543151,33.809203911646385,8.958558733620805,10.68361458933466,-25.624263419962343,-14.493877551020425,-24.714285714285722,-20.551020408163257,-10.857142857142861,42.603136259549885,-6.035673280268288,1,6.65
134,44.85078248123997,-15.093815254604898,41.652507208681314,-6.636344793929826,27.241089255723598,-14.33898065662858,14.05738918230918,-10.999212196357586,34.20984709173261,8.918225707107851,10.786769350663707,-25.591935567679073,-14.493877551020411,-24.714285714285722,-20.551020408163257,-10.857142857142847,43.819086584661804,-5.016209977844908,1,6.7
135,45.10903475210602,-15.136531546006418,41.819202028471054,-6.418468029934619,27.436367867148526,-14.173060572635292,14.23040515237789,-10.955066588704478,34.61049918642211,8.877886541007735,10.889922259651797,-25.55960799121932,-14.493877551020411,-24.714285714285722,-20.551020408163257,-10.857142857142847,44.967214979289444,-4.053609170377423,1,6.75
136,45.36353708186063,-15.172172242453735,41.98724870700075,-6.215009063838259,27.63169533651155,-14.007155473513567,14.403369189987068,-10.91092780738255,35.01117356761976,8.837532025939657,10.993070537787727,-25.527281104318476,-14.493877551020411,-24.714285714285722,-20.551020408163247,-10.857142857142847,46.04752144343272,-3.1478708578658385,1,6.800000000000001
137,45.6139820304914,-15.200214655620979,42.15759952961255,-6.0268060551330285,27.827100978575526,-13.841274350186309,14.576250135660972,-10.866799948190465,35.41188360723052,8.797152952522849,11.096211406560073,-25.494955320711842,-14.493877551020411,-24.714285714285722,-20.551020408163247,-10.857142857142838,47.06000597709167,-2.29899504031013,1,6.8500000000000005
138,45.86006215798607,-15.220136097182236,42.331206781648454,-5.854697163311233,28.022614108103266,-13.675426193576506,14.749016829923912,-10.822687106926919,35.81264267715922,8.756740111376532,11.19934208745757,-25.46263105413474,-14.493877551020411,-24.714285714285722,-20.551020408163247,-10.857142857142838,48.00466858026628,-1.506981717710307,1,6.9
139,46.10147002433217,-15.231413878811672,42.50902274845062,-5.699520547865216,28.218264039857672,-13.50961999460703,14.921638113300176,-10.778593379390644,36.213464149310795,8.716284293119934,11.302459801968869,-25.430308718322504,-14.493877551020411,-24.714285714285722,-20.551020408163257,-10.857142857142847,48.88150925295655,-0.7718308900663646,1,6.95
140,46.33789818951746,-15.233525312183337,42.691999715361035,-5.562114368287219,28.414080088601597,-13.343864744200848,15.094082826314015,-10.734522861380306,36.61436139559012,8.675776288372305,11.405561771582615,-25.39798872701045,-14.493877551020411,-24.714285714285722,-20.551020408163257,-10.857142857142847,49.69052799516247,-0.09354255737830301,1,7.0
141,46.56903921352948,-15.225947708971415,42.88108996772184,-5.44331678406958,28.610091569097865,-13.178169433280864,15.266319809489717,-10.690479648694582,37.01534778790215,8.635206887752856,11.508645217787524,-25.365671493933913,-14.493877551020411,-24.714285714285722,-20.551020408163247,-10.857142857142847,50.431724806884105,0.5278832803538731,1,7.050000000000001
142,46.79458565635594,-15.208158380849992,43.07724579087506,-5.34396595470463,28.806327796109343,-13.012543052770058,15.438317903351548,-10.64646783713222,37.416436698151756,8.594566881880807,11.61170736207221,-25.33335743282823,-14.493877551020411,-24.714285714285722,-20.551020408163257,-10.857142857142847,51.10509968812137,1.0924466231301588,1,7.1000000000000005
143,47.01423007798448,-15.179634639493166,43.28141947016276,-5.264900039684598,29.00281808439887,-12.846994593591315,15.610045948423798,-10.602491522491853,37.817641498243844,8.553847061375384,11.714745425925386,-25.301046957428714,-14.493877551020411,-24.714285714285722,-20.551020408163257,-10.857142857142861,51.7106526388743,1.600147470950559,1,7.15
144,47.227665038402755,-15.13985379657509,43.494563290927026,-5.20695719850185,29.199591748729343,-12.681533046667598,15.78147278523076,-10.558554800572217,38.2189755600833,8.513038216855822,11.817756630835735,-25.26874048147069,-14.493877551020411,-24.714285714285722,-20.551020408163257,-10.857142857142847,52.24838365914296,2.050985823815078,1,7.2
145,47.43458309759833,-15.08829316376985,43.71762953850996,-5.170975590648658,29.396678103863586,-12.516167402921829,15.952567254296705,-10.514661767171996,38.620452255575024,8.472131138941371,11.920738198291893,-25.236438418689527,-14.493877551020411,-24.714285714285722,-20.551020408163257,-10.857142857142847,52.71829274892725,2.4449616817236977,1,7.25
146,47.634676815558976,-15.0244300527516,43.95157049825359,-5.15779337561737,29.594106464564458,-12.35090665327693,16.12329819614591,-10.470816518089885,39.02208495662394,8.431116618251213,12.023687349782538,-25.2041411828205,-14.493877551020411,-24.714285714285722,-20.551020408163257,-10.857142857142847,53.12037990822722,2.782075044676446,1,7.300000000000001
147,47.827638752272264,-14.947741775194453,44.19733845549999,-5.168248712900238,29.79190614559477,-12.185759788655831,16.293634451302644,-10.427023149124581,39.42388703513495,8.389985445404587,12.126601306796342,-25.17184918759897,-14.493877551020411,-24.714285714285722,-20.551020408163257,-10.857142857142861,53.45464513704285,3.062325912673309,1,7.3500000000000005
148,48.01316146772588,-14.85770564277247,44.455885695591256,-5.203179761989599,29.990106461717463,-12.020735799981505,16.463544860291222,-10.383285756074779,39.825871863012914,8.348728411020742,12.229477290821993,-25.139562846760242,-14.493877551020411,-24.714285714285722,-20.551020408163257,-10.857142857142861,53.72108843537416,3.285714285714291,1,7.4
149,48.1909375219074,-14.753798967159836,44.728164503869436,-5.263424682377731,30.18873672769529,-11.855843678176841,16.63299826363584,-10.339608434739164,40.228052812162794,8.307336305718895,12.33231252334815,-25.107282574039647,-14.493877551020411,-24.714285714285722,-20.551020408163257,-10.857142857142861,53.72108843537416,3.285714285714291,1,7.45
150,48.36065947480454,-14.63549906003063,45.015127165676596,-5.349821633556955,30.3878262582912,-11.691092414164785,16.80196350186089,-10.29599528091646,40.63044325448943,8.265799920118273,12.435104225863485,-25.07500878317254,-14.493877551020411,-24.714285714285722,-20.551020408163257,-10.857142857142861,53.72108843537416,3.285714285714291,1,7.5
151,48.36065947480454,-14.63549906003063,45.015127165676596,-5.349821633556955,30.3878262582912,-11.691092414164785,16.80196350186089,-10.29599528091646,40.63044325448943,8.265799920118273,12.435104225863485,-25.07500878317254,-14.493877551020411,-24.714285714285722,-20.551020408163257,-10.857142857142861,53.72108843537416,3.285714285714291,1,7.550000000000001
152,48.36065947480454,-14.63549906003063,45.015127165676596,-5.349821633556955,30.3878262582912,-11.691092414164785,16.80196350186089,-10.29599528091646,40.63044325448943,8.265799920118273,12.435104225863485,-25.07500878317254,-14.493877551020411,-24.714285714285722,-20.551020408163257,-10.857142857142861,53.72108843537416,3.285714285714291,1,7.6000000000000005
153,48.36065947480454,-14.63549906003063,45.015127165676596,-5.349821633556955,30.3878262582912,-11.691092414164785,16.80196350186089,-10.29599528091646,40.63044325448943,8.265799920118273,12.435104225863485,-25.07500878317254,-14.493877551020411,-24.714285714285722,-20.551020408163257,-10.857142857142861,53.72108843537416,3.285714285714291,1,7.65
154,48.36065947480454,-14.63549906003063,45.015127165676596,-5.349821633556955,30.3878262582912,-11.691092414164785,16.80196350186089,-10.29599528091646,40.63044325448943,8.265799920118273,12.435104225863485,-25.07500878317254,-14.493877551020411,-24.714285714285722,-20.551020408163257,-10.857142857142861,53.72108843537416,3.285714285714291,1,7.7
